cohort_name,cohort_label,cohort_domain,concept_id,include_descendants,concept_name,vocabulary_id,concept_code,review_status,phenotype_note,domain_id,standard_concept,drug
antigout_medicines,Antigout medicines,drug,746518,TRUE,colchicine 0.5 MG [Lodoco],RxNorm,M04A_antigout_preparations,reviewed_seed,Imported from master codelists,Drug,standard,M04A_antigout_preparations
antigout_medicines,Antigout medicines,drug,746521,TRUE,colchicine Oral Tablet [Lodoco],RxNorm,M04A_antigout_preparations,reviewed_seed,Imported from master codelists,Drug,standard,M04A_antigout_preparations
antigout_medicines,Antigout medicines,drug,746522,TRUE,colchicine 0.5 MG Oral Tablet [Lodoco],RxNorm,M04A_antigout_preparations,reviewed_seed,Imported from master codelists,Drug,standard,M04A_antigout_preparations
antigout_medicines,Antigout medicines,drug,782446,TRUE,febuxostat Oral Tablet [Febuxostat Mylan],RxNorm Extension,M04A_antigout_preparations,reviewed_seed,Imported from master codelists,Drug,standard,M04A_antigout_preparations
antigout_medicines,Antigout medicines,drug,782447,TRUE,febuxostat 120 MG [Febuxostat Mylan],RxNorm Extension,M04A_antigout_preparations,reviewed_seed,Imported from master codelists,Drug,standard,M04A_antigout_preparations
antigout_medicines,Antigout medicines,drug,782448,TRUE,febuxostat 120 MG Oral Tablet [Febuxostat Mylan],RxNorm Extension,M04A_antigout_preparations,reviewed_seed,Imported from master codelists,Drug,standard,M04A_antigout_preparations
antigout_medicines,Antigout medicines,drug,782449,TRUE,febuxostat 120 MG Oral Tablet [Febuxostat Mylan] Box of 84,RxNorm Extension,M04A_antigout_preparations,reviewed_seed,Imported from master codelists,Drug,standard,M04A_antigout_preparations
antigout_medicines,Antigout medicines,drug,782450,TRUE,febuxostat 120 MG Oral Tablet [Febuxostat Mylan] Box of 84 by Mylan,RxNorm Extension,M04A_antigout_preparations,reviewed_seed,Imported from master codelists,Drug,standard,M04A_antigout_preparations
antigout_medicines,Antigout medicines,drug,782451,TRUE,febuxostat 80 MG [Febuxostat Mylan],RxNorm Extension,M04A_antigout_preparations,reviewed_seed,Imported from master codelists,Drug,standard,M04A_antigout_preparations
antigout_medicines,Antigout medicines,drug,782452,TRUE,febuxostat 80 MG Oral Tablet [Febuxostat Mylan],RxNorm Extension,M04A_antigout_preparations,reviewed_seed,Imported from master codelists,Drug,standard,M04A_antigout_preparations
antigout_medicines,Antigout medicines,drug,782453,TRUE,febuxostat 80 MG Oral Tablet [Febuxostat Mylan] Box of 84,RxNorm Extension,M04A_antigout_preparations,reviewed_seed,Imported from master codelists,Drug,standard,M04A_antigout_preparations
antigout_medicines,Antigout medicines,drug,782454,TRUE,febuxostat 80 MG Oral Tablet [Febuxostat Mylan] Box of 84 by Mylan,RxNorm Extension,M04A_antigout_preparations,reviewed_seed,Imported from master codelists,Drug,standard,M04A_antigout_preparations
antigout_medicines,Antigout medicines,drug,783025,TRUE,lesinurad 200 MG Oral Tablet Box of 30,RxNorm Extension,M04A_antigout_preparations,reviewed_seed,Imported from master codelists,Drug,standard,M04A_antigout_preparations
antigout_medicines,Antigout medicines,drug,783026,TRUE,lesinurad 200 MG Oral Tablet [Zurampic] Box of 30,RxNorm Extension,M04A_antigout_preparations,reviewed_seed,Imported from master codelists,Drug,standard,M04A_antigout_preparations
antigout_medicines,Antigout medicines,drug,783027,TRUE,lesinurad 200 MG Oral Tablet [Zurampic] Box of 30 by Gruenenthal,RxNorm Extension,M04A_antigout_preparations,reviewed_seed,Imported from master codelists,Drug,standard,M04A_antigout_preparations
antigout_medicines,Antigout medicines,drug,783260,TRUE,Rasburicase 1.5 MG/ML Injectable Solution,RxNorm Extension,M04A_antigout_preparations,reviewed_seed,Imported from master codelists,Drug,standard,M04A_antigout_preparations
antigout_medicines,Antigout medicines,drug,783261,TRUE,Rasburicase 1.5 MG/ML Injectable Solution Box of 1,RxNorm Extension,M04A_antigout_preparations,reviewed_seed,Imported from master codelists,Drug,standard,M04A_antigout_preparations
antigout_medicines,Antigout medicines,drug,783262,TRUE,Rasburicase 1.5 MG/ML Injectable Solution Box of 3,RxNorm Extension,M04A_antigout_preparations,reviewed_seed,Imported from master codelists,Drug,standard,M04A_antigout_preparations
antigout_medicines,Antigout medicines,drug,783263,TRUE,Rasburicase 1.5 MG/ML Injectable Solution [Fasturtec],RxNorm Extension,M04A_antigout_preparations,reviewed_seed,Imported from master codelists,Drug,standard,M04A_antigout_preparations
antigout_medicines,Antigout medicines,drug,783264,TRUE,Rasburicase 1.5 MG/ML Injectable Solution [Fasturtec] Box of 1,RxNorm Extension,M04A_antigout_preparations,reviewed_seed,Imported from master codelists,Drug,standard,M04A_antigout_preparations
antigout_medicines,Antigout medicines,drug,783265,TRUE,Rasburicase 1.5 MG/ML Injectable Solution [Fasturtec] Box of 3,RxNorm Extension,M04A_antigout_preparations,reviewed_seed,Imported from master codelists,Drug,standard,M04A_antigout_preparations
antigout_medicines,Antigout medicines,drug,784124,TRUE,1 ML Rasburicase 1.5 MG/ML Injectable Solution,RxNorm Extension,M04A_antigout_preparations,reviewed_seed,Imported from master codelists,Drug,standard,M04A_antigout_preparations
antigout_medicines,Antigout medicines,drug,784125,TRUE,1 ML Rasburicase 1.5 MG/ML Injectable Solution Box of 3,RxNorm Extension,M04A_antigout_preparations,reviewed_seed,Imported from master codelists,Drug,standard,M04A_antigout_preparations
antigout_medicines,Antigout medicines,drug,784126,TRUE,1 ML Rasburicase 1.5 MG/ML Injectable Solution [Fasturtec],RxNorm Extension,M04A_antigout_preparations,reviewed_seed,Imported from master codelists,Drug,standard,M04A_antigout_preparations
antigout_medicines,Antigout medicines,drug,784127,TRUE,1 ML Rasburicase 1.5 MG/ML Injectable Solution [Fasturtec] Box of 3,RxNorm Extension,M04A_antigout_preparations,reviewed_seed,Imported from master codelists,Drug,standard,M04A_antigout_preparations
antigout_medicines,Antigout medicines,drug,784128,TRUE,1 ML Rasburicase 1.5 MG/ML Injectable Solution [Fasturtec] Box of 3 by Sanofi,RxNorm Extension,M04A_antigout_preparations,reviewed_seed,Imported from master codelists,Drug,standard,M04A_antigout_preparations
antigout_medicines,Antigout medicines,drug,784403,TRUE,5 ML Rasburicase 1.5 MG/ML Injectable Solution,RxNorm Extension,M04A_antigout_preparations,reviewed_seed,Imported from master codelists,Drug,standard,M04A_antigout_preparations
antigout_medicines,Antigout medicines,drug,784404,TRUE,5 ML Rasburicase 1.5 MG/ML Injectable Solution Box of 1,RxNorm Extension,M04A_antigout_preparations,reviewed_seed,Imported from master codelists,Drug,standard,M04A_antigout_preparations
antigout_medicines,Antigout medicines,drug,784405,TRUE,5 ML Rasburicase 1.5 MG/ML Injectable Solution [Fasturtec],RxNorm Extension,M04A_antigout_preparations,reviewed_seed,Imported from master codelists,Drug,standard,M04A_antigout_preparations
antigout_medicines,Antigout medicines,drug,784406,TRUE,5 ML Rasburicase 1.5 MG/ML Injectable Solution [Fasturtec] Box of 1,RxNorm Extension,M04A_antigout_preparations,reviewed_seed,Imported from master codelists,Drug,standard,M04A_antigout_preparations
antigout_medicines,Antigout medicines,drug,784407,TRUE,5 ML Rasburicase 1.5 MG/ML Injectable Solution [Fasturtec] Box of 1 by Sanofi,RxNorm Extension,M04A_antigout_preparations,reviewed_seed,Imported from master codelists,Drug,standard,M04A_antigout_preparations
antigout_medicines,Antigout medicines,drug,792391,TRUE,allopurinol / lesinurad Oral Tablet,RxNorm,M04A_antigout_preparations,reviewed_seed,Imported from master codelists,Drug,standard,M04A_antigout_preparations
antigout_medicines,Antigout medicines,drug,792392,TRUE,allopurinol 300 MG / lesinurad 200 MG Oral Tablet,RxNorm,M04A_antigout_preparations,reviewed_seed,Imported from master codelists,Drug,standard,M04A_antigout_preparations
antigout_medicines,Antigout medicines,drug,792394,TRUE,allopurinol 300 MG / lesinurad 200 MG [Duzallo],RxNorm,M04A_antigout_preparations,reviewed_seed,Imported from master codelists,Drug,standard,M04A_antigout_preparations
antigout_medicines,Antigout medicines,drug,792395,TRUE,allopurinol / lesinurad Oral Tablet [Duzallo],RxNorm,M04A_antigout_preparations,reviewed_seed,Imported from master codelists,Drug,standard,M04A_antigout_preparations
antigout_medicines,Antigout medicines,drug,792398,TRUE,allopurinol 300 MG / lesinurad 200 MG Oral Tablet [Duzallo],RxNorm,M04A_antigout_preparations,reviewed_seed,Imported from master codelists,Drug,standard,M04A_antigout_preparations
antigout_medicines,Antigout medicines,drug,792399,TRUE,allopurinol 200 MG / lesinurad 200 MG Oral Tablet,RxNorm,M04A_antigout_preparations,reviewed_seed,Imported from master codelists,Drug,standard,M04A_antigout_preparations
antigout_medicines,Antigout medicines,drug,792400,TRUE,allopurinol 200 MG / lesinurad 200 MG [Duzallo],RxNorm,M04A_antigout_preparations,reviewed_seed,Imported from master codelists,Drug,standard,M04A_antigout_preparations
antigout_medicines,Antigout medicines,drug,792401,TRUE,allopurinol 200 MG / lesinurad 200 MG Oral Tablet [Duzallo],RxNorm,M04A_antigout_preparations,reviewed_seed,Imported from master codelists,Drug,standard,M04A_antigout_preparations
antigout_medicines,Antigout medicines,drug,954927,TRUE,colchicine and probenecid; oral,ATC,M04A_antigout_preparations,reviewed_seed,Imported from master codelists,Drug,classification,M04A_antigout_preparations
antigout_medicines,Antigout medicines,drug,994535,TRUE,febuxostat 120 MG Oral Tablet [Adenuric] by Bb Farma,RxNorm Extension,M04A_antigout_preparations,reviewed_seed,Imported from master codelists,Drug,standard,M04A_antigout_preparations
antigout_medicines,Antigout medicines,drug,994536,TRUE,febuxostat 80 MG Oral Tablet [Adenuric] by Aaha,RxNorm Extension,M04A_antigout_preparations,reviewed_seed,Imported from master codelists,Drug,standard,M04A_antigout_preparations
antigout_medicines,Antigout medicines,drug,1101554,TRUE,colchicine,RxNorm,M04A_antigout_preparations,reviewed_seed,Imported from master codelists,Drug,standard,M04A_antigout_preparations
antigout_medicines,Antigout medicines,drug,1101556,TRUE,colchicine 0.6 MG Oral Tablet,RxNorm,M04A_antigout_preparations,reviewed_seed,Imported from master codelists,Drug,standard,M04A_antigout_preparations
antigout_medicines,Antigout medicines,drug,1101557,TRUE,colchicine 0.5 MG/ML Injectable Solution,RxNorm,M04A_antigout_preparations,reviewed_seed,Imported from master codelists,Drug,standard,M04A_antigout_preparations
antigout_medicines,Antigout medicines,drug,1101558,TRUE,colchicine 1 MG Oral Tablet,RxNorm,M04A_antigout_preparations,reviewed_seed,Imported from master codelists,Drug,standard,M04A_antigout_preparations
antigout_medicines,Antigout medicines,drug,1101560,TRUE,allopurinol 100 MG / colchicine 0.5 MG Oral Tablet,RxNorm,M04A_antigout_preparations,reviewed_seed,Imported from master codelists,Drug,standard,M04A_antigout_preparations
antigout_medicines,Antigout medicines,drug,1101583,TRUE,colchicine 0.5 MG,RxNorm,M04A_antigout_preparations,reviewed_seed,Imported from master codelists,Drug,standard,M04A_antigout_preparations
antigout_medicines,Antigout medicines,drug,1101584,TRUE,colchicine 0.5 MG/ML,RxNorm,M04A_antigout_preparations,reviewed_seed,Imported from master codelists,Drug,standard,M04A_antigout_preparations
antigout_medicines,Antigout medicines,drug,1101585,TRUE,colchicine 0.54 MG,RxNorm,M04A_antigout_preparations,reviewed_seed,Imported from master codelists,Drug,standard,M04A_antigout_preparations
antigout_medicines,Antigout medicines,drug,1101586,TRUE,colchicine 0.6 MG,RxNorm,M04A_antigout_preparations,reviewed_seed,Imported from master codelists,Drug,standard,M04A_antigout_preparations
antigout_medicines,Antigout medicines,drug,1101587,TRUE,colchicine 0.65 MG,RxNorm,M04A_antigout_preparations,reviewed_seed,Imported from master codelists,Drug,standard,M04A_antigout_preparations
antigout_medicines,Antigout medicines,drug,1101589,TRUE,colchicine 1 MG,RxNorm,M04A_antigout_preparations,reviewed_seed,Imported from master codelists,Drug,standard,M04A_antigout_preparations
antigout_medicines,Antigout medicines,drug,1151422,TRUE,probenecid,RxNorm,M04A_antigout_preparations,reviewed_seed,Imported from master codelists,Drug,standard,M04A_antigout_preparations
antigout_medicines,Antigout medicines,drug,1151423,TRUE,probenecid 500 MG Oral Tablet,RxNorm,M04A_antigout_preparations,reviewed_seed,Imported from master codelists,Drug,standard,M04A_antigout_preparations
antigout_medicines,Antigout medicines,drug,1151424,TRUE,colchicine 0.5 MG / probenecid 500 MG Oral Tablet,RxNorm,M04A_antigout_preparations,reviewed_seed,Imported from master codelists,Drug,standard,M04A_antigout_preparations
antigout_medicines,Antigout medicines,drug,1151427,TRUE,allopurinol 75 MG / probenecid 250 MG Oral Tablet,RxNorm,M04A_antigout_preparations,reviewed_seed,Imported from master codelists,Drug,standard,M04A_antigout_preparations
antigout_medicines,Antigout medicines,drug,1151431,TRUE,probenecid 500 MG,RxNorm,M04A_antigout_preparations,reviewed_seed,Imported from master codelists,Drug,standard,M04A_antigout_preparations
antigout_medicines,Antigout medicines,drug,1167322,TRUE,allopurinol,RxNorm,M04A_antigout_preparations,reviewed_seed,Imported from master codelists,Drug,standard,M04A_antigout_preparations
antigout_medicines,Antigout medicines,drug,1167323,TRUE,allopurinol 100 MG Oral Tablet,RxNorm,M04A_antigout_preparations,reviewed_seed,Imported from master codelists,Drug,standard,M04A_antigout_preparations
antigout_medicines,Antigout medicines,drug,1167325,TRUE,allopurinol 300 MG Oral Capsule,RxNorm,M04A_antigout_preparations,reviewed_seed,Imported from master codelists,Drug,standard,M04A_antigout_preparations
antigout_medicines,Antigout medicines,drug,1167326,TRUE,allopurinol 100 MG Oral Tablet [Lopurin],RxNorm,M04A_antigout_preparations,reviewed_seed,Imported from master codelists,Drug,standard,M04A_antigout_preparations
antigout_medicines,Antigout medicines,drug,1167327,TRUE,allopurinol 100 MG Oral Tablet [Zyloprim],RxNorm,M04A_antigout_preparations,reviewed_seed,Imported from master codelists,Drug,standard,M04A_antigout_preparations
antigout_medicines,Antigout medicines,drug,1167328,TRUE,allopurinol 300 MG Oral Tablet [Lopurin],RxNorm,M04A_antigout_preparations,reviewed_seed,Imported from master codelists,Drug,standard,M04A_antigout_preparations
antigout_medicines,Antigout medicines,drug,1167329,TRUE,allopurinol 300 MG Oral Tablet [Zyloprim],RxNorm,M04A_antigout_preparations,reviewed_seed,Imported from master codelists,Drug,standard,M04A_antigout_preparations
antigout_medicines,Antigout medicines,drug,1167330,TRUE,allopurinol 200 MG Oral Tablet,RxNorm,M04A_antigout_preparations,reviewed_seed,Imported from master codelists,Drug,standard,M04A_antigout_preparations
antigout_medicines,Antigout medicines,drug,1167331,TRUE,allopurinol 300 MG Extended Release Oral Capsule,RxNorm,M04A_antigout_preparations,reviewed_seed,Imported from master codelists,Drug,standard,M04A_antigout_preparations
antigout_medicines,Antigout medicines,drug,1167364,TRUE,allopurinol 300 MG Extended Release Oral Tablet,RxNorm,M04A_antigout_preparations,reviewed_seed,Imported from master codelists,Drug,standard,M04A_antigout_preparations
antigout_medicines,Antigout medicines,drug,1167365,TRUE,allopurinol 500 MG Injection,RxNorm,M04A_antigout_preparations,reviewed_seed,Imported from master codelists,Drug,standard,M04A_antigout_preparations
antigout_medicines,Antigout medicines,drug,1167366,TRUE,allopurinol 500 MG Injection [Aloprim],RxNorm,M04A_antigout_preparations,reviewed_seed,Imported from master codelists,Drug,standard,M04A_antigout_preparations
antigout_medicines,Antigout medicines,drug,1167368,TRUE,allopurinol 300 MG,RxNorm,M04A_antigout_preparations,reviewed_seed,Imported from master codelists,Drug,standard,M04A_antigout_preparations
antigout_medicines,Antigout medicines,drug,1235107,TRUE,allopurinol 10 MG Oral Capsule,RxNorm Extension,M04A_antigout_preparations,reviewed_seed,Imported from master codelists,Drug,standard,M04A_antigout_preparations
antigout_medicines,Antigout medicines,drug,1236352,TRUE,allopurinol 10 MG,RxNorm Extension,M04A_antigout_preparations,reviewed_seed,Imported from master codelists,Drug,standard,M04A_antigout_preparations
antigout_medicines,Antigout medicines,drug,1236493,TRUE,sulfinpyrazone,RxNorm,M04A_antigout_preparations,reviewed_seed,Imported from master codelists,Drug,standard,M04A_antigout_preparations
antigout_medicines,Antigout medicines,drug,1236494,TRUE,sulfinpyrazone 100 MG Oral Tablet,RxNorm,M04A_antigout_preparations,reviewed_seed,Imported from master codelists,Drug,standard,M04A_antigout_preparations
antigout_medicines,Antigout medicines,drug,1236495,TRUE,sulfinpyrazone 200 MG Oral Capsule,RxNorm,M04A_antigout_preparations,reviewed_seed,Imported from master codelists,Drug,standard,M04A_antigout_preparations
antigout_medicines,Antigout medicines,drug,1236500,TRUE,sulfinpyrazone 100 MG,RxNorm,M04A_antigout_preparations,reviewed_seed,Imported from master codelists,Drug,standard,M04A_antigout_preparations
antigout_medicines,Antigout medicines,drug,1236501,TRUE,sulfinpyrazone 200 MG,RxNorm,M04A_antigout_preparations,reviewed_seed,Imported from master codelists,Drug,standard,M04A_antigout_preparations
antigout_medicines,Antigout medicines,drug,1304565,TRUE,rasburicase,RxNorm,M04A_antigout_preparations,reviewed_seed,Imported from master codelists,Drug,standard,M04A_antigout_preparations
antigout_medicines,Antigout medicines,drug,1361345,TRUE,colchicine 0.12 MG/ML [Gloperba],RxNorm,M04A_antigout_preparations,reviewed_seed,Imported from master codelists,Drug,standard,M04A_antigout_preparations
antigout_medicines,Antigout medicines,drug,1361346,TRUE,colchicine Oral Solution [Gloperba],RxNorm,M04A_antigout_preparations,reviewed_seed,Imported from master codelists,Drug,standard,M04A_antigout_preparations
antigout_medicines,Antigout medicines,drug,1361349,TRUE,colchicine 0.12 MG/ML Oral Solution [Gloperba],RxNorm,M04A_antigout_preparations,reviewed_seed,Imported from master codelists,Drug,standard,M04A_antigout_preparations
antigout_medicines,Antigout medicines,drug,1366576,TRUE,colchicine 0.12 MG/ML,RxNorm,M04A_antigout_preparations,reviewed_seed,Imported from master codelists,Drug,standard,M04A_antigout_preparations
antigout_medicines,Antigout medicines,drug,1366578,TRUE,colchicine Oral Solution,RxNorm,M04A_antigout_preparations,reviewed_seed,Imported from master codelists,Drug,standard,M04A_antigout_preparations
antigout_medicines,Antigout medicines,drug,1366579,TRUE,colchicine 0.12 MG/ML Oral Solution,RxNorm,M04A_antigout_preparations,reviewed_seed,Imported from master codelists,Drug,standard,M04A_antigout_preparations
antigout_medicines,Antigout medicines,drug,1525449,TRUE,allopurinol 200 MG [Zyloprim],RxNorm,M04A_antigout_preparations,reviewed_seed,Imported from master codelists,Drug,standard,M04A_antigout_preparations
antigout_medicines,Antigout medicines,drug,1525450,TRUE,allopurinol 200 MG Oral Tablet [Zyloprim],RxNorm,M04A_antigout_preparations,reviewed_seed,Imported from master codelists,Drug,standard,M04A_antigout_preparations
antigout_medicines,Antigout medicines,drug,1588700,TRUE,lesinurad; oral,ATC,M04A_antigout_preparations,reviewed_seed,Imported from master codelists,Drug,classification,M04A_antigout_preparations
antigout_medicines,Antigout medicines,drug,1718945,TRUE,pegloticase Injection,RxNorm,M04A_antigout_preparations,reviewed_seed,Imported from master codelists,Drug,standard,M04A_antigout_preparations
antigout_medicines,Antigout medicines,drug,1718946,TRUE,pegloticase Injection [Krystexxa],RxNorm,M04A_antigout_preparations,reviewed_seed,Imported from master codelists,Drug,standard,M04A_antigout_preparations
antigout_medicines,Antigout medicines,drug,1718947,TRUE,pegloticase 8 MG/ML Injection,RxNorm,M04A_antigout_preparations,reviewed_seed,Imported from master codelists,Drug,standard,M04A_antigout_preparations
antigout_medicines,Antigout medicines,drug,1718948,TRUE,pegloticase 8 MG/ML Injection [Krystexxa],RxNorm,M04A_antigout_preparations,reviewed_seed,Imported from master codelists,Drug,standard,M04A_antigout_preparations
antigout_medicines,Antigout medicines,drug,1830411,TRUE,allopurinol 300 MG Oral Tablet Box of 100 by Sandoz,RxNorm Extension,M04A_antigout_preparations,reviewed_seed,Imported from master codelists,Drug,standard,M04A_antigout_preparations
antigout_medicines,Antigout medicines,drug,1831475,TRUE,febuxostat Delayed Release Oral Tablet [FEBURIC],RxNorm Extension,M04A_antigout_preparations,reviewed_seed,Imported from master codelists,Drug,standard,M04A_antigout_preparations
antigout_medicines,Antigout medicines,drug,1831476,TRUE,febuxostat 80 MG Delayed Release Oral Tablet [FEBURIC],RxNorm Extension,M04A_antigout_preparations,reviewed_seed,Imported from master codelists,Drug,standard,M04A_antigout_preparations
antigout_medicines,Antigout medicines,drug,1831477,TRUE,febuxostat 80 MG Delayed Release Oral Tablet [FEBURIC] Box of 28,RxNorm Extension,M04A_antigout_preparations,reviewed_seed,Imported from master codelists,Drug,standard,M04A_antigout_preparations
antigout_medicines,Antigout medicines,drug,1831478,TRUE,febuxostat 80 MG Delayed Release Oral Tablet [FEBURIC] Box of 28 by SMB,RxNorm Extension,M04A_antigout_preparations,reviewed_seed,Imported from master codelists,Drug,standard,M04A_antigout_preparations
antigout_medicines,Antigout medicines,drug,1831479,TRUE,febuxostat 80 MG Delayed Release Oral Tablet [FEBURIC] Box of 84,RxNorm Extension,M04A_antigout_preparations,reviewed_seed,Imported from master codelists,Drug,standard,M04A_antigout_preparations
antigout_medicines,Antigout medicines,drug,1831480,TRUE,febuxostat 80 MG Delayed Release Oral Tablet [FEBURIC] Box of 84 by SMB,RxNorm Extension,M04A_antigout_preparations,reviewed_seed,Imported from master codelists,Drug,standard,M04A_antigout_preparations
antigout_medicines,Antigout medicines,drug,1831481,TRUE,febuxostat 80 MG Oral Tablet Box of 84 by Eurogenerics,RxNorm Extension,M04A_antigout_preparations,reviewed_seed,Imported from master codelists,Drug,standard,M04A_antigout_preparations
antigout_medicines,Antigout medicines,drug,1831482,TRUE,febuxostat 120 MG Oral Tablet Box of 84 by Eurogenerics,RxNorm Extension,M04A_antigout_preparations,reviewed_seed,Imported from master codelists,Drug,standard,M04A_antigout_preparations
antigout_medicines,Antigout medicines,drug,1970282,TRUE,colchicine 0.5 MG Oral Tablet Box of 12 by Ysatfabrik,RxNorm Extension,M04A_antigout_preparations,reviewed_seed,Imported from master codelists,Drug,standard,M04A_antigout_preparations
antigout_medicines,Antigout medicines,drug,1970334,TRUE,colchicine 0.5 MG Oral Tablet Box of 12,RxNorm Extension,M04A_antigout_preparations,reviewed_seed,Imported from master codelists,Drug,standard,M04A_antigout_preparations
antigout_medicines,Antigout medicines,drug,1970688,TRUE,allopurinol 100 MG Oral Tablet Box of 50 by Hecgmbh,RxNorm Extension,M04A_antigout_preparations,reviewed_seed,Imported from master codelists,Drug,standard,M04A_antigout_preparations
antigout_medicines,Antigout medicines,drug,1970689,TRUE,allopurinol 100 MG Oral Tablet Box of 100 by Hecgmbh,RxNorm Extension,M04A_antigout_preparations,reviewed_seed,Imported from master codelists,Drug,standard,M04A_antigout_preparations
antigout_medicines,Antigout medicines,drug,1970690,TRUE,allopurinol 300 MG Oral Tablet Box of 50 by Hecgmbh,RxNorm Extension,M04A_antigout_preparations,reviewed_seed,Imported from master codelists,Drug,standard,M04A_antigout_preparations
antigout_medicines,Antigout medicines,drug,1970692,TRUE,allopurinol 300 MG Oral Tablet Box of 100 by Hecgmbh,RxNorm Extension,M04A_antigout_preparations,reviewed_seed,Imported from master codelists,Drug,standard,M04A_antigout_preparations
antigout_medicines,Antigout medicines,drug,1971906,TRUE,febuxostat 80 MG Delayed Release Oral Tablet Box of 28 by Stada,RxNorm Extension,M04A_antigout_preparations,reviewed_seed,Imported from master codelists,Drug,standard,M04A_antigout_preparations
antigout_medicines,Antigout medicines,drug,1971907,TRUE,febuxostat 80 MG Delayed Release Oral Tablet Box of 28 by GeneVida,RxNorm Extension,M04A_antigout_preparations,reviewed_seed,Imported from master codelists,Drug,standard,M04A_antigout_preparations
antigout_medicines,Antigout medicines,drug,1971909,TRUE,febuxostat 80 MG Delayed Release Oral Tablet Box of 84 by Ysatfabrik,RxNorm Extension,M04A_antigout_preparations,reviewed_seed,Imported from master codelists,Drug,standard,M04A_antigout_preparations
antigout_medicines,Antigout medicines,drug,1971910,TRUE,febuxostat 80 MG Delayed Release Oral Tablet [Adenuric] Box of 28 by PB,RxNorm Extension,M04A_antigout_preparations,reviewed_seed,Imported from master codelists,Drug,standard,M04A_antigout_preparations
antigout_medicines,Antigout medicines,drug,1971911,TRUE,febuxostat 80 MG Delayed Release Oral Tablet [Adenuric] Box of 84 by PB,RxNorm Extension,M04A_antigout_preparations,reviewed_seed,Imported from master codelists,Drug,standard,M04A_antigout_preparations
antigout_medicines,Antigout medicines,drug,1971912,TRUE,febuxostat 80 MG Oral Tablet Box of 28 by Stada,RxNorm Extension,M04A_antigout_preparations,reviewed_seed,Imported from master codelists,Drug,standard,M04A_antigout_preparations
antigout_medicines,Antigout medicines,drug,1971913,TRUE,febuxostat 80 MG Oral Tablet Box of 28 by GeneVida,RxNorm Extension,M04A_antigout_preparations,reviewed_seed,Imported from master codelists,Drug,standard,M04A_antigout_preparations
antigout_medicines,Antigout medicines,drug,1971914,TRUE,febuxostat 80 MG Oral Tablet Box of 84 by Ysatfabrik,RxNorm Extension,M04A_antigout_preparations,reviewed_seed,Imported from master codelists,Drug,standard,M04A_antigout_preparations
antigout_medicines,Antigout medicines,drug,1971915,TRUE,febuxostat 80 MG Oral Tablet [Adenuric] Box of 28 by PB,RxNorm Extension,M04A_antigout_preparations,reviewed_seed,Imported from master codelists,Drug,standard,M04A_antigout_preparations
antigout_medicines,Antigout medicines,drug,1971916,TRUE,febuxostat 80 MG Oral Tablet [Adenuric] Box of 84 by PB,RxNorm Extension,M04A_antigout_preparations,reviewed_seed,Imported from master codelists,Drug,standard,M04A_antigout_preparations
antigout_medicines,Antigout medicines,drug,1971917,TRUE,febuxostat 120 MG Oral Tablet Box of 28 by Aliud,RxNorm Extension,M04A_antigout_preparations,reviewed_seed,Imported from master codelists,Drug,standard,M04A_antigout_preparations
antigout_medicines,Antigout medicines,drug,1971918,TRUE,febuxostat 120 MG Oral Tablet Box of 56 by Medical Valley,RxNorm Extension,M04A_antigout_preparations,reviewed_seed,Imported from master codelists,Drug,standard,M04A_antigout_preparations
antigout_medicines,Antigout medicines,drug,1971919,TRUE,febuxostat 120 MG Oral Tablet Box of 84 by Medical Valley,RxNorm Extension,M04A_antigout_preparations,reviewed_seed,Imported from master codelists,Drug,standard,M04A_antigout_preparations
antigout_medicines,Antigout medicines,drug,1971920,TRUE,febuxostat 120 MG Oral Tablet Box of 84 by Stada,RxNorm Extension,M04A_antigout_preparations,reviewed_seed,Imported from master codelists,Drug,standard,M04A_antigout_preparations
antigout_medicines,Antigout medicines,drug,2032172,TRUE,1 ML rasburicase 1.5 MG/ML Injectable Solution [Fasturtec] by Sanofi,RxNorm Extension,M04A_antigout_preparations,reviewed_seed,Imported from master codelists,Drug,standard,M04A_antigout_preparations
antigout_medicines,Antigout medicines,drug,2044727,TRUE,febuxostat 80 MG [STARIC],RxNorm Extension,M04A_antigout_preparations,reviewed_seed,Imported from master codelists,Drug,standard,M04A_antigout_preparations
antigout_medicines,Antigout medicines,drug,2044928,TRUE,febuxostat 80 MG [UNIFERIC],RxNorm Extension,M04A_antigout_preparations,reviewed_seed,Imported from master codelists,Drug,standard,M04A_antigout_preparations
antigout_medicines,Antigout medicines,drug,2045650,TRUE,febuxostat 80 MG Oral Tablet by CJ,RxNorm Extension,M04A_antigout_preparations,reviewed_seed,Imported from master codelists,Drug,standard,M04A_antigout_preparations
antigout_medicines,Antigout medicines,drug,2045651,TRUE,febuxostat 80 MG Oral Tablet by Joonghun,RxNorm Extension,M04A_antigout_preparations,reviewed_seed,Imported from master codelists,Drug,standard,M04A_antigout_preparations
antigout_medicines,Antigout medicines,drug,2045652,TRUE,febuxostat 80 MG Oral Tablet by Pharvis,RxNorm Extension,M04A_antigout_preparations,reviewed_seed,Imported from master codelists,Drug,standard,M04A_antigout_preparations
antigout_medicines,Antigout medicines,drug,2045653,TRUE,febuxostat 80 MG Oral Tablet by Seoul,RxNorm Extension,M04A_antigout_preparations,reviewed_seed,Imported from master codelists,Drug,standard,M04A_antigout_preparations
antigout_medicines,Antigout medicines,drug,2045654,TRUE,febuxostat 80 MG Oral Tablet [FEBUCTAM],RxNorm Extension,M04A_antigout_preparations,reviewed_seed,Imported from master codelists,Drug,standard,M04A_antigout_preparations
antigout_medicines,Antigout medicines,drug,2045655,TRUE,febuxostat 80 MG Oral Tablet [FEBUCTAM] by Guju,RxNorm Extension,M04A_antigout_preparations,reviewed_seed,Imported from master codelists,Drug,standard,M04A_antigout_preparations
antigout_medicines,Antigout medicines,drug,2045656,TRUE,febuxostat 80 MG Oral Tablet [FEBUTE],RxNorm Extension,M04A_antigout_preparations,reviewed_seed,Imported from master codelists,Drug,standard,M04A_antigout_preparations
antigout_medicines,Antigout medicines,drug,2045657,TRUE,febuxostat 80 MG Oral Tablet [FEBUTE] by Ahngook New Pharm,RxNorm Extension,M04A_antigout_preparations,reviewed_seed,Imported from master codelists,Drug,standard,M04A_antigout_preparations
antigout_medicines,Antigout medicines,drug,2045658,TRUE,febuxostat 80 MG Oral Tablet [FEBUXTA],RxNorm Extension,M04A_antigout_preparations,reviewed_seed,Imported from master codelists,Drug,standard,M04A_antigout_preparations
antigout_medicines,Antigout medicines,drug,2045659,TRUE,febuxostat 80 MG Oral Tablet [FEBUXTA] by Hanpoong,RxNorm Extension,M04A_antigout_preparations,reviewed_seed,Imported from master codelists,Drug,standard,M04A_antigout_preparations
antigout_medicines,Antigout medicines,drug,2045660,TRUE,febuxostat 80 MG Oral Tablet [FECSOT],RxNorm Extension,M04A_antigout_preparations,reviewed_seed,Imported from master codelists,Drug,standard,M04A_antigout_preparations
antigout_medicines,Antigout medicines,drug,2045661,TRUE,febuxostat 80 MG Oral Tablet [FECSOT] by Kyungdong,RxNorm Extension,M04A_antigout_preparations,reviewed_seed,Imported from master codelists,Drug,standard,M04A_antigout_preparations
antigout_medicines,Antigout medicines,drug,2045662,TRUE,febuxostat 80 MG Oral Tablet [FECTORIN],RxNorm Extension,M04A_antigout_preparations,reviewed_seed,Imported from master codelists,Drug,standard,M04A_antigout_preparations
antigout_medicines,Antigout medicines,drug,2045663,TRUE,febuxostat 80 MG Oral Tablet [FECTORIN] by Eden Parma,RxNorm Extension,M04A_antigout_preparations,reviewed_seed,Imported from master codelists,Drug,standard,M04A_antigout_preparations
antigout_medicines,Antigout medicines,drug,2045664,TRUE,febuxostat 80 MG Oral Tablet [FELOXI],RxNorm Extension,M04A_antigout_preparations,reviewed_seed,Imported from master codelists,Drug,standard,M04A_antigout_preparations
antigout_medicines,Antigout medicines,drug,2045665,TRUE,febuxostat 80 MG Oral Tablet [FELOXI] by Sungwon Adcock,RxNorm Extension,M04A_antigout_preparations,reviewed_seed,Imported from master codelists,Drug,standard,M04A_antigout_preparations
antigout_medicines,Antigout medicines,drug,2045666,TRUE,febuxostat 80 MG Oral Tablet [FERADE],RxNorm Extension,M04A_antigout_preparations,reviewed_seed,Imported from master codelists,Drug,standard,M04A_antigout_preparations
antigout_medicines,Antigout medicines,drug,2045667,TRUE,febuxostat 80 MG Oral Tablet [FERADE] by Korea Prime Pharm,RxNorm Extension,M04A_antigout_preparations,reviewed_seed,Imported from master codelists,Drug,standard,M04A_antigout_preparations
antigout_medicines,Antigout medicines,drug,2045668,TRUE,febuxostat 80 MG Oral Tablet [FEXODE],RxNorm Extension,M04A_antigout_preparations,reviewed_seed,Imported from master codelists,Drug,standard,M04A_antigout_preparations
antigout_medicines,Antigout medicines,drug,2045669,TRUE,febuxostat 80 MG Oral Tablet [FEXODE] by Medix,RxNorm Extension,M04A_antigout_preparations,reviewed_seed,Imported from master codelists,Drug,standard,M04A_antigout_preparations
antigout_medicines,Antigout medicines,drug,2045670,TRUE,febuxostat 80 MG Oral Tablet [FEXOTAT],RxNorm Extension,M04A_antigout_preparations,reviewed_seed,Imported from master codelists,Drug,standard,M04A_antigout_preparations
antigout_medicines,Antigout medicines,drug,2045671,TRUE,febuxostat 80 MG Oral Tablet [FEXOTAT] by KMS,RxNorm Extension,M04A_antigout_preparations,reviewed_seed,Imported from master codelists,Drug,standard,M04A_antigout_preparations
antigout_medicines,Antigout medicines,drug,2045672,TRUE,febuxostat 80 MG Oral Tablet [NEXOTA],RxNorm Extension,M04A_antigout_preparations,reviewed_seed,Imported from master codelists,Drug,standard,M04A_antigout_preparations
antigout_medicines,Antigout medicines,drug,2045673,TRUE,febuxostat 80 MG Oral Tablet [NEXOTA] by Nexpharm,RxNorm Extension,M04A_antigout_preparations,reviewed_seed,Imported from master codelists,Drug,standard,M04A_antigout_preparations
antigout_medicines,Antigout medicines,drug,2045674,TRUE,febuxostat 80 MG Oral Tablet [STARIC],RxNorm Extension,M04A_antigout_preparations,reviewed_seed,Imported from master codelists,Drug,standard,M04A_antigout_preparations
antigout_medicines,Antigout medicines,drug,2045675,TRUE,febuxostat 80 MG Oral Tablet [STARIC] by Binex,RxNorm Extension,M04A_antigout_preparations,reviewed_seed,Imported from master codelists,Drug,standard,M04A_antigout_preparations
antigout_medicines,Antigout medicines,drug,2045676,TRUE,febuxostat 80 MG Oral Tablet [UNIFERIC],RxNorm Extension,M04A_antigout_preparations,reviewed_seed,Imported from master codelists,Drug,standard,M04A_antigout_preparations
antigout_medicines,Antigout medicines,drug,2045677,TRUE,febuxostat 80 MG Oral Tablet [UNIFERIC] by Union Korea Pharm,RxNorm Extension,M04A_antigout_preparations,reviewed_seed,Imported from master codelists,Drug,standard,M04A_antigout_preparations
antigout_medicines,Antigout medicines,drug,2045678,TRUE,febuxostat 80 MG [FEBUCTAM],RxNorm Extension,M04A_antigout_preparations,reviewed_seed,Imported from master codelists,Drug,standard,M04A_antigout_preparations
antigout_medicines,Antigout medicines,drug,2045680,TRUE,febuxostat 80 MG [FEBUTE],RxNorm Extension,M04A_antigout_preparations,reviewed_seed,Imported from master codelists,Drug,standard,M04A_antigout_preparations
antigout_medicines,Antigout medicines,drug,2045681,TRUE,febuxostat 80 MG [FEBUXTA],RxNorm Extension,M04A_antigout_preparations,reviewed_seed,Imported from master codelists,Drug,standard,M04A_antigout_preparations
antigout_medicines,Antigout medicines,drug,2045682,TRUE,febuxostat 80 MG [FECSOT],RxNorm Extension,M04A_antigout_preparations,reviewed_seed,Imported from master codelists,Drug,standard,M04A_antigout_preparations
antigout_medicines,Antigout medicines,drug,2045683,TRUE,febuxostat 80 MG [FECTORIN],RxNorm Extension,M04A_antigout_preparations,reviewed_seed,Imported from master codelists,Drug,standard,M04A_antigout_preparations
antigout_medicines,Antigout medicines,drug,2045684,TRUE,febuxostat 80 MG [FELOXI],RxNorm Extension,M04A_antigout_preparations,reviewed_seed,Imported from master codelists,Drug,standard,M04A_antigout_preparations
antigout_medicines,Antigout medicines,drug,2045685,TRUE,febuxostat 80 MG [FERADE],RxNorm Extension,M04A_antigout_preparations,reviewed_seed,Imported from master codelists,Drug,standard,M04A_antigout_preparations
antigout_medicines,Antigout medicines,drug,2045686,TRUE,febuxostat 80 MG [FEXODE],RxNorm Extension,M04A_antigout_preparations,reviewed_seed,Imported from master codelists,Drug,standard,M04A_antigout_preparations
antigout_medicines,Antigout medicines,drug,2045687,TRUE,febuxostat 80 MG [FEXOTAT],RxNorm Extension,M04A_antigout_preparations,reviewed_seed,Imported from master codelists,Drug,standard,M04A_antigout_preparations
antigout_medicines,Antigout medicines,drug,2045688,TRUE,febuxostat 80 MG [NEXOTA],RxNorm Extension,M04A_antigout_preparations,reviewed_seed,Imported from master codelists,Drug,standard,M04A_antigout_preparations
antigout_medicines,Antigout medicines,drug,2045689,TRUE,febuxostat 40 MG Oral Tablet by CJ,RxNorm Extension,M04A_antigout_preparations,reviewed_seed,Imported from master codelists,Drug,standard,M04A_antigout_preparations
antigout_medicines,Antigout medicines,drug,2045690,TRUE,febuxostat 40 MG Oral Tablet by Joonghun,RxNorm Extension,M04A_antigout_preparations,reviewed_seed,Imported from master codelists,Drug,standard,M04A_antigout_preparations
antigout_medicines,Antigout medicines,drug,2045691,TRUE,febuxostat 40 MG Oral Tablet by Pharvis,RxNorm Extension,M04A_antigout_preparations,reviewed_seed,Imported from master codelists,Drug,standard,M04A_antigout_preparations
antigout_medicines,Antigout medicines,drug,2045692,TRUE,febuxostat 40 MG Oral Tablet by Seoul,RxNorm Extension,M04A_antigout_preparations,reviewed_seed,Imported from master codelists,Drug,standard,M04A_antigout_preparations
antigout_medicines,Antigout medicines,drug,2045693,TRUE,febuxostat 40 MG Oral Tablet [FEBUCTAM],RxNorm Extension,M04A_antigout_preparations,reviewed_seed,Imported from master codelists,Drug,standard,M04A_antigout_preparations
antigout_medicines,Antigout medicines,drug,2045694,TRUE,febuxostat 40 MG Oral Tablet [FEBUCTAM] by Guju,RxNorm Extension,M04A_antigout_preparations,reviewed_seed,Imported from master codelists,Drug,standard,M04A_antigout_preparations
antigout_medicines,Antigout medicines,drug,2045695,TRUE,febuxostat 40 MG Oral Tablet [FEBUTE],RxNorm Extension,M04A_antigout_preparations,reviewed_seed,Imported from master codelists,Drug,standard,M04A_antigout_preparations
antigout_medicines,Antigout medicines,drug,2045696,TRUE,febuxostat 40 MG Oral Tablet [FEBUTE] by Ahngook New Pharm,RxNorm Extension,M04A_antigout_preparations,reviewed_seed,Imported from master codelists,Drug,standard,M04A_antigout_preparations
antigout_medicines,Antigout medicines,drug,2045697,TRUE,febuxostat 40 MG Oral Tablet [FEBUXTA],RxNorm Extension,M04A_antigout_preparations,reviewed_seed,Imported from master codelists,Drug,standard,M04A_antigout_preparations
antigout_medicines,Antigout medicines,drug,2045698,TRUE,febuxostat 40 MG Oral Tablet [FEBUXTA] by Hanpoong,RxNorm Extension,M04A_antigout_preparations,reviewed_seed,Imported from master codelists,Drug,standard,M04A_antigout_preparations
antigout_medicines,Antigout medicines,drug,2045699,TRUE,febuxostat 40 MG Oral Tablet [FECSOT],RxNorm Extension,M04A_antigout_preparations,reviewed_seed,Imported from master codelists,Drug,standard,M04A_antigout_preparations
antigout_medicines,Antigout medicines,drug,2045700,TRUE,febuxostat 40 MG Oral Tablet [FECSOT] by Kyungdong,RxNorm Extension,M04A_antigout_preparations,reviewed_seed,Imported from master codelists,Drug,standard,M04A_antigout_preparations
antigout_medicines,Antigout medicines,drug,2045701,TRUE,febuxostat 40 MG Oral Tablet [FECTORIN],RxNorm Extension,M04A_antigout_preparations,reviewed_seed,Imported from master codelists,Drug,standard,M04A_antigout_preparations
antigout_medicines,Antigout medicines,drug,2045702,TRUE,febuxostat 40 MG Oral Tablet [FECTORIN] by Eden Parma,RxNorm Extension,M04A_antigout_preparations,reviewed_seed,Imported from master codelists,Drug,standard,M04A_antigout_preparations
antigout_medicines,Antigout medicines,drug,2045703,TRUE,febuxostat 40 MG Oral Tablet [FELOXI],RxNorm Extension,M04A_antigout_preparations,reviewed_seed,Imported from master codelists,Drug,standard,M04A_antigout_preparations
antigout_medicines,Antigout medicines,drug,2045704,TRUE,febuxostat 40 MG Oral Tablet [FELOXI] by Sungwon Adcock,RxNorm Extension,M04A_antigout_preparations,reviewed_seed,Imported from master codelists,Drug,standard,M04A_antigout_preparations
antigout_medicines,Antigout medicines,drug,2045705,TRUE,febuxostat 40 MG Oral Tablet [FERADE],RxNorm Extension,M04A_antigout_preparations,reviewed_seed,Imported from master codelists,Drug,standard,M04A_antigout_preparations
antigout_medicines,Antigout medicines,drug,2045706,TRUE,febuxostat 40 MG Oral Tablet [FERADE] by Korea Prime Pharm,RxNorm Extension,M04A_antigout_preparations,reviewed_seed,Imported from master codelists,Drug,standard,M04A_antigout_preparations
antigout_medicines,Antigout medicines,drug,2045707,TRUE,febuxostat 40 MG Oral Tablet [FEXODE],RxNorm Extension,M04A_antigout_preparations,reviewed_seed,Imported from master codelists,Drug,standard,M04A_antigout_preparations
antigout_medicines,Antigout medicines,drug,2045708,TRUE,febuxostat 40 MG Oral Tablet [FEXODE] by Medix,RxNorm Extension,M04A_antigout_preparations,reviewed_seed,Imported from master codelists,Drug,standard,M04A_antigout_preparations
antigout_medicines,Antigout medicines,drug,2045709,TRUE,febuxostat 40 MG Oral Tablet [FEXOTAT],RxNorm Extension,M04A_antigout_preparations,reviewed_seed,Imported from master codelists,Drug,standard,M04A_antigout_preparations
antigout_medicines,Antigout medicines,drug,2045710,TRUE,febuxostat 40 MG Oral Tablet [FEXOTAT] by KMS,RxNorm Extension,M04A_antigout_preparations,reviewed_seed,Imported from master codelists,Drug,standard,M04A_antigout_preparations
antigout_medicines,Antigout medicines,drug,2045711,TRUE,febuxostat 40 MG Oral Tablet [STARIC],RxNorm Extension,M04A_antigout_preparations,reviewed_seed,Imported from master codelists,Drug,standard,M04A_antigout_preparations
antigout_medicines,Antigout medicines,drug,2045712,TRUE,febuxostat 40 MG Oral Tablet [STARIC] by Binex,RxNorm Extension,M04A_antigout_preparations,reviewed_seed,Imported from master codelists,Drug,standard,M04A_antigout_preparations
antigout_medicines,Antigout medicines,drug,2045713,TRUE,febuxostat 40 MG [FEBUCTAM],RxNorm Extension,M04A_antigout_preparations,reviewed_seed,Imported from master codelists,Drug,standard,M04A_antigout_preparations
antigout_medicines,Antigout medicines,drug,2045714,TRUE,febuxostat 40 MG [FEBUTE],RxNorm Extension,M04A_antigout_preparations,reviewed_seed,Imported from master codelists,Drug,standard,M04A_antigout_preparations
antigout_medicines,Antigout medicines,drug,2045715,TRUE,febuxostat 40 MG [FEBUXTA],RxNorm Extension,M04A_antigout_preparations,reviewed_seed,Imported from master codelists,Drug,standard,M04A_antigout_preparations
antigout_medicines,Antigout medicines,drug,2045716,TRUE,febuxostat 40 MG [FECSOT],RxNorm Extension,M04A_antigout_preparations,reviewed_seed,Imported from master codelists,Drug,standard,M04A_antigout_preparations
antigout_medicines,Antigout medicines,drug,2045717,TRUE,febuxostat 40 MG [FECTORIN],RxNorm Extension,M04A_antigout_preparations,reviewed_seed,Imported from master codelists,Drug,standard,M04A_antigout_preparations
antigout_medicines,Antigout medicines,drug,2045718,TRUE,febuxostat 40 MG [FELOXI],RxNorm Extension,M04A_antigout_preparations,reviewed_seed,Imported from master codelists,Drug,standard,M04A_antigout_preparations
antigout_medicines,Antigout medicines,drug,2045719,TRUE,febuxostat 40 MG [FERADE],RxNorm Extension,M04A_antigout_preparations,reviewed_seed,Imported from master codelists,Drug,standard,M04A_antigout_preparations
antigout_medicines,Antigout medicines,drug,2045720,TRUE,febuxostat 40 MG [FEXODE],RxNorm Extension,M04A_antigout_preparations,reviewed_seed,Imported from master codelists,Drug,standard,M04A_antigout_preparations
antigout_medicines,Antigout medicines,drug,2045721,TRUE,febuxostat 40 MG [FEXOTAT],RxNorm Extension,M04A_antigout_preparations,reviewed_seed,Imported from master codelists,Drug,standard,M04A_antigout_preparations
antigout_medicines,Antigout medicines,drug,2045722,TRUE,febuxostat 40 MG [STARIC],RxNorm Extension,M04A_antigout_preparations,reviewed_seed,Imported from master codelists,Drug,standard,M04A_antigout_preparations
antigout_medicines,Antigout medicines,drug,2045723,TRUE,febuxostat Oral Tablet [FEBUCTAM],RxNorm Extension,M04A_antigout_preparations,reviewed_seed,Imported from master codelists,Drug,standard,M04A_antigout_preparations
antigout_medicines,Antigout medicines,drug,2045724,TRUE,febuxostat Oral Tablet [FEBUTE],RxNorm Extension,M04A_antigout_preparations,reviewed_seed,Imported from master codelists,Drug,standard,M04A_antigout_preparations
antigout_medicines,Antigout medicines,drug,2045725,TRUE,febuxostat Oral Tablet [FEBUXTA],RxNorm Extension,M04A_antigout_preparations,reviewed_seed,Imported from master codelists,Drug,standard,M04A_antigout_preparations
antigout_medicines,Antigout medicines,drug,2045726,TRUE,febuxostat Oral Tablet [FECSOT],RxNorm Extension,M04A_antigout_preparations,reviewed_seed,Imported from master codelists,Drug,standard,M04A_antigout_preparations
antigout_medicines,Antigout medicines,drug,2045727,TRUE,febuxostat Oral Tablet [FECTORIN],RxNorm Extension,M04A_antigout_preparations,reviewed_seed,Imported from master codelists,Drug,standard,M04A_antigout_preparations
antigout_medicines,Antigout medicines,drug,2045728,TRUE,febuxostat Oral Tablet [FELOXI],RxNorm Extension,M04A_antigout_preparations,reviewed_seed,Imported from master codelists,Drug,standard,M04A_antigout_preparations
antigout_medicines,Antigout medicines,drug,2045729,TRUE,febuxostat Oral Tablet [FERADE],RxNorm Extension,M04A_antigout_preparations,reviewed_seed,Imported from master codelists,Drug,standard,M04A_antigout_preparations
antigout_medicines,Antigout medicines,drug,2045730,TRUE,febuxostat Oral Tablet [FEXODE],RxNorm Extension,M04A_antigout_preparations,reviewed_seed,Imported from master codelists,Drug,standard,M04A_antigout_preparations
antigout_medicines,Antigout medicines,drug,2045731,TRUE,febuxostat Oral Tablet [FEXOTAT],RxNorm Extension,M04A_antigout_preparations,reviewed_seed,Imported from master codelists,Drug,standard,M04A_antigout_preparations
antigout_medicines,Antigout medicines,drug,2045732,TRUE,febuxostat Oral Tablet [NEXOTA],RxNorm Extension,M04A_antigout_preparations,reviewed_seed,Imported from master codelists,Drug,standard,M04A_antigout_preparations
antigout_medicines,Antigout medicines,drug,2045733,TRUE,febuxostat Oral Tablet [STARIC],RxNorm Extension,M04A_antigout_preparations,reviewed_seed,Imported from master codelists,Drug,standard,M04A_antigout_preparations
antigout_medicines,Antigout medicines,drug,2045734,TRUE,febuxostat Oral Tablet [UNIFERIC],RxNorm Extension,M04A_antigout_preparations,reviewed_seed,Imported from master codelists,Drug,standard,M04A_antigout_preparations
antigout_medicines,Antigout medicines,drug,2910682,TRUE,lesinurad 200 MG Oral Tablet [Zurampic] Box of 10,RxNorm Extension,M04A_antigout_preparations,reviewed_seed,Imported from master codelists,Drug,standard,M04A_antigout_preparations
antigout_medicines,Antigout medicines,drug,2910683,TRUE,lesinurad 200 MG Oral Tablet Box of 10,RxNorm Extension,M04A_antigout_preparations,reviewed_seed,Imported from master codelists,Drug,standard,M04A_antigout_preparations
antigout_medicines,Antigout medicines,drug,2928788,TRUE,allopurinol 300 MG Oral Tablet [Progout] Box of 30,RxNorm Extension,M04A_antigout_preparations,reviewed_seed,Imported from master codelists,Drug,standard,M04A_antigout_preparations
antigout_medicines,Antigout medicines,drug,2928789,TRUE,allopurinol 300 MG Oral Tablet Box of 75,RxNorm Extension,M04A_antigout_preparations,reviewed_seed,Imported from master codelists,Drug,standard,M04A_antigout_preparations
antigout_medicines,Antigout medicines,drug,2928790,TRUE,allopurinol 300 MG Oral Tablet Box of 60 by APO,RxNorm Extension,M04A_antigout_preparations,reviewed_seed,Imported from master codelists,Drug,standard,M04A_antigout_preparations
antigout_medicines,Antigout medicines,drug,2928791,TRUE,allopurinol 300 MG Oral Tablet Box of 60 by Noumed,RxNorm Extension,M04A_antigout_preparations,reviewed_seed,Imported from master codelists,Drug,standard,M04A_antigout_preparations
antigout_medicines,Antigout medicines,drug,2928792,TRUE,allopurinol 300 MG Oral Tablet Box of 45,RxNorm Extension,M04A_antigout_preparations,reviewed_seed,Imported from master codelists,Drug,standard,M04A_antigout_preparations
antigout_medicines,Antigout medicines,drug,2928793,TRUE,allopurinol 300 MG Oral Tablet by APO,RxNorm Extension,M04A_antigout_preparations,reviewed_seed,Imported from master codelists,Drug,standard,M04A_antigout_preparations
antigout_medicines,Antigout medicines,drug,2928794,TRUE,allopurinol 300 MG Oral Tablet by Noumed,RxNorm Extension,M04A_antigout_preparations,reviewed_seed,Imported from master codelists,Drug,standard,M04A_antigout_preparations
antigout_medicines,Antigout medicines,drug,2928795,TRUE,allopurinol 100 MG Oral Tablet [Zyloprim] Box of 100,RxNorm Extension,M04A_antigout_preparations,reviewed_seed,Imported from master codelists,Drug,standard,M04A_antigout_preparations
antigout_medicines,Antigout medicines,drug,2928796,TRUE,allopurinol 100 MG Oral Tablet Box of 200 by APO,RxNorm Extension,M04A_antigout_preparations,reviewed_seed,Imported from master codelists,Drug,standard,M04A_antigout_preparations
antigout_medicines,Antigout medicines,drug,2928797,TRUE,allopurinol 100 MG Oral Tablet Box of 200 by Noumed,RxNorm Extension,M04A_antigout_preparations,reviewed_seed,Imported from master codelists,Drug,standard,M04A_antigout_preparations
antigout_medicines,Antigout medicines,drug,2928798,TRUE,allopurinol 100 MG Oral Tablet Box of 90,RxNorm Extension,M04A_antigout_preparations,reviewed_seed,Imported from master codelists,Drug,standard,M04A_antigout_preparations
antigout_medicines,Antigout medicines,drug,2928799,TRUE,allopurinol 100 MG Oral Tablet Box of 75,RxNorm Extension,M04A_antigout_preparations,reviewed_seed,Imported from master codelists,Drug,standard,M04A_antigout_preparations
antigout_medicines,Antigout medicines,drug,2928800,TRUE,allopurinol 100 MG Oral Tablet Box of 45,RxNorm Extension,M04A_antigout_preparations,reviewed_seed,Imported from master codelists,Drug,standard,M04A_antigout_preparations
antigout_medicines,Antigout medicines,drug,2928801,TRUE,allopurinol 100 MG Oral Tablet by APO,RxNorm Extension,M04A_antigout_preparations,reviewed_seed,Imported from master codelists,Drug,standard,M04A_antigout_preparations
antigout_medicines,Antigout medicines,drug,2928802,TRUE,allopurinol 100 MG Oral Tablet by Noumed,RxNorm Extension,M04A_antigout_preparations,reviewed_seed,Imported from master codelists,Drug,standard,M04A_antigout_preparations
antigout_medicines,Antigout medicines,drug,19002015,TRUE,colchicine 0.25 MG Oral Tablet,RxNorm,M04A_antigout_preparations,reviewed_seed,Imported from master codelists,Drug,standard,M04A_antigout_preparations
antigout_medicines,Antigout medicines,drug,19008201,TRUE,allopurinol 100 MG Oral Tablet [Rimapurinol],RxNorm,M04A_antigout_preparations,reviewed_seed,Imported from master codelists,Drug,standard,M04A_antigout_preparations
antigout_medicines,Antigout medicines,drug,19008202,TRUE,allopurinol 300 MG Oral Tablet [Xanthomax],RxNorm,M04A_antigout_preparations,reviewed_seed,Imported from master codelists,Drug,standard,M04A_antigout_preparations
antigout_medicines,Antigout medicines,drug,19016754,TRUE,benzbromarone,RxNorm,M04A_antigout_preparations,reviewed_seed,Imported from master codelists,Drug,standard,M04A_antigout_preparations
antigout_medicines,Antigout medicines,drug,19016756,TRUE,benzbromarone 100 MG Oral Tablet,RxNorm,M04A_antigout_preparations,reviewed_seed,Imported from master codelists,Drug,standard,M04A_antigout_preparations
antigout_medicines,Antigout medicines,drug,19016757,TRUE,benzbromarone 100 MG,RxNorm,M04A_antigout_preparations,reviewed_seed,Imported from master codelists,Drug,standard,M04A_antigout_preparations
antigout_medicines,Antigout medicines,drug,19016758,TRUE,benzbromarone 80 MG,RxNorm,M04A_antigout_preparations,reviewed_seed,Imported from master codelists,Drug,standard,M04A_antigout_preparations
antigout_medicines,Antigout medicines,drug,19016759,TRUE,benzbromarone 20 MG,RxNorm,M04A_antigout_preparations,reviewed_seed,Imported from master codelists,Drug,standard,M04A_antigout_preparations
antigout_medicines,Antigout medicines,drug,19017742,TRUE,febuxostat,RxNorm,M04A_antigout_preparations,reviewed_seed,Imported from master codelists,Drug,standard,M04A_antigout_preparations
antigout_medicines,Antigout medicines,drug,19017743,TRUE,febuxostat 40 MG,RxNorm,M04A_antigout_preparations,reviewed_seed,Imported from master codelists,Drug,standard,M04A_antigout_preparations
antigout_medicines,Antigout medicines,drug,19017744,TRUE,febuxostat 40 MG Oral Tablet,RxNorm,M04A_antigout_preparations,reviewed_seed,Imported from master codelists,Drug,standard,M04A_antigout_preparations
antigout_medicines,Antigout medicines,drug,19017745,TRUE,febuxostat 40 MG Oral Tablet [Uloric],RxNorm,M04A_antigout_preparations,reviewed_seed,Imported from master codelists,Drug,standard,M04A_antigout_preparations
antigout_medicines,Antigout medicines,drug,19017747,TRUE,febuxostat 80 MG Oral Tablet,RxNorm,M04A_antigout_preparations,reviewed_seed,Imported from master codelists,Drug,standard,M04A_antigout_preparations
antigout_medicines,Antigout medicines,drug,19017748,TRUE,febuxostat 80 MG Oral Tablet [Uloric],RxNorm,M04A_antigout_preparations,reviewed_seed,Imported from master codelists,Drug,standard,M04A_antigout_preparations
antigout_medicines,Antigout medicines,drug,19018787,TRUE,allopurinol 300 MG Oral Tablet,RxNorm,M04A_antigout_preparations,reviewed_seed,Imported from master codelists,Drug,standard,M04A_antigout_preparations
antigout_medicines,Antigout medicines,drug,19018901,TRUE,colchicine 0.5 MG Oral Tablet,RxNorm,M04A_antigout_preparations,reviewed_seed,Imported from master codelists,Drug,standard,M04A_antigout_preparations
antigout_medicines,Antigout medicines,drug,19020358,TRUE,sulfinpyrazone 100 MG [Anturane],RxNorm,M04A_antigout_preparations,reviewed_seed,Imported from master codelists,Drug,standard,M04A_antigout_preparations
antigout_medicines,Antigout medicines,drug,19020359,TRUE,sulfinpyrazone 200 MG [Anturane],RxNorm,M04A_antigout_preparations,reviewed_seed,Imported from master codelists,Drug,standard,M04A_antigout_preparations
antigout_medicines,Antigout medicines,drug,19021919,TRUE,allopurinol 100 MG Oral Capsule,RxNorm,M04A_antigout_preparations,reviewed_seed,Imported from master codelists,Drug,standard,M04A_antigout_preparations
antigout_medicines,Antigout medicines,drug,19022344,TRUE,sulfinpyrazone 200 MG Oral Tablet,RxNorm,M04A_antigout_preparations,reviewed_seed,Imported from master codelists,Drug,standard,M04A_antigout_preparations
antigout_medicines,Antigout medicines,drug,19024752,TRUE,allopurinol 100 MG Oral Tablet [Aloral],RxNorm,M04A_antigout_preparations,reviewed_seed,Imported from master codelists,Drug,standard,M04A_antigout_preparations
antigout_medicines,Antigout medicines,drug,19024753,TRUE,allopurinol 100 MG Oral Tablet [Aluline],RxNorm,M04A_antigout_preparations,reviewed_seed,Imported from master codelists,Drug,standard,M04A_antigout_preparations
antigout_medicines,Antigout medicines,drug,19024754,TRUE,allopurinol 100 MG Oral Tablet [Hamarin],RxNorm,M04A_antigout_preparations,reviewed_seed,Imported from master codelists,Drug,standard,M04A_antigout_preparations
antigout_medicines,Antigout medicines,drug,19024755,TRUE,allopurinol 100 MG Oral Tablet [Caplenal],RxNorm,M04A_antigout_preparations,reviewed_seed,Imported from master codelists,Drug,standard,M04A_antigout_preparations
antigout_medicines,Antigout medicines,drug,19024756,TRUE,allopurinol 100 MG Oral Tablet [Cosuric],RxNorm,M04A_antigout_preparations,reviewed_seed,Imported from master codelists,Drug,standard,M04A_antigout_preparations
antigout_medicines,Antigout medicines,drug,19024757,TRUE,allopurinol 100 MG Oral Tablet [Xanthomax],RxNorm,M04A_antigout_preparations,reviewed_seed,Imported from master codelists,Drug,standard,M04A_antigout_preparations
antigout_medicines,Antigout medicines,drug,19024758,TRUE,allopurinol 300 MG Oral Tablet [Aloral],RxNorm,M04A_antigout_preparations,reviewed_seed,Imported from master codelists,Drug,standard,M04A_antigout_preparations
antigout_medicines,Antigout medicines,drug,19024759,TRUE,allopurinol 300 MG Oral Tablet [Aluline],RxNorm,M04A_antigout_preparations,reviewed_seed,Imported from master codelists,Drug,standard,M04A_antigout_preparations
antigout_medicines,Antigout medicines,drug,19024760,TRUE,allopurinol 300 MG Oral Tablet [Caplenal],RxNorm,M04A_antigout_preparations,reviewed_seed,Imported from master codelists,Drug,standard,M04A_antigout_preparations
antigout_medicines,Antigout medicines,drug,19024781,TRUE,allopurinol 300 MG Oral Tablet [Cosuric],RxNorm,M04A_antigout_preparations,reviewed_seed,Imported from master codelists,Drug,standard,M04A_antigout_preparations
antigout_medicines,Antigout medicines,drug,19024782,TRUE,allopurinol 300 MG Oral Tablet [Hamarin],RxNorm,M04A_antigout_preparations,reviewed_seed,Imported from master codelists,Drug,standard,M04A_antigout_preparations
antigout_medicines,Antigout medicines,drug,19026065,TRUE,probenecid 500 MG Oral Tablet [Benemid],RxNorm,M04A_antigout_preparations,reviewed_seed,Imported from master codelists,Drug,standard,M04A_antigout_preparations
antigout_medicines,Antigout medicines,drug,19038506,TRUE,sulfinpyrazone 100 MG Oral Tablet [Anturane],RxNorm,M04A_antigout_preparations,reviewed_seed,Imported from master codelists,Drug,standard,M04A_antigout_preparations
antigout_medicines,Antigout medicines,drug,19038507,TRUE,sulfinpyrazone 200 MG Oral Capsule [Anturane],RxNorm,M04A_antigout_preparations,reviewed_seed,Imported from master codelists,Drug,standard,M04A_antigout_preparations
antigout_medicines,Antigout medicines,drug,19046345,TRUE,febuxostat 40 MG [Uloric],RxNorm,M04A_antigout_preparations,reviewed_seed,Imported from master codelists,Drug,standard,M04A_antigout_preparations
antigout_medicines,Antigout medicines,drug,19046346,TRUE,febuxostat 80 MG [Uloric],RxNorm,M04A_antigout_preparations,reviewed_seed,Imported from master codelists,Drug,standard,M04A_antigout_preparations
antigout_medicines,Antigout medicines,drug,19047343,TRUE,allopurinol 100 MG [Zyloprim],RxNorm,M04A_antigout_preparations,reviewed_seed,Imported from master codelists,Drug,standard,M04A_antigout_preparations
antigout_medicines,Antigout medicines,drug,19047344,TRUE,allopurinol 300 MG [Zyloprim],RxNorm,M04A_antigout_preparations,reviewed_seed,Imported from master codelists,Drug,standard,M04A_antigout_preparations
antigout_medicines,Antigout medicines,drug,19047346,TRUE,allopurinol 100 MG [Lopurin],RxNorm,M04A_antigout_preparations,reviewed_seed,Imported from master codelists,Drug,standard,M04A_antigout_preparations
antigout_medicines,Antigout medicines,drug,19047347,TRUE,allopurinol 300 MG [Lopurin],RxNorm,M04A_antigout_preparations,reviewed_seed,Imported from master codelists,Drug,standard,M04A_antigout_preparations
antigout_medicines,Antigout medicines,drug,19060559,TRUE,benzbromarone 80 MG Oral Tablet,RxNorm,M04A_antigout_preparations,reviewed_seed,Imported from master codelists,Drug,standard,M04A_antigout_preparations
antigout_medicines,Antigout medicines,drug,19061795,TRUE,allopurinol 300 MG / colchicine 0.5 MG Extended Release Oral Capsule,RxNorm,M04A_antigout_preparations,reviewed_seed,Imported from master codelists,Drug,standard,M04A_antigout_preparations
antigout_medicines,Antigout medicines,drug,19061828,TRUE,allopurinol 100 MG / benzbromarone 20 MG Oral Tablet,RxNorm,M04A_antigout_preparations,reviewed_seed,Imported from master codelists,Drug,standard,M04A_antigout_preparations
antigout_medicines,Antigout medicines,drug,19062092,TRUE,allopurinol 150 MG Oral Capsule,RxNorm,M04A_antigout_preparations,reviewed_seed,Imported from master codelists,Drug,standard,M04A_antigout_preparations
antigout_medicines,Antigout medicines,drug,19075823,TRUE,colchicine 0.54 MG Oral Tablet,RxNorm,M04A_antigout_preparations,reviewed_seed,Imported from master codelists,Drug,standard,M04A_antigout_preparations
antigout_medicines,Antigout medicines,drug,19075824,TRUE,colchicine 0.65 MG Oral Tablet,RxNorm,M04A_antigout_preparations,reviewed_seed,Imported from master codelists,Drug,standard,M04A_antigout_preparations
antigout_medicines,Antigout medicines,drug,19080868,TRUE,allopurinol 100 MG,RxNorm,M04A_antigout_preparations,reviewed_seed,Imported from master codelists,Drug,standard,M04A_antigout_preparations
antigout_medicines,Antigout medicines,drug,19086743,TRUE,allopurinol 150 MG,RxNorm,M04A_antigout_preparations,reviewed_seed,Imported from master codelists,Drug,standard,M04A_antigout_preparations
antigout_medicines,Antigout medicines,drug,19086744,TRUE,allopurinol 200 MG,RxNorm,M04A_antigout_preparations,reviewed_seed,Imported from master codelists,Drug,standard,M04A_antigout_preparations
antigout_medicines,Antigout medicines,drug,19086745,TRUE,allopurinol 75 MG,RxNorm,M04A_antigout_preparations,reviewed_seed,Imported from master codelists,Drug,standard,M04A_antigout_preparations
antigout_medicines,Antigout medicines,drug,19088505,TRUE,probenecid 250 MG,RxNorm,M04A_antigout_preparations,reviewed_seed,Imported from master codelists,Drug,standard,M04A_antigout_preparations
antigout_medicines,Antigout medicines,drug,19099374,TRUE,colchicine 0.25 MG,RxNorm,M04A_antigout_preparations,reviewed_seed,Imported from master codelists,Drug,standard,M04A_antigout_preparations
antigout_medicines,Antigout medicines,drug,19100737,TRUE,tisopurine,RxNorm,M04A_antigout_preparations,reviewed_seed,Imported from master codelists,Drug,standard,M04A_antigout_preparations
antigout_medicines,Antigout medicines,drug,19103991,TRUE,allopurinol 200 MG Oral Capsule,RxNorm,M04A_antigout_preparations,reviewed_seed,Imported from master codelists,Drug,standard,M04A_antigout_preparations
antigout_medicines,Antigout medicines,drug,19105301,TRUE,amoxicillin 50 MG/ML / probenecid 16.6 MG/ML Oral Suspension,RxNorm,M04A_antigout_preparations,reviewed_seed,Imported from master codelists,Drug,standard,M04A_antigout_preparations
antigout_medicines,Antigout medicines,drug,19107416,TRUE,tisopurine 100 MG Oral Tablet,RxNorm,M04A_antigout_preparations,reviewed_seed,Imported from master codelists,Drug,standard,M04A_antigout_preparations
antigout_medicines,Antigout medicines,drug,19107421,TRUE,allopurinol 100 MG / benzbromarone 25 MG Oral Tablet,RxNorm,M04A_antigout_preparations,reviewed_seed,Imported from master codelists,Drug,standard,M04A_antigout_preparations
antigout_medicines,Antigout medicines,drug,19107469,TRUE,benzbromarone 50 MG Oral Tablet,RxNorm,M04A_antigout_preparations,reviewed_seed,Imported from master codelists,Drug,standard,M04A_antigout_preparations
antigout_medicines,Antigout medicines,drug,19108155,TRUE,allopurinol 100 MG Extended Release Oral Tablet,RxNorm,M04A_antigout_preparations,reviewed_seed,Imported from master codelists,Drug,standard,M04A_antigout_preparations
antigout_medicines,Antigout medicines,drug,19108528,TRUE,colchicine 0.432 MG Oral Tablet,RxNorm,M04A_antigout_preparations,reviewed_seed,Imported from master codelists,Drug,standard,M04A_antigout_preparations
antigout_medicines,Antigout medicines,drug,19108550,TRUE,benzbromarone 25 MG,RxNorm,M04A_antigout_preparations,reviewed_seed,Imported from master codelists,Drug,standard,M04A_antigout_preparations
antigout_medicines,Antigout medicines,drug,19108776,TRUE,probenecid 16.6 MG/ML,RxNorm,M04A_antigout_preparations,reviewed_seed,Imported from master codelists,Drug,standard,M04A_antigout_preparations
antigout_medicines,Antigout medicines,drug,19108940,TRUE,benzbromarone 50 MG,RxNorm,M04A_antigout_preparations,reviewed_seed,Imported from master codelists,Drug,standard,M04A_antigout_preparations
antigout_medicines,Antigout medicines,drug,19109346,TRUE,colchicine 0.432 MG,RxNorm,M04A_antigout_preparations,reviewed_seed,Imported from master codelists,Drug,standard,M04A_antigout_preparations
antigout_medicines,Antigout medicines,drug,19112234,TRUE,tisopurine 100 MG,RxNorm,M04A_antigout_preparations,reviewed_seed,Imported from master codelists,Drug,standard,M04A_antigout_preparations
antigout_medicines,Antigout medicines,drug,19116358,TRUE,allopurinol 100 MG [Rimapurinol],RxNorm,M04A_antigout_preparations,reviewed_seed,Imported from master codelists,Drug,standard,M04A_antigout_preparations
antigout_medicines,Antigout medicines,drug,19116359,TRUE,allopurinol 300 MG [Xanthomax],RxNorm,M04A_antigout_preparations,reviewed_seed,Imported from master codelists,Drug,standard,M04A_antigout_preparations
antigout_medicines,Antigout medicines,drug,19117463,TRUE,allopurinol 100 MG [Aloral],RxNorm,M04A_antigout_preparations,reviewed_seed,Imported from master codelists,Drug,standard,M04A_antigout_preparations
antigout_medicines,Antigout medicines,drug,19117464,TRUE,allopurinol 100 MG [Aluline],RxNorm,M04A_antigout_preparations,reviewed_seed,Imported from master codelists,Drug,standard,M04A_antigout_preparations
antigout_medicines,Antigout medicines,drug,19117465,TRUE,allopurinol 100 MG [Hamarin],RxNorm,M04A_antigout_preparations,reviewed_seed,Imported from master codelists,Drug,standard,M04A_antigout_preparations
antigout_medicines,Antigout medicines,drug,19117466,TRUE,allopurinol 100 MG [Caplenal],RxNorm,M04A_antigout_preparations,reviewed_seed,Imported from master codelists,Drug,standard,M04A_antigout_preparations
antigout_medicines,Antigout medicines,drug,19117467,TRUE,allopurinol 100 MG [Cosuric],RxNorm,M04A_antigout_preparations,reviewed_seed,Imported from master codelists,Drug,standard,M04A_antigout_preparations
antigout_medicines,Antigout medicines,drug,19117468,TRUE,allopurinol 100 MG [Xanthomax],RxNorm,M04A_antigout_preparations,reviewed_seed,Imported from master codelists,Drug,standard,M04A_antigout_preparations
antigout_medicines,Antigout medicines,drug,19117469,TRUE,allopurinol 300 MG [Aloral],RxNorm,M04A_antigout_preparations,reviewed_seed,Imported from master codelists,Drug,standard,M04A_antigout_preparations
antigout_medicines,Antigout medicines,drug,19117470,TRUE,allopurinol 300 MG [Aluline],RxNorm,M04A_antigout_preparations,reviewed_seed,Imported from master codelists,Drug,standard,M04A_antigout_preparations
antigout_medicines,Antigout medicines,drug,19117471,TRUE,allopurinol 300 MG [Caplenal],RxNorm,M04A_antigout_preparations,reviewed_seed,Imported from master codelists,Drug,standard,M04A_antigout_preparations
antigout_medicines,Antigout medicines,drug,19117472,TRUE,allopurinol 300 MG [Cosuric],RxNorm,M04A_antigout_preparations,reviewed_seed,Imported from master codelists,Drug,standard,M04A_antigout_preparations
antigout_medicines,Antigout medicines,drug,19117473,TRUE,allopurinol 300 MG [Hamarin],RxNorm,M04A_antigout_preparations,reviewed_seed,Imported from master codelists,Drug,standard,M04A_antigout_preparations
antigout_medicines,Antigout medicines,drug,19117730,TRUE,probenecid 500 MG [Benemid],RxNorm,M04A_antigout_preparations,reviewed_seed,Imported from master codelists,Drug,standard,M04A_antigout_preparations
antigout_medicines,Antigout medicines,drug,19133952,TRUE,febuxostat 80 MG,RxNorm,M04A_antigout_preparations,reviewed_seed,Imported from master codelists,Drug,standard,M04A_antigout_preparations
antigout_medicines,Antigout medicines,drug,21021963,TRUE,tisopurine Oral Tablet [Exuracid],RxNorm Extension,M04A_antigout_preparations,reviewed_seed,Imported from master codelists,Drug,standard,M04A_antigout_preparations
antigout_medicines,Antigout medicines,drug,21024235,TRUE,Sulfinpyrazone 100 MG Oral Tablet Box of 84 by AMCo,RxNorm Extension,M04A_antigout_preparations,reviewed_seed,Imported from master codelists,Drug,standard,M04A_antigout_preparations
antigout_medicines,Antigout medicines,drug,21024236,TRUE,Sulfinpyrazone 100 MG Oral Tablet [Anturan] Box of 84,RxNorm Extension,M04A_antigout_preparations,reviewed_seed,Imported from master codelists,Drug,standard,M04A_antigout_preparations
antigout_medicines,Antigout medicines,drug,21024255,TRUE,Allopurinol Oral Tablet [Uricto],RxNorm Extension,M04A_antigout_preparations,reviewed_seed,Imported from master codelists,Drug,standard,M04A_antigout_preparations
antigout_medicines,Antigout medicines,drug,21024256,TRUE,Allopurinol 300 MG Oral Tablet by Kent,RxNorm Extension,M04A_antigout_preparations,reviewed_seed,Imported from master codelists,Drug,standard,M04A_antigout_preparations
antigout_medicines,Antigout medicines,drug,21024257,TRUE,Allopurinol 300 MG Oral Tablet by TEVA,RxNorm Extension,M04A_antigout_preparations,reviewed_seed,Imported from master codelists,Drug,standard,M04A_antigout_preparations
antigout_medicines,Antigout medicines,drug,21024258,TRUE,Allopurinol 300 MG Oral Tablet by Actavis,RxNorm Extension,M04A_antigout_preparations,reviewed_seed,Imported from master codelists,Drug,standard,M04A_antigout_preparations
antigout_medicines,Antigout medicines,drug,21024259,TRUE,Allopurinol 300 MG Oral Tablet Box of 28 by Accord,RxNorm Extension,M04A_antigout_preparations,reviewed_seed,Imported from master codelists,Drug,standard,M04A_antigout_preparations
antigout_medicines,Antigout medicines,drug,21024260,TRUE,Allopurinol 300 MG Oral Tablet Box of 28 by Ivax,RxNorm Extension,M04A_antigout_preparations,reviewed_seed,Imported from master codelists,Drug,standard,M04A_antigout_preparations
antigout_medicines,Antigout medicines,drug,21024261,TRUE,Allopurinol 300 MG Oral Tablet [Zyloric] Box of 30 by Sigma-Tau,RxNorm Extension,M04A_antigout_preparations,reviewed_seed,Imported from master codelists,Drug,standard,M04A_antigout_preparations
antigout_medicines,Antigout medicines,drug,21024262,TRUE,Allopurinol 300 MG Oral Tablet [Xanthomax] by Ashbourne,RxNorm Extension,M04A_antigout_preparations,reviewed_seed,Imported from master codelists,Drug,standard,M04A_antigout_preparations
antigout_medicines,Antigout medicines,drug,21024264,TRUE,Allopurinol 100 MG Oral Tablet by Bristol Myers Squibb,RxNorm Extension,M04A_antigout_preparations,reviewed_seed,Imported from master codelists,Drug,standard,M04A_antigout_preparations
antigout_medicines,Antigout medicines,drug,21024265,TRUE,Allopurinol 100 MG Oral Tablet by Ivax,RxNorm Extension,M04A_antigout_preparations,reviewed_seed,Imported from master codelists,Drug,standard,M04A_antigout_preparations
antigout_medicines,Antigout medicines,drug,21024266,TRUE,Allopurinol 100 MG Oral Tablet Box of 28 by Wockhardt,RxNorm Extension,M04A_antigout_preparations,reviewed_seed,Imported from master codelists,Drug,standard,M04A_antigout_preparations
antigout_medicines,Antigout medicines,drug,21024267,TRUE,Allopurinol 100 MG Oral Tablet [Zyloric] Box of 100,RxNorm Extension,M04A_antigout_preparations,reviewed_seed,Imported from master codelists,Drug,standard,M04A_antigout_preparations
antigout_medicines,Antigout medicines,drug,21025976,TRUE,Rasburicase 1.5 MG Injection [Fasturtec] by Sanofi,RxNorm Extension,M04A_antigout_preparations,reviewed_seed,Imported from master codelists,Drug,standard,M04A_antigout_preparations
antigout_medicines,Antigout medicines,drug,21026771,TRUE,febuxostat 120 MG,RxNorm Extension,M04A_antigout_preparations,reviewed_seed,Imported from master codelists,Drug,standard,M04A_antigout_preparations
antigout_medicines,Antigout medicines,drug,21026772,TRUE,febuxostat 120 MG Oral Tablet by DE,RxNorm Extension,M04A_antigout_preparations,reviewed_seed,Imported from master codelists,Drug,standard,M04A_antigout_preparations
antigout_medicines,Antigout medicines,drug,21027214,TRUE,Benzbromarone 100 MG Oral Tablet [Desuric] Box of 100,RxNorm Extension,M04A_antigout_preparations,reviewed_seed,Imported from master codelists,Drug,standard,M04A_antigout_preparations
antigout_medicines,Antigout medicines,drug,21028293,TRUE,1 ML Allopurinol 3 MG/ML Oral Suspension,RxNorm Extension,M04A_antigout_preparations,reviewed_seed,Imported from master codelists,Drug,standard,M04A_antigout_preparations
antigout_medicines,Antigout medicines,drug,21028294,TRUE,1 ML Allopurinol 20 MG/ML Oral Suspension,RxNorm Extension,M04A_antigout_preparations,reviewed_seed,Imported from master codelists,Drug,standard,M04A_antigout_preparations
antigout_medicines,Antigout medicines,drug,21030055,TRUE,150 ML Allopurinol 20 MG/ML Oral Solution by Rosemont,RxNorm Extension,M04A_antigout_preparations,reviewed_seed,Imported from master codelists,Drug,standard,M04A_antigout_preparations
antigout_medicines,Antigout medicines,drug,21033975,TRUE,Sulfinpyrazone 200 MG Oral Tablet by A A H,RxNorm Extension,M04A_antigout_preparations,reviewed_seed,Imported from master codelists,Drug,standard,M04A_antigout_preparations
antigout_medicines,Antigout medicines,drug,21033976,TRUE,Sulfinpyrazone 200 MG Oral Tablet Box of 84,RxNorm Extension,M04A_antigout_preparations,reviewed_seed,Imported from master codelists,Drug,standard,M04A_antigout_preparations
antigout_medicines,Antigout medicines,drug,21033993,TRUE,Allopurinol 10 MG/ML,RxNorm Extension,M04A_antigout_preparations,reviewed_seed,Imported from master codelists,Drug,standard,M04A_antigout_preparations
antigout_medicines,Antigout medicines,drug,21033994,TRUE,Allopurinol 300 MG Oral Tablet by Ennogen,RxNorm Extension,M04A_antigout_preparations,reviewed_seed,Imported from master codelists,Drug,standard,M04A_antigout_preparations
antigout_medicines,Antigout medicines,drug,21033995,TRUE,Allopurinol 300 MG Oral Tablet by Dowelhurst,RxNorm Extension,M04A_antigout_preparations,reviewed_seed,Imported from master codelists,Drug,standard,M04A_antigout_preparations
antigout_medicines,Antigout medicines,drug,21033996,TRUE,Allopurinol 300 MG Oral Tablet by Almus,RxNorm Extension,M04A_antigout_preparations,reviewed_seed,Imported from master codelists,Drug,standard,M04A_antigout_preparations
antigout_medicines,Antigout medicines,drug,21033997,TRUE,Allopurinol 300 MG Oral Tablet Box of 28 by Ranbaxy,RxNorm Extension,M04A_antigout_preparations,reviewed_seed,Imported from master codelists,Drug,standard,M04A_antigout_preparations
antigout_medicines,Antigout medicines,drug,21033998,TRUE,Allopurinol 300 MG Oral Tablet [Zyloric] by Aspen,RxNorm Extension,M04A_antigout_preparations,reviewed_seed,Imported from master codelists,Drug,standard,M04A_antigout_preparations
antigout_medicines,Antigout medicines,drug,21033999,TRUE,Allopurinol 4 MG/ML Oral Suspension,RxNorm Extension,M04A_antigout_preparations,reviewed_seed,Imported from master codelists,Drug,standard,M04A_antigout_preparations
antigout_medicines,Antigout medicines,drug,21034000,TRUE,Allopurinol 100 MG [Uricto],RxNorm Extension,M04A_antigout_preparations,reviewed_seed,Imported from master codelists,Drug,standard,M04A_antigout_preparations
antigout_medicines,Antigout medicines,drug,21034001,TRUE,Allopurinol 100 MG Oral Tablet by Mylan,RxNorm Extension,M04A_antigout_preparations,reviewed_seed,Imported from master codelists,Drug,standard,M04A_antigout_preparations
antigout_medicines,Antigout medicines,drug,21034002,TRUE,Allopurinol 100 MG Oral Tablet by Wockhardt,RxNorm Extension,M04A_antigout_preparations,reviewed_seed,Imported from master codelists,Drug,standard,M04A_antigout_preparations
antigout_medicines,Antigout medicines,drug,21034003,TRUE,Allopurinol 100 MG Oral Tablet Box of 28 by Alliance,RxNorm Extension,M04A_antigout_preparations,reviewed_seed,Imported from master codelists,Drug,standard,M04A_antigout_preparations
antigout_medicines,Antigout medicines,drug,21034728,TRUE,Probenecid Oral Tablet [Benuryl],RxNorm Extension,M04A_antigout_preparations,reviewed_seed,Imported from master codelists,Drug,standard,M04A_antigout_preparations
antigout_medicines,Antigout medicines,drug,21034731,TRUE,Probenecid 500 MG Oral Tablet [Benemid] Box of 60 by Merck,RxNorm Extension,M04A_antigout_preparations,reviewed_seed,Imported from master codelists,Drug,standard,M04A_antigout_preparations
antigout_medicines,Antigout medicines,drug,21034732,TRUE,Probenecid 250 MG Oral Tablet,RxNorm Extension,M04A_antigout_preparations,reviewed_seed,Imported from master codelists,Drug,standard,M04A_antigout_preparations
antigout_medicines,Antigout medicines,drug,21034863,TRUE,Colchicine 0.5 MG Oral Tablet by Boots,RxNorm Extension,M04A_antigout_preparations,reviewed_seed,Imported from master codelists,Drug,standard,M04A_antigout_preparations
antigout_medicines,Antigout medicines,drug,21034864,TRUE,Colchicine 0.5 MG Oral Tablet Box of 100 by UCB,RxNorm Extension,M04A_antigout_preparations,reviewed_seed,Imported from master codelists,Drug,standard,M04A_antigout_preparations
antigout_medicines,Antigout medicines,drug,21034865,TRUE,Colchicine 0.5 MG Oral Tablet Box of 100 by Actavis,RxNorm Extension,M04A_antigout_preparations,reviewed_seed,Imported from master codelists,Drug,standard,M04A_antigout_preparations
antigout_medicines,Antigout medicines,drug,21036552,TRUE,febuxostat 80 MG Oral Tablet [Adenuric] Box of 28 by A Menarini,RxNorm Extension,M04A_antigout_preparations,reviewed_seed,Imported from master codelists,Drug,standard,M04A_antigout_preparations
antigout_medicines,Antigout medicines,drug,21038114,TRUE,1 ML Allopurinol 40 MG/ML Oral Solution,RxNorm Extension,M04A_antigout_preparations,reviewed_seed,Imported from master codelists,Drug,standard,M04A_antigout_preparations
antigout_medicines,Antigout medicines,drug,21043880,TRUE,Sulfinpyrazone 200 MG Oral Tablet by AMCo,RxNorm Extension,M04A_antigout_preparations,reviewed_seed,Imported from master codelists,Drug,standard,M04A_antigout_preparations
antigout_medicines,Antigout medicines,drug,21043881,TRUE,Sulfinpyrazone 100 MG Oral Tablet by Alliance,RxNorm Extension,M04A_antigout_preparations,reviewed_seed,Imported from master codelists,Drug,standard,M04A_antigout_preparations
antigout_medicines,Antigout medicines,drug,21043907,TRUE,Allopurinol 300 MG Oral Tablet by Crescent,RxNorm Extension,M04A_antigout_preparations,reviewed_seed,Imported from master codelists,Drug,standard,M04A_antigout_preparations
antigout_medicines,Antigout medicines,drug,21043908,TRUE,Allopurinol 300 MG Oral Tablet by Waymade,RxNorm Extension,M04A_antigout_preparations,reviewed_seed,Imported from master codelists,Drug,standard,M04A_antigout_preparations
antigout_medicines,Antigout medicines,drug,21043909,TRUE,Allopurinol 300 MG Oral Tablet by DE,RxNorm Extension,M04A_antigout_preparations,reviewed_seed,Imported from master codelists,Drug,standard,M04A_antigout_preparations
antigout_medicines,Antigout medicines,drug,21043910,TRUE,Allopurinol 300 MG Oral Tablet Box of 28 by Ennogen,RxNorm Extension,M04A_antigout_preparations,reviewed_seed,Imported from master codelists,Drug,standard,M04A_antigout_preparations
antigout_medicines,Antigout medicines,drug,21043911,TRUE,Allopurinol 300 MG Oral Tablet Box of 28 by DE,RxNorm Extension,M04A_antigout_preparations,reviewed_seed,Imported from master codelists,Drug,standard,M04A_antigout_preparations
antigout_medicines,Antigout medicines,drug,21043912,TRUE,Allopurinol 300 MG Oral Tablet Box of 28 by A A H,RxNorm Extension,M04A_antigout_preparations,reviewed_seed,Imported from master codelists,Drug,standard,M04A_antigout_preparations
antigout_medicines,Antigout medicines,drug,21043913,TRUE,Allopurinol 300 MG Oral Tablet Box of 30,RxNorm Extension,M04A_antigout_preparations,reviewed_seed,Imported from master codelists,Drug,standard,M04A_antigout_preparations
antigout_medicines,Antigout medicines,drug,21043914,TRUE,Allopurinol 300 MG Oral Tablet [Uricto] by Ennogen,RxNorm Extension,M04A_antigout_preparations,reviewed_seed,Imported from master codelists,Drug,standard,M04A_antigout_preparations
antigout_medicines,Antigout medicines,drug,21043915,TRUE,Allopurinol 300 MG Oral Tablet [Zyloric] by Stephar,RxNorm Extension,M04A_antigout_preparations,reviewed_seed,Imported from master codelists,Drug,standard,M04A_antigout_preparations
antigout_medicines,Antigout medicines,drug,21043916,TRUE,Allopurinol 60 MG/ML Oral Suspension,RxNorm Extension,M04A_antigout_preparations,reviewed_seed,Imported from master codelists,Drug,standard,M04A_antigout_preparations
antigout_medicines,Antigout medicines,drug,21043918,TRUE,Allopurinol 100 MG Oral Tablet Box of 28 by Actavis,RxNorm Extension,M04A_antigout_preparations,reviewed_seed,Imported from master codelists,Drug,standard,M04A_antigout_preparations
antigout_medicines,Antigout medicines,drug,21043919,TRUE,Allopurinol 100 MG Oral Tablet Box of 28 by Almus,RxNorm Extension,M04A_antigout_preparations,reviewed_seed,Imported from master codelists,Drug,standard,M04A_antigout_preparations
antigout_medicines,Antigout medicines,drug,21043920,TRUE,Allopurinol 100 MG Oral Tablet [Zyloric] by Sigma-Tau,RxNorm Extension,M04A_antigout_preparations,reviewed_seed,Imported from master codelists,Drug,standard,M04A_antigout_preparations
antigout_medicines,Antigout medicines,drug,21043921,TRUE,Allopurinol 100 MG Oral Tablet [Zyloric] Box of 100 by Lexon,RxNorm Extension,M04A_antigout_preparations,reviewed_seed,Imported from master codelists,Drug,standard,M04A_antigout_preparations
antigout_medicines,Antigout medicines,drug,21044732,TRUE,Colchicine 0.5 MG Oral Tablet by Sigma-Tau,RxNorm Extension,M04A_antigout_preparations,reviewed_seed,Imported from master codelists,Drug,standard,M04A_antigout_preparations
antigout_medicines,Antigout medicines,drug,21044733,TRUE,Colchicine 0.5 MG Oral Tablet Box of 100 by Phoenix Labs,RxNorm Extension,M04A_antigout_preparations,reviewed_seed,Imported from master codelists,Drug,standard,M04A_antigout_preparations
antigout_medicines,Antigout medicines,drug,21046423,TRUE,febuxostat 80 MG Oral Tablet by Colorama,RxNorm Extension,M04A_antigout_preparations,reviewed_seed,Imported from master codelists,Drug,standard,M04A_antigout_preparations
antigout_medicines,Antigout medicines,drug,21047935,TRUE,1 ML Allopurinol 30 MG/ML Oral Solution,RxNorm Extension,M04A_antigout_preparations,reviewed_seed,Imported from master codelists,Drug,standard,M04A_antigout_preparations
antigout_medicines,Antigout medicines,drug,21053671,TRUE,Sulfinpyrazone Oral Tablet [Anturan],RxNorm Extension,M04A_antigout_preparations,reviewed_seed,Imported from master codelists,Drug,standard,M04A_antigout_preparations
antigout_medicines,Antigout medicines,drug,21053672,TRUE,Sulfinpyrazone 200 MG Oral Tablet Box of 84 by Alliance,RxNorm Extension,M04A_antigout_preparations,reviewed_seed,Imported from master codelists,Drug,standard,M04A_antigout_preparations
antigout_medicines,Antigout medicines,drug,21053673,TRUE,Sulfinpyrazone 100 MG Oral Tablet Box of 84 by A A H,RxNorm Extension,M04A_antigout_preparations,reviewed_seed,Imported from master codelists,Drug,standard,M04A_antigout_preparations
antigout_medicines,Antigout medicines,drug,21053686,TRUE,Allopurinol Oral Tablet [Zyloric],RxNorm Extension,M04A_antigout_preparations,reviewed_seed,Imported from master codelists,Drug,standard,M04A_antigout_preparations
antigout_medicines,Antigout medicines,drug,21053688,TRUE,Allopurinol 300 MG Oral Tablet Box of 28 by Milpharm,RxNorm Extension,M04A_antigout_preparations,reviewed_seed,Imported from master codelists,Drug,standard,M04A_antigout_preparations
antigout_medicines,Antigout medicines,drug,21053689,TRUE,Allopurinol 300 MG Oral Tablet Box of 100 by Co-Pharma,RxNorm Extension,M04A_antigout_preparations,reviewed_seed,Imported from master codelists,Drug,standard,M04A_antigout_preparations
antigout_medicines,Antigout medicines,drug,21053690,TRUE,Allopurinol 300 MG Oral Tablet Box of 100 by A A H,RxNorm Extension,M04A_antigout_preparations,reviewed_seed,Imported from master codelists,Drug,standard,M04A_antigout_preparations
antigout_medicines,Antigout medicines,drug,21053691,TRUE,Allopurinol 300 MG Oral Tablet [Zyloric] Box of 28,RxNorm Extension,M04A_antigout_preparations,reviewed_seed,Imported from master codelists,Drug,standard,M04A_antigout_preparations
antigout_medicines,Antigout medicines,drug,21053692,TRUE,Allopurinol 300 MG Oral Tablet [Zyloric] Box of 28 by Aspen,RxNorm Extension,M04A_antigout_preparations,reviewed_seed,Imported from master codelists,Drug,standard,M04A_antigout_preparations
antigout_medicines,Antigout medicines,drug,21053693,TRUE,Allopurinol 300 MG Oral Tablet [Zyloric] Box of 30 by Waymade,RxNorm Extension,M04A_antigout_preparations,reviewed_seed,Imported from master codelists,Drug,standard,M04A_antigout_preparations
antigout_medicines,Antigout medicines,drug,21053694,TRUE,Allopurinol 4 MG/ML,RxNorm Extension,M04A_antigout_preparations,reviewed_seed,Imported from master codelists,Drug,standard,M04A_antigout_preparations
antigout_medicines,Antigout medicines,drug,21053696,TRUE,Allopurinol 1 MG/ML Oral Suspension,RxNorm Extension,M04A_antigout_preparations,reviewed_seed,Imported from master codelists,Drug,standard,M04A_antigout_preparations
antigout_medicines,Antigout medicines,drug,21053697,TRUE,Allopurinol 40 MG/ML Oral Suspension,RxNorm Extension,M04A_antigout_preparations,reviewed_seed,Imported from master codelists,Drug,standard,M04A_antigout_preparations
antigout_medicines,Antigout medicines,drug,21053698,TRUE,Allopurinol 100 MG Oral Tablet by Co-Pharma,RxNorm Extension,M04A_antigout_preparations,reviewed_seed,Imported from master codelists,Drug,standard,M04A_antigout_preparations
antigout_medicines,Antigout medicines,drug,21053699,TRUE,Allopurinol 100 MG Oral Tablet Box of 28,RxNorm Extension,M04A_antigout_preparations,reviewed_seed,Imported from master codelists,Drug,standard,M04A_antigout_preparations
antigout_medicines,Antigout medicines,drug,21053700,TRUE,Allopurinol 100 MG Oral Tablet Box of 28 by Generics,RxNorm Extension,M04A_antigout_preparations,reviewed_seed,Imported from master codelists,Drug,standard,M04A_antigout_preparations
antigout_medicines,Antigout medicines,drug,21053701,TRUE,Allopurinol 100 MG Oral Tablet Box of 28 by Ivax,RxNorm Extension,M04A_antigout_preparations,reviewed_seed,Imported from master codelists,Drug,standard,M04A_antigout_preparations
antigout_medicines,Antigout medicines,drug,21053702,TRUE,Allopurinol 100 MG Oral Tablet [Zyloric] by Dowelhurst,RxNorm Extension,M04A_antigout_preparations,reviewed_seed,Imported from master codelists,Drug,standard,M04A_antigout_preparations
antigout_medicines,Antigout medicines,drug,21053703,TRUE,Allopurinol 100 MG Oral Tablet [Zyloric] Box of 50 by Dowelhurst,RxNorm Extension,M04A_antigout_preparations,reviewed_seed,Imported from master codelists,Drug,standard,M04A_antigout_preparations
antigout_medicines,Antigout medicines,drug,21054391,TRUE,Probenecid 500 MG Oral Tablet [Benuryl],RxNorm Extension,M04A_antigout_preparations,reviewed_seed,Imported from master codelists,Drug,standard,M04A_antigout_preparations
antigout_medicines,Antigout medicines,drug,21054548,TRUE,Colchicine 0.5 MG Oral Tablet Box of 100,RxNorm Extension,M04A_antigout_preparations,reviewed_seed,Imported from master codelists,Drug,standard,M04A_antigout_preparations
antigout_medicines,Antigout medicines,drug,21056633,TRUE,Benzbromarone 100 MG Oral Tablet [Desuric],RxNorm Extension,M04A_antigout_preparations,reviewed_seed,Imported from master codelists,Drug,standard,M04A_antigout_preparations
antigout_medicines,Antigout medicines,drug,21057716,TRUE,1 ML Allopurinol 4 MG/ML Oral Solution,RxNorm Extension,M04A_antigout_preparations,reviewed_seed,Imported from master codelists,Drug,standard,M04A_antigout_preparations
antigout_medicines,Antigout medicines,drug,21059480,TRUE,150 ML Allopurinol 20 MG/ML Oral Suspension,RxNorm Extension,M04A_antigout_preparations,reviewed_seed,Imported from master codelists,Drug,standard,M04A_antigout_preparations
antigout_medicines,Antigout medicines,drug,21063498,TRUE,Sulfinpyrazone 200 MG [Anturan],RxNorm Extension,M04A_antigout_preparations,reviewed_seed,Imported from master codelists,Drug,standard,M04A_antigout_preparations
antigout_medicines,Antigout medicines,drug,21063499,TRUE,Sulfinpyrazone 100 MG Oral Tablet Box of 84,RxNorm Extension,M04A_antigout_preparations,reviewed_seed,Imported from master codelists,Drug,standard,M04A_antigout_preparations
antigout_medicines,Antigout medicines,drug,21063500,TRUE,Sulfinpyrazone 100 MG Oral Tablet Box of 84 by Alliance,RxNorm Extension,M04A_antigout_preparations,reviewed_seed,Imported from master codelists,Drug,standard,M04A_antigout_preparations
antigout_medicines,Antigout medicines,drug,21063501,TRUE,Sulfinpyrazone 100 MG Oral Tablet [Anturan] Box of 84 by Amdipharm,RxNorm Extension,M04A_antigout_preparations,reviewed_seed,Imported from master codelists,Drug,standard,M04A_antigout_preparations
antigout_medicines,Antigout medicines,drug,21063510,TRUE,Allopurinol Oral Suspension,RxNorm Extension,M04A_antigout_preparations,reviewed_seed,Imported from master codelists,Drug,standard,M04A_antigout_preparations
antigout_medicines,Antigout medicines,drug,21063511,TRUE,Allopurinol 10 MG/ML Oral Solution,RxNorm Extension,M04A_antigout_preparations,reviewed_seed,Imported from master codelists,Drug,standard,M04A_antigout_preparations
antigout_medicines,Antigout medicines,drug,21063512,TRUE,Allopurinol 300 MG Oral Tablet by Bristol Myers Squibb,RxNorm Extension,M04A_antigout_preparations,reviewed_seed,Imported from master codelists,Drug,standard,M04A_antigout_preparations
antigout_medicines,Antigout medicines,drug,21063513,TRUE,Allopurinol 300 MG Oral Tablet by Ranbaxy,RxNorm Extension,M04A_antigout_preparations,reviewed_seed,Imported from master codelists,Drug,standard,M04A_antigout_preparations
antigout_medicines,Antigout medicines,drug,21063514,TRUE,Allopurinol 300 MG Oral Tablet by Wockhardt,RxNorm Extension,M04A_antigout_preparations,reviewed_seed,Imported from master codelists,Drug,standard,M04A_antigout_preparations
antigout_medicines,Antigout medicines,drug,21063515,TRUE,Allopurinol 300 MG Oral Tablet Box of 28 by Alliance,RxNorm Extension,M04A_antigout_preparations,reviewed_seed,Imported from master codelists,Drug,standard,M04A_antigout_preparations
antigout_medicines,Antigout medicines,drug,21063516,TRUE,Allopurinol 300 MG Oral Tablet Box of 28 by Almus,RxNorm Extension,M04A_antigout_preparations,reviewed_seed,Imported from master codelists,Drug,standard,M04A_antigout_preparations
antigout_medicines,Antigout medicines,drug,21063517,TRUE,Allopurinol 300 MG Oral Tablet [Uricto] Box of 28 by Ennogen,RxNorm Extension,M04A_antigout_preparations,reviewed_seed,Imported from master codelists,Drug,standard,M04A_antigout_preparations
antigout_medicines,Antigout medicines,drug,21063518,TRUE,Allopurinol 300 MG Oral Tablet [Zyloric] Box of 30 by Lexon,RxNorm Extension,M04A_antigout_preparations,reviewed_seed,Imported from master codelists,Drug,standard,M04A_antigout_preparations
antigout_medicines,Antigout medicines,drug,21063519,TRUE,Allopurinol 20 MG/ML,RxNorm Extension,M04A_antigout_preparations,reviewed_seed,Imported from master codelists,Drug,standard,M04A_antigout_preparations
antigout_medicines,Antigout medicines,drug,21063520,TRUE,Allopurinol 1 MG/ML,RxNorm Extension,M04A_antigout_preparations,reviewed_seed,Imported from master codelists,Drug,standard,M04A_antigout_preparations
antigout_medicines,Antigout medicines,drug,21063523,TRUE,Allopurinol 100 MG Oral Tablet by Kent,RxNorm Extension,M04A_antigout_preparations,reviewed_seed,Imported from master codelists,Drug,standard,M04A_antigout_preparations
antigout_medicines,Antigout medicines,drug,21063524,TRUE,Allopurinol 100 MG Oral Tablet by Ranbaxy,RxNorm Extension,M04A_antigout_preparations,reviewed_seed,Imported from master codelists,Drug,standard,M04A_antigout_preparations
antigout_medicines,Antigout medicines,drug,21063525,TRUE,Allopurinol 100 MG Oral Tablet by Milpharm,RxNorm Extension,M04A_antigout_preparations,reviewed_seed,Imported from master codelists,Drug,standard,M04A_antigout_preparations
antigout_medicines,Antigout medicines,drug,21063526,TRUE,Allopurinol 100 MG Oral Tablet Box of 28 by Milpharm,RxNorm Extension,M04A_antigout_preparations,reviewed_seed,Imported from master codelists,Drug,standard,M04A_antigout_preparations
antigout_medicines,Antigout medicines,drug,21063527,TRUE,Allopurinol 100 MG Oral Tablet Box of 100 by Mylan,RxNorm Extension,M04A_antigout_preparations,reviewed_seed,Imported from master codelists,Drug,standard,M04A_antigout_preparations
antigout_medicines,Antigout medicines,drug,21063528,TRUE,Allopurinol 100 MG Oral Tablet [Zyloric] Box of 25,RxNorm Extension,M04A_antigout_preparations,reviewed_seed,Imported from master codelists,Drug,standard,M04A_antigout_preparations
antigout_medicines,Antigout medicines,drug,21063529,TRUE,Allopurinol 100 MG Oral Tablet [Zyloric] Box of 100 by Aspen,RxNorm Extension,M04A_antigout_preparations,reviewed_seed,Imported from master codelists,Drug,standard,M04A_antigout_preparations
antigout_medicines,Antigout medicines,drug,21063530,TRUE,Allopurinol 100 MG Oral Tablet [Xanthomax] Box of 100,RxNorm Extension,M04A_antigout_preparations,reviewed_seed,Imported from master codelists,Drug,standard,M04A_antigout_preparations
antigout_medicines,Antigout medicines,drug,21064247,TRUE,Probenecid 300 MG Oral Tablet Box of 1,RxNorm Extension,M04A_antigout_preparations,reviewed_seed,Imported from master codelists,Drug,standard,M04A_antigout_preparations
antigout_medicines,Antigout medicines,drug,21064399,TRUE,Colchicine 0.5 MG Oral Tablet by DE,RxNorm Extension,M04A_antigout_preparations,reviewed_seed,Imported from master codelists,Drug,standard,M04A_antigout_preparations
antigout_medicines,Antigout medicines,drug,21064400,TRUE,Colchicine 0.5 MG Oral Tablet by A A H,RxNorm Extension,M04A_antigout_preparations,reviewed_seed,Imported from master codelists,Drug,standard,M04A_antigout_preparations
antigout_medicines,Antigout medicines,drug,21065231,TRUE,Rasburicase Injection [Fasturtec],RxNorm Extension,M04A_antigout_preparations,reviewed_seed,Imported from master codelists,Drug,standard,M04A_antigout_preparations
antigout_medicines,Antigout medicines,drug,21065232,TRUE,Rasburicase 1.5 MG Injection [Fasturtec] Box of 3 by Sanofi,RxNorm Extension,M04A_antigout_preparations,reviewed_seed,Imported from master codelists,Drug,standard,M04A_antigout_preparations
antigout_medicines,Antigout medicines,drug,21066019,TRUE,febuxostat 120 MG Oral Tablet [Adenuric] by A Menarini,RxNorm Extension,M04A_antigout_preparations,reviewed_seed,Imported from master codelists,Drug,standard,M04A_antigout_preparations
antigout_medicines,Antigout medicines,drug,21066020,TRUE,febuxostat 80 MG Oral Tablet [Adenuric] by Lexon,RxNorm Extension,M04A_antigout_preparations,reviewed_seed,Imported from master codelists,Drug,standard,M04A_antigout_preparations
antigout_medicines,Antigout medicines,drug,21066021,TRUE,febuxostat 80 MG Oral Tablet [Adenuric] Box of 28 by Waymade,RxNorm Extension,M04A_antigout_preparations,reviewed_seed,Imported from master codelists,Drug,standard,M04A_antigout_preparations
antigout_medicines,Antigout medicines,drug,21071144,TRUE,tisopurine 100 MG Oral Tablet [Exuracid],RxNorm Extension,M04A_antigout_preparations,reviewed_seed,Imported from master codelists,Drug,standard,M04A_antigout_preparations
antigout_medicines,Antigout medicines,drug,21073431,TRUE,Sulfinpyrazone 100 MG Oral Tablet by A A H,RxNorm Extension,M04A_antigout_preparations,reviewed_seed,Imported from master codelists,Drug,standard,M04A_antigout_preparations
antigout_medicines,Antigout medicines,drug,21073441,TRUE,Allopurinol 300 MG Oral Tablet [Caplenal] by TEVA,RxNorm Extension,M04A_antigout_preparations,reviewed_seed,Imported from master codelists,Drug,standard,M04A_antigout_preparations
antigout_medicines,Antigout medicines,drug,21073442,TRUE,Allopurinol 300 MG Oral Tablet [Caplenal] Box of 28 by TEVA,RxNorm Extension,M04A_antigout_preparations,reviewed_seed,Imported from master codelists,Drug,standard,M04A_antigout_preparations
antigout_medicines,Antigout medicines,drug,21073443,TRUE,Allopurinol 300 MG Oral Tablet [Xanthomax] Box of 28,RxNorm Extension,M04A_antigout_preparations,reviewed_seed,Imported from master codelists,Drug,standard,M04A_antigout_preparations
antigout_medicines,Antigout medicines,drug,21073445,TRUE,Allopurinol 100 MG Oral Tablet by Waymade,RxNorm Extension,M04A_antigout_preparations,reviewed_seed,Imported from master codelists,Drug,standard,M04A_antigout_preparations
antigout_medicines,Antigout medicines,drug,21073446,TRUE,Allopurinol 100 MG Oral Tablet by Dowelhurst,RxNorm Extension,M04A_antigout_preparations,reviewed_seed,Imported from master codelists,Drug,standard,M04A_antigout_preparations
antigout_medicines,Antigout medicines,drug,21073447,TRUE,Allopurinol 100 MG Oral Tablet Box of 28 by Sandoz,RxNorm Extension,M04A_antigout_preparations,reviewed_seed,Imported from master codelists,Drug,standard,M04A_antigout_preparations
antigout_medicines,Antigout medicines,drug,21073448,TRUE,Allopurinol 100 MG Oral Tablet [Uricto] Box of 28 by Ennogen,RxNorm Extension,M04A_antigout_preparations,reviewed_seed,Imported from master codelists,Drug,standard,M04A_antigout_preparations
antigout_medicines,Antigout medicines,drug,21073449,TRUE,Allopurinol 100 MG Oral Tablet [Zyloric] by Lexon,RxNorm Extension,M04A_antigout_preparations,reviewed_seed,Imported from master codelists,Drug,standard,M04A_antigout_preparations
antigout_medicines,Antigout medicines,drug,21074181,TRUE,Probenecid 500 MG Oral Tablet [Benuryl] Box of 100,RxNorm Extension,M04A_antigout_preparations,reviewed_seed,Imported from master codelists,Drug,standard,M04A_antigout_preparations
antigout_medicines,Antigout medicines,drug,21074182,TRUE,Probenecid 300 MG,RxNorm Extension,M04A_antigout_preparations,reviewed_seed,Imported from master codelists,Drug,standard,M04A_antigout_preparations
antigout_medicines,Antigout medicines,drug,21074183,TRUE,Probenecid 250 MG Oral Tablet Box of 100,RxNorm Extension,M04A_antigout_preparations,reviewed_seed,Imported from master codelists,Drug,standard,M04A_antigout_preparations
antigout_medicines,Antigout medicines,drug,21075953,TRUE,febuxostat 120 MG Oral Tablet [Adenuric] Box of 28 by A Menarini,RxNorm Extension,M04A_antigout_preparations,reviewed_seed,Imported from master codelists,Drug,standard,M04A_antigout_preparations
antigout_medicines,Antigout medicines,drug,21075954,TRUE,febuxostat 80 MG Oral Tablet Box of 28 by DE,RxNorm Extension,M04A_antigout_preparations,reviewed_seed,Imported from master codelists,Drug,standard,M04A_antigout_preparations
antigout_medicines,Antigout medicines,drug,21075955,TRUE,febuxostat 80 MG Oral Tablet [Adenuric] by Waymade,RxNorm Extension,M04A_antigout_preparations,reviewed_seed,Imported from master codelists,Drug,standard,M04A_antigout_preparations
antigout_medicines,Antigout medicines,drug,21076391,TRUE,Benzbromarone 100 MG Oral Tablet Box of 1,RxNorm Extension,M04A_antigout_preparations,reviewed_seed,Imported from master codelists,Drug,standard,M04A_antigout_preparations
antigout_medicines,Antigout medicines,drug,21077465,TRUE,1 ML Allopurinol 30 MG/ML Oral Suspension,RxNorm Extension,M04A_antigout_preparations,reviewed_seed,Imported from master codelists,Drug,standard,M04A_antigout_preparations
antigout_medicines,Antigout medicines,drug,21078630,TRUE,50 ML Allopurinol 40 MG/ML Oral Suspension,RxNorm Extension,M04A_antigout_preparations,reviewed_seed,Imported from master codelists,Drug,standard,M04A_antigout_preparations
antigout_medicines,Antigout medicines,drug,21079031,TRUE,100 ML Allopurinol 60 MG/ML Oral Suspension,RxNorm Extension,M04A_antigout_preparations,reviewed_seed,Imported from master codelists,Drug,standard,M04A_antigout_preparations
antigout_medicines,Antigout medicines,drug,21080825,TRUE,tisopurine 100 MG Oral Tablet Box of 30,RxNorm Extension,M04A_antigout_preparations,reviewed_seed,Imported from master codelists,Drug,standard,M04A_antigout_preparations
antigout_medicines,Antigout medicines,drug,21083130,TRUE,Sulfinpyrazone 100 MG Oral Tablet [Anturan],RxNorm Extension,M04A_antigout_preparations,reviewed_seed,Imported from master codelists,Drug,standard,M04A_antigout_preparations
antigout_medicines,Antigout medicines,drug,21083147,TRUE,Allopurinol 3 MG/ML Oral Suspension,RxNorm Extension,M04A_antigout_preparations,reviewed_seed,Imported from master codelists,Drug,standard,M04A_antigout_preparations
antigout_medicines,Antigout medicines,drug,21083148,TRUE,Allopurinol 300 MG [Zyloric],RxNorm Extension,M04A_antigout_preparations,reviewed_seed,Imported from master codelists,Drug,standard,M04A_antigout_preparations
antigout_medicines,Antigout medicines,drug,21083149,TRUE,Allopurinol 300 MG Oral Tablet by Sandoz,RxNorm Extension,M04A_antigout_preparations,reviewed_seed,Imported from master codelists,Drug,standard,M04A_antigout_preparations
antigout_medicines,Antigout medicines,drug,21083150,TRUE,Allopurinol 300 MG Oral Tablet Box of 28 by Mylan,RxNorm Extension,M04A_antigout_preparations,reviewed_seed,Imported from master codelists,Drug,standard,M04A_antigout_preparations
antigout_medicines,Antigout medicines,drug,21083151,TRUE,Allopurinol 300 MG Oral Tablet Box of 28 by Sandoz,RxNorm Extension,M04A_antigout_preparations,reviewed_seed,Imported from master codelists,Drug,standard,M04A_antigout_preparations
antigout_medicines,Antigout medicines,drug,21083152,TRUE,Allopurinol 300 MG Oral Tablet Box of 28 by Co-Pharma,RxNorm Extension,M04A_antigout_preparations,reviewed_seed,Imported from master codelists,Drug,standard,M04A_antigout_preparations
antigout_medicines,Antigout medicines,drug,21083153,TRUE,Allopurinol 300 MG Oral Tablet Box of 100 by Ranbaxy,RxNorm Extension,M04A_antigout_preparations,reviewed_seed,Imported from master codelists,Drug,standard,M04A_antigout_preparations
antigout_medicines,Antigout medicines,drug,21083154,TRUE,Allopurinol 300 MG Oral Tablet [Zyloric] by Sigma-Tau,RxNorm Extension,M04A_antigout_preparations,reviewed_seed,Imported from master codelists,Drug,standard,M04A_antigout_preparations
antigout_medicines,Antigout medicines,drug,21083155,TRUE,Allopurinol 300 MG Oral Tablet [Zyloric] by Waymade,RxNorm Extension,M04A_antigout_preparations,reviewed_seed,Imported from master codelists,Drug,standard,M04A_antigout_preparations
antigout_medicines,Antigout medicines,drug,21083156,TRUE,Allopurinol 20 MG/ML Oral Solution,RxNorm Extension,M04A_antigout_preparations,reviewed_seed,Imported from master codelists,Drug,standard,M04A_antigout_preparations
antigout_medicines,Antigout medicines,drug,21083157,TRUE,Allopurinol 60 MG/ML,RxNorm Extension,M04A_antigout_preparations,reviewed_seed,Imported from master codelists,Drug,standard,M04A_antigout_preparations
antigout_medicines,Antigout medicines,drug,21083158,TRUE,Allopurinol 60 MG/ML Oral Solution,RxNorm Extension,M04A_antigout_preparations,reviewed_seed,Imported from master codelists,Drug,standard,M04A_antigout_preparations
antigout_medicines,Antigout medicines,drug,21083159,TRUE,Allopurinol 100 MG Oral Tablet Box of 28 by Phoenix Labs,RxNorm Extension,M04A_antigout_preparations,reviewed_seed,Imported from master codelists,Drug,standard,M04A_antigout_preparations
antigout_medicines,Antigout medicines,drug,21083160,TRUE,Allopurinol 100 MG Oral Tablet Box of 28 by Kent,RxNorm Extension,M04A_antigout_preparations,reviewed_seed,Imported from master codelists,Drug,standard,M04A_antigout_preparations
antigout_medicines,Antigout medicines,drug,21083161,TRUE,Allopurinol 100 MG Oral Tablet [Uricto] by Ennogen,RxNorm Extension,M04A_antigout_preparations,reviewed_seed,Imported from master codelists,Drug,standard,M04A_antigout_preparations
antigout_medicines,Antigout medicines,drug,21083162,TRUE,Allopurinol 100 MG Oral Tablet [Zyloric] Box of 50 by Sigma-Tau,RxNorm Extension,M04A_antigout_preparations,reviewed_seed,Imported from master codelists,Drug,standard,M04A_antigout_preparations
antigout_medicines,Antigout medicines,drug,21084012,TRUE,Colchicine 0.5 MG Oral Tablet by Waymade,RxNorm Extension,M04A_antigout_preparations,reviewed_seed,Imported from master codelists,Drug,standard,M04A_antigout_preparations
antigout_medicines,Antigout medicines,drug,21085675,TRUE,febuxostat 120 MG Oral Tablet Box of 28 by DE,RxNorm Extension,M04A_antigout_preparations,reviewed_seed,Imported from master codelists,Drug,standard,M04A_antigout_preparations
antigout_medicines,Antigout medicines,drug,21090571,TRUE,tisopurine 100 MG [Exuracid],RxNorm Extension,M04A_antigout_preparations,reviewed_seed,Imported from master codelists,Drug,standard,M04A_antigout_preparations
antigout_medicines,Antigout medicines,drug,21092909,TRUE,Allopurinol 10 MG/ML Oral Suspension,RxNorm Extension,M04A_antigout_preparations,reviewed_seed,Imported from master codelists,Drug,standard,M04A_antigout_preparations
antigout_medicines,Antigout medicines,drug,21092910,TRUE,Allopurinol 2 MG/ML Oral Solution,RxNorm Extension,M04A_antigout_preparations,reviewed_seed,Imported from master codelists,Drug,standard,M04A_antigout_preparations
antigout_medicines,Antigout medicines,drug,21092911,TRUE,Allopurinol 300 MG Oral Tablet by Ivax,RxNorm Extension,M04A_antigout_preparations,reviewed_seed,Imported from master codelists,Drug,standard,M04A_antigout_preparations
antigout_medicines,Antigout medicines,drug,21092912,TRUE,Allopurinol 300 MG Oral Tablet Box of 28 by Bristol Myers Squibb,RxNorm Extension,M04A_antigout_preparations,reviewed_seed,Imported from master codelists,Drug,standard,M04A_antigout_preparations
antigout_medicines,Antigout medicines,drug,21092913,TRUE,Allopurinol 300 MG Oral Tablet Box of 28 by Phoenix Labs,RxNorm Extension,M04A_antigout_preparations,reviewed_seed,Imported from master codelists,Drug,standard,M04A_antigout_preparations
antigout_medicines,Antigout medicines,drug,21092914,TRUE,Allopurinol 300 MG Oral Tablet Box of 100 by Alliance,RxNorm Extension,M04A_antigout_preparations,reviewed_seed,Imported from master codelists,Drug,standard,M04A_antigout_preparations
antigout_medicines,Antigout medicines,drug,21092915,TRUE,Allopurinol 4 MG/ML Oral Solution,RxNorm Extension,M04A_antigout_preparations,reviewed_seed,Imported from master codelists,Drug,standard,M04A_antigout_preparations
antigout_medicines,Antigout medicines,drug,21092916,TRUE,Allopurinol 30 MG/ML,RxNorm Extension,M04A_antigout_preparations,reviewed_seed,Imported from master codelists,Drug,standard,M04A_antigout_preparations
antigout_medicines,Antigout medicines,drug,21092917,TRUE,Allopurinol 100 MG Oral Tablet by Crescent,RxNorm Extension,M04A_antigout_preparations,reviewed_seed,Imported from master codelists,Drug,standard,M04A_antigout_preparations
antigout_medicines,Antigout medicines,drug,21092918,TRUE,Allopurinol 100 MG Oral Tablet by Sandoz,RxNorm Extension,M04A_antigout_preparations,reviewed_seed,Imported from master codelists,Drug,standard,M04A_antigout_preparations
antigout_medicines,Antigout medicines,drug,21092919,TRUE,Allopurinol 100 MG Oral Tablet Box of 28 by Ennogen,RxNorm Extension,M04A_antigout_preparations,reviewed_seed,Imported from master codelists,Drug,standard,M04A_antigout_preparations
antigout_medicines,Antigout medicines,drug,21092920,TRUE,Allopurinol 100 MG Oral Tablet [Uricto] Box of 28,RxNorm Extension,M04A_antigout_preparations,reviewed_seed,Imported from master codelists,Drug,standard,M04A_antigout_preparations
antigout_medicines,Antigout medicines,drug,21092921,TRUE,Allopurinol 100 MG Oral Tablet [Zyloric] Box of 25 by Lexon,RxNorm Extension,M04A_antigout_preparations,reviewed_seed,Imported from master codelists,Drug,standard,M04A_antigout_preparations
antigout_medicines,Antigout medicines,drug,21093606,TRUE,Probenecid 500 MG Oral Tablet [Benemid] by Merck,RxNorm Extension,M04A_antigout_preparations,reviewed_seed,Imported from master codelists,Drug,standard,M04A_antigout_preparations
antigout_medicines,Antigout medicines,drug,21093774,TRUE,Colchicine 0.5 MG Oral Tablet Box of 100 by A A H,RxNorm Extension,M04A_antigout_preparations,reviewed_seed,Imported from master codelists,Drug,standard,M04A_antigout_preparations
antigout_medicines,Antigout medicines,drug,21095909,TRUE,Benzbromarone 100 MG Oral Tablet Box of 100,RxNorm Extension,M04A_antigout_preparations,reviewed_seed,Imported from master codelists,Drug,standard,M04A_antigout_preparations
antigout_medicines,Antigout medicines,drug,21096967,TRUE,1 ML Allopurinol 20 MG/ML Oral Solution,RxNorm Extension,M04A_antigout_preparations,reviewed_seed,Imported from master codelists,Drug,standard,M04A_antigout_preparations
antigout_medicines,Antigout medicines,drug,21096968,TRUE,1 ML Allopurinol 60 MG/ML Oral Suspension,RxNorm Extension,M04A_antigout_preparations,reviewed_seed,Imported from master codelists,Drug,standard,M04A_antigout_preparations
antigout_medicines,Antigout medicines,drug,21102800,TRUE,Sulfinpyrazone 200 MG Oral Tablet by Alliance,RxNorm Extension,M04A_antigout_preparations,reviewed_seed,Imported from master codelists,Drug,standard,M04A_antigout_preparations
antigout_medicines,Antigout medicines,drug,21102814,TRUE,Allopurinol 3 MG/ML,RxNorm Extension,M04A_antigout_preparations,reviewed_seed,Imported from master codelists,Drug,standard,M04A_antigout_preparations
antigout_medicines,Antigout medicines,drug,21102815,TRUE,Allopurinol 3 MG/ML Oral Solution,RxNorm Extension,M04A_antigout_preparations,reviewed_seed,Imported from master codelists,Drug,standard,M04A_antigout_preparations
antigout_medicines,Antigout medicines,drug,21102816,TRUE,Allopurinol 300 MG Oral Tablet by Phoenix Labs,RxNorm Extension,M04A_antigout_preparations,reviewed_seed,Imported from master codelists,Drug,standard,M04A_antigout_preparations
antigout_medicines,Antigout medicines,drug,21102817,TRUE,Allopurinol 300 MG Oral Tablet by Sigma-Tau,RxNorm Extension,M04A_antigout_preparations,reviewed_seed,Imported from master codelists,Drug,standard,M04A_antigout_preparations
antigout_medicines,Antigout medicines,drug,21102818,TRUE,Allopurinol 300 MG Oral Tablet by Co-Pharma,RxNorm Extension,M04A_antigout_preparations,reviewed_seed,Imported from master codelists,Drug,standard,M04A_antigout_preparations
antigout_medicines,Antigout medicines,drug,21102819,TRUE,Allopurinol 300 MG Oral Tablet [Zyloric],RxNorm Extension,M04A_antigout_preparations,reviewed_seed,Imported from master codelists,Drug,standard,M04A_antigout_preparations
antigout_medicines,Antigout medicines,drug,21102821,TRUE,Allopurinol 30 MG/ML Oral Suspension,RxNorm Extension,M04A_antigout_preparations,reviewed_seed,Imported from master codelists,Drug,standard,M04A_antigout_preparations
antigout_medicines,Antigout medicines,drug,21102822,TRUE,Allopurinol 1 MG/ML Oral Solution,RxNorm Extension,M04A_antigout_preparations,reviewed_seed,Imported from master codelists,Drug,standard,M04A_antigout_preparations
antigout_medicines,Antigout medicines,drug,21102823,TRUE,Allopurinol 100 MG Oral Tablet by Accord,RxNorm Extension,M04A_antigout_preparations,reviewed_seed,Imported from master codelists,Drug,standard,M04A_antigout_preparations
antigout_medicines,Antigout medicines,drug,21102824,TRUE,Allopurinol 100 MG Oral Tablet by Alliance,RxNorm Extension,M04A_antigout_preparations,reviewed_seed,Imported from master codelists,Drug,standard,M04A_antigout_preparations
antigout_medicines,Antigout medicines,drug,21102825,TRUE,Allopurinol 100 MG Oral Tablet by DE,RxNorm Extension,M04A_antigout_preparations,reviewed_seed,Imported from master codelists,Drug,standard,M04A_antigout_preparations
antigout_medicines,Antigout medicines,drug,21102826,TRUE,Allopurinol 100 MG Oral Tablet by A A H,RxNorm Extension,M04A_antigout_preparations,reviewed_seed,Imported from master codelists,Drug,standard,M04A_antigout_preparations
antigout_medicines,Antigout medicines,drug,21102827,TRUE,Allopurinol 100 MG Oral Tablet Box of 28 by Dowelhurst,RxNorm Extension,M04A_antigout_preparations,reviewed_seed,Imported from master codelists,Drug,standard,M04A_antigout_preparations
antigout_medicines,Antigout medicines,drug,21102828,TRUE,Allopurinol 100 MG Oral Tablet Box of 100 by A A H,RxNorm Extension,M04A_antigout_preparations,reviewed_seed,Imported from master codelists,Drug,standard,M04A_antigout_preparations
antigout_medicines,Antigout medicines,drug,21103671,TRUE,Colchicine 0.5 MG Oral Tablet by Phoenix Labs,RxNorm Extension,M04A_antigout_preparations,reviewed_seed,Imported from master codelists,Drug,standard,M04A_antigout_preparations
antigout_medicines,Antigout medicines,drug,21103672,TRUE,Colchicine 0.5 MG Oral Tablet Box of 100 by Waymade,RxNorm Extension,M04A_antigout_preparations,reviewed_seed,Imported from master codelists,Drug,standard,M04A_antigout_preparations
antigout_medicines,Antigout medicines,drug,21103673,TRUE,Colchicine 0.5 MG Oral Tablet Box of 100 by Wockhardt,RxNorm Extension,M04A_antigout_preparations,reviewed_seed,Imported from master codelists,Drug,standard,M04A_antigout_preparations
antigout_medicines,Antigout medicines,drug,21104558,TRUE,Rasburicase 7.5 MG Injection [Fasturtec] by Sanofi,RxNorm Extension,M04A_antigout_preparations,reviewed_seed,Imported from master codelists,Drug,standard,M04A_antigout_preparations
antigout_medicines,Antigout medicines,drug,21105298,TRUE,febuxostat 120 MG Oral Tablet by Colorama,RxNorm Extension,M04A_antigout_preparations,reviewed_seed,Imported from master codelists,Drug,standard,M04A_antigout_preparations
antigout_medicines,Antigout medicines,drug,21105786,TRUE,Benzbromarone Oral Tablet [Desuric],RxNorm Extension,M04A_antigout_preparations,reviewed_seed,Imported from master codelists,Drug,standard,M04A_antigout_preparations
antigout_medicines,Antigout medicines,drug,21106829,TRUE,1 ML Allopurinol 3 MG/ML Oral Solution,RxNorm Extension,M04A_antigout_preparations,reviewed_seed,Imported from master codelists,Drug,standard,M04A_antigout_preparations
antigout_medicines,Antigout medicines,drug,21106830,TRUE,1 ML Allopurinol 4 MG/ML Oral Suspension,RxNorm Extension,M04A_antigout_preparations,reviewed_seed,Imported from master codelists,Drug,standard,M04A_antigout_preparations
antigout_medicines,Antigout medicines,drug,21112643,TRUE,Allopurinol 300 MG Oral Tablet Box of 28 by Wockhardt,RxNorm Extension,M04A_antigout_preparations,reviewed_seed,Imported from master codelists,Drug,standard,M04A_antigout_preparations
antigout_medicines,Antigout medicines,drug,21112644,TRUE,Allopurinol 300 MG Oral Tablet Box of 100,RxNorm Extension,M04A_antigout_preparations,reviewed_seed,Imported from master codelists,Drug,standard,M04A_antigout_preparations
antigout_medicines,Antigout medicines,drug,21112645,TRUE,Allopurinol 300 MG Oral Tablet Box of 100 by Kent,RxNorm Extension,M04A_antigout_preparations,reviewed_seed,Imported from master codelists,Drug,standard,M04A_antigout_preparations
antigout_medicines,Antigout medicines,drug,21112646,TRUE,Allopurinol 300 MG Oral Tablet [Uricto] Box of 28,RxNorm Extension,M04A_antigout_preparations,reviewed_seed,Imported from master codelists,Drug,standard,M04A_antigout_preparations
antigout_medicines,Antigout medicines,drug,21112647,TRUE,Allopurinol 300 MG Oral Tablet [Zyloric] by Lexon,RxNorm Extension,M04A_antigout_preparations,reviewed_seed,Imported from master codelists,Drug,standard,M04A_antigout_preparations
antigout_medicines,Antigout medicines,drug,21112651,TRUE,Allopurinol 100 MG Oral Tablet Box of 28 by Bristol Myers Squibb,RxNorm Extension,M04A_antigout_preparations,reviewed_seed,Imported from master codelists,Drug,standard,M04A_antigout_preparations
antigout_medicines,Antigout medicines,drug,21112652,TRUE,Allopurinol 100 MG Oral Tablet Box of 28 by DE,RxNorm Extension,M04A_antigout_preparations,reviewed_seed,Imported from master codelists,Drug,standard,M04A_antigout_preparations
antigout_medicines,Antigout medicines,drug,21112653,TRUE,Allopurinol 100 MG Oral Tablet [Caplenal] Box of 28 by TEVA,RxNorm Extension,M04A_antigout_preparations,reviewed_seed,Imported from master codelists,Drug,standard,M04A_antigout_preparations
antigout_medicines,Antigout medicines,drug,21112654,TRUE,Allopurinol 100 MG Oral Tablet [Zyloric],RxNorm Extension,M04A_antigout_preparations,reviewed_seed,Imported from master codelists,Drug,standard,M04A_antigout_preparations
antigout_medicines,Antigout medicines,drug,21112655,TRUE,Allopurinol 100 MG Oral Tablet [Zyloric] Box of 50 by Stephar,RxNorm Extension,M04A_antigout_preparations,reviewed_seed,Imported from master codelists,Drug,standard,M04A_antigout_preparations
antigout_medicines,Antigout medicines,drug,21113479,TRUE,Colchicine 0.5 MG Oral Tablet by Focus,RxNorm Extension,M04A_antigout_preparations,reviewed_seed,Imported from master codelists,Drug,standard,M04A_antigout_preparations
antigout_medicines,Antigout medicines,drug,21115567,TRUE,Benzbromarone 100 MG [Desuric],RxNorm Extension,M04A_antigout_preparations,reviewed_seed,Imported from master codelists,Drug,standard,M04A_antigout_preparations
antigout_medicines,Antigout medicines,drug,21116564,TRUE,1 ML Allopurinol 60 MG/ML Oral Solution,RxNorm Extension,M04A_antigout_preparations,reviewed_seed,Imported from master codelists,Drug,standard,M04A_antigout_preparations
antigout_medicines,Antigout medicines,drug,21120043,TRUE,tisopurine 100 MG Oral Tablet [Exuracid] Box of 30,RxNorm Extension,M04A_antigout_preparations,reviewed_seed,Imported from master codelists,Drug,standard,M04A_antigout_preparations
antigout_medicines,Antigout medicines,drug,21122268,TRUE,Allopurinol 300 MG Oral Tablet by Accord,RxNorm Extension,M04A_antigout_preparations,reviewed_seed,Imported from master codelists,Drug,standard,M04A_antigout_preparations
antigout_medicines,Antigout medicines,drug,21122269,TRUE,Allopurinol 300 MG Oral Tablet Box of 28 by Sigma-Tau,RxNorm Extension,M04A_antigout_preparations,reviewed_seed,Imported from master codelists,Drug,standard,M04A_antigout_preparations
antigout_medicines,Antigout medicines,drug,21122270,TRUE,Allopurinol 300 MG Oral Tablet Box of 28 by Dowelhurst,RxNorm Extension,M04A_antigout_preparations,reviewed_seed,Imported from master codelists,Drug,standard,M04A_antigout_preparations
antigout_medicines,Antigout medicines,drug,21122271,TRUE,Allopurinol 300 MG Oral Tablet [Zyloric] Box of 30 by Stephar,RxNorm Extension,M04A_antigout_preparations,reviewed_seed,Imported from master codelists,Drug,standard,M04A_antigout_preparations
antigout_medicines,Antigout medicines,drug,21122273,TRUE,Allopurinol 40 MG/ML Oral Solution,RxNorm Extension,M04A_antigout_preparations,reviewed_seed,Imported from master codelists,Drug,standard,M04A_antigout_preparations
antigout_medicines,Antigout medicines,drug,21122274,TRUE,Allopurinol 100 MG Oral Tablet Box of 25,RxNorm Extension,M04A_antigout_preparations,reviewed_seed,Imported from master codelists,Drug,standard,M04A_antigout_preparations
antigout_medicines,Antigout medicines,drug,21122275,TRUE,Allopurinol 100 MG Oral Tablet Box of 28 by Mylan,RxNorm Extension,M04A_antigout_preparations,reviewed_seed,Imported from master codelists,Drug,standard,M04A_antigout_preparations
antigout_medicines,Antigout medicines,drug,21122276,TRUE,Allopurinol 100 MG Oral Tablet Box of 28 by Co-Pharma,RxNorm Extension,M04A_antigout_preparations,reviewed_seed,Imported from master codelists,Drug,standard,M04A_antigout_preparations
antigout_medicines,Antigout medicines,drug,21122277,TRUE,Allopurinol 100 MG Oral Tablet Box of 28 by TEVA,RxNorm Extension,M04A_antigout_preparations,reviewed_seed,Imported from master codelists,Drug,standard,M04A_antigout_preparations
antigout_medicines,Antigout medicines,drug,21122278,TRUE,Allopurinol 100 MG Oral Tablet Box of 100 by Co-Pharma,RxNorm Extension,M04A_antigout_preparations,reviewed_seed,Imported from master codelists,Drug,standard,M04A_antigout_preparations
antigout_medicines,Antigout medicines,drug,21122279,TRUE,Allopurinol 100 MG Oral Tablet [Zyloric] Box of 100 by Waymade,RxNorm Extension,M04A_antigout_preparations,reviewed_seed,Imported from master codelists,Drug,standard,M04A_antigout_preparations
antigout_medicines,Antigout medicines,drug,21122280,TRUE,Allopurinol 100 MG Oral Tablet [Xanthomax] Box of 100 by Ashbourne,RxNorm Extension,M04A_antigout_preparations,reviewed_seed,Imported from master codelists,Drug,standard,M04A_antigout_preparations
antigout_medicines,Antigout medicines,drug,21122944,TRUE,Probenecid 300 MG Oral Tablet,RxNorm Extension,M04A_antigout_preparations,reviewed_seed,Imported from master codelists,Drug,standard,M04A_antigout_preparations
antigout_medicines,Antigout medicines,drug,21123085,TRUE,Colchicine 0.5 MG Oral Tablet by Alliance,RxNorm Extension,M04A_antigout_preparations,reviewed_seed,Imported from master codelists,Drug,standard,M04A_antigout_preparations
antigout_medicines,Antigout medicines,drug,21123086,TRUE,Colchicine 0.5 MG Oral Tablet Box of 100 by Ivax,RxNorm Extension,M04A_antigout_preparations,reviewed_seed,Imported from master codelists,Drug,standard,M04A_antigout_preparations
antigout_medicines,Antigout medicines,drug,21123949,TRUE,Rasburicase 7.5 MG Injection [Fasturtec] Box of 1 by Sanofi,RxNorm Extension,M04A_antigout_preparations,reviewed_seed,Imported from master codelists,Drug,standard,M04A_antigout_preparations
antigout_medicines,Antigout medicines,drug,21124721,TRUE,febuxostat 120 MG [Adenuric],RxNorm Extension,M04A_antigout_preparations,reviewed_seed,Imported from master codelists,Drug,standard,M04A_antigout_preparations
antigout_medicines,Antigout medicines,drug,21124722,TRUE,febuxostat 120 MG Oral Tablet Box of 28,RxNorm Extension,M04A_antigout_preparations,reviewed_seed,Imported from master codelists,Drug,standard,M04A_antigout_preparations
antigout_medicines,Antigout medicines,drug,21124723,TRUE,febuxostat 120 MG Oral Tablet [Adenuric] Box of 28,RxNorm Extension,M04A_antigout_preparations,reviewed_seed,Imported from master codelists,Drug,standard,M04A_antigout_preparations
antigout_medicines,Antigout medicines,drug,21124724,TRUE,febuxostat 80 MG Oral Tablet [Adenuric] by A Menarini,RxNorm Extension,M04A_antigout_preparations,reviewed_seed,Imported from master codelists,Drug,standard,M04A_antigout_preparations
antigout_medicines,Antigout medicines,drug,21124725,TRUE,febuxostat 80 MG Oral Tablet [Adenuric] Box of 28,RxNorm Extension,M04A_antigout_preparations,reviewed_seed,Imported from master codelists,Drug,standard,M04A_antigout_preparations
antigout_medicines,Antigout medicines,drug,21124726,TRUE,febuxostat 80 MG Oral Tablet [Adenuric] Box of 28 by Lexon,RxNorm Extension,M04A_antigout_preparations,reviewed_seed,Imported from master codelists,Drug,standard,M04A_antigout_preparations
antigout_medicines,Antigout medicines,drug,21126308,TRUE,1 ML Allopurinol 10 MG/ML Oral Solution,RxNorm Extension,M04A_antigout_preparations,reviewed_seed,Imported from master codelists,Drug,standard,M04A_antigout_preparations
antigout_medicines,Antigout medicines,drug,21132088,TRUE,Sulfinpyrazone 200 MG Oral Tablet Box of 84 by AMCo,RxNorm Extension,M04A_antigout_preparations,reviewed_seed,Imported from master codelists,Drug,standard,M04A_antigout_preparations
antigout_medicines,Antigout medicines,drug,21132098,TRUE,Allopurinol 300 MG Oral Tablet by Generics,RxNorm Extension,M04A_antigout_preparations,reviewed_seed,Imported from master codelists,Drug,standard,M04A_antigout_preparations
antigout_medicines,Antigout medicines,drug,21132099,TRUE,Allopurinol 300 MG Oral Tablet by Alliance,RxNorm Extension,M04A_antigout_preparations,reviewed_seed,Imported from master codelists,Drug,standard,M04A_antigout_preparations
antigout_medicines,Antigout medicines,drug,21132100,TRUE,Allopurinol 300 MG Oral Tablet Box of 28 by Generics,RxNorm Extension,M04A_antigout_preparations,reviewed_seed,Imported from master codelists,Drug,standard,M04A_antigout_preparations
antigout_medicines,Antigout medicines,drug,21132102,TRUE,Allopurinol 40 MG/ML,RxNorm Extension,M04A_antigout_preparations,reviewed_seed,Imported from master codelists,Drug,standard,M04A_antigout_preparations
antigout_medicines,Antigout medicines,drug,21132103,TRUE,Allopurinol 100 MG Oral Tablet by Phoenix Labs,RxNorm Extension,M04A_antigout_preparations,reviewed_seed,Imported from master codelists,Drug,standard,M04A_antigout_preparations
antigout_medicines,Antigout medicines,drug,21132104,TRUE,Allopurinol 100 MG Oral Tablet by Ennogen,RxNorm Extension,M04A_antigout_preparations,reviewed_seed,Imported from master codelists,Drug,standard,M04A_antigout_preparations
antigout_medicines,Antigout medicines,drug,21132105,TRUE,Allopurinol 100 MG Oral Tablet by Actavis,RxNorm Extension,M04A_antigout_preparations,reviewed_seed,Imported from master codelists,Drug,standard,M04A_antigout_preparations
antigout_medicines,Antigout medicines,drug,21132106,TRUE,Allopurinol 100 MG Oral Tablet Box of 28 by Ranbaxy,RxNorm Extension,M04A_antigout_preparations,reviewed_seed,Imported from master codelists,Drug,standard,M04A_antigout_preparations
antigout_medicines,Antigout medicines,drug,21132107,TRUE,Allopurinol 100 MG Oral Tablet Box of 100 by Alliance,RxNorm Extension,M04A_antigout_preparations,reviewed_seed,Imported from master codelists,Drug,standard,M04A_antigout_preparations
antigout_medicines,Antigout medicines,drug,21132108,TRUE,Allopurinol 100 MG Oral Tablet [Caplenal] Box of 28,RxNorm Extension,M04A_antigout_preparations,reviewed_seed,Imported from master codelists,Drug,standard,M04A_antigout_preparations
antigout_medicines,Antigout medicines,drug,21132959,TRUE,Colchicine 0.5 MG Oral Tablet by Ivax,RxNorm Extension,M04A_antigout_preparations,reviewed_seed,Imported from master codelists,Drug,standard,M04A_antigout_preparations
antigout_medicines,Antigout medicines,drug,21132960,TRUE,Colchicine 0.5 MG Oral Tablet Box of 100 by Focus,RxNorm Extension,M04A_antigout_preparations,reviewed_seed,Imported from master codelists,Drug,standard,M04A_antigout_preparations
antigout_medicines,Antigout medicines,drug,21132961,TRUE,Colchicine 0.5 MG Oral Tablet Box of 100 by Sigma-Tau,RxNorm Extension,M04A_antigout_preparations,reviewed_seed,Imported from master codelists,Drug,standard,M04A_antigout_preparations
antigout_medicines,Antigout medicines,drug,21134650,TRUE,febuxostat Oral Tablet [Adenuric],RxNorm Extension,M04A_antigout_preparations,reviewed_seed,Imported from master codelists,Drug,standard,M04A_antigout_preparations
antigout_medicines,Antigout medicines,drug,21135085,TRUE,Benzbromarone 100 MG Oral Tablet Box of 30,RxNorm Extension,M04A_antigout_preparations,reviewed_seed,Imported from master codelists,Drug,standard,M04A_antigout_preparations
antigout_medicines,Antigout medicines,drug,21142026,TRUE,Sulfinpyrazone 200 MG Oral Tablet [Anturan] Box of 84 by Amdipharm,RxNorm Extension,M04A_antigout_preparations,reviewed_seed,Imported from master codelists,Drug,standard,M04A_antigout_preparations
antigout_medicines,Antigout medicines,drug,21142027,TRUE,Sulfinpyrazone 100 MG [Anturan],RxNorm Extension,M04A_antigout_preparations,reviewed_seed,Imported from master codelists,Drug,standard,M04A_antigout_preparations
antigout_medicines,Antigout medicines,drug,21142042,TRUE,Allopurinol 2 MG/ML Oral Suspension,RxNorm Extension,M04A_antigout_preparations,reviewed_seed,Imported from master codelists,Drug,standard,M04A_antigout_preparations
antigout_medicines,Antigout medicines,drug,21142043,TRUE,Allopurinol 300 MG Oral Tablet by A A H,RxNorm Extension,M04A_antigout_preparations,reviewed_seed,Imported from master codelists,Drug,standard,M04A_antigout_preparations
antigout_medicines,Antigout medicines,drug,21142044,TRUE,Allopurinol 300 MG Oral Tablet Box of 28 by Waymade,RxNorm Extension,M04A_antigout_preparations,reviewed_seed,Imported from master codelists,Drug,standard,M04A_antigout_preparations
antigout_medicines,Antigout medicines,drug,21142045,TRUE,Allopurinol 300 MG Oral Tablet Box of 100 by Mylan,RxNorm Extension,M04A_antigout_preparations,reviewed_seed,Imported from master codelists,Drug,standard,M04A_antigout_preparations
antigout_medicines,Antigout medicines,drug,21142046,TRUE,Allopurinol 300 MG Oral Tablet [Caplenal] Box of 28,RxNorm Extension,M04A_antigout_preparations,reviewed_seed,Imported from master codelists,Drug,standard,M04A_antigout_preparations
antigout_medicines,Antigout medicines,drug,21142047,TRUE,Allopurinol 300 MG Oral Tablet [Zyloric] Box of 30,RxNorm Extension,M04A_antigout_preparations,reviewed_seed,Imported from master codelists,Drug,standard,M04A_antigout_preparations
antigout_medicines,Antigout medicines,drug,21142048,TRUE,Allopurinol 20 MG/ML Oral Suspension,RxNorm Extension,M04A_antigout_preparations,reviewed_seed,Imported from master codelists,Drug,standard,M04A_antigout_preparations
antigout_medicines,Antigout medicines,drug,21142050,TRUE,Allopurinol 100 MG [Zyloric],RxNorm Extension,M04A_antigout_preparations,reviewed_seed,Imported from master codelists,Drug,standard,M04A_antigout_preparations
antigout_medicines,Antigout medicines,drug,21142051,TRUE,Allopurinol 100 MG Oral Tablet by Sigma-Tau,RxNorm Extension,M04A_antigout_preparations,reviewed_seed,Imported from master codelists,Drug,standard,M04A_antigout_preparations
antigout_medicines,Antigout medicines,drug,21142052,TRUE,Allopurinol 100 MG Oral Tablet Box of 28 by Sigma-Tau,RxNorm Extension,M04A_antigout_preparations,reviewed_seed,Imported from master codelists,Drug,standard,M04A_antigout_preparations
antigout_medicines,Antigout medicines,drug,21142053,TRUE,Allopurinol 100 MG Oral Tablet Box of 100 by Ivax,RxNorm Extension,M04A_antigout_preparations,reviewed_seed,Imported from master codelists,Drug,standard,M04A_antigout_preparations
antigout_medicines,Antigout medicines,drug,21142054,TRUE,Allopurinol 100 MG Oral Tablet [Zyloric] by Waymade,RxNorm Extension,M04A_antigout_preparations,reviewed_seed,Imported from master codelists,Drug,standard,M04A_antigout_preparations
antigout_medicines,Antigout medicines,drug,21142734,TRUE,Probenecid 500 MG Oral Tablet Box of 100,RxNorm Extension,M04A_antigout_preparations,reviewed_seed,Imported from master codelists,Drug,standard,M04A_antigout_preparations
antigout_medicines,Antigout medicines,drug,21142881,TRUE,Colchicine 0.5 MG Oral Tablet by Actavis,RxNorm Extension,M04A_antigout_preparations,reviewed_seed,Imported from master codelists,Drug,standard,M04A_antigout_preparations
antigout_medicines,Antigout medicines,drug,21142882,TRUE,Colchicine 0.5 MG Oral Tablet by Wockhardt,RxNorm Extension,M04A_antigout_preparations,reviewed_seed,Imported from master codelists,Drug,standard,M04A_antigout_preparations
antigout_medicines,Antigout medicines,drug,21142883,TRUE,Colchicine 0.5 MG Oral Tablet Box of 100 by DE,RxNorm Extension,M04A_antigout_preparations,reviewed_seed,Imported from master codelists,Drug,standard,M04A_antigout_preparations
antigout_medicines,Antigout medicines,drug,21143738,TRUE,Rasburicase 1.5 MG [Fasturtec],RxNorm Extension,M04A_antigout_preparations,reviewed_seed,Imported from master codelists,Drug,standard,M04A_antigout_preparations
antigout_medicines,Antigout medicines,drug,21144533,TRUE,febuxostat 120 MG Oral Tablet [Adenuric],RxNorm Extension,M04A_antigout_preparations,reviewed_seed,Imported from master codelists,Drug,standard,M04A_antigout_preparations
antigout_medicines,Antigout medicines,drug,21144534,TRUE,febuxostat 80 MG [Adenuric],RxNorm Extension,M04A_antigout_preparations,reviewed_seed,Imported from master codelists,Drug,standard,M04A_antigout_preparations
antigout_medicines,Antigout medicines,drug,21146051,TRUE,1 ML Allopurinol 10 MG/ML Oral Suspension,RxNorm Extension,M04A_antigout_preparations,reviewed_seed,Imported from master codelists,Drug,standard,M04A_antigout_preparations
antigout_medicines,Antigout medicines,drug,21146054,TRUE,1 ML Allopurinol 1 MG/ML Oral Solution,RxNorm Extension,M04A_antigout_preparations,reviewed_seed,Imported from master codelists,Drug,standard,M04A_antigout_preparations
antigout_medicines,Antigout medicines,drug,21151832,TRUE,Sulfinpyrazone 100 MG Oral Tablet by AMCo,RxNorm Extension,M04A_antigout_preparations,reviewed_seed,Imported from master codelists,Drug,standard,M04A_antigout_preparations
antigout_medicines,Antigout medicines,drug,21151833,TRUE,Sulfinpyrazone 100 MG Oral Tablet [Anturan] by Amdipharm,RxNorm Extension,M04A_antigout_preparations,reviewed_seed,Imported from master codelists,Drug,standard,M04A_antigout_preparations
antigout_medicines,Antigout medicines,drug,21151846,TRUE,Allopurinol 2 MG/ML,RxNorm Extension,M04A_antigout_preparations,reviewed_seed,Imported from master codelists,Drug,standard,M04A_antigout_preparations
antigout_medicines,Antigout medicines,drug,21151847,TRUE,Allopurinol 300 MG Oral Tablet Box of 28 by Kent,RxNorm Extension,M04A_antigout_preparations,reviewed_seed,Imported from master codelists,Drug,standard,M04A_antigout_preparations
antigout_medicines,Antigout medicines,drug,21151848,TRUE,Allopurinol 300 MG Oral Tablet [Uricto],RxNorm Extension,M04A_antigout_preparations,reviewed_seed,Imported from master codelists,Drug,standard,M04A_antigout_preparations
antigout_medicines,Antigout medicines,drug,21151849,TRUE,Allopurinol 100 MG Oral Tablet by TEVA,RxNorm Extension,M04A_antigout_preparations,reviewed_seed,Imported from master codelists,Drug,standard,M04A_antigout_preparations
antigout_medicines,Antigout medicines,drug,21151850,TRUE,Allopurinol 100 MG Oral Tablet by Almus,RxNorm Extension,M04A_antigout_preparations,reviewed_seed,Imported from master codelists,Drug,standard,M04A_antigout_preparations
antigout_medicines,Antigout medicines,drug,21151851,TRUE,Allopurinol 100 MG Oral Tablet Box of 28 by A A H,RxNorm Extension,M04A_antigout_preparations,reviewed_seed,Imported from master codelists,Drug,standard,M04A_antigout_preparations
antigout_medicines,Antigout medicines,drug,21151852,TRUE,Allopurinol 100 MG Oral Tablet Box of 50,RxNorm Extension,M04A_antigout_preparations,reviewed_seed,Imported from master codelists,Drug,standard,M04A_antigout_preparations
antigout_medicines,Antigout medicines,drug,21151853,TRUE,Allopurinol 100 MG Oral Tablet Box of 100,RxNorm Extension,M04A_antigout_preparations,reviewed_seed,Imported from master codelists,Drug,standard,M04A_antigout_preparations
antigout_medicines,Antigout medicines,drug,21151854,TRUE,Allopurinol 100 MG Oral Tablet Box of 100 by Kent,RxNorm Extension,M04A_antigout_preparations,reviewed_seed,Imported from master codelists,Drug,standard,M04A_antigout_preparations
antigout_medicines,Antigout medicines,drug,21151855,TRUE,Allopurinol 100 MG Oral Tablet [Caplenal] by TEVA,RxNorm Extension,M04A_antigout_preparations,reviewed_seed,Imported from master codelists,Drug,standard,M04A_antigout_preparations
antigout_medicines,Antigout medicines,drug,21151856,TRUE,Allopurinol 100 MG Oral Tablet [Zyloric] Box of 50,RxNorm Extension,M04A_antigout_preparations,reviewed_seed,Imported from master codelists,Drug,standard,M04A_antigout_preparations
antigout_medicines,Antigout medicines,drug,21151857,TRUE,Allopurinol 100 MG Oral Tablet [Zyloric] Box of 50 by Waymade,RxNorm Extension,M04A_antigout_preparations,reviewed_seed,Imported from master codelists,Drug,standard,M04A_antigout_preparations
antigout_medicines,Antigout medicines,drug,21152769,TRUE,Colchicine 0.5 MG Oral Tablet by UCB,RxNorm Extension,M04A_antigout_preparations,reviewed_seed,Imported from master codelists,Drug,standard,M04A_antigout_preparations
antigout_medicines,Antigout medicines,drug,21152770,TRUE,Colchicine 0.5 MG Oral Tablet Box of 100 by Kent,RxNorm Extension,M04A_antigout_preparations,reviewed_seed,Imported from master codelists,Drug,standard,M04A_antigout_preparations
antigout_medicines,Antigout medicines,drug,21152771,TRUE,Colchicine 0.5 MG Oral Tablet Box of 100 by Boots,RxNorm Extension,M04A_antigout_preparations,reviewed_seed,Imported from master codelists,Drug,standard,M04A_antigout_preparations
antigout_medicines,Antigout medicines,drug,21153676,TRUE,Rasburicase 7.5 MG [Fasturtec],RxNorm Extension,M04A_antigout_preparations,reviewed_seed,Imported from master codelists,Drug,standard,M04A_antigout_preparations
antigout_medicines,Antigout medicines,drug,21153677,TRUE,Rasburicase 7.5 MG Injection [Fasturtec],RxNorm Extension,M04A_antigout_preparations,reviewed_seed,Imported from master codelists,Drug,standard,M04A_antigout_preparations
antigout_medicines,Antigout medicines,drug,21153678,TRUE,Rasburicase 1.5 MG Injection [Fasturtec],RxNorm Extension,M04A_antigout_preparations,reviewed_seed,Imported from master codelists,Drug,standard,M04A_antigout_preparations
antigout_medicines,Antigout medicines,drug,21153679,TRUE,Rasburicase 1.5 MG Injection [Fasturtec] Box of 3,RxNorm Extension,M04A_antigout_preparations,reviewed_seed,Imported from master codelists,Drug,standard,M04A_antigout_preparations
antigout_medicines,Antigout medicines,drug,21154460,TRUE,febuxostat 120 MG Oral Tablet,RxNorm Extension,M04A_antigout_preparations,reviewed_seed,Imported from master codelists,Drug,standard,M04A_antigout_preparations
antigout_medicines,Antigout medicines,drug,21154461,TRUE,febuxostat 80 MG Oral Tablet by DE,RxNorm Extension,M04A_antigout_preparations,reviewed_seed,Imported from master codelists,Drug,standard,M04A_antigout_preparations
antigout_medicines,Antigout medicines,drug,21154462,TRUE,febuxostat 80 MG Oral Tablet Box of 28 by Colorama,RxNorm Extension,M04A_antigout_preparations,reviewed_seed,Imported from master codelists,Drug,standard,M04A_antigout_preparations
antigout_medicines,Antigout medicines,drug,21156013,TRUE,1 ML Allopurinol 2 MG/ML Oral Solution,RxNorm Extension,M04A_antigout_preparations,reviewed_seed,Imported from master codelists,Drug,standard,M04A_antigout_preparations
antigout_medicines,Antigout medicines,drug,21156014,TRUE,1 ML Allopurinol 2 MG/ML Oral Suspension,RxNorm Extension,M04A_antigout_preparations,reviewed_seed,Imported from master codelists,Drug,standard,M04A_antigout_preparations
antigout_medicines,Antigout medicines,drug,21156015,TRUE,1 ML Allopurinol 1 MG/ML Oral Suspension,RxNorm Extension,M04A_antigout_preparations,reviewed_seed,Imported from master codelists,Drug,standard,M04A_antigout_preparations
antigout_medicines,Antigout medicines,drug,21156016,TRUE,1 ML Allopurinol 40 MG/ML Oral Suspension,RxNorm Extension,M04A_antigout_preparations,reviewed_seed,Imported from master codelists,Drug,standard,M04A_antigout_preparations
antigout_medicines,Antigout medicines,drug,21161753,TRUE,Sulfinpyrazone 200 MG Oral Tablet [Anturan],RxNorm Extension,M04A_antigout_preparations,reviewed_seed,Imported from master codelists,Drug,standard,M04A_antigout_preparations
antigout_medicines,Antigout medicines,drug,21161754,TRUE,Sulfinpyrazone 200 MG Oral Tablet [Anturan] by Amdipharm,RxNorm Extension,M04A_antigout_preparations,reviewed_seed,Imported from master codelists,Drug,standard,M04A_antigout_preparations
antigout_medicines,Antigout medicines,drug,21161755,TRUE,Sulfinpyrazone 200 MG Oral Tablet [Anturan] Box of 84,RxNorm Extension,M04A_antigout_preparations,reviewed_seed,Imported from master codelists,Drug,standard,M04A_antigout_preparations
antigout_medicines,Antigout medicines,drug,21161767,TRUE,Allopurinol 300 MG [Uricto],RxNorm Extension,M04A_antigout_preparations,reviewed_seed,Imported from master codelists,Drug,standard,M04A_antigout_preparations
antigout_medicines,Antigout medicines,drug,21161768,TRUE,Allopurinol 300 MG Oral Tablet Box of 28,RxNorm Extension,M04A_antigout_preparations,reviewed_seed,Imported from master codelists,Drug,standard,M04A_antigout_preparations
antigout_medicines,Antigout medicines,drug,21161769,TRUE,Allopurinol 300 MG Oral Tablet Box of 28 by Crescent,RxNorm Extension,M04A_antigout_preparations,reviewed_seed,Imported from master codelists,Drug,standard,M04A_antigout_preparations
antigout_medicines,Antigout medicines,drug,21161770,TRUE,Allopurinol 300 MG Oral Tablet Box of 28 by TEVA,RxNorm Extension,M04A_antigout_preparations,reviewed_seed,Imported from master codelists,Drug,standard,M04A_antigout_preparations
antigout_medicines,Antigout medicines,drug,21161771,TRUE,Allopurinol 300 MG Oral Tablet Box of 28 by Actavis,RxNorm Extension,M04A_antigout_preparations,reviewed_seed,Imported from master codelists,Drug,standard,M04A_antigout_preparations
antigout_medicines,Antigout medicines,drug,21161772,TRUE,Allopurinol 300 MG Oral Tablet [Xanthomax] Box of 28 by Ashbourne,RxNorm Extension,M04A_antigout_preparations,reviewed_seed,Imported from master codelists,Drug,standard,M04A_antigout_preparations
antigout_medicines,Antigout medicines,drug,21161773,TRUE,Allopurinol 20 MG/ML Oral Solution by Rosemont,RxNorm Extension,M04A_antigout_preparations,reviewed_seed,Imported from master codelists,Drug,standard,M04A_antigout_preparations
antigout_medicines,Antigout medicines,drug,21161775,TRUE,Allopurinol 30 MG/ML Oral Solution,RxNorm Extension,M04A_antigout_preparations,reviewed_seed,Imported from master codelists,Drug,standard,M04A_antigout_preparations
antigout_medicines,Antigout medicines,drug,21161776,TRUE,Allopurinol 100 MG Oral Tablet Box of 28 by Accord,RxNorm Extension,M04A_antigout_preparations,reviewed_seed,Imported from master codelists,Drug,standard,M04A_antigout_preparations
antigout_medicines,Antigout medicines,drug,21161777,TRUE,Allopurinol 100 MG Oral Tablet Box of 28 by Crescent,RxNorm Extension,M04A_antigout_preparations,reviewed_seed,Imported from master codelists,Drug,standard,M04A_antigout_preparations
antigout_medicines,Antigout medicines,drug,21161778,TRUE,Allopurinol 100 MG Oral Tablet [Zyloric] by Stephar,RxNorm Extension,M04A_antigout_preparations,reviewed_seed,Imported from master codelists,Drug,standard,M04A_antigout_preparations
antigout_medicines,Antigout medicines,drug,21162505,TRUE,Probenecid 500 MG [Benuryl],RxNorm Extension,M04A_antigout_preparations,reviewed_seed,Imported from master codelists,Drug,standard,M04A_antigout_preparations
antigout_medicines,Antigout medicines,drug,21162506,TRUE,Probenecid 500 MG Oral Tablet Box of 60,RxNorm Extension,M04A_antigout_preparations,reviewed_seed,Imported from master codelists,Drug,standard,M04A_antigout_preparations
antigout_medicines,Antigout medicines,drug,21162507,TRUE,Probenecid 500 MG Oral Tablet Box of 500,RxNorm Extension,M04A_antigout_preparations,reviewed_seed,Imported from master codelists,Drug,standard,M04A_antigout_preparations
antigout_medicines,Antigout medicines,drug,21162508,TRUE,Probenecid 500 MG Oral Tablet [Benuryl] Box of 500,RxNorm Extension,M04A_antigout_preparations,reviewed_seed,Imported from master codelists,Drug,standard,M04A_antigout_preparations
antigout_medicines,Antigout medicines,drug,21162660,TRUE,Colchicine 0.5 MG Oral Tablet by Kent,RxNorm Extension,M04A_antigout_preparations,reviewed_seed,Imported from master codelists,Drug,standard,M04A_antigout_preparations
antigout_medicines,Antigout medicines,drug,21162661,TRUE,Colchicine 0.5 MG Oral Tablet Box of 100 by Alliance,RxNorm Extension,M04A_antigout_preparations,reviewed_seed,Imported from master codelists,Drug,standard,M04A_antigout_preparations
antigout_medicines,Antigout medicines,drug,21163473,TRUE,Rasburicase 7.5 MG Injection Box of 1,RxNorm Extension,M04A_antigout_preparations,reviewed_seed,Imported from master codelists,Drug,standard,M04A_antigout_preparations
antigout_medicines,Antigout medicines,drug,21163474,TRUE,Rasburicase 1.5 MG Injection Box of 3,RxNorm Extension,M04A_antigout_preparations,reviewed_seed,Imported from master codelists,Drug,standard,M04A_antigout_preparations
antigout_medicines,Antigout medicines,drug,21164282,TRUE,febuxostat 80 MG Oral Tablet Box of 28,RxNorm Extension,M04A_antigout_preparations,reviewed_seed,Imported from master codelists,Drug,standard,M04A_antigout_preparations
antigout_medicines,Antigout medicines,drug,21164283,TRUE,febuxostat 80 MG Oral Tablet [Adenuric],RxNorm Extension,M04A_antigout_preparations,reviewed_seed,Imported from master codelists,Drug,standard,M04A_antigout_preparations
antigout_medicines,Antigout medicines,drug,21164755,TRUE,Benzbromarone 100 MG Oral Tablet [Desuric] Box of 30,RxNorm Extension,M04A_antigout_preparations,reviewed_seed,Imported from master codelists,Drug,standard,M04A_antigout_preparations
antigout_medicines,Antigout medicines,drug,21167597,TRUE,150 ML Allopurinol 20 MG/ML Oral Solution,RxNorm Extension,M04A_antigout_preparations,reviewed_seed,Imported from master codelists,Drug,standard,M04A_antigout_preparations
antigout_medicines,Antigout medicines,drug,21171520,TRUE,Sulfinpyrazone 200 MG Oral Tablet Box of 84 by A A H,RxNorm Extension,M04A_antigout_preparations,reviewed_seed,Imported from master codelists,Drug,standard,M04A_antigout_preparations
antigout_medicines,Antigout medicines,drug,21171531,TRUE,Allopurinol Oral Solution,RxNorm Extension,M04A_antigout_preparations,reviewed_seed,Imported from master codelists,Drug,standard,M04A_antigout_preparations
antigout_medicines,Antigout medicines,drug,21171533,TRUE,Allopurinol 300 MG Oral Tablet by Mylan,RxNorm Extension,M04A_antigout_preparations,reviewed_seed,Imported from master codelists,Drug,standard,M04A_antigout_preparations
antigout_medicines,Antigout medicines,drug,21171534,TRUE,Allopurinol 300 MG Oral Tablet by Milpharm,RxNorm Extension,M04A_antigout_preparations,reviewed_seed,Imported from master codelists,Drug,standard,M04A_antigout_preparations
antigout_medicines,Antigout medicines,drug,21171535,TRUE,Allopurinol 100 MG Oral Tablet by Generics,RxNorm Extension,M04A_antigout_preparations,reviewed_seed,Imported from master codelists,Drug,standard,M04A_antigout_preparations
antigout_medicines,Antigout medicines,drug,21171536,TRUE,Allopurinol 100 MG Oral Tablet Box of 28 by Waymade,RxNorm Extension,M04A_antigout_preparations,reviewed_seed,Imported from master codelists,Drug,standard,M04A_antigout_preparations
antigout_medicines,Antigout medicines,drug,21171537,TRUE,Allopurinol 100 MG Oral Tablet Box of 100 by Ranbaxy,RxNorm Extension,M04A_antigout_preparations,reviewed_seed,Imported from master codelists,Drug,standard,M04A_antigout_preparations
antigout_medicines,Antigout medicines,drug,21171538,TRUE,Allopurinol 100 MG Oral Tablet [Uricto],RxNorm Extension,M04A_antigout_preparations,reviewed_seed,Imported from master codelists,Drug,standard,M04A_antigout_preparations
antigout_medicines,Antigout medicines,drug,21171539,TRUE,Allopurinol 100 MG Oral Tablet [Zyloric] by Aspen,RxNorm Extension,M04A_antigout_preparations,reviewed_seed,Imported from master codelists,Drug,standard,M04A_antigout_preparations
antigout_medicines,Antigout medicines,drug,21171540,TRUE,Allopurinol 100 MG Oral Tablet [Xanthomax] by Ashbourne,RxNorm Extension,M04A_antigout_preparations,reviewed_seed,Imported from master codelists,Drug,standard,M04A_antigout_preparations
antigout_medicines,Antigout medicines,drug,21172243,TRUE,Probenecid 500 MG Oral Tablet Box of 1,RxNorm Extension,M04A_antigout_preparations,reviewed_seed,Imported from master codelists,Drug,standard,M04A_antigout_preparations
antigout_medicines,Antigout medicines,drug,21172245,TRUE,Probenecid 500 MG Oral Tablet [Benemid] Box of 60,RxNorm Extension,M04A_antigout_preparations,reviewed_seed,Imported from master codelists,Drug,standard,M04A_antigout_preparations
antigout_medicines,Antigout medicines,drug,21173253,TRUE,Rasburicase 7.5 MG Injection [Fasturtec] Box of 1,RxNorm Extension,M04A_antigout_preparations,reviewed_seed,Imported from master codelists,Drug,standard,M04A_antigout_preparations
antigout_medicines,Antigout medicines,drug,21174047,TRUE,febuxostat 120 MG Oral Tablet Box of 28 by Colorama,RxNorm Extension,M04A_antigout_preparations,reviewed_seed,Imported from master codelists,Drug,standard,M04A_antigout_preparations
antigout_medicines,Antigout medicines,drug,21604129,TRUE,ANTIGOUT PREPARATIONS,ATC,M04A_antigout_preparations,reviewed_seed,Imported from master codelists,Drug,classification,M04A_antigout_preparations
antigout_medicines,Antigout medicines,drug,21604130,TRUE,Preparations inhibiting uric acid production,ATC,M04A_antigout_preparations,reviewed_seed,Imported from master codelists,Drug,classification,M04A_antigout_preparations
antigout_medicines,Antigout medicines,drug,21604131,TRUE,allopurinol; systemic,ATC,M04A_antigout_preparations,reviewed_seed,Imported from master codelists,Drug,classification,M04A_antigout_preparations
antigout_medicines,Antigout medicines,drug,21604132,TRUE,tisopurine; oral,ATC,M04A_antigout_preparations,reviewed_seed,Imported from master codelists,Drug,classification,M04A_antigout_preparations
antigout_medicines,Antigout medicines,drug,21604133,TRUE,febuxostat; oral,ATC,M04A_antigout_preparations,reviewed_seed,Imported from master codelists,Drug,classification,M04A_antigout_preparations
antigout_medicines,Antigout medicines,drug,21604134,TRUE,"allopurinol, combinations; systemic",ATC,M04A_antigout_preparations,reviewed_seed,Imported from master codelists,Drug,classification,M04A_antigout_preparations
antigout_medicines,Antigout medicines,drug,21604135,TRUE,Preparations increasing uric acid excretion,ATC,M04A_antigout_preparations,reviewed_seed,Imported from master codelists,Drug,classification,M04A_antigout_preparations
antigout_medicines,Antigout medicines,drug,21604136,TRUE,probenecid; oral,ATC,M04A_antigout_preparations,reviewed_seed,Imported from master codelists,Drug,classification,M04A_antigout_preparations
antigout_medicines,Antigout medicines,drug,21604137,TRUE,sulfinpyrazone; oral,ATC,M04A_antigout_preparations,reviewed_seed,Imported from master codelists,Drug,classification,M04A_antigout_preparations
antigout_medicines,Antigout medicines,drug,21604138,TRUE,benzbromarone; oral,ATC,M04A_antigout_preparations,reviewed_seed,Imported from master codelists,Drug,classification,M04A_antigout_preparations
antigout_medicines,Antigout medicines,drug,21604139,TRUE,isobromindione,ATC,M04A_antigout_preparations,reviewed_seed,Imported from master codelists,Drug,classification,M04A_antigout_preparations
antigout_medicines,Antigout medicines,drug,21604140,TRUE,Preparations with no effect on uric acid metabolism,ATC,M04A_antigout_preparations,reviewed_seed,Imported from master codelists,Drug,classification,M04A_antigout_preparations
antigout_medicines,Antigout medicines,drug,21604141,TRUE,colchicine; systemic,ATC,M04A_antigout_preparations,reviewed_seed,Imported from master codelists,Drug,classification,M04A_antigout_preparations
antigout_medicines,Antigout medicines,drug,21604142,TRUE,cinchophen; oral,ATC,M04A_antigout_preparations,reviewed_seed,Imported from master codelists,Drug,classification,M04A_antigout_preparations
antigout_medicines,Antigout medicines,drug,21604143,TRUE,Other antigout preparations,ATC,M04A_antigout_preparations,reviewed_seed,Imported from master codelists,Drug,classification,M04A_antigout_preparations
antigout_medicines,Antigout medicines,drug,21604144,TRUE,urate oxidase; parenteral,ATC,M04A_antigout_preparations,reviewed_seed,Imported from master codelists,Drug,classification,M04A_antigout_preparations
antigout_medicines,Antigout medicines,drug,21604145,TRUE,pegloticase; parenteral,ATC,M04A_antigout_preparations,reviewed_seed,Imported from master codelists,Drug,classification,M04A_antigout_preparations
antigout_medicines,Antigout medicines,drug,35129167,TRUE,Benzbromarone 25 MG Oral Tablet [Narcaricin],RxNorm Extension,M04A_antigout_preparations,reviewed_seed,Imported from master codelists,Drug,standard,M04A_antigout_preparations
antigout_medicines,Antigout medicines,drug,35129538,TRUE,Rasburicase Injection [Rasuritek],RxNorm Extension,M04A_antigout_preparations,reviewed_seed,Imported from master codelists,Drug,standard,M04A_antigout_preparations
antigout_medicines,Antigout medicines,drug,35129986,TRUE,Allopurinol 100 MG Oral Tablet by Nissin,RxNorm Extension,M04A_antigout_preparations,reviewed_seed,Imported from master codelists,Drug,standard,M04A_antigout_preparations
antigout_medicines,Antigout medicines,drug,35130058,TRUE,Benzbromarone 25 MG Oral Tablet by Nichi-Iko,RxNorm Extension,M04A_antigout_preparations,reviewed_seed,Imported from master codelists,Drug,standard,M04A_antigout_preparations
antigout_medicines,Antigout medicines,drug,35130307,TRUE,febuxostat 10 MG Oral Tablet,RxNorm Extension,M04A_antigout_preparations,reviewed_seed,Imported from master codelists,Drug,standard,M04A_antigout_preparations
antigout_medicines,Antigout medicines,drug,35130360,TRUE,Probenecid Oral Tablet [Benecid],RxNorm Extension,M04A_antigout_preparations,reviewed_seed,Imported from master codelists,Drug,standard,M04A_antigout_preparations
antigout_medicines,Antigout medicines,drug,35130423,TRUE,Allopurinol 0.2 MG/MG Oral Granules [Riball],RxNorm Extension,M04A_antigout_preparations,reviewed_seed,Imported from master codelists,Drug,standard,M04A_antigout_preparations
antigout_medicines,Antigout medicines,drug,35130682,TRUE,Benzbromarone 50 MG Oral Tablet by Koa Isei,RxNorm Extension,M04A_antigout_preparations,reviewed_seed,Imported from master codelists,Drug,standard,M04A_antigout_preparations
antigout_medicines,Antigout medicines,drug,35130776,TRUE,Allopurinol 0.2 MG/MG [Riball],RxNorm Extension,M04A_antigout_preparations,reviewed_seed,Imported from master codelists,Drug,standard,M04A_antigout_preparations
antigout_medicines,Antigout medicines,drug,35130893,TRUE,Benzbromarone 25 MG Oral Tablet by TEVA,RxNorm Extension,M04A_antigout_preparations,reviewed_seed,Imported from master codelists,Drug,standard,M04A_antigout_preparations
antigout_medicines,Antigout medicines,drug,35130907,TRUE,Allopurinol 50 MG Oral Tablet by Zensei,RxNorm Extension,M04A_antigout_preparations,reviewed_seed,Imported from master codelists,Drug,standard,M04A_antigout_preparations
antigout_medicines,Antigout medicines,drug,35131341,TRUE,1000 MG Benzbromarone 0.1 MG/MG Oral Granules [Muirodine],RxNorm Extension,M04A_antigout_preparations,reviewed_seed,Imported from master codelists,Drug,standard,M04A_antigout_preparations
antigout_medicines,Antigout medicines,drug,35131434,TRUE,1000 MG Allopurinol 0.2 MG/MG Oral Granules,RxNorm Extension,M04A_antigout_preparations,reviewed_seed,Imported from master codelists,Drug,standard,M04A_antigout_preparations
antigout_medicines,Antigout medicines,drug,35131471,TRUE,Allopurinol 50 MG Oral Tablet [Riball],RxNorm Extension,M04A_antigout_preparations,reviewed_seed,Imported from master codelists,Drug,standard,M04A_antigout_preparations
antigout_medicines,Antigout medicines,drug,35131827,TRUE,febuxostat 20 MG,RxNorm Extension,M04A_antigout_preparations,reviewed_seed,Imported from master codelists,Drug,standard,M04A_antigout_preparations
antigout_medicines,Antigout medicines,drug,35132528,TRUE,Allopurinol 100 MG Oral Tablet by Kyowa,RxNorm Extension,M04A_antigout_preparations,reviewed_seed,Imported from master codelists,Drug,standard,M04A_antigout_preparations
antigout_medicines,Antigout medicines,drug,35133124,TRUE,febuxostat 10 MG [FEBURIC],RxNorm Extension,M04A_antigout_preparations,reviewed_seed,Imported from master codelists,Drug,standard,M04A_antigout_preparations
antigout_medicines,Antigout medicines,drug,35133327,TRUE,Allopurinol 50 MG Oral Tablet by Towa,RxNorm Extension,M04A_antigout_preparations,reviewed_seed,Imported from master codelists,Drug,standard,M04A_antigout_preparations
antigout_medicines,Antigout medicines,drug,35133761,TRUE,Allopurinol 100 MG Oral Tablet [Salobel],RxNorm Extension,M04A_antigout_preparations,reviewed_seed,Imported from master codelists,Drug,standard,M04A_antigout_preparations
antigout_medicines,Antigout medicines,drug,35134104,TRUE,Allopurinol 50 MG [Riball],RxNorm Extension,M04A_antigout_preparations,reviewed_seed,Imported from master codelists,Drug,standard,M04A_antigout_preparations
antigout_medicines,Antigout medicines,drug,35134407,TRUE,Allopurinol 100 MG Oral Tablet [Ketobun],RxNorm Extension,M04A_antigout_preparations,reviewed_seed,Imported from master codelists,Drug,standard,M04A_antigout_preparations
antigout_medicines,Antigout medicines,drug,35134423,TRUE,Allopurinol 50 MG Oral Tablet by Sawai Seiyaku,RxNorm Extension,M04A_antigout_preparations,reviewed_seed,Imported from master codelists,Drug,standard,M04A_antigout_preparations
antigout_medicines,Antigout medicines,drug,35134935,TRUE,1000 MG Allopurinol 0.2 MG/MG Oral Granules [Riball],RxNorm Extension,M04A_antigout_preparations,reviewed_seed,Imported from master codelists,Drug,standard,M04A_antigout_preparations
antigout_medicines,Antigout medicines,drug,35135115,TRUE,Allopurinol 100 MG Oral Tablet by Towa,RxNorm Extension,M04A_antigout_preparations,reviewed_seed,Imported from master codelists,Drug,standard,M04A_antigout_preparations
antigout_medicines,Antigout medicines,drug,35135394,TRUE,Allopurinol 50 MG Oral Tablet by Tatsumi Kagaku,RxNorm Extension,M04A_antigout_preparations,reviewed_seed,Imported from master codelists,Drug,standard,M04A_antigout_preparations
antigout_medicines,Antigout medicines,drug,35135844,TRUE,Benzbromarone 50 MG [Kiranga],RxNorm Extension,M04A_antigout_preparations,reviewed_seed,Imported from master codelists,Drug,standard,M04A_antigout_preparations
antigout_medicines,Antigout medicines,drug,35136466,TRUE,Allopurinol 50 MG [Zyloric],RxNorm Extension,M04A_antigout_preparations,reviewed_seed,Imported from master codelists,Drug,standard,M04A_antigout_preparations
antigout_medicines,Antigout medicines,drug,35136665,TRUE,febuxostat 20 MG [FEBURIC],RxNorm Extension,M04A_antigout_preparations,reviewed_seed,Imported from master codelists,Drug,standard,M04A_antigout_preparations
antigout_medicines,Antigout medicines,drug,35136822,TRUE,Allopurinol 100 MG Oral Tablet by Mitsubishi Tanabe,RxNorm Extension,M04A_antigout_preparations,reviewed_seed,Imported from master codelists,Drug,standard,M04A_antigout_preparations
antigout_medicines,Antigout medicines,drug,35136910,TRUE,Allopurinol 50 MG [Anoprolin],RxNorm Extension,M04A_antigout_preparations,reviewed_seed,Imported from master codelists,Drug,standard,M04A_antigout_preparations
antigout_medicines,Antigout medicines,drug,35137211,TRUE,Benzbromarone Oral Tablet [Urinorm],RxNorm Extension,M04A_antigout_preparations,reviewed_seed,Imported from master codelists,Drug,standard,M04A_antigout_preparations
antigout_medicines,Antigout medicines,drug,35137262,TRUE,Allopurinol 100 MG Oral Tablet by AYUMI,RxNorm Extension,M04A_antigout_preparations,reviewed_seed,Imported from master codelists,Drug,standard,M04A_antigout_preparations
antigout_medicines,Antigout medicines,drug,35138119,TRUE,Benzbromarone 25 MG Oral Tablet [Urinorm],RxNorm Extension,M04A_antigout_preparations,reviewed_seed,Imported from master codelists,Drug,standard,M04A_antigout_preparations
antigout_medicines,Antigout medicines,drug,35138215,TRUE,Allopurinol Oral Tablet [Neufan],RxNorm Extension,M04A_antigout_preparations,reviewed_seed,Imported from master codelists,Drug,standard,M04A_antigout_preparations
antigout_medicines,Antigout medicines,drug,35138252,TRUE,Benzbromarone 25 MG [Urinorm],RxNorm Extension,M04A_antigout_preparations,reviewed_seed,Imported from master codelists,Drug,standard,M04A_antigout_preparations
antigout_medicines,Antigout medicines,drug,35138286,TRUE,Benzbromarone 50 MG Oral Tablet by Kyowa,RxNorm Extension,M04A_antigout_preparations,reviewed_seed,Imported from master codelists,Drug,standard,M04A_antigout_preparations
antigout_medicines,Antigout medicines,drug,35138566,TRUE,Allopurinol 100 MG Oral Tablet by Zensei,RxNorm Extension,M04A_antigout_preparations,reviewed_seed,Imported from master codelists,Drug,standard,M04A_antigout_preparations
antigout_medicines,Antigout medicines,drug,35138578,TRUE,Allopurinol 100 MG [Ketobun],RxNorm Extension,M04A_antigout_preparations,reviewed_seed,Imported from master codelists,Drug,standard,M04A_antigout_preparations
antigout_medicines,Antigout medicines,drug,35139525,TRUE,Allopurinol 50 MG Oral Tablet by Mitsubishi Tanabe,RxNorm Extension,M04A_antigout_preparations,reviewed_seed,Imported from master codelists,Drug,standard,M04A_antigout_preparations
antigout_medicines,Antigout medicines,drug,35139899,TRUE,Benzbromarone 25 MG Oral Tablet by Kyowa,RxNorm Extension,M04A_antigout_preparations,reviewed_seed,Imported from master codelists,Drug,standard,M04A_antigout_preparations
antigout_medicines,Antigout medicines,drug,35139967,TRUE,Allopurinol 100 MG Oral Tablet [Anoprolin],RxNorm Extension,M04A_antigout_preparations,reviewed_seed,Imported from master codelists,Drug,standard,M04A_antigout_preparations
antigout_medicines,Antigout medicines,drug,35141292,TRUE,Rasburicase 1.5 MG Injection [Rasuritek],RxNorm Extension,M04A_antigout_preparations,reviewed_seed,Imported from master codelists,Drug,standard,M04A_antigout_preparations
antigout_medicines,Antigout medicines,drug,35141656,TRUE,Allopurinol Oral Tablet [Riball],RxNorm Extension,M04A_antigout_preparations,reviewed_seed,Imported from master codelists,Drug,standard,M04A_antigout_preparations
antigout_medicines,Antigout medicines,drug,35142478,TRUE,Benzbromarone 25 MG Oral Tablet by Koa Isei,RxNorm Extension,M04A_antigout_preparations,reviewed_seed,Imported from master codelists,Drug,standard,M04A_antigout_preparations
antigout_medicines,Antigout medicines,drug,35142580,TRUE,1010 MG Allopurinol 0.2 MG/MG Oral Granules,RxNorm Extension,M04A_antigout_preparations,reviewed_seed,Imported from master codelists,Drug,standard,M04A_antigout_preparations
antigout_medicines,Antigout medicines,drug,35142941,TRUE,Allopurinol 100 MG Oral Tablet by Tsuruhara Seiyaku,RxNorm Extension,M04A_antigout_preparations,reviewed_seed,Imported from master codelists,Drug,standard,M04A_antigout_preparations
antigout_medicines,Antigout medicines,drug,35143251,TRUE,Benzbromarone 50 MG Oral Tablet [Kiranga],RxNorm Extension,M04A_antigout_preparations,reviewed_seed,Imported from master codelists,Drug,standard,M04A_antigout_preparations
antigout_medicines,Antigout medicines,drug,35143304,TRUE,Allopurinol 50 MG,RxNorm Extension,M04A_antigout_preparations,reviewed_seed,Imported from master codelists,Drug,standard,M04A_antigout_preparations
antigout_medicines,Antigout medicines,drug,35143387,TRUE,Allopurinol 0.2 MG/MG Oral Granules,RxNorm Extension,M04A_antigout_preparations,reviewed_seed,Imported from master codelists,Drug,standard,M04A_antigout_preparations
antigout_medicines,Antigout medicines,drug,35143637,TRUE,Allopurinol 50 MG Oral Tablet [Zyloric],RxNorm Extension,M04A_antigout_preparations,reviewed_seed,Imported from master codelists,Drug,standard,M04A_antigout_preparations
antigout_medicines,Antigout medicines,drug,35143859,TRUE,Allopurinol 50 MG Oral Tablet by Nissin,RxNorm Extension,M04A_antigout_preparations,reviewed_seed,Imported from master codelists,Drug,standard,M04A_antigout_preparations
antigout_medicines,Antigout medicines,drug,35145071,TRUE,febuxostat 10 MG,RxNorm Extension,M04A_antigout_preparations,reviewed_seed,Imported from master codelists,Drug,standard,M04A_antigout_preparations
antigout_medicines,Antigout medicines,drug,35145263,TRUE,Allopurinol 50 MG Oral Tablet by Kyowa,RxNorm Extension,M04A_antigout_preparations,reviewed_seed,Imported from master codelists,Drug,standard,M04A_antigout_preparations
antigout_medicines,Antigout medicines,drug,35145271,TRUE,Allopurinol 50 MG Oral Tablet by Kyorin Rimedio,RxNorm Extension,M04A_antigout_preparations,reviewed_seed,Imported from master codelists,Drug,standard,M04A_antigout_preparations
antigout_medicines,Antigout medicines,drug,35145451,TRUE,Benzbromarone 0.1 MG/MG,RxNorm Extension,M04A_antigout_preparations,reviewed_seed,Imported from master codelists,Drug,standard,M04A_antigout_preparations
antigout_medicines,Antigout medicines,drug,35145666,TRUE,Benzbromarone 0.1 MG/MG Oral Granules,RxNorm Extension,M04A_antigout_preparations,reviewed_seed,Imported from master codelists,Drug,standard,M04A_antigout_preparations
antigout_medicines,Antigout medicines,drug,35145831,TRUE,Allopurinol 100 MG [Riball],RxNorm Extension,M04A_antigout_preparations,reviewed_seed,Imported from master codelists,Drug,standard,M04A_antigout_preparations
antigout_medicines,Antigout medicines,drug,35145844,TRUE,Allopurinol 100 MG Oral Tablet [Riball],RxNorm Extension,M04A_antigout_preparations,reviewed_seed,Imported from master codelists,Drug,standard,M04A_antigout_preparations
antigout_medicines,Antigout medicines,drug,35146187,TRUE,febuxostat 20 MG Oral Tablet [FEBURIC],RxNorm Extension,M04A_antigout_preparations,reviewed_seed,Imported from master codelists,Drug,standard,M04A_antigout_preparations
antigout_medicines,Antigout medicines,drug,35146817,TRUE,Allopurinol 50 MG Oral Tablet [Neufan],RxNorm Extension,M04A_antigout_preparations,reviewed_seed,Imported from master codelists,Drug,standard,M04A_antigout_preparations
antigout_medicines,Antigout medicines,drug,35147283,TRUE,Allopurinol 50 MG Oral Tablet by TEVA,RxNorm Extension,M04A_antigout_preparations,reviewed_seed,Imported from master codelists,Drug,standard,M04A_antigout_preparations
antigout_medicines,Antigout medicines,drug,35147304,TRUE,Benzbromarone 50 MG Oral Tablet by TEVA,RxNorm Extension,M04A_antigout_preparations,reviewed_seed,Imported from master codelists,Drug,standard,M04A_antigout_preparations
antigout_medicines,Antigout medicines,drug,35147675,TRUE,Allopurinol 50 MG Oral Tablet [Salobel],RxNorm Extension,M04A_antigout_preparations,reviewed_seed,Imported from master codelists,Drug,standard,M04A_antigout_preparations
antigout_medicines,Antigout medicines,drug,35148072,TRUE,febuxostat 10 MG Oral Tablet [FEBURIC],RxNorm Extension,M04A_antigout_preparations,reviewed_seed,Imported from master codelists,Drug,standard,M04A_antigout_preparations
antigout_medicines,Antigout medicines,drug,35148253,TRUE,Benzbromarone 25 MG Oral Tablet by Towa,RxNorm Extension,M04A_antigout_preparations,reviewed_seed,Imported from master codelists,Drug,standard,M04A_antigout_preparations
antigout_medicines,Antigout medicines,drug,35149176,TRUE,Benzbromarone 50 MG Oral Tablet by Towa,RxNorm Extension,M04A_antigout_preparations,reviewed_seed,Imported from master codelists,Drug,standard,M04A_antigout_preparations
antigout_medicines,Antigout medicines,drug,35149236,TRUE,Benzbromarone 0.1 MG/MG Oral Granules [Muirodine],RxNorm Extension,M04A_antigout_preparations,reviewed_seed,Imported from master codelists,Drug,standard,M04A_antigout_preparations
antigout_medicines,Antigout medicines,drug,35149479,TRUE,Allopurinol Oral Tablet [Anoprolin],RxNorm Extension,M04A_antigout_preparations,reviewed_seed,Imported from master codelists,Drug,standard,M04A_antigout_preparations
antigout_medicines,Antigout medicines,drug,35149882,TRUE,Probenecid 250 MG [Benecid],RxNorm Extension,M04A_antigout_preparations,reviewed_seed,Imported from master codelists,Drug,standard,M04A_antigout_preparations
antigout_medicines,Antigout medicines,drug,35149990,TRUE,Allopurinol Oral Tablet [Ketobun],RxNorm Extension,M04A_antigout_preparations,reviewed_seed,Imported from master codelists,Drug,standard,M04A_antigout_preparations
antigout_medicines,Antigout medicines,drug,35150003,TRUE,Allopurinol 100 MG Oral Tablet by Nihon,RxNorm Extension,M04A_antigout_preparations,reviewed_seed,Imported from master codelists,Drug,standard,M04A_antigout_preparations
antigout_medicines,Antigout medicines,drug,35150206,TRUE,Benzbromarone 50 MG Oral Tablet [Urinorm],RxNorm Extension,M04A_antigout_preparations,reviewed_seed,Imported from master codelists,Drug,standard,M04A_antigout_preparations
antigout_medicines,Antigout medicines,drug,35150685,TRUE,1010 MG Benzbromarone 0.1 MG/MG Oral Granules,RxNorm Extension,M04A_antigout_preparations,reviewed_seed,Imported from master codelists,Drug,standard,M04A_antigout_preparations
antigout_medicines,Antigout medicines,drug,35150802,TRUE,Benzbromarone 25 MG Oral Tablet by Kyorin Rimedio,RxNorm Extension,M04A_antigout_preparations,reviewed_seed,Imported from master codelists,Drug,standard,M04A_antigout_preparations
antigout_medicines,Antigout medicines,drug,35151139,TRUE,Allopurinol 100 MG [Anoprolin],RxNorm Extension,M04A_antigout_preparations,reviewed_seed,Imported from master codelists,Drug,standard,M04A_antigout_preparations
antigout_medicines,Antigout medicines,drug,35151403,TRUE,Allopurinol 50 MG [Ketobun],RxNorm Extension,M04A_antigout_preparations,reviewed_seed,Imported from master codelists,Drug,standard,M04A_antigout_preparations
antigout_medicines,Antigout medicines,drug,35151448,TRUE,Allopurinol 50 MG [Neufan],RxNorm Extension,M04A_antigout_preparations,reviewed_seed,Imported from master codelists,Drug,standard,M04A_antigout_preparations
antigout_medicines,Antigout medicines,drug,35151546,TRUE,Probenecid 250 MG Oral Tablet [Benecid],RxNorm Extension,M04A_antigout_preparations,reviewed_seed,Imported from master codelists,Drug,standard,M04A_antigout_preparations
antigout_medicines,Antigout medicines,drug,35151818,TRUE,Rasburicase 1.5 MG [Rasuritek],RxNorm Extension,M04A_antigout_preparations,reviewed_seed,Imported from master codelists,Drug,standard,M04A_antigout_preparations
antigout_medicines,Antigout medicines,drug,35152090,TRUE,Allopurinol 100 MG Oral Tablet by Sawai Seiyaku,RxNorm Extension,M04A_antigout_preparations,reviewed_seed,Imported from master codelists,Drug,standard,M04A_antigout_preparations
antigout_medicines,Antigout medicines,drug,35152476,TRUE,Allopurinol 50 MG Oral Tablet [Ketobun],RxNorm Extension,M04A_antigout_preparations,reviewed_seed,Imported from master codelists,Drug,standard,M04A_antigout_preparations
antigout_medicines,Antigout medicines,drug,35153124,TRUE,Allopurinol 50 MG Oral Tablet by Koa Isei,RxNorm Extension,M04A_antigout_preparations,reviewed_seed,Imported from master codelists,Drug,standard,M04A_antigout_preparations
antigout_medicines,Antigout medicines,drug,35153382,TRUE,Allopurinol 100 MG [Salobel],RxNorm Extension,M04A_antigout_preparations,reviewed_seed,Imported from master codelists,Drug,standard,M04A_antigout_preparations
antigout_medicines,Antigout medicines,drug,35153400,TRUE,Allopurinol 100 MG Oral Tablet by Tatsumi Kagaku,RxNorm Extension,M04A_antigout_preparations,reviewed_seed,Imported from master codelists,Drug,standard,M04A_antigout_preparations
antigout_medicines,Antigout medicines,drug,35153650,TRUE,Allopurinol 100 MG Oral Tablet by Nichi-Iko,RxNorm Extension,M04A_antigout_preparations,reviewed_seed,Imported from master codelists,Drug,standard,M04A_antigout_preparations
antigout_medicines,Antigout medicines,drug,35153840,TRUE,Allopurinol 100 MG Oral Tablet by Kyorin Rimedio,RxNorm Extension,M04A_antigout_preparations,reviewed_seed,Imported from master codelists,Drug,standard,M04A_antigout_preparations
antigout_medicines,Antigout medicines,drug,35153843,TRUE,Colchicine 0.5 MG Oral Tablet by Takata,RxNorm Extension,M04A_antigout_preparations,reviewed_seed,Imported from master codelists,Drug,standard,M04A_antigout_preparations
antigout_medicines,Antigout medicines,drug,35154132,TRUE,Allopurinol 100 MG Oral Tablet by Takata,RxNorm Extension,M04A_antigout_preparations,reviewed_seed,Imported from master codelists,Drug,standard,M04A_antigout_preparations
antigout_medicines,Antigout medicines,drug,35154321,TRUE,Allopurinol 50 MG Oral Tablet by Nichi-Iko,RxNorm Extension,M04A_antigout_preparations,reviewed_seed,Imported from master codelists,Drug,standard,M04A_antigout_preparations
antigout_medicines,Antigout medicines,drug,35154568,TRUE,Allopurinol 100 MG Oral Tablet by Koa Isei,RxNorm Extension,M04A_antigout_preparations,reviewed_seed,Imported from master codelists,Drug,standard,M04A_antigout_preparations
antigout_medicines,Antigout medicines,drug,35154885,TRUE,Benzbromarone 25 MG [Narcaricin],RxNorm Extension,M04A_antigout_preparations,reviewed_seed,Imported from master codelists,Drug,standard,M04A_antigout_preparations
antigout_medicines,Antigout medicines,drug,35155672,TRUE,Allopurinol 50 MG Oral Tablet by Takata,RxNorm Extension,M04A_antigout_preparations,reviewed_seed,Imported from master codelists,Drug,standard,M04A_antigout_preparations
antigout_medicines,Antigout medicines,drug,35155851,TRUE,Allopurinol Oral Tablet [Salobel],RxNorm Extension,M04A_antigout_preparations,reviewed_seed,Imported from master codelists,Drug,standard,M04A_antigout_preparations
antigout_medicines,Antigout medicines,drug,35155979,TRUE,febuxostat 20 MG Oral Tablet,RxNorm Extension,M04A_antigout_preparations,reviewed_seed,Imported from master codelists,Drug,standard,M04A_antigout_preparations
antigout_medicines,Antigout medicines,drug,35156118,TRUE,Benzbromarone Oral Granules [Muirodine],RxNorm Extension,M04A_antigout_preparations,reviewed_seed,Imported from master codelists,Drug,standard,M04A_antigout_preparations
antigout_medicines,Antigout medicines,drug,35156567,TRUE,Benzbromarone 50 MG Oral Tablet by Nichi-Iko,RxNorm Extension,M04A_antigout_preparations,reviewed_seed,Imported from master codelists,Drug,standard,M04A_antigout_preparations
antigout_medicines,Antigout medicines,drug,35156577,TRUE,Allopurinol 100 MG [Neufan],RxNorm Extension,M04A_antigout_preparations,reviewed_seed,Imported from master codelists,Drug,standard,M04A_antigout_preparations
antigout_medicines,Antigout medicines,drug,35156594,TRUE,Allopurinol 50 MG Oral Tablet,RxNorm Extension,M04A_antigout_preparations,reviewed_seed,Imported from master codelists,Drug,standard,M04A_antigout_preparations
antigout_medicines,Antigout medicines,drug,35156603,TRUE,Allopurinol 50 MG Oral Tablet [Anoprolin],RxNorm Extension,M04A_antigout_preparations,reviewed_seed,Imported from master codelists,Drug,standard,M04A_antigout_preparations
antigout_medicines,Antigout medicines,drug,35156701,TRUE,Allopurinol 50 MG Oral Tablet by Nihon,RxNorm Extension,M04A_antigout_preparations,reviewed_seed,Imported from master codelists,Drug,standard,M04A_antigout_preparations
antigout_medicines,Antigout medicines,drug,35157217,TRUE,Rasburicase 7.5 MG [Rasuritek],RxNorm Extension,M04A_antigout_preparations,reviewed_seed,Imported from master codelists,Drug,standard,M04A_antigout_preparations
antigout_medicines,Antigout medicines,drug,35157471,TRUE,Benzbromarone 50 MG [Urinorm],RxNorm Extension,M04A_antigout_preparations,reviewed_seed,Imported from master codelists,Drug,standard,M04A_antigout_preparations
antigout_medicines,Antigout medicines,drug,35157774,TRUE,Allopurinol 0.2 MG/MG,RxNorm Extension,M04A_antigout_preparations,reviewed_seed,Imported from master codelists,Drug,standard,M04A_antigout_preparations
antigout_medicines,Antigout medicines,drug,35158167,TRUE,Allopurinol 100 MG Oral Tablet [Neufan],RxNorm Extension,M04A_antigout_preparations,reviewed_seed,Imported from master codelists,Drug,standard,M04A_antigout_preparations
antigout_medicines,Antigout medicines,drug,35158911,TRUE,Allopurinol 50 MG [Salobel],RxNorm Extension,M04A_antigout_preparations,reviewed_seed,Imported from master codelists,Drug,standard,M04A_antigout_preparations
antigout_medicines,Antigout medicines,drug,35159044,TRUE,Rasburicase 7.5 MG Injection [Rasuritek],RxNorm Extension,M04A_antigout_preparations,reviewed_seed,Imported from master codelists,Drug,standard,M04A_antigout_preparations
antigout_medicines,Antigout medicines,drug,35159290,TRUE,Benzbromarone Oral Tablet [Kiranga],RxNorm Extension,M04A_antigout_preparations,reviewed_seed,Imported from master codelists,Drug,standard,M04A_antigout_preparations
antigout_medicines,Antigout medicines,drug,35160522,TRUE,Benzbromarone 0.1 MG/MG [Muirodine],RxNorm Extension,M04A_antigout_preparations,reviewed_seed,Imported from master codelists,Drug,standard,M04A_antigout_preparations
antigout_medicines,Antigout medicines,drug,35160675,TRUE,Allopurinol 50 MG Oral Tablet by Tsuruhara Seiyaku,RxNorm Extension,M04A_antigout_preparations,reviewed_seed,Imported from master codelists,Drug,standard,M04A_antigout_preparations
antigout_medicines,Antigout medicines,drug,35160782,TRUE,Benzbromarone 25 MG Oral Tablet,RxNorm Extension,M04A_antigout_preparations,reviewed_seed,Imported from master codelists,Drug,standard,M04A_antigout_preparations
antigout_medicines,Antigout medicines,drug,35160938,TRUE,Allopurinol 50 MG Oral Tablet by AYUMI,RxNorm Extension,M04A_antigout_preparations,reviewed_seed,Imported from master codelists,Drug,standard,M04A_antigout_preparations
antigout_medicines,Antigout medicines,drug,35161095,TRUE,1000 MG Benzbromarone 0.1 MG/MG Oral Granules,RxNorm Extension,M04A_antigout_preparations,reviewed_seed,Imported from master codelists,Drug,standard,M04A_antigout_preparations
antigout_medicines,Antigout medicines,drug,35161253,TRUE,Allopurinol Oral Granules [Riball],RxNorm Extension,M04A_antigout_preparations,reviewed_seed,Imported from master codelists,Drug,standard,M04A_antigout_preparations
antigout_medicines,Antigout medicines,drug,35161375,TRUE,Benzbromarone 50 MG Oral Tablet by Kyorin Rimedio,RxNorm Extension,M04A_antigout_preparations,reviewed_seed,Imported from master codelists,Drug,standard,M04A_antigout_preparations
antigout_medicines,Antigout medicines,drug,35406793,TRUE,Allopurinol 300 MG Oral Tablet [Zyloric] Box of 100 by Aspen,RxNorm Extension,M04A_antigout_preparations,reviewed_seed,Imported from master codelists,Drug,standard,M04A_antigout_preparations
antigout_medicines,Antigout medicines,drug,35407423,TRUE,Colchicine 1 MG Oral Tablet Box of 15,RxNorm Extension,M04A_antigout_preparations,reviewed_seed,Imported from master codelists,Drug,standard,M04A_antigout_preparations
antigout_medicines,Antigout medicines,drug,35408431,TRUE,Colchicine 1 MG Oral Tablet [COLCHICINE OPOCALCIUM] Box of 15,RxNorm Extension,M04A_antigout_preparations,reviewed_seed,Imported from master codelists,Drug,standard,M04A_antigout_preparations
antigout_medicines,Antigout medicines,drug,35411750,TRUE,Colchicine 1 MG Oral Tablet [COLCHICINE OPOCALCIUM] Box of 15 by Mayoly Spindler,RxNorm Extension,M04A_antigout_preparations,reviewed_seed,Imported from master codelists,Drug,standard,M04A_antigout_preparations
antigout_medicines,Antigout medicines,drug,35411796,TRUE,Allopurinol 100 MG Oral Tablet [Zyloric] Box of 28 by Aspen,RxNorm Extension,M04A_antigout_preparations,reviewed_seed,Imported from master codelists,Drug,standard,M04A_antigout_preparations
antigout_medicines,Antigout medicines,drug,35605425,TRUE,lesinurad,RxNorm,M04A_antigout_preparations,reviewed_seed,Imported from master codelists,Drug,standard,M04A_antigout_preparations
antigout_medicines,Antigout medicines,drug,35605426,TRUE,lesinurad 200 MG,RxNorm,M04A_antigout_preparations,reviewed_seed,Imported from master codelists,Drug,standard,M04A_antigout_preparations
antigout_medicines,Antigout medicines,drug,35605427,TRUE,lesinurad Oral Tablet,RxNorm,M04A_antigout_preparations,reviewed_seed,Imported from master codelists,Drug,standard,M04A_antigout_preparations
antigout_medicines,Antigout medicines,drug,35605428,TRUE,lesinurad 200 MG Oral Tablet,RxNorm,M04A_antigout_preparations,reviewed_seed,Imported from master codelists,Drug,standard,M04A_antigout_preparations
antigout_medicines,Antigout medicines,drug,35605430,TRUE,lesinurad 200 MG [Zurampic],RxNorm,M04A_antigout_preparations,reviewed_seed,Imported from master codelists,Drug,standard,M04A_antigout_preparations
antigout_medicines,Antigout medicines,drug,35605431,TRUE,lesinurad Oral Tablet [Zurampic],RxNorm,M04A_antigout_preparations,reviewed_seed,Imported from master codelists,Drug,standard,M04A_antigout_preparations
antigout_medicines,Antigout medicines,drug,35605432,TRUE,lesinurad 200 MG Oral Tablet [Zurampic],RxNorm,M04A_antigout_preparations,reviewed_seed,Imported from master codelists,Drug,standard,M04A_antigout_preparations
antigout_medicines,Antigout medicines,drug,35605538,TRUE,allopurinol 500 MG,RxNorm,M04A_antigout_preparations,reviewed_seed,Imported from master codelists,Drug,standard,M04A_antigout_preparations
antigout_medicines,Antigout medicines,drug,35605539,TRUE,allopurinol Injection,RxNorm,M04A_antigout_preparations,reviewed_seed,Imported from master codelists,Drug,standard,M04A_antigout_preparations
antigout_medicines,Antigout medicines,drug,35605540,TRUE,allopurinol 500 MG [Aloprim],RxNorm,M04A_antigout_preparations,reviewed_seed,Imported from master codelists,Drug,standard,M04A_antigout_preparations
antigout_medicines,Antigout medicines,drug,35605541,TRUE,allopurinol Injection [Aloprim],RxNorm,M04A_antigout_preparations,reviewed_seed,Imported from master codelists,Drug,standard,M04A_antigout_preparations
antigout_medicines,Antigout medicines,drug,35742524,TRUE,febuxostat 120 MG Delayed Release Oral Tablet [Adenuric] Box of 28 by A Menarini,RxNorm Extension,M04A_antigout_preparations,reviewed_seed,Imported from master codelists,Drug,standard,M04A_antigout_preparations
antigout_medicines,Antigout medicines,drug,35743552,TRUE,Allopurinol 100 MG Extended Release Oral Tablet [Zyloric] by Stephar,RxNorm Extension,M04A_antigout_preparations,reviewed_seed,Imported from master codelists,Drug,standard,M04A_antigout_preparations
antigout_medicines,Antigout medicines,drug,35743553,TRUE,Allopurinol 100 MG Extended Release Oral Tablet Box of 100 by Ranbaxy,RxNorm Extension,M04A_antigout_preparations,reviewed_seed,Imported from master codelists,Drug,standard,M04A_antigout_preparations
antigout_medicines,Antigout medicines,drug,35743554,TRUE,Allopurinol 100 MG Extended Release Oral Tablet Box of 28 by Wockhardt,RxNorm Extension,M04A_antigout_preparations,reviewed_seed,Imported from master codelists,Drug,standard,M04A_antigout_preparations
antigout_medicines,Antigout medicines,drug,35743555,TRUE,Allopurinol 100 MG Extended Release Oral Tablet Box of 28 by Dowelhurst,RxNorm Extension,M04A_antigout_preparations,reviewed_seed,Imported from master codelists,Drug,standard,M04A_antigout_preparations
antigout_medicines,Antigout medicines,drug,35743556,TRUE,Allopurinol 100 MG Extended Release Oral Tablet Box of 28 by Ivax,RxNorm Extension,M04A_antigout_preparations,reviewed_seed,Imported from master codelists,Drug,standard,M04A_antigout_preparations
antigout_medicines,Antigout medicines,drug,35743557,TRUE,Allopurinol 100 MG Extended Release Oral Tablet Box of 28 by Sigma-Tau,RxNorm Extension,M04A_antigout_preparations,reviewed_seed,Imported from master codelists,Drug,standard,M04A_antigout_preparations
antigout_medicines,Antigout medicines,drug,35743558,TRUE,Allopurinol 100 MG Extended Release Oral Tablet Box of 28 by Ennogen,RxNorm Extension,M04A_antigout_preparations,reviewed_seed,Imported from master codelists,Drug,standard,M04A_antigout_preparations
antigout_medicines,Antigout medicines,drug,35743559,TRUE,Allopurinol 100 MG Extended Release Oral Tablet by Sandoz,RxNorm Extension,M04A_antigout_preparations,reviewed_seed,Imported from master codelists,Drug,standard,M04A_antigout_preparations
antigout_medicines,Antigout medicines,drug,35743560,TRUE,Allopurinol 300 MG Extended Release Oral Tablet [Zyloric] by Aspen,RxNorm Extension,M04A_antigout_preparations,reviewed_seed,Imported from master codelists,Drug,standard,M04A_antigout_preparations
antigout_medicines,Antigout medicines,drug,35743561,TRUE,Allopurinol 300 MG Extended Release Oral Tablet [Uricto] Box of 28 by Ennogen,RxNorm Extension,M04A_antigout_preparations,reviewed_seed,Imported from master codelists,Drug,standard,M04A_antigout_preparations
antigout_medicines,Antigout medicines,drug,35743562,TRUE,Allopurinol 300 MG Extended Release Oral Tablet [Uricto] by Ennogen,RxNorm Extension,M04A_antigout_preparations,reviewed_seed,Imported from master codelists,Drug,standard,M04A_antigout_preparations
antigout_medicines,Antigout medicines,drug,35743563,TRUE,Allopurinol 300 MG Extended Release Oral Tablet Box of 100 by Alliance,RxNorm Extension,M04A_antigout_preparations,reviewed_seed,Imported from master codelists,Drug,standard,M04A_antigout_preparations
antigout_medicines,Antigout medicines,drug,35743564,TRUE,Allopurinol 300 MG Extended Release Oral Tablet Box of 28 by Ivax,RxNorm Extension,M04A_antigout_preparations,reviewed_seed,Imported from master codelists,Drug,standard,M04A_antigout_preparations
antigout_medicines,Antigout medicines,drug,35743565,TRUE,Allopurinol 300 MG Extended Release Oral Tablet Box of 28 by TEVA,RxNorm Extension,M04A_antigout_preparations,reviewed_seed,Imported from master codelists,Drug,standard,M04A_antigout_preparations
antigout_medicines,Antigout medicines,drug,35743566,TRUE,Allopurinol 300 MG Extended Release Oral Tablet Box of 28 by Sandoz,RxNorm Extension,M04A_antigout_preparations,reviewed_seed,Imported from master codelists,Drug,standard,M04A_antigout_preparations
antigout_medicines,Antigout medicines,drug,35743567,TRUE,Allopurinol 300 MG Extended Release Oral Tablet Box of 28 by Ennogen,RxNorm Extension,M04A_antigout_preparations,reviewed_seed,Imported from master codelists,Drug,standard,M04A_antigout_preparations
antigout_medicines,Antigout medicines,drug,35743568,TRUE,Allopurinol 300 MG Extended Release Oral Tablet by Milpharm,RxNorm Extension,M04A_antigout_preparations,reviewed_seed,Imported from master codelists,Drug,standard,M04A_antigout_preparations
antigout_medicines,Antigout medicines,drug,35743569,TRUE,Allopurinol 300 MG Extended Release Oral Tablet by Alliance,RxNorm Extension,M04A_antigout_preparations,reviewed_seed,Imported from master codelists,Drug,standard,M04A_antigout_preparations
antigout_medicines,Antigout medicines,drug,35743570,TRUE,Allopurinol 60 MG/ML Oral Solution by Drug Tariff Special Order,RxNorm Extension,M04A_antigout_preparations,reviewed_seed,Imported from master codelists,Drug,standard,M04A_antigout_preparations
antigout_medicines,Antigout medicines,drug,35743571,TRUE,Allopurinol 60 MG/ML Oral Suspension by Drug Tariff Special Order,RxNorm Extension,M04A_antigout_preparations,reviewed_seed,Imported from master codelists,Drug,standard,M04A_antigout_preparations
antigout_medicines,Antigout medicines,drug,35745547,TRUE,Benzbromarone 100 MG Delayed Release Oral Tablet Box of 1,RxNorm Extension,M04A_antigout_preparations,reviewed_seed,Imported from master codelists,Drug,standard,M04A_antigout_preparations
antigout_medicines,Antigout medicines,drug,35746158,TRUE,Allopurinol 100 MG Extended Release Oral Tablet [Zyloric] Box of 50,RxNorm Extension,M04A_antigout_preparations,reviewed_seed,Imported from master codelists,Drug,standard,M04A_antigout_preparations
antigout_medicines,Antigout medicines,drug,35746159,TRUE,Allopurinol 300 MG Extended Release Oral Tablet [Uricto],RxNorm Extension,M04A_antigout_preparations,reviewed_seed,Imported from master codelists,Drug,standard,M04A_antigout_preparations
antigout_medicines,Antigout medicines,drug,35746722,TRUE,febuxostat 80 MG Delayed Release Oral Tablet [Adenuric] by A Menarini,RxNorm Extension,M04A_antigout_preparations,reviewed_seed,Imported from master codelists,Drug,standard,M04A_antigout_preparations
antigout_medicines,Antigout medicines,drug,35746723,TRUE,febuxostat 80 MG Delayed Release Oral Tablet by DE,RxNorm Extension,M04A_antigout_preparations,reviewed_seed,Imported from master codelists,Drug,standard,M04A_antigout_preparations
antigout_medicines,Antigout medicines,drug,35746724,TRUE,febuxostat 120 MG Delayed Release Oral Tablet by DE,RxNorm Extension,M04A_antigout_preparations,reviewed_seed,Imported from master codelists,Drug,standard,M04A_antigout_preparations
antigout_medicines,Antigout medicines,drug,35747730,TRUE,Allopurinol 100 MG Extended Release Oral Tablet [Zyloric] Box of 50 by Dowelhurst,RxNorm Extension,M04A_antigout_preparations,reviewed_seed,Imported from master codelists,Drug,standard,M04A_antigout_preparations
antigout_medicines,Antigout medicines,drug,35747731,TRUE,Allopurinol 100 MG Extended Release Oral Tablet [Zyloric] Box of 25 by Lexon,RxNorm Extension,M04A_antigout_preparations,reviewed_seed,Imported from master codelists,Drug,standard,M04A_antigout_preparations
antigout_medicines,Antigout medicines,drug,35747732,TRUE,Allopurinol 100 MG Extended Release Oral Tablet [Caplenal] Box of 28 by TEVA,RxNorm Extension,M04A_antigout_preparations,reviewed_seed,Imported from master codelists,Drug,standard,M04A_antigout_preparations
antigout_medicines,Antigout medicines,drug,35747733,TRUE,Allopurinol 100 MG Extended Release Oral Tablet Box of 28 by TEVA,RxNorm Extension,M04A_antigout_preparations,reviewed_seed,Imported from master codelists,Drug,standard,M04A_antigout_preparations
antigout_medicines,Antigout medicines,drug,35747734,TRUE,Allopurinol 100 MG Extended Release Oral Tablet Box of 28 by Alliance,RxNorm Extension,M04A_antigout_preparations,reviewed_seed,Imported from master codelists,Drug,standard,M04A_antigout_preparations
antigout_medicines,Antigout medicines,drug,35747735,TRUE,Allopurinol 100 MG Extended Release Oral Tablet by Ranbaxy,RxNorm Extension,M04A_antigout_preparations,reviewed_seed,Imported from master codelists,Drug,standard,M04A_antigout_preparations
antigout_medicines,Antigout medicines,drug,35747736,TRUE,Allopurinol 100 MG Extended Release Oral Tablet by Waymade,RxNorm Extension,M04A_antigout_preparations,reviewed_seed,Imported from master codelists,Drug,standard,M04A_antigout_preparations
antigout_medicines,Antigout medicines,drug,35747737,TRUE,Allopurinol 100 MG Extended Release Oral Tablet by Bristol Myers Squibb,RxNorm Extension,M04A_antigout_preparations,reviewed_seed,Imported from master codelists,Drug,standard,M04A_antigout_preparations
antigout_medicines,Antigout medicines,drug,35747738,TRUE,Allopurinol 300 MG Extended Release Oral Tablet [Xanthomax] Box of 28 by Ashbourne,RxNorm Extension,M04A_antigout_preparations,reviewed_seed,Imported from master codelists,Drug,standard,M04A_antigout_preparations
antigout_medicines,Antigout medicines,drug,35747739,TRUE,Allopurinol 300 MG Extended Release Oral Tablet [Zyloric] Box of 30 by Lexon,RxNorm Extension,M04A_antigout_preparations,reviewed_seed,Imported from master codelists,Drug,standard,M04A_antigout_preparations
antigout_medicines,Antigout medicines,drug,35747740,TRUE,Allopurinol 300 MG Extended Release Oral Tablet [Zyloric] by Waymade,RxNorm Extension,M04A_antigout_preparations,reviewed_seed,Imported from master codelists,Drug,standard,M04A_antigout_preparations
antigout_medicines,Antigout medicines,drug,35747741,TRUE,Allopurinol 300 MG Extended Release Oral Tablet Box of 100 by Mylan,RxNorm Extension,M04A_antigout_preparations,reviewed_seed,Imported from master codelists,Drug,standard,M04A_antigout_preparations
antigout_medicines,Antigout medicines,drug,35747742,TRUE,Allopurinol 300 MG Extended Release Oral Tablet Box of 28 by Actavis,RxNorm Extension,M04A_antigout_preparations,reviewed_seed,Imported from master codelists,Drug,standard,M04A_antigout_preparations
antigout_medicines,Antigout medicines,drug,35747743,TRUE,Allopurinol 300 MG Extended Release Oral Tablet Box of 28 by A A H,RxNorm Extension,M04A_antigout_preparations,reviewed_seed,Imported from master codelists,Drug,standard,M04A_antigout_preparations
antigout_medicines,Antigout medicines,drug,35747744,TRUE,Allopurinol 300 MG Extended Release Oral Tablet by Wockhardt,RxNorm Extension,M04A_antigout_preparations,reviewed_seed,Imported from master codelists,Drug,standard,M04A_antigout_preparations
antigout_medicines,Antigout medicines,drug,35747745,TRUE,Allopurinol 300 MG Extended Release Oral Tablet by A A H,RxNorm Extension,M04A_antigout_preparations,reviewed_seed,Imported from master codelists,Drug,standard,M04A_antigout_preparations
antigout_medicines,Antigout medicines,drug,35747746,TRUE,Allopurinol 300 MG Extended Release Oral Tablet by DE,RxNorm Extension,M04A_antigout_preparations,reviewed_seed,Imported from master codelists,Drug,standard,M04A_antigout_preparations
antigout_medicines,Antigout medicines,drug,35747747,TRUE,Allopurinol 300 MG Extended Release Oral Tablet by Arrow Generics,RxNorm Extension,M04A_antigout_preparations,reviewed_seed,Imported from master codelists,Drug,standard,M04A_antigout_preparations
antigout_medicines,Antigout medicines,drug,35749737,TRUE,Benzbromarone 100 MG Delayed Release Oral Tablet Box of 30,RxNorm Extension,M04A_antigout_preparations,reviewed_seed,Imported from master codelists,Drug,standard,M04A_antigout_preparations
antigout_medicines,Antigout medicines,drug,35749853,TRUE,Allopurinol 100 MG Extended Release Oral Tablet Box of 28,RxNorm Extension,M04A_antigout_preparations,reviewed_seed,Imported from master codelists,Drug,standard,M04A_antigout_preparations
antigout_medicines,Antigout medicines,drug,35750031,TRUE,Benzbromarone 100 MG Delayed Release Oral Tablet [Desuric] Box of 100,RxNorm Extension,M04A_antigout_preparations,reviewed_seed,Imported from master codelists,Drug,standard,M04A_antigout_preparations
antigout_medicines,Antigout medicines,drug,35750306,TRUE,Allopurinol 100 MG Extended Release Oral Tablet [Zyloric] Box of 100,RxNorm Extension,M04A_antigout_preparations,reviewed_seed,Imported from master codelists,Drug,standard,M04A_antigout_preparations
antigout_medicines,Antigout medicines,drug,35750307,TRUE,Allopurinol 100 MG Extended Release Oral Tablet [Uricto] Box of 28,RxNorm Extension,M04A_antigout_preparations,reviewed_seed,Imported from master codelists,Drug,standard,M04A_antigout_preparations
antigout_medicines,Antigout medicines,drug,35750308,TRUE,Allopurinol 300 MG Extended Release Oral Tablet [Xanthomax] Box of 28,RxNorm Extension,M04A_antigout_preparations,reviewed_seed,Imported from master codelists,Drug,standard,M04A_antigout_preparations
antigout_medicines,Antigout medicines,drug,35750309,TRUE,Allopurinol 300 MG Extended Release Oral Tablet [Caplenal] Box of 28,RxNorm Extension,M04A_antigout_preparations,reviewed_seed,Imported from master codelists,Drug,standard,M04A_antigout_preparations
antigout_medicines,Antigout medicines,drug,35750888,TRUE,febuxostat 80 MG Delayed Release Oral Tablet [Adenuric] Box of 28 by Lexon,RxNorm Extension,M04A_antigout_preparations,reviewed_seed,Imported from master codelists,Drug,standard,M04A_antigout_preparations
antigout_medicines,Antigout medicines,drug,35750889,TRUE,febuxostat 120 MG Delayed Release Oral Tablet Box of 28 by DE,RxNorm Extension,M04A_antigout_preparations,reviewed_seed,Imported from master codelists,Drug,standard,M04A_antigout_preparations
antigout_medicines,Antigout medicines,drug,35751853,TRUE,Allopurinol 100 MG Extended Release Oral Tablet [Xanthomax] by Ashbourne,RxNorm Extension,M04A_antigout_preparations,reviewed_seed,Imported from master codelists,Drug,standard,M04A_antigout_preparations
antigout_medicines,Antigout medicines,drug,35751854,TRUE,Allopurinol 100 MG Extended Release Oral Tablet [Zyloric] Box of 100 by Lexon,RxNorm Extension,M04A_antigout_preparations,reviewed_seed,Imported from master codelists,Drug,standard,M04A_antigout_preparations
antigout_medicines,Antigout medicines,drug,35751855,TRUE,Allopurinol 100 MG Extended Release Oral Tablet [Zyloric] Box of 100 by Aspen,RxNorm Extension,M04A_antigout_preparations,reviewed_seed,Imported from master codelists,Drug,standard,M04A_antigout_preparations
antigout_medicines,Antigout medicines,drug,35751856,TRUE,Allopurinol 100 MG Extended Release Oral Tablet Box of 100 by Ivax,RxNorm Extension,M04A_antigout_preparations,reviewed_seed,Imported from master codelists,Drug,standard,M04A_antigout_preparations
antigout_medicines,Antigout medicines,drug,35751857,TRUE,Allopurinol 100 MG Extended Release Oral Tablet Box of 100 by Co-Pharma,RxNorm Extension,M04A_antigout_preparations,reviewed_seed,Imported from master codelists,Drug,standard,M04A_antigout_preparations
antigout_medicines,Antigout medicines,drug,35751858,TRUE,Allopurinol 100 MG Extended Release Oral Tablet Box of 28 by Almus,RxNorm Extension,M04A_antigout_preparations,reviewed_seed,Imported from master codelists,Drug,standard,M04A_antigout_preparations
antigout_medicines,Antigout medicines,drug,35751859,TRUE,Allopurinol 100 MG Extended Release Oral Tablet Box of 28 by A A H,RxNorm Extension,M04A_antigout_preparations,reviewed_seed,Imported from master codelists,Drug,standard,M04A_antigout_preparations
antigout_medicines,Antigout medicines,drug,35751860,TRUE,Allopurinol 100 MG Extended Release Oral Tablet Box of 28 by Accord,RxNorm Extension,M04A_antigout_preparations,reviewed_seed,Imported from master codelists,Drug,standard,M04A_antigout_preparations
antigout_medicines,Antigout medicines,drug,35751861,TRUE,Allopurinol 100 MG Extended Release Oral Tablet Box of 28 by Bristol Myers Squibb,RxNorm Extension,M04A_antigout_preparations,reviewed_seed,Imported from master codelists,Drug,standard,M04A_antigout_preparations
antigout_medicines,Antigout medicines,drug,35751862,TRUE,Allopurinol 100 MG Extended Release Oral Tablet by TEVA,RxNorm Extension,M04A_antigout_preparations,reviewed_seed,Imported from master codelists,Drug,standard,M04A_antigout_preparations
antigout_medicines,Antigout medicines,drug,35751863,TRUE,Allopurinol 100 MG Extended Release Oral Tablet by Milpharm,RxNorm Extension,M04A_antigout_preparations,reviewed_seed,Imported from master codelists,Drug,standard,M04A_antigout_preparations
antigout_medicines,Antigout medicines,drug,35751864,TRUE,Allopurinol 100 MG Extended Release Oral Tablet by Alliance,RxNorm Extension,M04A_antigout_preparations,reviewed_seed,Imported from master codelists,Drug,standard,M04A_antigout_preparations
antigout_medicines,Antigout medicines,drug,35751865,TRUE,Allopurinol 300 MG Extended Release Oral Tablet [Zyloric] Box of 30 by Waymade,RxNorm Extension,M04A_antigout_preparations,reviewed_seed,Imported from master codelists,Drug,standard,M04A_antigout_preparations
antigout_medicines,Antigout medicines,drug,35751866,TRUE,Allopurinol 300 MG Extended Release Oral Tablet [Zyloric] Box of 28 by Aspen,RxNorm Extension,M04A_antigout_preparations,reviewed_seed,Imported from master codelists,Drug,standard,M04A_antigout_preparations
antigout_medicines,Antigout medicines,drug,35751867,TRUE,Allopurinol 300 MG Extended Release Oral Tablet [Zyloric] by Lexon,RxNorm Extension,M04A_antigout_preparations,reviewed_seed,Imported from master codelists,Drug,standard,M04A_antigout_preparations
antigout_medicines,Antigout medicines,drug,35751868,TRUE,Allopurinol 300 MG Extended Release Oral Tablet [Caplenal] by TEVA,RxNorm Extension,M04A_antigout_preparations,reviewed_seed,Imported from master codelists,Drug,standard,M04A_antigout_preparations
antigout_medicines,Antigout medicines,drug,35751869,TRUE,Allopurinol 300 MG Extended Release Oral Tablet Box of 100 by A A H,RxNorm Extension,M04A_antigout_preparations,reviewed_seed,Imported from master codelists,Drug,standard,M04A_antigout_preparations
antigout_medicines,Antigout medicines,drug,35751870,TRUE,Allopurinol 300 MG Extended Release Oral Tablet Box of 100 by Kent,RxNorm Extension,M04A_antigout_preparations,reviewed_seed,Imported from master codelists,Drug,standard,M04A_antigout_preparations
antigout_medicines,Antigout medicines,drug,35751871,TRUE,Allopurinol 300 MG Extended Release Oral Tablet Box of 28 by Sigma-Tau,RxNorm Extension,M04A_antigout_preparations,reviewed_seed,Imported from master codelists,Drug,standard,M04A_antigout_preparations
antigout_medicines,Antigout medicines,drug,35751872,TRUE,Allopurinol 300 MG Extended Release Oral Tablet Box of 28 by Mylan,RxNorm Extension,M04A_antigout_preparations,reviewed_seed,Imported from master codelists,Drug,standard,M04A_antigout_preparations
antigout_medicines,Antigout medicines,drug,35751873,TRUE,Allopurinol 300 MG Extended Release Oral Tablet by Dowelhurst,RxNorm Extension,M04A_antigout_preparations,reviewed_seed,Imported from master codelists,Drug,standard,M04A_antigout_preparations
antigout_medicines,Antigout medicines,drug,35754529,TRUE,Allopurinol 100 MG Extended Release Oral Tablet [Caplenal] Box of 28,RxNorm Extension,M04A_antigout_preparations,reviewed_seed,Imported from master codelists,Drug,standard,M04A_antigout_preparations
antigout_medicines,Antigout medicines,drug,35755115,TRUE,febuxostat 80 MG Delayed Release Oral Tablet [Adenuric] Box of 28 by A Menarini,RxNorm Extension,M04A_antigout_preparations,reviewed_seed,Imported from master codelists,Drug,standard,M04A_antigout_preparations
antigout_medicines,Antigout medicines,drug,35755116,TRUE,febuxostat 80 MG Delayed Release Oral Tablet [Adenuric] Box of 28 by Waymade,RxNorm Extension,M04A_antigout_preparations,reviewed_seed,Imported from master codelists,Drug,standard,M04A_antigout_preparations
antigout_medicines,Antigout medicines,drug,35755367,TRUE,Rasburicase 1.5 MG Injectable Solution [Fasturtec] by Sanofi,RxNorm Extension,M04A_antigout_preparations,reviewed_seed,Imported from master codelists,Drug,standard,M04A_antigout_preparations
antigout_medicines,Antigout medicines,drug,35756093,TRUE,Allopurinol 100 MG Extended Release Oral Tablet [Zyloric] Box of 50 by Sigma-Tau,RxNorm Extension,M04A_antigout_preparations,reviewed_seed,Imported from master codelists,Drug,standard,M04A_antigout_preparations
antigout_medicines,Antigout medicines,drug,35756094,TRUE,Allopurinol 100 MG Extended Release Oral Tablet [Zyloric] by Dowelhurst,RxNorm Extension,M04A_antigout_preparations,reviewed_seed,Imported from master codelists,Drug,standard,M04A_antigout_preparations
antigout_medicines,Antigout medicines,drug,35756095,TRUE,Allopurinol 100 MG Extended Release Oral Tablet [Uricto] Box of 28 by Ennogen,RxNorm Extension,M04A_antigout_preparations,reviewed_seed,Imported from master codelists,Drug,standard,M04A_antigout_preparations
antigout_medicines,Antigout medicines,drug,35756096,TRUE,Allopurinol 100 MG Extended Release Oral Tablet Box of 100 by A A H,RxNorm Extension,M04A_antigout_preparations,reviewed_seed,Imported from master codelists,Drug,standard,M04A_antigout_preparations
antigout_medicines,Antigout medicines,drug,35756097,TRUE,Allopurinol 100 MG Extended Release Oral Tablet Box of 100 by Kent,RxNorm Extension,M04A_antigout_preparations,reviewed_seed,Imported from master codelists,Drug,standard,M04A_antigout_preparations
antigout_medicines,Antigout medicines,drug,35756098,TRUE,Allopurinol 100 MG Extended Release Oral Tablet Box of 28 by Actavis,RxNorm Extension,M04A_antigout_preparations,reviewed_seed,Imported from master codelists,Drug,standard,M04A_antigout_preparations
antigout_medicines,Antigout medicines,drug,35756099,TRUE,Allopurinol 100 MG Extended Release Oral Tablet Box of 28 by Sandoz,RxNorm Extension,M04A_antigout_preparations,reviewed_seed,Imported from master codelists,Drug,standard,M04A_antigout_preparations
antigout_medicines,Antigout medicines,drug,35756100,TRUE,Allopurinol 100 MG Extended Release Oral Tablet Box of 28 by Phoenix Labs,RxNorm Extension,M04A_antigout_preparations,reviewed_seed,Imported from master codelists,Drug,standard,M04A_antigout_preparations
antigout_medicines,Antigout medicines,drug,35756101,TRUE,Allopurinol 100 MG Extended Release Oral Tablet by Dowelhurst,RxNorm Extension,M04A_antigout_preparations,reviewed_seed,Imported from master codelists,Drug,standard,M04A_antigout_preparations
antigout_medicines,Antigout medicines,drug,35756102,TRUE,Allopurinol 100 MG Extended Release Oral Tablet by Sigma-Tau,RxNorm Extension,M04A_antigout_preparations,reviewed_seed,Imported from master codelists,Drug,standard,M04A_antigout_preparations
antigout_medicines,Antigout medicines,drug,35756103,TRUE,Allopurinol 100 MG Extended Release Oral Tablet by Crescent,RxNorm Extension,M04A_antigout_preparations,reviewed_seed,Imported from master codelists,Drug,standard,M04A_antigout_preparations
antigout_medicines,Antigout medicines,drug,35756104,TRUE,Allopurinol 100 MG Extended Release Oral Tablet by Accord,RxNorm Extension,M04A_antigout_preparations,reviewed_seed,Imported from master codelists,Drug,standard,M04A_antigout_preparations
antigout_medicines,Antigout medicines,drug,35756105,TRUE,Allopurinol 100 MG Extended Release Oral Tablet by Arrow Generics,RxNorm Extension,M04A_antigout_preparations,reviewed_seed,Imported from master codelists,Drug,standard,M04A_antigout_preparations
antigout_medicines,Antigout medicines,drug,35756106,TRUE,Allopurinol 100 MG Oral Tablet by Arrow Generics,RxNorm Extension,M04A_antigout_preparations,reviewed_seed,Imported from master codelists,Drug,standard,M04A_antigout_preparations
antigout_medicines,Antigout medicines,drug,35756107,TRUE,Allopurinol 300 MG Extended Release Oral Tablet [Xanthomax] by Ashbourne,RxNorm Extension,M04A_antigout_preparations,reviewed_seed,Imported from master codelists,Drug,standard,M04A_antigout_preparations
antigout_medicines,Antigout medicines,drug,35756108,TRUE,Allopurinol 300 MG Extended Release Oral Tablet Box of 28 by Ranbaxy,RxNorm Extension,M04A_antigout_preparations,reviewed_seed,Imported from master codelists,Drug,standard,M04A_antigout_preparations
antigout_medicines,Antigout medicines,drug,35756109,TRUE,Allopurinol 300 MG Extended Release Oral Tablet Box of 28 by Alliance,RxNorm Extension,M04A_antigout_preparations,reviewed_seed,Imported from master codelists,Drug,standard,M04A_antigout_preparations
antigout_medicines,Antigout medicines,drug,35756110,TRUE,Allopurinol 300 MG Extended Release Oral Tablet Box of 28 by Crescent,RxNorm Extension,M04A_antigout_preparations,reviewed_seed,Imported from master codelists,Drug,standard,M04A_antigout_preparations
antigout_medicines,Antigout medicines,drug,35756111,TRUE,Allopurinol 300 MG Extended Release Oral Tablet by Actavis,RxNorm Extension,M04A_antigout_preparations,reviewed_seed,Imported from master codelists,Drug,standard,M04A_antigout_preparations
antigout_medicines,Antigout medicines,drug,35756112,TRUE,Allopurinol 300 MG Extended Release Oral Tablet by Phoenix Labs,RxNorm Extension,M04A_antigout_preparations,reviewed_seed,Imported from master codelists,Drug,standard,M04A_antigout_preparations
antigout_medicines,Antigout medicines,drug,35756113,TRUE,Allopurinol 300 MG Extended Release Oral Tablet by Mylan,RxNorm Extension,M04A_antigout_preparations,reviewed_seed,Imported from master codelists,Drug,standard,M04A_antigout_preparations
antigout_medicines,Antigout medicines,drug,35756114,TRUE,Allopurinol 20 MG/ML Oral Solution by Drug Tariff Special Order,RxNorm Extension,M04A_antigout_preparations,reviewed_seed,Imported from master codelists,Drug,standard,M04A_antigout_preparations
antigout_medicines,Antigout medicines,drug,35757963,TRUE,Allopurinol Extended Release Oral Tablet [Caplenal],RxNorm Extension,M04A_antigout_preparations,reviewed_seed,Imported from master codelists,Drug,standard,M04A_antigout_preparations
antigout_medicines,Antigout medicines,drug,35757964,TRUE,Allopurinol Extended Release Oral Tablet [Uricto],RxNorm Extension,M04A_antigout_preparations,reviewed_seed,Imported from master codelists,Drug,standard,M04A_antigout_preparations
antigout_medicines,Antigout medicines,drug,35758187,TRUE,Allopurinol 100 MG Extended Release Oral Tablet Box of 25,RxNorm Extension,M04A_antigout_preparations,reviewed_seed,Imported from master codelists,Drug,standard,M04A_antigout_preparations
antigout_medicines,Antigout medicines,drug,35758646,TRUE,Allopurinol 100 MG Extended Release Oral Tablet [Xanthomax] Box of 100,RxNorm Extension,M04A_antigout_preparations,reviewed_seed,Imported from master codelists,Drug,standard,M04A_antigout_preparations
antigout_medicines,Antigout medicines,drug,35758647,TRUE,Allopurinol 300 MG Extended Release Oral Tablet [Zyloric] Box of 30,RxNorm Extension,M04A_antigout_preparations,reviewed_seed,Imported from master codelists,Drug,standard,M04A_antigout_preparations
antigout_medicines,Antigout medicines,drug,35759235,TRUE,febuxostat 80 MG Delayed Release Oral Tablet [Adenuric] by Lexon,RxNorm Extension,M04A_antigout_preparations,reviewed_seed,Imported from master codelists,Drug,standard,M04A_antigout_preparations
antigout_medicines,Antigout medicines,drug,35759236,TRUE,febuxostat 120 MG Delayed Release Oral Tablet by Colorama,RxNorm Extension,M04A_antigout_preparations,reviewed_seed,Imported from master codelists,Drug,standard,M04A_antigout_preparations
antigout_medicines,Antigout medicines,drug,35759488,TRUE,Rasburicase 1.5 MG Injectable Solution [Fasturtec] Box of 3 by Sanofi,RxNorm Extension,M04A_antigout_preparations,reviewed_seed,Imported from master codelists,Drug,standard,M04A_antigout_preparations
antigout_medicines,Antigout medicines,drug,35759489,TRUE,Rasburicase 7.5 MG Injectable Solution [Fasturtec] Box of 1 by Sanofi,RxNorm Extension,M04A_antigout_preparations,reviewed_seed,Imported from master codelists,Drug,standard,M04A_antigout_preparations
antigout_medicines,Antigout medicines,drug,35760249,TRUE,Allopurinol 100 MG Extended Release Oral Tablet [Xanthomax] Box of 100 by Ashbourne,RxNorm Extension,M04A_antigout_preparations,reviewed_seed,Imported from master codelists,Drug,standard,M04A_antigout_preparations
antigout_medicines,Antigout medicines,drug,35760250,TRUE,Allopurinol 100 MG Extended Release Oral Tablet [Zyloric] Box of 50 by Stephar,RxNorm Extension,M04A_antigout_preparations,reviewed_seed,Imported from master codelists,Drug,standard,M04A_antigout_preparations
antigout_medicines,Antigout medicines,drug,35760251,TRUE,Allopurinol 100 MG Extended Release Oral Tablet [Zyloric] by Lexon,RxNorm Extension,M04A_antigout_preparations,reviewed_seed,Imported from master codelists,Drug,standard,M04A_antigout_preparations
antigout_medicines,Antigout medicines,drug,35760252,TRUE,Allopurinol 100 MG Extended Release Oral Tablet [Zyloric] by Waymade,RxNorm Extension,M04A_antigout_preparations,reviewed_seed,Imported from master codelists,Drug,standard,M04A_antigout_preparations
antigout_medicines,Antigout medicines,drug,35760253,TRUE,Allopurinol 100 MG Extended Release Oral Tablet [Caplenal] by TEVA,RxNorm Extension,M04A_antigout_preparations,reviewed_seed,Imported from master codelists,Drug,standard,M04A_antigout_preparations
antigout_medicines,Antigout medicines,drug,35760254,TRUE,Allopurinol 100 MG Extended Release Oral Tablet Box of 28 by Milpharm,RxNorm Extension,M04A_antigout_preparations,reviewed_seed,Imported from master codelists,Drug,standard,M04A_antigout_preparations
antigout_medicines,Antigout medicines,drug,35760255,TRUE,Allopurinol 100 MG Extended Release Oral Tablet Box of 28 by Ranbaxy,RxNorm Extension,M04A_antigout_preparations,reviewed_seed,Imported from master codelists,Drug,standard,M04A_antigout_preparations
antigout_medicines,Antigout medicines,drug,35760256,TRUE,Allopurinol 100 MG Extended Release Oral Tablet Box of 28 by Kent,RxNorm Extension,M04A_antigout_preparations,reviewed_seed,Imported from master codelists,Drug,standard,M04A_antigout_preparations
antigout_medicines,Antigout medicines,drug,35760257,TRUE,Allopurinol 100 MG Extended Release Oral Tablet by Almus,RxNorm Extension,M04A_antigout_preparations,reviewed_seed,Imported from master codelists,Drug,standard,M04A_antigout_preparations
antigout_medicines,Antigout medicines,drug,35760258,TRUE,Allopurinol 100 MG Extended Release Oral Tablet by Ivax,RxNorm Extension,M04A_antigout_preparations,reviewed_seed,Imported from master codelists,Drug,standard,M04A_antigout_preparations
antigout_medicines,Antigout medicines,drug,35760259,TRUE,Allopurinol 100 MG Extended Release Oral Tablet by Kent,RxNorm Extension,M04A_antigout_preparations,reviewed_seed,Imported from master codelists,Drug,standard,M04A_antigout_preparations
antigout_medicines,Antigout medicines,drug,35760260,TRUE,Allopurinol 100 MG Extended Release Oral Tablet by Phoenix Labs,RxNorm Extension,M04A_antigout_preparations,reviewed_seed,Imported from master codelists,Drug,standard,M04A_antigout_preparations
antigout_medicines,Antigout medicines,drug,35760261,TRUE,Allopurinol 300 MG Extended Release Oral Tablet [Zyloric] Box of 30 by Sigma-Tau,RxNorm Extension,M04A_antigout_preparations,reviewed_seed,Imported from master codelists,Drug,standard,M04A_antigout_preparations
antigout_medicines,Antigout medicines,drug,35760262,TRUE,Allopurinol 300 MG Extended Release Oral Tablet [Zyloric] Box of 30 by Stephar,RxNorm Extension,M04A_antigout_preparations,reviewed_seed,Imported from master codelists,Drug,standard,M04A_antigout_preparations
antigout_medicines,Antigout medicines,drug,35760263,TRUE,Allopurinol 300 MG Extended Release Oral Tablet Box of 100 by Co-Pharma,RxNorm Extension,M04A_antigout_preparations,reviewed_seed,Imported from master codelists,Drug,standard,M04A_antigout_preparations
antigout_medicines,Antigout medicines,drug,35760264,TRUE,Allopurinol 300 MG Extended Release Oral Tablet Box of 28 by Wockhardt,RxNorm Extension,M04A_antigout_preparations,reviewed_seed,Imported from master codelists,Drug,standard,M04A_antigout_preparations
antigout_medicines,Antigout medicines,drug,35760265,TRUE,Allopurinol 300 MG Extended Release Oral Tablet Box of 28 by DE,RxNorm Extension,M04A_antigout_preparations,reviewed_seed,Imported from master codelists,Drug,standard,M04A_antigout_preparations
antigout_medicines,Antigout medicines,drug,35760266,TRUE,Allopurinol 300 MG Extended Release Oral Tablet Box of 28 by Arrow Generics,RxNorm Extension,M04A_antigout_preparations,reviewed_seed,Imported from master codelists,Drug,standard,M04A_antigout_preparations
antigout_medicines,Antigout medicines,drug,35760267,TRUE,Allopurinol 300 MG Oral Tablet Box of 28 by Arrow Generics,RxNorm Extension,M04A_antigout_preparations,reviewed_seed,Imported from master codelists,Drug,standard,M04A_antigout_preparations
antigout_medicines,Antigout medicines,drug,35760268,TRUE,Allopurinol 300 MG Extended Release Oral Tablet by Ennogen,RxNorm Extension,M04A_antigout_preparations,reviewed_seed,Imported from master codelists,Drug,standard,M04A_antigout_preparations
antigout_medicines,Antigout medicines,drug,35762141,TRUE,Allopurinol Extended Release Oral Tablet [Zyloric],RxNorm Extension,M04A_antigout_preparations,reviewed_seed,Imported from master codelists,Drug,standard,M04A_antigout_preparations
antigout_medicines,Antigout medicines,drug,35762866,TRUE,Allopurinol 300 MG Extended Release Oral Tablet [Xanthomax],RxNorm Extension,M04A_antigout_preparations,reviewed_seed,Imported from master codelists,Drug,standard,M04A_antigout_preparations
antigout_medicines,Antigout medicines,drug,35763433,TRUE,febuxostat 80 MG Delayed Release Oral Tablet [Adenuric] by Waymade,RxNorm Extension,M04A_antigout_preparations,reviewed_seed,Imported from master codelists,Drug,standard,M04A_antigout_preparations
antigout_medicines,Antigout medicines,drug,35763434,TRUE,febuxostat 80 MG Delayed Release Oral Tablet Box of 28 by DE,RxNorm Extension,M04A_antigout_preparations,reviewed_seed,Imported from master codelists,Drug,standard,M04A_antigout_preparations
antigout_medicines,Antigout medicines,drug,35763435,TRUE,febuxostat 120 MG Delayed Release Oral Tablet Box of 28 by Colorama,RxNorm Extension,M04A_antigout_preparations,reviewed_seed,Imported from master codelists,Drug,standard,M04A_antigout_preparations
antigout_medicines,Antigout medicines,drug,35763706,TRUE,Rasburicase 7.5 MG Injectable Solution [Fasturtec] by Sanofi,RxNorm Extension,M04A_antigout_preparations,reviewed_seed,Imported from master codelists,Drug,standard,M04A_antigout_preparations
antigout_medicines,Antigout medicines,drug,35764406,TRUE,Allopurinol 100 MG Extended Release Oral Tablet [Zyloric] Box of 50 by Waymade,RxNorm Extension,M04A_antigout_preparations,reviewed_seed,Imported from master codelists,Drug,standard,M04A_antigout_preparations
antigout_medicines,Antigout medicines,drug,35764407,TRUE,Allopurinol 100 MG Extended Release Oral Tablet by Mylan,RxNorm Extension,M04A_antigout_preparations,reviewed_seed,Imported from master codelists,Drug,standard,M04A_antigout_preparations
antigout_medicines,Antigout medicines,drug,35764408,TRUE,Allopurinol 300 MG Extended Release Oral Tablet Box of 100 by Ranbaxy,RxNorm Extension,M04A_antigout_preparations,reviewed_seed,Imported from master codelists,Drug,standard,M04A_antigout_preparations
antigout_medicines,Antigout medicines,drug,35764409,TRUE,Allopurinol 300 MG Extended Release Oral Tablet Box of 28 by Dowelhurst,RxNorm Extension,M04A_antigout_preparations,reviewed_seed,Imported from master codelists,Drug,standard,M04A_antigout_preparations
antigout_medicines,Antigout medicines,drug,35764410,TRUE,Allopurinol 300 MG Extended Release Oral Tablet Box of 28 by Kent,RxNorm Extension,M04A_antigout_preparations,reviewed_seed,Imported from master codelists,Drug,standard,M04A_antigout_preparations
antigout_medicines,Antigout medicines,drug,35764411,TRUE,Allopurinol 300 MG Extended Release Oral Tablet Box of 28 by Phoenix Labs,RxNorm Extension,M04A_antigout_preparations,reviewed_seed,Imported from master codelists,Drug,standard,M04A_antigout_preparations
antigout_medicines,Antigout medicines,drug,35764412,TRUE,Allopurinol 300 MG Extended Release Oral Tablet by TEVA,RxNorm Extension,M04A_antigout_preparations,reviewed_seed,Imported from master codelists,Drug,standard,M04A_antigout_preparations
antigout_medicines,Antigout medicines,drug,35764413,TRUE,Allopurinol 300 MG Extended Release Oral Tablet by Waymade,RxNorm Extension,M04A_antigout_preparations,reviewed_seed,Imported from master codelists,Drug,standard,M04A_antigout_preparations
antigout_medicines,Antigout medicines,drug,35764414,TRUE,Allopurinol 300 MG Extended Release Oral Tablet by Sandoz,RxNorm Extension,M04A_antigout_preparations,reviewed_seed,Imported from master codelists,Drug,standard,M04A_antigout_preparations
antigout_medicines,Antigout medicines,drug,35764415,TRUE,Allopurinol 300 MG Extended Release Oral Tablet by Kent,RxNorm Extension,M04A_antigout_preparations,reviewed_seed,Imported from master codelists,Drug,standard,M04A_antigout_preparations
antigout_medicines,Antigout medicines,drug,35764416,TRUE,Allopurinol 300 MG Oral Tablet by Arrow Generics,RxNorm Extension,M04A_antigout_preparations,reviewed_seed,Imported from master codelists,Drug,standard,M04A_antigout_preparations
antigout_medicines,Antigout medicines,drug,35766347,TRUE,Benzbromarone 100 MG Delayed Release Oral Tablet Box of 100,RxNorm Extension,M04A_antigout_preparations,reviewed_seed,Imported from master codelists,Drug,standard,M04A_antigout_preparations
antigout_medicines,Antigout medicines,drug,35767545,TRUE,febuxostat 120 MG Delayed Release Oral Tablet [Adenuric] by A Menarini,RxNorm Extension,M04A_antigout_preparations,reviewed_seed,Imported from master codelists,Drug,standard,M04A_antigout_preparations
antigout_medicines,Antigout medicines,drug,35768572,TRUE,Allopurinol 100 MG Extended Release Oral Tablet [Zyloric] Box of 100 by Waymade,RxNorm Extension,M04A_antigout_preparations,reviewed_seed,Imported from master codelists,Drug,standard,M04A_antigout_preparations
antigout_medicines,Antigout medicines,drug,35768573,TRUE,Allopurinol 100 MG Extended Release Oral Tablet [Zyloric] by Sigma-Tau,RxNorm Extension,M04A_antigout_preparations,reviewed_seed,Imported from master codelists,Drug,standard,M04A_antigout_preparations
antigout_medicines,Antigout medicines,drug,35768574,TRUE,Allopurinol 100 MG Extended Release Oral Tablet Box of 100 by Mylan,RxNorm Extension,M04A_antigout_preparations,reviewed_seed,Imported from master codelists,Drug,standard,M04A_antigout_preparations
antigout_medicines,Antigout medicines,drug,35768575,TRUE,Allopurinol 100 MG Extended Release Oral Tablet Box of 28 by DE,RxNorm Extension,M04A_antigout_preparations,reviewed_seed,Imported from master codelists,Drug,standard,M04A_antigout_preparations
antigout_medicines,Antigout medicines,drug,35768576,TRUE,Allopurinol 100 MG Extended Release Oral Tablet Box of 28 by Arrow Generics,RxNorm Extension,M04A_antigout_preparations,reviewed_seed,Imported from master codelists,Drug,standard,M04A_antigout_preparations
antigout_medicines,Antigout medicines,drug,35768577,TRUE,Allopurinol 100 MG Extended Release Oral Tablet by Wockhardt,RxNorm Extension,M04A_antigout_preparations,reviewed_seed,Imported from master codelists,Drug,standard,M04A_antigout_preparations
antigout_medicines,Antigout medicines,drug,35768578,TRUE,Allopurinol 100 MG Extended Release Oral Tablet by Actavis,RxNorm Extension,M04A_antigout_preparations,reviewed_seed,Imported from master codelists,Drug,standard,M04A_antigout_preparations
antigout_medicines,Antigout medicines,drug,35768579,TRUE,Allopurinol 100 MG Extended Release Oral Tablet by A A H,RxNorm Extension,M04A_antigout_preparations,reviewed_seed,Imported from master codelists,Drug,standard,M04A_antigout_preparations
antigout_medicines,Antigout medicines,drug,35768580,TRUE,Allopurinol 300 MG Extended Release Oral Tablet [Zyloric] by Sigma-Tau,RxNorm Extension,M04A_antigout_preparations,reviewed_seed,Imported from master codelists,Drug,standard,M04A_antigout_preparations
antigout_medicines,Antigout medicines,drug,35768581,TRUE,Allopurinol 300 MG Extended Release Oral Tablet [Zyloric] by Stephar,RxNorm Extension,M04A_antigout_preparations,reviewed_seed,Imported from master codelists,Drug,standard,M04A_antigout_preparations
antigout_medicines,Antigout medicines,drug,35768582,TRUE,Allopurinol 300 MG Extended Release Oral Tablet [Caplenal] Box of 28 by TEVA,RxNorm Extension,M04A_antigout_preparations,reviewed_seed,Imported from master codelists,Drug,standard,M04A_antigout_preparations
antigout_medicines,Antigout medicines,drug,35768583,TRUE,Allopurinol 300 MG Extended Release Oral Tablet Box of 28 by Co-Pharma,RxNorm Extension,M04A_antigout_preparations,reviewed_seed,Imported from master codelists,Drug,standard,M04A_antigout_preparations
antigout_medicines,Antigout medicines,drug,35768584,TRUE,Allopurinol 300 MG Extended Release Oral Tablet Box of 28 by Waymade,RxNorm Extension,M04A_antigout_preparations,reviewed_seed,Imported from master codelists,Drug,standard,M04A_antigout_preparations
antigout_medicines,Antigout medicines,drug,35768585,TRUE,Allopurinol 300 MG Extended Release Oral Tablet Box of 28 by Accord,RxNorm Extension,M04A_antigout_preparations,reviewed_seed,Imported from master codelists,Drug,standard,M04A_antigout_preparations
antigout_medicines,Antigout medicines,drug,35768586,TRUE,Allopurinol 300 MG Extended Release Oral Tablet by Ivax,RxNorm Extension,M04A_antigout_preparations,reviewed_seed,Imported from master codelists,Drug,standard,M04A_antigout_preparations
antigout_medicines,Antigout medicines,drug,35770442,TRUE,Benzbromarone Delayed Release Oral Tablet [Desuric],RxNorm Extension,M04A_antigout_preparations,reviewed_seed,Imported from master codelists,Drug,standard,M04A_antigout_preparations
antigout_medicines,Antigout medicines,drug,35770533,TRUE,Allopurinol Extended Release Oral Tablet [Xanthomax],RxNorm Extension,M04A_antigout_preparations,reviewed_seed,Imported from master codelists,Drug,standard,M04A_antigout_preparations
antigout_medicines,Antigout medicines,drug,35771270,TRUE,Allopurinol 100 MG Extended Release Oral Tablet [Zyloric] Box of 25,RxNorm Extension,M04A_antigout_preparations,reviewed_seed,Imported from master codelists,Drug,standard,M04A_antigout_preparations
antigout_medicines,Antigout medicines,drug,35771271,TRUE,Allopurinol 100 MG Extended Release Oral Tablet [Caplenal],RxNorm Extension,M04A_antigout_preparations,reviewed_seed,Imported from master codelists,Drug,standard,M04A_antigout_preparations
antigout_medicines,Antigout medicines,drug,35771272,TRUE,Allopurinol 100 MG Extended Release Oral Tablet [Uricto],RxNorm Extension,M04A_antigout_preparations,reviewed_seed,Imported from master codelists,Drug,standard,M04A_antigout_preparations
antigout_medicines,Antigout medicines,drug,35771273,TRUE,Allopurinol 300 MG Extended Release Oral Tablet [Uricto] Box of 28,RxNorm Extension,M04A_antigout_preparations,reviewed_seed,Imported from master codelists,Drug,standard,M04A_antigout_preparations
antigout_medicines,Antigout medicines,drug,35771895,TRUE,febuxostat 80 MG Delayed Release Oral Tablet Box of 28 by Colorama,RxNorm Extension,M04A_antigout_preparations,reviewed_seed,Imported from master codelists,Drug,standard,M04A_antigout_preparations
antigout_medicines,Antigout medicines,drug,35771896,TRUE,febuxostat 80 MG Delayed Release Oral Tablet by Colorama,RxNorm Extension,M04A_antigout_preparations,reviewed_seed,Imported from master codelists,Drug,standard,M04A_antigout_preparations
antigout_medicines,Antigout medicines,drug,35772924,TRUE,Allopurinol 100 MG Extended Release Oral Tablet [Zyloric] by Aspen,RxNorm Extension,M04A_antigout_preparations,reviewed_seed,Imported from master codelists,Drug,standard,M04A_antigout_preparations
antigout_medicines,Antigout medicines,drug,35772925,TRUE,Allopurinol 100 MG Extended Release Oral Tablet [Uricto] by Ennogen,RxNorm Extension,M04A_antigout_preparations,reviewed_seed,Imported from master codelists,Drug,standard,M04A_antigout_preparations
antigout_medicines,Antigout medicines,drug,35772926,TRUE,Allopurinol 100 MG Extended Release Oral Tablet Box of 100 by Alliance,RxNorm Extension,M04A_antigout_preparations,reviewed_seed,Imported from master codelists,Drug,standard,M04A_antigout_preparations
antigout_medicines,Antigout medicines,drug,35772927,TRUE,Allopurinol 100 MG Extended Release Oral Tablet Box of 28 by Co-Pharma,RxNorm Extension,M04A_antigout_preparations,reviewed_seed,Imported from master codelists,Drug,standard,M04A_antigout_preparations
antigout_medicines,Antigout medicines,drug,35772928,TRUE,Allopurinol 100 MG Extended Release Oral Tablet Box of 28 by Waymade,RxNorm Extension,M04A_antigout_preparations,reviewed_seed,Imported from master codelists,Drug,standard,M04A_antigout_preparations
antigout_medicines,Antigout medicines,drug,35772929,TRUE,Allopurinol 100 MG Extended Release Oral Tablet Box of 28 by Crescent,RxNorm Extension,M04A_antigout_preparations,reviewed_seed,Imported from master codelists,Drug,standard,M04A_antigout_preparations
antigout_medicines,Antigout medicines,drug,35772930,TRUE,Allopurinol 100 MG Extended Release Oral Tablet Box of 28 by Mylan,RxNorm Extension,M04A_antigout_preparations,reviewed_seed,Imported from master codelists,Drug,standard,M04A_antigout_preparations
antigout_medicines,Antigout medicines,drug,35772931,TRUE,Allopurinol 100 MG Oral Tablet Box of 28 by Arrow Generics,RxNorm Extension,M04A_antigout_preparations,reviewed_seed,Imported from master codelists,Drug,standard,M04A_antigout_preparations
antigout_medicines,Antigout medicines,drug,35772932,TRUE,Allopurinol 100 MG Extended Release Oral Tablet by Co-Pharma,RxNorm Extension,M04A_antigout_preparations,reviewed_seed,Imported from master codelists,Drug,standard,M04A_antigout_preparations
antigout_medicines,Antigout medicines,drug,35772933,TRUE,Allopurinol 100 MG Extended Release Oral Tablet by DE,RxNorm Extension,M04A_antigout_preparations,reviewed_seed,Imported from master codelists,Drug,standard,M04A_antigout_preparations
antigout_medicines,Antigout medicines,drug,35772934,TRUE,Allopurinol 100 MG Extended Release Oral Tablet by Ennogen,RxNorm Extension,M04A_antigout_preparations,reviewed_seed,Imported from master codelists,Drug,standard,M04A_antigout_preparations
antigout_medicines,Antigout medicines,drug,35772935,TRUE,Allopurinol 300 MG Extended Release Oral Tablet Box of 28 by Almus,RxNorm Extension,M04A_antigout_preparations,reviewed_seed,Imported from master codelists,Drug,standard,M04A_antigout_preparations
antigout_medicines,Antigout medicines,drug,35772936,TRUE,Allopurinol 300 MG Extended Release Oral Tablet Box of 28 by Milpharm,RxNorm Extension,M04A_antigout_preparations,reviewed_seed,Imported from master codelists,Drug,standard,M04A_antigout_preparations
antigout_medicines,Antigout medicines,drug,35772937,TRUE,Allopurinol 300 MG Extended Release Oral Tablet Box of 28 by Bristol Myers Squibb,RxNorm Extension,M04A_antigout_preparations,reviewed_seed,Imported from master codelists,Drug,standard,M04A_antigout_preparations
antigout_medicines,Antigout medicines,drug,35772938,TRUE,Allopurinol 300 MG Extended Release Oral Tablet by Almus,RxNorm Extension,M04A_antigout_preparations,reviewed_seed,Imported from master codelists,Drug,standard,M04A_antigout_preparations
antigout_medicines,Antigout medicines,drug,35772939,TRUE,Allopurinol 300 MG Extended Release Oral Tablet by Ranbaxy,RxNorm Extension,M04A_antigout_preparations,reviewed_seed,Imported from master codelists,Drug,standard,M04A_antigout_preparations
antigout_medicines,Antigout medicines,drug,35772940,TRUE,Allopurinol 300 MG Extended Release Oral Tablet by Co-Pharma,RxNorm Extension,M04A_antigout_preparations,reviewed_seed,Imported from master codelists,Drug,standard,M04A_antigout_preparations
antigout_medicines,Antigout medicines,drug,35772941,TRUE,Allopurinol 300 MG Extended Release Oral Tablet by Sigma-Tau,RxNorm Extension,M04A_antigout_preparations,reviewed_seed,Imported from master codelists,Drug,standard,M04A_antigout_preparations
antigout_medicines,Antigout medicines,drug,35772942,TRUE,Allopurinol 300 MG Extended Release Oral Tablet by Crescent,RxNorm Extension,M04A_antigout_preparations,reviewed_seed,Imported from master codelists,Drug,standard,M04A_antigout_preparations
antigout_medicines,Antigout medicines,drug,35772943,TRUE,Allopurinol 300 MG Extended Release Oral Tablet by Accord,RxNorm Extension,M04A_antigout_preparations,reviewed_seed,Imported from master codelists,Drug,standard,M04A_antigout_preparations
antigout_medicines,Antigout medicines,drug,35772944,TRUE,Allopurinol 300 MG Extended Release Oral Tablet by Bristol Myers Squibb,RxNorm Extension,M04A_antigout_preparations,reviewed_seed,Imported from master codelists,Drug,standard,M04A_antigout_preparations
antigout_medicines,Antigout medicines,drug,35772945,TRUE,Allopurinol 20 MG/ML Oral Suspension by Drug Tariff Special Order,RxNorm Extension,M04A_antigout_preparations,reviewed_seed,Imported from master codelists,Drug,standard,M04A_antigout_preparations
antigout_medicines,Antigout medicines,drug,35775187,TRUE,Benzbromarone 100 MG Delayed Release Oral Tablet [Desuric] Box of 30,RxNorm Extension,M04A_antigout_preparations,reviewed_seed,Imported from master codelists,Drug,standard,M04A_antigout_preparations
antigout_medicines,Antigout medicines,drug,35775188,TRUE,Benzbromarone 100 MG Delayed Release Oral Tablet [Desuric],RxNorm Extension,M04A_antigout_preparations,reviewed_seed,Imported from master codelists,Drug,standard,M04A_antigout_preparations
antigout_medicines,Antigout medicines,drug,35775440,TRUE,Allopurinol 100 MG Extended Release Oral Tablet [Xanthomax],RxNorm Extension,M04A_antigout_preparations,reviewed_seed,Imported from master codelists,Drug,standard,M04A_antigout_preparations
antigout_medicines,Antigout medicines,drug,35775441,TRUE,Allopurinol 100 MG Extended Release Oral Tablet [Zyloric],RxNorm Extension,M04A_antigout_preparations,reviewed_seed,Imported from master codelists,Drug,standard,M04A_antigout_preparations
antigout_medicines,Antigout medicines,drug,35775442,TRUE,Allopurinol 300 MG Extended Release Oral Tablet [Zyloric] Box of 28,RxNorm Extension,M04A_antigout_preparations,reviewed_seed,Imported from master codelists,Drug,standard,M04A_antigout_preparations
antigout_medicines,Antigout medicines,drug,35775443,TRUE,Allopurinol 300 MG Extended Release Oral Tablet [Zyloric],RxNorm Extension,M04A_antigout_preparations,reviewed_seed,Imported from master codelists,Drug,standard,M04A_antigout_preparations
antigout_medicines,Antigout medicines,drug,35775444,TRUE,Allopurinol 300 MG Extended Release Oral Tablet [Caplenal],RxNorm Extension,M04A_antigout_preparations,reviewed_seed,Imported from master codelists,Drug,standard,M04A_antigout_preparations
antigout_medicines,Antigout medicines,drug,35776112,TRUE,1 ML Allopurinol 20 MG/ML Oral Suspension by Drug Tariff Special Order,RxNorm Extension,M04A_antigout_preparations,reviewed_seed,Imported from master codelists,Drug,standard,M04A_antigout_preparations
antigout_medicines,Antigout medicines,drug,35777219,TRUE,1 ML Allopurinol 60 MG/ML Oral Solution by Drug Tariff Special Order,RxNorm Extension,M04A_antigout_preparations,reviewed_seed,Imported from master codelists,Drug,standard,M04A_antigout_preparations
antigout_medicines,Antigout medicines,drug,35777220,TRUE,1 ML Allopurinol 20 MG/ML Oral Solution by Drug Tariff Special Order,RxNorm Extension,M04A_antigout_preparations,reviewed_seed,Imported from master codelists,Drug,standard,M04A_antigout_preparations
antigout_medicines,Antigout medicines,drug,35777520,TRUE,1 ML Allopurinol 60 MG/ML Oral Suspension by Drug Tariff Special Order,RxNorm Extension,M04A_antigout_preparations,reviewed_seed,Imported from master codelists,Drug,standard,M04A_antigout_preparations
antigout_medicines,Antigout medicines,drug,35784200,TRUE,50 ML Allopurinol 40 MG/ML Oral Solution,RxNorm Extension,M04A_antigout_preparations,reviewed_seed,Imported from master codelists,Drug,standard,M04A_antigout_preparations
antigout_medicines,Antigout medicines,drug,35786890,TRUE,100 ML Allopurinol 60 MG/ML Oral Solution by Drug Tariff Special Order,RxNorm Extension,M04A_antigout_preparations,reviewed_seed,Imported from master codelists,Drug,standard,M04A_antigout_preparations
antigout_medicines,Antigout medicines,drug,35786956,TRUE,100 ML Allopurinol 60 MG/ML Oral Solution,RxNorm Extension,M04A_antigout_preparations,reviewed_seed,Imported from master codelists,Drug,standard,M04A_antigout_preparations
antigout_medicines,Antigout medicines,drug,35787243,TRUE,100 ML Allopurinol 60 MG/ML Oral Suspension by Drug Tariff Special Order,RxNorm Extension,M04A_antigout_preparations,reviewed_seed,Imported from master codelists,Drug,standard,M04A_antigout_preparations
antigout_medicines,Antigout medicines,drug,35787861,TRUE,150 ML Allopurinol 20 MG/ML Oral Suspension by Drug Tariff Special Order,RxNorm Extension,M04A_antigout_preparations,reviewed_seed,Imported from master codelists,Drug,standard,M04A_antigout_preparations
antigout_medicines,Antigout medicines,drug,35787999,TRUE,150 ML Allopurinol 20 MG/ML Oral Solution by Drug Tariff Special Order,RxNorm Extension,M04A_antigout_preparations,reviewed_seed,Imported from master codelists,Drug,standard,M04A_antigout_preparations
antigout_medicines,Antigout medicines,drug,35788992,TRUE,300 ML Allopurinol 1 MG/ML Oral Solution,RxNorm Extension,M04A_antigout_preparations,reviewed_seed,Imported from master codelists,Drug,standard,M04A_antigout_preparations
antigout_medicines,Antigout medicines,drug,35830088,TRUE,benzbromarone 50 MG Oral Tablet by Nagase Medicals,RxNorm Extension,M04A_antigout_preparations,reviewed_seed,Imported from master codelists,Drug,standard,M04A_antigout_preparations
antigout_medicines,Antigout medicines,drug,35830089,TRUE,benzbromarone 25 MG Oral Tablet by Nagase Medicals,RxNorm Extension,M04A_antigout_preparations,reviewed_seed,Imported from master codelists,Drug,standard,M04A_antigout_preparations
antigout_medicines,Antigout medicines,drug,35831352,TRUE,allopurinol 100 MG Oral Tablet by Pfizer,RxNorm Extension,M04A_antigout_preparations,reviewed_seed,Imported from master codelists,Drug,standard,M04A_antigout_preparations
antigout_medicines,Antigout medicines,drug,35831353,TRUE,allopurinol 100 MG Oral Tablet by Sawai,RxNorm Extension,M04A_antigout_preparations,reviewed_seed,Imported from master codelists,Drug,standard,M04A_antigout_preparations
antigout_medicines,Antigout medicines,drug,35831354,TRUE,allopurinol 100 MG Oral Tablet by Tsuruhara,RxNorm Extension,M04A_antigout_preparations,reviewed_seed,Imported from master codelists,Drug,standard,M04A_antigout_preparations
antigout_medicines,Antigout medicines,drug,35831355,TRUE,allopurinol 50 MG Oral Tablet by Pfizer,RxNorm Extension,M04A_antigout_preparations,reviewed_seed,Imported from master codelists,Drug,standard,M04A_antigout_preparations
antigout_medicines,Antigout medicines,drug,35831356,TRUE,allopurinol 50 MG Oral Tablet by Sawai,RxNorm Extension,M04A_antigout_preparations,reviewed_seed,Imported from master codelists,Drug,standard,M04A_antigout_preparations
antigout_medicines,Antigout medicines,drug,35831357,TRUE,allopurinol 50 MG Oral Tablet by Tsuruhara,RxNorm Extension,M04A_antigout_preparations,reviewed_seed,Imported from master codelists,Drug,standard,M04A_antigout_preparations
antigout_medicines,Antigout medicines,drug,35856649,TRUE,benzbromarone 50 MG [Lijialixian],RxNorm Extension,M04A_antigout_preparations,reviewed_seed,Imported from master codelists,Drug,standard,M04A_antigout_preparations
antigout_medicines,Antigout medicines,drug,35856650,TRUE,benzbromarone 20 MG Oral Tablet,RxNorm Extension,M04A_antigout_preparations,reviewed_seed,Imported from master codelists,Drug,standard,M04A_antigout_preparations
antigout_medicines,Antigout medicines,drug,35856651,TRUE,benzbromarone Oral Tablet [Ertongshu],RxNorm Extension,M04A_antigout_preparations,reviewed_seed,Imported from master codelists,Drug,standard,M04A_antigout_preparations
antigout_medicines,Antigout medicines,drug,35856652,TRUE,benzbromarone Oral Tablet [Younuo],RxNorm Extension,M04A_antigout_preparations,reviewed_seed,Imported from master codelists,Drug,standard,M04A_antigout_preparations
antigout_medicines,Antigout medicines,drug,35856653,TRUE,benzbromarone Oral Tablet [Lijialixian],RxNorm Extension,M04A_antigout_preparations,reviewed_seed,Imported from master codelists,Drug,standard,M04A_antigout_preparations
antigout_medicines,Antigout medicines,drug,35856654,TRUE,benzbromarone Oral Capsule,RxNorm Extension,M04A_antigout_preparations,reviewed_seed,Imported from master codelists,Drug,standard,M04A_antigout_preparations
antigout_medicines,Antigout medicines,drug,35856655,TRUE,benzbromarone Oral Capsule [Lijialixian],RxNorm Extension,M04A_antigout_preparations,reviewed_seed,Imported from master codelists,Drug,standard,M04A_antigout_preparations
antigout_medicines,Antigout medicines,drug,35857143,TRUE,benzbromarone 50 MG Oral Tablet [Ertongshu],RxNorm Extension,M04A_antigout_preparations,reviewed_seed,Imported from master codelists,Drug,standard,M04A_antigout_preparations
antigout_medicines,Antigout medicines,drug,35857144,TRUE,benzbromarone 50 MG Oral Tablet [Younuo],RxNorm Extension,M04A_antigout_preparations,reviewed_seed,Imported from master codelists,Drug,standard,M04A_antigout_preparations
antigout_medicines,Antigout medicines,drug,35857145,TRUE,benzbromarone 50 MG Oral Tablet [Lijialixian],RxNorm Extension,M04A_antigout_preparations,reviewed_seed,Imported from master codelists,Drug,standard,M04A_antigout_preparations
antigout_medicines,Antigout medicines,drug,35857146,TRUE,benzbromarone 50 MG Oral Capsule,RxNorm Extension,M04A_antigout_preparations,reviewed_seed,Imported from master codelists,Drug,standard,M04A_antigout_preparations
antigout_medicines,Antigout medicines,drug,35857147,TRUE,benzbromarone 50 MG Oral Capsule [Lijialixian],RxNorm Extension,M04A_antigout_preparations,reviewed_seed,Imported from master codelists,Drug,standard,M04A_antigout_preparations
antigout_medicines,Antigout medicines,drug,35857148,TRUE,benzbromarone 50 MG [Ertongshu],RxNorm Extension,M04A_antigout_preparations,reviewed_seed,Imported from master codelists,Drug,standard,M04A_antigout_preparations
antigout_medicines,Antigout medicines,drug,35857149,TRUE,benzbromarone 50 MG [Younuo],RxNorm Extension,M04A_antigout_preparations,reviewed_seed,Imported from master codelists,Drug,standard,M04A_antigout_preparations
antigout_medicines,Antigout medicines,drug,35870248,TRUE,allopurinol 250 MG Oral Tablet,RxNorm Extension,M04A_antigout_preparations,reviewed_seed,Imported from master codelists,Drug,standard,M04A_antigout_preparations
antigout_medicines,Antigout medicines,drug,35870249,TRUE,allopurinol 250 MG Oral Tablet [Yidatong],RxNorm Extension,M04A_antigout_preparations,reviewed_seed,Imported from master codelists,Drug,standard,M04A_antigout_preparations
antigout_medicines,Antigout medicines,drug,35870250,TRUE,allopurinol 250 MG Oral Capsule,RxNorm Extension,M04A_antigout_preparations,reviewed_seed,Imported from master codelists,Drug,standard,M04A_antigout_preparations
antigout_medicines,Antigout medicines,drug,35870251,TRUE,allopurinol 250 MG Oral Capsule [Aomaibili],RxNorm Extension,M04A_antigout_preparations,reviewed_seed,Imported from master codelists,Drug,standard,M04A_antigout_preparations
antigout_medicines,Antigout medicines,drug,35870252,TRUE,allopurinol 250 MG,RxNorm Extension,M04A_antigout_preparations,reviewed_seed,Imported from master codelists,Drug,standard,M04A_antigout_preparations
antigout_medicines,Antigout medicines,drug,35870253,TRUE,allopurinol 250 MG [Aomaibili],RxNorm Extension,M04A_antigout_preparations,reviewed_seed,Imported from master codelists,Drug,standard,M04A_antigout_preparations
antigout_medicines,Antigout medicines,drug,35870254,TRUE,allopurinol 250 MG [Yidatong],RxNorm Extension,M04A_antigout_preparations,reviewed_seed,Imported from master codelists,Drug,standard,M04A_antigout_preparations
antigout_medicines,Antigout medicines,drug,35870255,TRUE,allopurinol Oral Tablet [Yidatong],RxNorm Extension,M04A_antigout_preparations,reviewed_seed,Imported from master codelists,Drug,standard,M04A_antigout_preparations
antigout_medicines,Antigout medicines,drug,35870256,TRUE,allopurinol Oral Capsule [Aomaibili],RxNorm Extension,M04A_antigout_preparations,reviewed_seed,Imported from master codelists,Drug,standard,M04A_antigout_preparations
antigout_medicines,Antigout medicines,drug,35886190,TRUE,febuxostat 120 MG Oral Tablet Box of 28 by Medihealth,RxNorm Extension,M04A_antigout_preparations,reviewed_seed,Imported from master codelists,Drug,standard,M04A_antigout_preparations
antigout_medicines,Antigout medicines,drug,35886191,TRUE,febuxostat 120 MG Oral Tablet by Medihealth,RxNorm Extension,M04A_antigout_preparations,reviewed_seed,Imported from master codelists,Drug,standard,M04A_antigout_preparations
antigout_medicines,Antigout medicines,drug,35886192,TRUE,febuxostat 80 MG Oral Tablet Box of 28 by Medihealth,RxNorm Extension,M04A_antigout_preparations,reviewed_seed,Imported from master codelists,Drug,standard,M04A_antigout_preparations
antigout_medicines,Antigout medicines,drug,35886193,TRUE,febuxostat 80 MG Oral Tablet by Medihealth,RxNorm Extension,M04A_antigout_preparations,reviewed_seed,Imported from master codelists,Drug,standard,M04A_antigout_preparations
antigout_medicines,Antigout medicines,drug,35888068,TRUE,allopurinol 300 MG Oral Tablet Box of 100 by Strides,RxNorm Extension,M04A_antigout_preparations,reviewed_seed,Imported from master codelists,Drug,standard,M04A_antigout_preparations
antigout_medicines,Antigout medicines,drug,35888069,TRUE,allopurinol 300 MG Oral Tablet Box of 28 by Strides,RxNorm Extension,M04A_antigout_preparations,reviewed_seed,Imported from master codelists,Drug,standard,M04A_antigout_preparations
antigout_medicines,Antigout medicines,drug,35888070,TRUE,allopurinol 300 MG Oral Tablet by Strides,RxNorm Extension,M04A_antigout_preparations,reviewed_seed,Imported from master codelists,Drug,standard,M04A_antigout_preparations
antigout_medicines,Antigout medicines,drug,35888071,TRUE,allopurinol 100 MG Oral Tablet Box of 100 by Strides,RxNorm Extension,M04A_antigout_preparations,reviewed_seed,Imported from master codelists,Drug,standard,M04A_antigout_preparations
antigout_medicines,Antigout medicines,drug,35888072,TRUE,allopurinol 100 MG Oral Tablet Box of 28 by Strides,RxNorm Extension,M04A_antigout_preparations,reviewed_seed,Imported from master codelists,Drug,standard,M04A_antigout_preparations
antigout_medicines,Antigout medicines,drug,35888073,TRUE,allopurinol 100 MG Oral Tablet by Strides,RxNorm Extension,M04A_antigout_preparations,reviewed_seed,Imported from master codelists,Drug,standard,M04A_antigout_preparations
antigout_medicines,Antigout medicines,drug,35888437,TRUE,colchicine 0.5 MG Oral Tablet Box of 100 by Medihealth,RxNorm Extension,M04A_antigout_preparations,reviewed_seed,Imported from master codelists,Drug,standard,M04A_antigout_preparations
antigout_medicines,Antigout medicines,drug,35888438,TRUE,colchicine 0.5 MG Oral Tablet by Medihealth,RxNorm Extension,M04A_antigout_preparations,reviewed_seed,Imported from master codelists,Drug,standard,M04A_antigout_preparations
antigout_medicines,Antigout medicines,drug,36035305,TRUE,allopurinol 300 MG Oral Tablet Box of 30 by Hecgmbh,RxNorm Extension,M04A_antigout_preparations,reviewed_seed,Imported from master codelists,Drug,standard,M04A_antigout_preparations
antigout_medicines,Antigout medicines,drug,36036403,TRUE,febuxostat 80 MG Delayed Release Oral Tablet Box of 28 by Medical Valley,RxNorm Extension,M04A_antigout_preparations,reviewed_seed,Imported from master codelists,Drug,standard,M04A_antigout_preparations
antigout_medicines,Antigout medicines,drug,36036404,TRUE,febuxostat 80 MG Delayed Release Oral Tablet Box of 28 by Puren,RxNorm Extension,M04A_antigout_preparations,reviewed_seed,Imported from master codelists,Drug,standard,M04A_antigout_preparations
antigout_medicines,Antigout medicines,drug,36036405,TRUE,febuxostat 80 MG Delayed Release Oral Tablet Box of 84 by Stada,RxNorm Extension,M04A_antigout_preparations,reviewed_seed,Imported from master codelists,Drug,standard,M04A_antigout_preparations
antigout_medicines,Antigout medicines,drug,36036406,TRUE,febuxostat 80 MG Oral Tablet Box of 28 by Medical Valley,RxNorm Extension,M04A_antigout_preparations,reviewed_seed,Imported from master codelists,Drug,standard,M04A_antigout_preparations
antigout_medicines,Antigout medicines,drug,36036407,TRUE,febuxostat 80 MG Oral Tablet Box of 28 by Puren,RxNorm Extension,M04A_antigout_preparations,reviewed_seed,Imported from master codelists,Drug,standard,M04A_antigout_preparations
antigout_medicines,Antigout medicines,drug,36036408,TRUE,febuxostat 80 MG Oral Tablet Box of 84 by Stada,RxNorm Extension,M04A_antigout_preparations,reviewed_seed,Imported from master codelists,Drug,standard,M04A_antigout_preparations
antigout_medicines,Antigout medicines,drug,36036409,TRUE,febuxostat 120 MG Delayed Release Oral Tablet Box of 28 by Aristo,RxNorm Extension,M04A_antigout_preparations,reviewed_seed,Imported from master codelists,Drug,standard,M04A_antigout_preparations
antigout_medicines,Antigout medicines,drug,36036410,TRUE,febuxostat 120 MG Delayed Release Oral Tablet Box of 56,RxNorm Extension,M04A_antigout_preparations,reviewed_seed,Imported from master codelists,Drug,standard,M04A_antigout_preparations
antigout_medicines,Antigout medicines,drug,36036411,TRUE,febuxostat 120 MG Delayed Release Oral Tablet Box of 56 by Betapharm,RxNorm Extension,M04A_antigout_preparations,reviewed_seed,Imported from master codelists,Drug,standard,M04A_antigout_preparations
antigout_medicines,Antigout medicines,drug,36036412,TRUE,febuxostat 120 MG Delayed Release Oral Tablet Box of 84 by Puren,RxNorm Extension,M04A_antigout_preparations,reviewed_seed,Imported from master codelists,Drug,standard,M04A_antigout_preparations
antigout_medicines,Antigout medicines,drug,36036413,TRUE,febuxostat 120 MG Oral Tablet Box of 56,RxNorm Extension,M04A_antigout_preparations,reviewed_seed,Imported from master codelists,Drug,standard,M04A_antigout_preparations
antigout_medicines,Antigout medicines,drug,36036414,TRUE,febuxostat 120 MG Oral Tablet Box of 56 by Betapharm,RxNorm Extension,M04A_antigout_preparations,reviewed_seed,Imported from master codelists,Drug,standard,M04A_antigout_preparations
antigout_medicines,Antigout medicines,drug,36036415,TRUE,febuxostat 120 MG Oral Tablet Box of 84 by Puren,RxNorm Extension,M04A_antigout_preparations,reviewed_seed,Imported from master codelists,Drug,standard,M04A_antigout_preparations
antigout_medicines,Antigout medicines,drug,36060757,TRUE,febuxostat 120 MG Oral Tablet [Adenuric] Box of 28 by Mawdsley-Brooks,RxNorm Extension,M04A_antigout_preparations,reviewed_seed,Imported from master codelists,Drug,standard,M04A_antigout_preparations
antigout_medicines,Antigout medicines,drug,36060758,TRUE,febuxostat 120 MG Oral Tablet [Adenuric] Box of 28 by DE,RxNorm Extension,M04A_antigout_preparations,reviewed_seed,Imported from master codelists,Drug,standard,M04A_antigout_preparations
antigout_medicines,Antigout medicines,drug,36060759,TRUE,febuxostat 120 MG Oral Tablet [Adenuric] by Mawdsley-Brooks,RxNorm Extension,M04A_antigout_preparations,reviewed_seed,Imported from master codelists,Drug,standard,M04A_antigout_preparations
antigout_medicines,Antigout medicines,drug,36060760,TRUE,febuxostat 120 MG Oral Tablet [Adenuric] by DE,RxNorm Extension,M04A_antigout_preparations,reviewed_seed,Imported from master codelists,Drug,standard,M04A_antigout_preparations
antigout_medicines,Antigout medicines,drug,36060761,TRUE,febuxostat 120 MG Oral Tablet Box of 28 by Aristo,RxNorm Extension,M04A_antigout_preparations,reviewed_seed,Imported from master codelists,Drug,standard,M04A_antigout_preparations
antigout_medicines,Antigout medicines,drug,36060762,TRUE,febuxostat 120 MG Oral Tablet Box of 28 by Macleods,RxNorm Extension,M04A_antigout_preparations,reviewed_seed,Imported from master codelists,Drug,standard,M04A_antigout_preparations
antigout_medicines,Antigout medicines,drug,36060763,TRUE,febuxostat 120 MG Oral Tablet Box of 28 by Thornton & Ross,RxNorm Extension,M04A_antigout_preparations,reviewed_seed,Imported from master codelists,Drug,standard,M04A_antigout_preparations
antigout_medicines,Antigout medicines,drug,36060764,TRUE,febuxostat 120 MG Oral Tablet Box of 28 by Dr Reddy's,RxNorm Extension,M04A_antigout_preparations,reviewed_seed,Imported from master codelists,Drug,standard,M04A_antigout_preparations
antigout_medicines,Antigout medicines,drug,36060765,TRUE,febuxostat 120 MG Oral Tablet Box of 28 by A A H,RxNorm Extension,M04A_antigout_preparations,reviewed_seed,Imported from master codelists,Drug,standard,M04A_antigout_preparations
antigout_medicines,Antigout medicines,drug,36060766,TRUE,febuxostat 120 MG Oral Tablet Box of 28 by Ennogen,RxNorm Extension,M04A_antigout_preparations,reviewed_seed,Imported from master codelists,Drug,standard,M04A_antigout_preparations
antigout_medicines,Antigout medicines,drug,36060767,TRUE,febuxostat 120 MG Oral Tablet Box of 28 by Rivopharm,RxNorm Extension,M04A_antigout_preparations,reviewed_seed,Imported from master codelists,Drug,standard,M04A_antigout_preparations
antigout_medicines,Antigout medicines,drug,36060768,TRUE,febuxostat 120 MG Oral Tablet Box of 28 by Alliance,RxNorm Extension,M04A_antigout_preparations,reviewed_seed,Imported from master codelists,Drug,standard,M04A_antigout_preparations
antigout_medicines,Antigout medicines,drug,36060769,TRUE,febuxostat 120 MG Oral Tablet by Aristo,RxNorm Extension,M04A_antigout_preparations,reviewed_seed,Imported from master codelists,Drug,standard,M04A_antigout_preparations
antigout_medicines,Antigout medicines,drug,36060770,TRUE,febuxostat 120 MG Oral Tablet by Macleods,RxNorm Extension,M04A_antigout_preparations,reviewed_seed,Imported from master codelists,Drug,standard,M04A_antigout_preparations
antigout_medicines,Antigout medicines,drug,36060771,TRUE,febuxostat 120 MG Oral Tablet by Thornton & Ross,RxNorm Extension,M04A_antigout_preparations,reviewed_seed,Imported from master codelists,Drug,standard,M04A_antigout_preparations
antigout_medicines,Antigout medicines,drug,36060772,TRUE,febuxostat 120 MG Oral Tablet by Dr Reddy's,RxNorm Extension,M04A_antigout_preparations,reviewed_seed,Imported from master codelists,Drug,standard,M04A_antigout_preparations
antigout_medicines,Antigout medicines,drug,36060773,TRUE,febuxostat 120 MG Oral Tablet by A A H,RxNorm Extension,M04A_antigout_preparations,reviewed_seed,Imported from master codelists,Drug,standard,M04A_antigout_preparations
antigout_medicines,Antigout medicines,drug,36060774,TRUE,febuxostat 120 MG Oral Tablet by Ennogen,RxNorm Extension,M04A_antigout_preparations,reviewed_seed,Imported from master codelists,Drug,standard,M04A_antigout_preparations
antigout_medicines,Antigout medicines,drug,36060775,TRUE,febuxostat 120 MG Oral Tablet by Rivopharm,RxNorm Extension,M04A_antigout_preparations,reviewed_seed,Imported from master codelists,Drug,standard,M04A_antigout_preparations
antigout_medicines,Antigout medicines,drug,36060776,TRUE,febuxostat 120 MG Oral Tablet by Alliance,RxNorm Extension,M04A_antigout_preparations,reviewed_seed,Imported from master codelists,Drug,standard,M04A_antigout_preparations
antigout_medicines,Antigout medicines,drug,36060777,TRUE,febuxostat 120 MG Oral Tablet by Accord,RxNorm Extension,M04A_antigout_preparations,reviewed_seed,Imported from master codelists,Drug,standard,M04A_antigout_preparations
antigout_medicines,Antigout medicines,drug,36060778,TRUE,febuxostat 120 MG Oral Tablet by Zentiva,RxNorm Extension,M04A_antigout_preparations,reviewed_seed,Imported from master codelists,Drug,standard,M04A_antigout_preparations
antigout_medicines,Antigout medicines,drug,36060779,TRUE,febuxostat 80 MG Oral Tablet [Adenuric] Box of 28 by Mawdsley-Brooks,RxNorm Extension,M04A_antigout_preparations,reviewed_seed,Imported from master codelists,Drug,standard,M04A_antigout_preparations
antigout_medicines,Antigout medicines,drug,36060780,TRUE,febuxostat 80 MG Oral Tablet [Adenuric] Box of 28 by DE,RxNorm Extension,M04A_antigout_preparations,reviewed_seed,Imported from master codelists,Drug,standard,M04A_antigout_preparations
antigout_medicines,Antigout medicines,drug,36060781,TRUE,febuxostat 80 MG Oral Tablet [Adenuric] Box of 28 by CST,RxNorm Extension,M04A_antigout_preparations,reviewed_seed,Imported from master codelists,Drug,standard,M04A_antigout_preparations
antigout_medicines,Antigout medicines,drug,36060782,TRUE,febuxostat 80 MG Oral Tablet [Adenuric] Box of 28 by Ethigen,RxNorm Extension,M04A_antigout_preparations,reviewed_seed,Imported from master codelists,Drug,standard,M04A_antigout_preparations
antigout_medicines,Antigout medicines,drug,36060783,TRUE,febuxostat 80 MG Oral Tablet [Adenuric] by Mawdsley-Brooks,RxNorm Extension,M04A_antigout_preparations,reviewed_seed,Imported from master codelists,Drug,standard,M04A_antigout_preparations
antigout_medicines,Antigout medicines,drug,36060784,TRUE,febuxostat 80 MG Oral Tablet [Adenuric] by DE,RxNorm Extension,M04A_antigout_preparations,reviewed_seed,Imported from master codelists,Drug,standard,M04A_antigout_preparations
antigout_medicines,Antigout medicines,drug,36060785,TRUE,febuxostat 80 MG Oral Tablet [Adenuric] by CST,RxNorm Extension,M04A_antigout_preparations,reviewed_seed,Imported from master codelists,Drug,standard,M04A_antigout_preparations
antigout_medicines,Antigout medicines,drug,36060786,TRUE,febuxostat 80 MG Oral Tablet [Adenuric] by Ethigen,RxNorm Extension,M04A_antigout_preparations,reviewed_seed,Imported from master codelists,Drug,standard,M04A_antigout_preparations
antigout_medicines,Antigout medicines,drug,36060787,TRUE,febuxostat 80 MG Oral Tablet Box of 28 by Macleods,RxNorm Extension,M04A_antigout_preparations,reviewed_seed,Imported from master codelists,Drug,standard,M04A_antigout_preparations
antigout_medicines,Antigout medicines,drug,36060788,TRUE,febuxostat 80 MG Oral Tablet Box of 28 by Thornton & Ross,RxNorm Extension,M04A_antigout_preparations,reviewed_seed,Imported from master codelists,Drug,standard,M04A_antigout_preparations
antigout_medicines,Antigout medicines,drug,36060789,TRUE,febuxostat 80 MG Oral Tablet Box of 28 by Dr Reddy's,RxNorm Extension,M04A_antigout_preparations,reviewed_seed,Imported from master codelists,Drug,standard,M04A_antigout_preparations
antigout_medicines,Antigout medicines,drug,36060790,TRUE,febuxostat 80 MG Oral Tablet Box of 28 by A A H,RxNorm Extension,M04A_antigout_preparations,reviewed_seed,Imported from master codelists,Drug,standard,M04A_antigout_preparations
antigout_medicines,Antigout medicines,drug,36060791,TRUE,febuxostat 80 MG Oral Tablet Box of 28 by Ennogen,RxNorm Extension,M04A_antigout_preparations,reviewed_seed,Imported from master codelists,Drug,standard,M04A_antigout_preparations
antigout_medicines,Antigout medicines,drug,36060792,TRUE,febuxostat 80 MG Oral Tablet Box of 28 by Rivopharm,RxNorm Extension,M04A_antigout_preparations,reviewed_seed,Imported from master codelists,Drug,standard,M04A_antigout_preparations
antigout_medicines,Antigout medicines,drug,36060793,TRUE,febuxostat 80 MG Oral Tablet Box of 28 by Alliance,RxNorm Extension,M04A_antigout_preparations,reviewed_seed,Imported from master codelists,Drug,standard,M04A_antigout_preparations
antigout_medicines,Antigout medicines,drug,36060794,TRUE,febuxostat 80 MG Oral Tablet by Aristo,RxNorm Extension,M04A_antigout_preparations,reviewed_seed,Imported from master codelists,Drug,standard,M04A_antigout_preparations
antigout_medicines,Antigout medicines,drug,36060795,TRUE,febuxostat 80 MG Oral Tablet by Macleods,RxNorm Extension,M04A_antigout_preparations,reviewed_seed,Imported from master codelists,Drug,standard,M04A_antigout_preparations
antigout_medicines,Antigout medicines,drug,36060796,TRUE,febuxostat 80 MG Oral Tablet by Thornton & Ross,RxNorm Extension,M04A_antigout_preparations,reviewed_seed,Imported from master codelists,Drug,standard,M04A_antigout_preparations
antigout_medicines,Antigout medicines,drug,36060797,TRUE,febuxostat 80 MG Oral Tablet by Dr Reddy's,RxNorm Extension,M04A_antigout_preparations,reviewed_seed,Imported from master codelists,Drug,standard,M04A_antigout_preparations
antigout_medicines,Antigout medicines,drug,36060798,TRUE,febuxostat 80 MG Oral Tablet by A A H,RxNorm Extension,M04A_antigout_preparations,reviewed_seed,Imported from master codelists,Drug,standard,M04A_antigout_preparations
antigout_medicines,Antigout medicines,drug,36060799,TRUE,febuxostat 80 MG Oral Tablet by Alliance,RxNorm Extension,M04A_antigout_preparations,reviewed_seed,Imported from master codelists,Drug,standard,M04A_antigout_preparations
antigout_medicines,Antigout medicines,drug,36060800,TRUE,febuxostat 80 MG Oral Tablet by Zentiva,RxNorm Extension,M04A_antigout_preparations,reviewed_seed,Imported from master codelists,Drug,standard,M04A_antigout_preparations
antigout_medicines,Antigout medicines,drug,36068081,TRUE,allopurinol 300 MG Oral Tablet Box of 28 by Medihealth,RxNorm Extension,M04A_antigout_preparations,reviewed_seed,Imported from master codelists,Drug,standard,M04A_antigout_preparations
antigout_medicines,Antigout medicines,drug,36068082,TRUE,allopurinol 300 MG Oral Tablet by Medihealth,RxNorm Extension,M04A_antigout_preparations,reviewed_seed,Imported from master codelists,Drug,standard,M04A_antigout_preparations
antigout_medicines,Antigout medicines,drug,36068083,TRUE,allopurinol 100 MG Oral Tablet Box of 28 by Medihealth,RxNorm Extension,M04A_antigout_preparations,reviewed_seed,Imported from master codelists,Drug,standard,M04A_antigout_preparations
antigout_medicines,Antigout medicines,drug,36068084,TRUE,allopurinol 100 MG Oral Tablet Box of 28 by Mawdsley-Brooks,RxNorm Extension,M04A_antigout_preparations,reviewed_seed,Imported from master codelists,Drug,standard,M04A_antigout_preparations
antigout_medicines,Antigout medicines,drug,36068085,TRUE,allopurinol 100 MG Oral Tablet by Medihealth,RxNorm Extension,M04A_antigout_preparations,reviewed_seed,Imported from master codelists,Drug,standard,M04A_antigout_preparations
antigout_medicines,Antigout medicines,drug,36068086,TRUE,allopurinol 100 MG Oral Tablet by Mawdsley-Brooks,RxNorm Extension,M04A_antigout_preparations,reviewed_seed,Imported from master codelists,Drug,standard,M04A_antigout_preparations
antigout_medicines,Antigout medicines,drug,36069522,TRUE,colchicine 1 MG Oral Tablet Box of 30,RxNorm Extension,M04A_antigout_preparations,reviewed_seed,Imported from master codelists,Drug,standard,M04A_antigout_preparations
antigout_medicines,Antigout medicines,drug,36069523,TRUE,colchicine 1 MG Oral Tablet Box of 30 by Ria Generics,RxNorm Extension,M04A_antigout_preparations,reviewed_seed,Imported from master codelists,Drug,standard,M04A_antigout_preparations
antigout_medicines,Antigout medicines,drug,36069524,TRUE,colchicine 1 MG Oral Tablet by Ria Generics,RxNorm Extension,M04A_antigout_preparations,reviewed_seed,Imported from master codelists,Drug,standard,M04A_antigout_preparations
antigout_medicines,Antigout medicines,drug,36069525,TRUE,colchicine 0.5 MG Oral Tablet Box of 100 by Macleods,RxNorm Extension,M04A_antigout_preparations,reviewed_seed,Imported from master codelists,Drug,standard,M04A_antigout_preparations
antigout_medicines,Antigout medicines,drug,36069526,TRUE,colchicine 0.5 MG Oral Tablet Box of 100 by Mawdsley-Brooks,RxNorm Extension,M04A_antigout_preparations,reviewed_seed,Imported from master codelists,Drug,standard,M04A_antigout_preparations
antigout_medicines,Antigout medicines,drug,36069527,TRUE,colchicine 0.5 MG Oral Tablet Box of 100 by Accord,RxNorm Extension,M04A_antigout_preparations,reviewed_seed,Imported from master codelists,Drug,standard,M04A_antigout_preparations
antigout_medicines,Antigout medicines,drug,36069528,TRUE,colchicine 0.5 MG Oral Tablet Box of 100 by Ria Generics,RxNorm Extension,M04A_antigout_preparations,reviewed_seed,Imported from master codelists,Drug,standard,M04A_antigout_preparations
antigout_medicines,Antigout medicines,drug,36069529,TRUE,colchicine 0.5 MG Oral Tablet Box of 84,RxNorm Extension,M04A_antigout_preparations,reviewed_seed,Imported from master codelists,Drug,standard,M04A_antigout_preparations
antigout_medicines,Antigout medicines,drug,36069530,TRUE,colchicine 0.5 MG Oral Tablet Box of 84 by Ria Generics,RxNorm Extension,M04A_antigout_preparations,reviewed_seed,Imported from master codelists,Drug,standard,M04A_antigout_preparations
antigout_medicines,Antigout medicines,drug,36069531,TRUE,colchicine 0.5 MG Oral Tablet Box of 28 by DE,RxNorm Extension,M04A_antigout_preparations,reviewed_seed,Imported from master codelists,Drug,standard,M04A_antigout_preparations
antigout_medicines,Antigout medicines,drug,36069532,TRUE,colchicine 0.5 MG Oral Tablet Box of 28 by Alliance,RxNorm Extension,M04A_antigout_preparations,reviewed_seed,Imported from master codelists,Drug,standard,M04A_antigout_preparations
antigout_medicines,Antigout medicines,drug,36069533,TRUE,colchicine 0.5 MG Oral Tablet Box of 28,RxNorm Extension,M04A_antigout_preparations,reviewed_seed,Imported from master codelists,Drug,standard,M04A_antigout_preparations
antigout_medicines,Antigout medicines,drug,36069534,TRUE,colchicine 0.5 MG Oral Tablet Box of 28 by Ria Generics,RxNorm Extension,M04A_antigout_preparations,reviewed_seed,Imported from master codelists,Drug,standard,M04A_antigout_preparations
antigout_medicines,Antigout medicines,drug,36069535,TRUE,colchicine 0.5 MG Oral Tablet by Macleods,RxNorm Extension,M04A_antigout_preparations,reviewed_seed,Imported from master codelists,Drug,standard,M04A_antigout_preparations
antigout_medicines,Antigout medicines,drug,36069536,TRUE,colchicine 0.5 MG Oral Tablet by Mawdsley-Brooks,RxNorm Extension,M04A_antigout_preparations,reviewed_seed,Imported from master codelists,Drug,standard,M04A_antigout_preparations
antigout_medicines,Antigout medicines,drug,36069537,TRUE,colchicine 0.5 MG Oral Tablet by Accord,RxNorm Extension,M04A_antigout_preparations,reviewed_seed,Imported from master codelists,Drug,standard,M04A_antigout_preparations
antigout_medicines,Antigout medicines,drug,36069538,TRUE,colchicine 0.5 MG Oral Tablet by Ria Generics,RxNorm Extension,M04A_antigout_preparations,reviewed_seed,Imported from master codelists,Drug,standard,M04A_antigout_preparations
antigout_medicines,Antigout medicines,drug,36074342,TRUE,febuxostat 80 MG Oral Tablet by Ennogen,RxNorm Extension,M04A_antigout_preparations,reviewed_seed,Imported from master codelists,Drug,standard,M04A_antigout_preparations
antigout_medicines,Antigout medicines,drug,36074343,TRUE,febuxostat 80 MG Oral Tablet by Rivopharm,RxNorm Extension,M04A_antigout_preparations,reviewed_seed,Imported from master codelists,Drug,standard,M04A_antigout_preparations
antigout_medicines,Antigout medicines,drug,36120382,TRUE,febuxostat 80 MG Oral Tablet by Tillomed,RxNorm Extension,M04A_antigout_preparations,reviewed_seed,Imported from master codelists,Drug,standard,M04A_antigout_preparations
antigout_medicines,Antigout medicines,drug,36120383,TRUE,febuxostat 80 MG Oral Tablet Box of 28 by Tillomed,RxNorm Extension,M04A_antigout_preparations,reviewed_seed,Imported from master codelists,Drug,standard,M04A_antigout_preparations
antigout_medicines,Antigout medicines,drug,36258256,TRUE,Allopurinol 300 MG Oral Tablet [ALLOPURINOL SANDOZ] Box of 90,RxNorm Extension,M04A_antigout_preparations,reviewed_seed,Imported from master codelists,Drug,standard,M04A_antigout_preparations
antigout_medicines,Antigout medicines,drug,36258321,TRUE,Allopurinol 100 MG Oral Tablet [Zyloric] Box of 100 by SMB,RxNorm Extension,M04A_antigout_preparations,reviewed_seed,Imported from master codelists,Drug,standard,M04A_antigout_preparations
antigout_medicines,Antigout medicines,drug,36261004,TRUE,Allopurinol 300 MG Oral Tablet [Zyloric] Box of 30 by SMB,RxNorm Extension,M04A_antigout_preparations,reviewed_seed,Imported from master codelists,Drug,standard,M04A_antigout_preparations
antigout_medicines,Antigout medicines,drug,36261271,TRUE,Allopurinol 300 MG Oral Tablet [ALLOPURINOL TEVA] Box of 100 by TEVA,RxNorm Extension,M04A_antigout_preparations,reviewed_seed,Imported from master codelists,Drug,standard,M04A_antigout_preparations
antigout_medicines,Antigout medicines,drug,36261290,TRUE,febuxostat 120 MG Oral Tablet [Adenuric] Box of 84 by Menarini,RxNorm Extension,M04A_antigout_preparations,reviewed_seed,Imported from master codelists,Drug,standard,M04A_antigout_preparations
antigout_medicines,Antigout medicines,drug,36261424,TRUE,Allopurinol 100 MG Oral Tablet [ALLOPURINOL SANDOZ] Box of 100 by Sandoz,RxNorm Extension,M04A_antigout_preparations,reviewed_seed,Imported from master codelists,Drug,standard,M04A_antigout_preparations
antigout_medicines,Antigout medicines,drug,36261491,TRUE,febuxostat 80 MG Oral Tablet [Adenuric] Box of 84 by Menarini,RxNorm Extension,M04A_antigout_preparations,reviewed_seed,Imported from master codelists,Drug,standard,M04A_antigout_preparations
antigout_medicines,Antigout medicines,drug,36262107,TRUE,Rasburicase 1.5 MG/ML Injection,RxNorm Extension,M04A_antigout_preparations,reviewed_seed,Imported from master codelists,Drug,standard,M04A_antigout_preparations
antigout_medicines,Antigout medicines,drug,36263785,TRUE,febuxostat 80 MG Delayed Release Oral Tablet [Adenuric] Box of 84 by Menarini,RxNorm Extension,M04A_antigout_preparations,reviewed_seed,Imported from master codelists,Drug,standard,M04A_antigout_preparations
antigout_medicines,Antigout medicines,drug,36266131,TRUE,febuxostat 120 MG Oral Tablet [Adenuric] Box of 28 by Menarini,RxNorm Extension,M04A_antigout_preparations,reviewed_seed,Imported from master codelists,Drug,standard,M04A_antigout_preparations
antigout_medicines,Antigout medicines,drug,36266571,TRUE,febuxostat 120 MG Delayed Release Oral Tablet [Adenuric] Box of 84 by Menarini,RxNorm Extension,M04A_antigout_preparations,reviewed_seed,Imported from master codelists,Drug,standard,M04A_antigout_preparations
antigout_medicines,Antigout medicines,drug,36268750,TRUE,Allopurinol 300 MG Oral Tablet [ALLOPURINOL SANDOZ] Box of 30 by Sandoz,RxNorm Extension,M04A_antigout_preparations,reviewed_seed,Imported from master codelists,Drug,standard,M04A_antigout_preparations
antigout_medicines,Antigout medicines,drug,36269788,TRUE,Rasburicase 1.5 MG/ML Injection Box of 3,RxNorm Extension,M04A_antigout_preparations,reviewed_seed,Imported from master codelists,Drug,standard,M04A_antigout_preparations
antigout_medicines,Antigout medicines,drug,36270234,TRUE,Rasburicase 1.5 MG/ML Injection [Fasturtec] Box of 3,RxNorm Extension,M04A_antigout_preparations,reviewed_seed,Imported from master codelists,Drug,standard,M04A_antigout_preparations
antigout_medicines,Antigout medicines,drug,36271011,TRUE,Allopurinol 300 MG Oral Tablet [ALLOPURINOL RATIOPHARM] Box of 90,RxNorm Extension,M04A_antigout_preparations,reviewed_seed,Imported from master codelists,Drug,standard,M04A_antigout_preparations
antigout_medicines,Antigout medicines,drug,36271012,TRUE,Allopurinol 300 MG Oral Tablet [ALLOPURINOL SANDOZ] Box of 30,RxNorm Extension,M04A_antigout_preparations,reviewed_seed,Imported from master codelists,Drug,standard,M04A_antigout_preparations
antigout_medicines,Antigout medicines,drug,36271013,TRUE,Allopurinol 300 MG Oral Tablet [ALLOPURINOL EG] Box of 90,RxNorm Extension,M04A_antigout_preparations,reviewed_seed,Imported from master codelists,Drug,standard,M04A_antigout_preparations
antigout_medicines,Antigout medicines,drug,36271014,TRUE,Allopurinol 300 MG Oral Tablet [ALLOPURINOL TEVA] Box of 100,RxNorm Extension,M04A_antigout_preparations,reviewed_seed,Imported from master codelists,Drug,standard,M04A_antigout_preparations
antigout_medicines,Antigout medicines,drug,36271344,TRUE,Allopurinol 300 MG Oral Tablet [ALLOPURINOL SANDOZ] Box of 90 by Sandoz,RxNorm Extension,M04A_antigout_preparations,reviewed_seed,Imported from master codelists,Drug,standard,M04A_antigout_preparations
antigout_medicines,Antigout medicines,drug,36271382,TRUE,Allopurinol 100 MG Oral Tablet [ALLOPURINOL RATIOPHARM] Box of 100 by TEVA,RxNorm Extension,M04A_antigout_preparations,reviewed_seed,Imported from master codelists,Drug,standard,M04A_antigout_preparations
antigout_medicines,Antigout medicines,drug,36271477,TRUE,Allopurinol 300 MG Oral Tablet [ALLOPURINOL RATIOPHARM] Box of 90 by TEVA,RxNorm Extension,M04A_antigout_preparations,reviewed_seed,Imported from master codelists,Drug,standard,M04A_antigout_preparations
antigout_medicines,Antigout medicines,drug,36273607,TRUE,Allopurinol 300 MG Oral Tablet [ALLOPURINOL EG] Box of 90 by Eurogenerics,RxNorm Extension,M04A_antigout_preparations,reviewed_seed,Imported from master codelists,Drug,standard,M04A_antigout_preparations
antigout_medicines,Antigout medicines,drug,36273987,TRUE,Colchicine 1 MG Oral Tablet [COLCHICINE OPOCALCIUM] Box of 20 by ACP,RxNorm Extension,M04A_antigout_preparations,reviewed_seed,Imported from master codelists,Drug,standard,M04A_antigout_preparations
antigout_medicines,Antigout medicines,drug,36274069,TRUE,febuxostat 80 MG Oral Tablet [Adenuric] Box of 28 by Menarini,RxNorm Extension,M04A_antigout_preparations,reviewed_seed,Imported from master codelists,Drug,standard,M04A_antigout_preparations
antigout_medicines,Antigout medicines,drug,36274220,TRUE,Allopurinol 100 MG Oral Tablet [ALLOPURINOL TEVA] Box of 100 by TEVA,RxNorm Extension,M04A_antigout_preparations,reviewed_seed,Imported from master codelists,Drug,standard,M04A_antigout_preparations
antigout_medicines,Antigout medicines,drug,36275346,TRUE,Rasburicase 1.5 MG/ML Injection [Fasturtec],RxNorm Extension,M04A_antigout_preparations,reviewed_seed,Imported from master codelists,Drug,standard,M04A_antigout_preparations
antigout_medicines,Antigout medicines,drug,36276158,TRUE,Allopurinol 100 MG Oral Tablet [ALLOPURINOL TEVA] Box of 100,RxNorm Extension,M04A_antigout_preparations,reviewed_seed,Imported from master codelists,Drug,standard,M04A_antigout_preparations
antigout_medicines,Antigout medicines,drug,36276565,TRUE,Allopurinol 300 MG Oral Tablet [Zyloric] Box of 90 by SMB,RxNorm Extension,M04A_antigout_preparations,reviewed_seed,Imported from master codelists,Drug,standard,M04A_antigout_preparations
antigout_medicines,Antigout medicines,drug,36277713,TRUE,1 ML Rasburicase 1.5 MG/ML Injection,RxNorm Extension,M04A_antigout_preparations,reviewed_seed,Imported from master codelists,Drug,standard,M04A_antigout_preparations
antigout_medicines,Antigout medicines,drug,36277787,TRUE,1 ML Rasburicase 1.5 MG/ML Injection [Fasturtec],RxNorm Extension,M04A_antigout_preparations,reviewed_seed,Imported from master codelists,Drug,standard,M04A_antigout_preparations
antigout_medicines,Antigout medicines,drug,36277808,TRUE,1 ML Rasburicase 1.5 MG/ML Injection [Fasturtec] Box of 3 by Sanofi,RxNorm Extension,M04A_antigout_preparations,reviewed_seed,Imported from master codelists,Drug,standard,M04A_antigout_preparations
antigout_medicines,Antigout medicines,drug,36277937,TRUE,1 ML Rasburicase 1.5 MG/ML Injection Box of 3,RxNorm Extension,M04A_antigout_preparations,reviewed_seed,Imported from master codelists,Drug,standard,M04A_antigout_preparations
antigout_medicines,Antigout medicines,drug,36277958,TRUE,1 ML Rasburicase 1.5 MG/ML Injection [Fasturtec] Box of 3,RxNorm Extension,M04A_antigout_preparations,reviewed_seed,Imported from master codelists,Drug,standard,M04A_antigout_preparations
antigout_medicines,Antigout medicines,drug,36278924,TRUE,5 ML Rasburicase 1.5 MG/ML Injection,RxNorm Extension,M04A_antigout_preparations,reviewed_seed,Imported from master codelists,Drug,standard,M04A_antigout_preparations
antigout_medicines,Antigout medicines,drug,36278949,TRUE,5 ML Rasburicase 1.5 MG/ML Injection [Fasturtec] by Sanofi,RxNorm Extension,M04A_antigout_preparations,reviewed_seed,Imported from master codelists,Drug,standard,M04A_antigout_preparations
antigout_medicines,Antigout medicines,drug,36279144,TRUE,5 ML Rasburicase 1.5 MG/ML Injection [Fasturtec],RxNorm Extension,M04A_antigout_preparations,reviewed_seed,Imported from master codelists,Drug,standard,M04A_antigout_preparations
antigout_medicines,Antigout medicines,drug,36503742,TRUE,febuxostat 120 MG Delayed Release Oral Tablet [Adenuric] by Haematogmbh,RxNorm Extension,M04A_antigout_preparations,reviewed_seed,Imported from master codelists,Drug,standard,M04A_antigout_preparations
antigout_medicines,Antigout medicines,drug,36503926,TRUE,febuxostat 120 MG Delayed Release Oral Tablet by Sanofi,RxNorm Extension,M04A_antigout_preparations,reviewed_seed,Imported from master codelists,Drug,standard,M04A_antigout_preparations
antigout_medicines,Antigout medicines,drug,36504917,TRUE,febuxostat 120 MG Oral Tablet by Betapharm,RxNorm Extension,M04A_antigout_preparations,reviewed_seed,Imported from master codelists,Drug,standard,M04A_antigout_preparations
antigout_medicines,Antigout medicines,drug,36505330,TRUE,febuxostat 120 MG Oral Tablet by Sanofi,RxNorm Extension,M04A_antigout_preparations,reviewed_seed,Imported from master codelists,Drug,standard,M04A_antigout_preparations
antigout_medicines,Antigout medicines,drug,36505336,TRUE,febuxostat 80 MG Oral Tablet by Heumann,RxNorm Extension,M04A_antigout_preparations,reviewed_seed,Imported from master codelists,Drug,standard,M04A_antigout_preparations
antigout_medicines,Antigout medicines,drug,36505505,TRUE,febuxostat 120 MG Oral Tablet by 1 A,RxNorm Extension,M04A_antigout_preparations,reviewed_seed,Imported from master codelists,Drug,standard,M04A_antigout_preparations
antigout_medicines,Antigout medicines,drug,36505966,TRUE,febuxostat 80 MG Oral Tablet by 1 A,RxNorm Extension,M04A_antigout_preparations,reviewed_seed,Imported from master codelists,Drug,standard,M04A_antigout_preparations
antigout_medicines,Antigout medicines,drug,36506305,TRUE,febuxostat 120 MG Delayed Release Oral Tablet by 1 A,RxNorm Extension,M04A_antigout_preparations,reviewed_seed,Imported from master codelists,Drug,standard,M04A_antigout_preparations
antigout_medicines,Antigout medicines,drug,36506646,TRUE,febuxostat 120 MG Delayed Release Oral Tablet [Adenuric] by Beragena,RxNorm Extension,M04A_antigout_preparations,reviewed_seed,Imported from master codelists,Drug,standard,M04A_antigout_preparations
antigout_medicines,Antigout medicines,drug,36506742,TRUE,febuxostat 80 MG Oral Tablet by Accord,RxNorm Extension,M04A_antigout_preparations,reviewed_seed,Imported from master codelists,Drug,standard,M04A_antigout_preparations
antigout_medicines,Antigout medicines,drug,36508388,TRUE,febuxostat 80 MG Oral Tablet [Adenuric] by Axicorp,RxNorm Extension,M04A_antigout_preparations,reviewed_seed,Imported from master codelists,Drug,standard,M04A_antigout_preparations
antigout_medicines,Antigout medicines,drug,36509021,TRUE,febuxostat 120 MG Oral Tablet [Adenuric] by Haematogmbh,RxNorm Extension,M04A_antigout_preparations,reviewed_seed,Imported from master codelists,Drug,standard,M04A_antigout_preparations
antigout_medicines,Antigout medicines,drug,36509104,TRUE,febuxostat 80 MG Oral Tablet by Betapharm,RxNorm Extension,M04A_antigout_preparations,reviewed_seed,Imported from master codelists,Drug,standard,M04A_antigout_preparations
antigout_medicines,Antigout medicines,drug,36509202,TRUE,febuxostat 80 MG Oral Tablet by Ratiopharm,RxNorm Extension,M04A_antigout_preparations,reviewed_seed,Imported from master codelists,Drug,standard,M04A_antigout_preparations
antigout_medicines,Antigout medicines,drug,36509224,TRUE,febuxostat 80 MG Oral Tablet by Sanofi,RxNorm Extension,M04A_antigout_preparations,reviewed_seed,Imported from master codelists,Drug,standard,M04A_antigout_preparations
antigout_medicines,Antigout medicines,drug,36509248,TRUE,febuxostat 120 MG Oral Tablet [Adenuric] by Beragena,RxNorm Extension,M04A_antigout_preparations,reviewed_seed,Imported from master codelists,Drug,standard,M04A_antigout_preparations
antigout_medicines,Antigout medicines,drug,36509458,TRUE,febuxostat 80 MG Oral Tablet by Novartis,RxNorm Extension,M04A_antigout_preparations,reviewed_seed,Imported from master codelists,Drug,standard,M04A_antigout_preparations
antigout_medicines,Antigout medicines,drug,36509814,TRUE,febuxostat 120 MG Delayed Release Oral Tablet by Betapharm,RxNorm Extension,M04A_antigout_preparations,reviewed_seed,Imported from master codelists,Drug,standard,M04A_antigout_preparations
antigout_medicines,Antigout medicines,drug,36510030,TRUE,febuxostat 80 MG Oral Tablet [Adenuric] by Beragena,RxNorm Extension,M04A_antigout_preparations,reviewed_seed,Imported from master codelists,Drug,standard,M04A_antigout_preparations
antigout_medicines,Antigout medicines,drug,36510230,TRUE,febuxostat 80 MG Oral Tablet by Medical Valley,RxNorm Extension,M04A_antigout_preparations,reviewed_seed,Imported from master codelists,Drug,standard,M04A_antigout_preparations
antigout_medicines,Antigout medicines,drug,36780730,TRUE,5 ML Rasburicase 1.5 MG/ML Intravenous Solution [Fasturtec] Box of 1 by Sanofi,RxNorm Extension,M04A_antigout_preparations,reviewed_seed,Imported from master codelists,Drug,standard,M04A_antigout_preparations
antigout_medicines,Antigout medicines,drug,36780731,TRUE,5 ML Rasburicase 1.5 MG/ML Intravenous Solution [Fasturtec] Box of 1,RxNorm Extension,M04A_antigout_preparations,reviewed_seed,Imported from master codelists,Drug,standard,M04A_antigout_preparations
antigout_medicines,Antigout medicines,drug,36780732,TRUE,5 ML Rasburicase 1.5 MG/ML Intravenous Solution Box of 1,RxNorm Extension,M04A_antigout_preparations,reviewed_seed,Imported from master codelists,Drug,standard,M04A_antigout_preparations
antigout_medicines,Antigout medicines,drug,36786361,TRUE,Rasburicase 1.5 MG/ML Intravenous Solution [Fasturtec] Box of 1,RxNorm Extension,M04A_antigout_preparations,reviewed_seed,Imported from master codelists,Drug,standard,M04A_antigout_preparations
antigout_medicines,Antigout medicines,drug,36786362,TRUE,Rasburicase 1.5 MG/ML Intravenous Solution Box of 1,RxNorm Extension,M04A_antigout_preparations,reviewed_seed,Imported from master codelists,Drug,standard,M04A_antigout_preparations
antigout_medicines,Antigout medicines,drug,36786363,TRUE,Rasburicase Intravenous Solution [Fasturtec],RxNorm Extension,M04A_antigout_preparations,reviewed_seed,Imported from master codelists,Drug,standard,M04A_antigout_preparations
antigout_medicines,Antigout medicines,drug,36786364,TRUE,Rasburicase Intravenous Solution,RxNorm Extension,M04A_antigout_preparations,reviewed_seed,Imported from master codelists,Drug,standard,M04A_antigout_preparations
antigout_medicines,Antigout medicines,drug,36885051,TRUE,Allopurinol 200 MG Oral Tablet [Zyloric],RxNorm Extension,M04A_antigout_preparations,reviewed_seed,Imported from master codelists,Drug,standard,M04A_antigout_preparations
antigout_medicines,Antigout medicines,drug,36885609,TRUE,Rasburicase Prefilled Syringe,RxNorm Extension,M04A_antigout_preparations,reviewed_seed,Imported from master codelists,Drug,standard,M04A_antigout_preparations
antigout_medicines,Antigout medicines,drug,36885800,TRUE,Allopurinol 200 MG Oral Tablet Box of 100,RxNorm Extension,M04A_antigout_preparations,reviewed_seed,Imported from master codelists,Drug,standard,M04A_antigout_preparations
antigout_medicines,Antigout medicines,drug,36885965,TRUE,Benzbromarone 100 MG Delayed Release Oral Tablet,RxNorm Extension,M04A_antigout_preparations,reviewed_seed,Imported from master codelists,Drug,standard,M04A_antigout_preparations
antigout_medicines,Antigout medicines,drug,36887422,TRUE,Allopurinol 200 MG [Zyloric],RxNorm Extension,M04A_antigout_preparations,reviewed_seed,Imported from master codelists,Drug,standard,M04A_antigout_preparations
antigout_medicines,Antigout medicines,drug,36887723,TRUE,Allopurinol 200 MG Oral Tablet Box of 28,RxNorm Extension,M04A_antigout_preparations,reviewed_seed,Imported from master codelists,Drug,standard,M04A_antigout_preparations
antigout_medicines,Antigout medicines,drug,36889594,TRUE,Rasburicase Prefilled Syringe [Fasturtec],RxNorm Extension,M04A_antigout_preparations,reviewed_seed,Imported from master codelists,Drug,standard,M04A_antigout_preparations
antigout_medicines,Antigout medicines,drug,36890945,TRUE,Allopurinol 200 MG Oral Tablet [Zyloric] Box of 100,RxNorm Extension,M04A_antigout_preparations,reviewed_seed,Imported from master codelists,Drug,standard,M04A_antigout_preparations
antigout_medicines,Antigout medicines,drug,36891942,TRUE,Allopurinol 300 MG Oral Tablet [Zyloric] Box of 100,RxNorm Extension,M04A_antigout_preparations,reviewed_seed,Imported from master codelists,Drug,standard,M04A_antigout_preparations
antigout_medicines,Antigout medicines,drug,36919902,TRUE,allopurinol 100 MG Oral Tablet Box of 28 by Ipca,RxNorm Extension,M04A_antigout_preparations,reviewed_seed,Imported from master codelists,Drug,standard,M04A_antigout_preparations
antigout_medicines,Antigout medicines,drug,36919927,TRUE,allopurinol 300 MG Extended Release Oral Tablet Box of 28 by Pharma Strides,RxNorm Extension,M04A_antigout_preparations,reviewed_seed,Imported from master codelists,Drug,standard,M04A_antigout_preparations
antigout_medicines,Antigout medicines,drug,36919940,TRUE,allopurinol 100 MG Oral Tablet [Caplenal] Box of 28 by TEVA,RxNorm Extension,M04A_antigout_preparations,reviewed_seed,Imported from master codelists,Drug,standard,M04A_antigout_preparations
antigout_medicines,Antigout medicines,drug,36920958,TRUE,probenecid 500 MG Oral Tablet [Benemid] Box of 60,RxNorm Extension,M04A_antigout_preparations,reviewed_seed,Imported from master codelists,Drug,standard,M04A_antigout_preparations
antigout_medicines,Antigout medicines,drug,36920963,TRUE,probenecid 500 MG Oral Tablet by Drug Tariff Special Order,RxNorm Extension,M04A_antigout_preparations,reviewed_seed,Imported from master codelists,Drug,standard,M04A_antigout_preparations
antigout_medicines,Antigout medicines,drug,36921208,TRUE,allopurinol 100 MG Oral Tablet by Ipca,RxNorm Extension,M04A_antigout_preparations,reviewed_seed,Imported from master codelists,Drug,standard,M04A_antigout_preparations
antigout_medicines,Antigout medicines,drug,36922064,TRUE,allopurinol 300 MG Oral Tablet Box of 28 by Flamingo,RxNorm Extension,M04A_antigout_preparations,reviewed_seed,Imported from master codelists,Drug,standard,M04A_antigout_preparations
antigout_medicines,Antigout medicines,drug,36922069,TRUE,allopurinol 100 MG Extended Release Oral Tablet Box of 28 by Genesis,RxNorm Extension,M04A_antigout_preparations,reviewed_seed,Imported from master codelists,Drug,standard,M04A_antigout_preparations
antigout_medicines,Antigout medicines,drug,36922475,TRUE,allopurinol 100 MG Extended Release Oral Tablet Box of 100 by Viatris Healthcare,RxNorm Extension,M04A_antigout_preparations,reviewed_seed,Imported from master codelists,Drug,standard,M04A_antigout_preparations
antigout_medicines,Antigout medicines,drug,36923169,TRUE,febuxostat 80 MG Oral Tablet [Elstabya],RxNorm Extension,M04A_antigout_preparations,reviewed_seed,Imported from master codelists,Drug,standard,M04A_antigout_preparations
antigout_medicines,Antigout medicines,drug,36923277,TRUE,probenecid 500 MG Oral Tablet [Benemid] Box of 60 by Organon,RxNorm Extension,M04A_antigout_preparations,reviewed_seed,Imported from master codelists,Drug,standard,M04A_antigout_preparations
antigout_medicines,Antigout medicines,drug,36923810,TRUE,allopurinol 100 MG Extended Release Oral Tablet by Bristol Labs,RxNorm Extension,M04A_antigout_preparations,reviewed_seed,Imported from master codelists,Drug,standard,M04A_antigout_preparations
antigout_medicines,Antigout medicines,drug,36924454,TRUE,allopurinol 300 MG Extended Release Oral Tablet by Medihealth,RxNorm Extension,M04A_antigout_preparations,reviewed_seed,Imported from master codelists,Drug,standard,M04A_antigout_preparations
antigout_medicines,Antigout medicines,drug,36926162,TRUE,febuxostat 120 MG [Elstabya],RxNorm Extension,M04A_antigout_preparations,reviewed_seed,Imported from master codelists,Drug,standard,M04A_antigout_preparations
antigout_medicines,Antigout medicines,drug,36926863,TRUE,allopurinol 100 MG Extended Release Oral Tablet Box of 28 by Phoenix Healthcare Distribution,RxNorm Extension,M04A_antigout_preparations,reviewed_seed,Imported from master codelists,Drug,standard,M04A_antigout_preparations
antigout_medicines,Antigout medicines,drug,36927638,TRUE,allopurinol 300 MG Oral Tablet [Caplenal] by TEVA,RxNorm Extension,M04A_antigout_preparations,reviewed_seed,Imported from master codelists,Drug,standard,M04A_antigout_preparations
antigout_medicines,Antigout medicines,drug,36928675,TRUE,febuxostat 80 MG Oral Tablet by Crescent,RxNorm Extension,M04A_antigout_preparations,reviewed_seed,Imported from master codelists,Drug,standard,M04A_antigout_preparations
antigout_medicines,Antigout medicines,drug,36928724,TRUE,rasburicase 1.5 MG Injectable Solution [Fasturtec] Box of 3 by Sanofi Genzyme,RxNorm Extension,M04A_antigout_preparations,reviewed_seed,Imported from master codelists,Drug,standard,M04A_antigout_preparations
antigout_medicines,Antigout medicines,drug,36928803,TRUE,febuxostat 80 MG Oral Tablet [Elstabya] Box of 28 by Amarox,RxNorm Extension,M04A_antigout_preparations,reviewed_seed,Imported from master codelists,Drug,standard,M04A_antigout_preparations
antigout_medicines,Antigout medicines,drug,36928961,TRUE,allopurinol 100 MG Extended Release Oral Tablet by Ipca,RxNorm Extension,M04A_antigout_preparations,reviewed_seed,Imported from master codelists,Drug,standard,M04A_antigout_preparations
antigout_medicines,Antigout medicines,drug,36929565,TRUE,allopurinol 300 MG Extended Release Oral Tablet [Zyloric] Box of 30 by Sigma,RxNorm Extension,M04A_antigout_preparations,reviewed_seed,Imported from master codelists,Drug,standard,M04A_antigout_preparations
antigout_medicines,Antigout medicines,drug,36929667,TRUE,allopurinol 100 MG Extended Release Oral Tablet Box of 28 by RX Farma,RxNorm Extension,M04A_antigout_preparations,reviewed_seed,Imported from master codelists,Drug,standard,M04A_antigout_preparations
antigout_medicines,Antigout medicines,drug,36930093,TRUE,allopurinol 100 MG Extended Release Oral Tablet Box of 28 by Pharma Strides,RxNorm Extension,M04A_antigout_preparations,reviewed_seed,Imported from master codelists,Drug,standard,M04A_antigout_preparations
antigout_medicines,Antigout medicines,drug,36931213,TRUE,benzbromarone 100 MG Oral Tablet by Drug Tariff Special Order,RxNorm Extension,M04A_antigout_preparations,reviewed_seed,Imported from master codelists,Drug,standard,M04A_antigout_preparations
antigout_medicines,Antigout medicines,drug,36931236,TRUE,allopurinol 300 MG Oral Tablet [Caplenal] Box of 28 by TEVA,RxNorm Extension,M04A_antigout_preparations,reviewed_seed,Imported from master codelists,Drug,standard,M04A_antigout_preparations
antigout_medicines,Antigout medicines,drug,36932375,TRUE,allopurinol 300 MG Extended Release Oral Tablet by RX Farma,RxNorm Extension,M04A_antigout_preparations,reviewed_seed,Imported from master codelists,Drug,standard,M04A_antigout_preparations
antigout_medicines,Antigout medicines,drug,36932440,TRUE,allopurinol 100 MG Oral Tablet by Genesis,RxNorm Extension,M04A_antigout_preparations,reviewed_seed,Imported from master codelists,Drug,standard,M04A_antigout_preparations
antigout_medicines,Antigout medicines,drug,36932683,TRUE,allopurinol 100 MG Oral Tablet by Viatris Healthcare,RxNorm Extension,M04A_antigout_preparations,reviewed_seed,Imported from master codelists,Drug,standard,M04A_antigout_preparations
antigout_medicines,Antigout medicines,drug,36933057,TRUE,rasburicase 1.5 MG Injectable Solution [Fasturtec] by Sanofi Genzyme,RxNorm Extension,M04A_antigout_preparations,reviewed_seed,Imported from master codelists,Drug,standard,M04A_antigout_preparations
antigout_medicines,Antigout medicines,drug,36933164,TRUE,allopurinol 300 MG Oral Tablet [Caplenal] Box of 28,RxNorm Extension,M04A_antigout_preparations,reviewed_seed,Imported from master codelists,Drug,standard,M04A_antigout_preparations
antigout_medicines,Antigout medicines,drug,36933504,TRUE,allopurinol 100 MG Oral Tablet [Xanthomax] Box of 100 by Ashbourne,RxNorm Extension,M04A_antigout_preparations,reviewed_seed,Imported from master codelists,Drug,standard,M04A_antigout_preparations
antigout_medicines,Antigout medicines,drug,36934217,TRUE,colchicine 0.5 MG Oral Tablet Box of 100 by Manx,RxNorm Extension,M04A_antigout_preparations,reviewed_seed,Imported from master codelists,Drug,standard,M04A_antigout_preparations
antigout_medicines,Antigout medicines,drug,36935273,TRUE,allopurinol 100 MG Extended Release Oral Tablet by Flamingo,RxNorm Extension,M04A_antigout_preparations,reviewed_seed,Imported from master codelists,Drug,standard,M04A_antigout_preparations
antigout_medicines,Antigout medicines,drug,36935275,TRUE,allopurinol 100 MG Extended Release Oral Tablet Box of 28 by Mawdsley-Brooks,RxNorm Extension,M04A_antigout_preparations,reviewed_seed,Imported from master codelists,Drug,standard,M04A_antigout_preparations
antigout_medicines,Antigout medicines,drug,36935498,TRUE,febuxostat 120 MG Oral Tablet [Elstabya] Box of 28,RxNorm Extension,M04A_antigout_preparations,reviewed_seed,Imported from master codelists,Drug,standard,M04A_antigout_preparations
antigout_medicines,Antigout medicines,drug,36935525,TRUE,allopurinol 300 MG Extended Release Oral Tablet Box of 100 by Pharma Strides,RxNorm Extension,M04A_antigout_preparations,reviewed_seed,Imported from master codelists,Drug,standard,M04A_antigout_preparations
antigout_medicines,Antigout medicines,drug,36936632,TRUE,probenecid 500 MG Oral Tablet Box of 50 by Drug Tariff Special Order,RxNorm Extension,M04A_antigout_preparations,reviewed_seed,Imported from master codelists,Drug,standard,M04A_antigout_preparations
antigout_medicines,Antigout medicines,drug,36936990,TRUE,febuxostat 120 MG Oral Tablet [Elstabya],RxNorm Extension,M04A_antigout_preparations,reviewed_seed,Imported from master codelists,Drug,standard,M04A_antigout_preparations
antigout_medicines,Antigout medicines,drug,36937538,TRUE,allopurinol 300 MG Extended Release Oral Tablet by Ipca,RxNorm Extension,M04A_antigout_preparations,reviewed_seed,Imported from master codelists,Drug,standard,M04A_antigout_preparations
antigout_medicines,Antigout medicines,drug,36937623,TRUE,probenecid 500 MG Oral Tablet [Benemid] by Organon,RxNorm Extension,M04A_antigout_preparations,reviewed_seed,Imported from master codelists,Drug,standard,M04A_antigout_preparations
antigout_medicines,Antigout medicines,drug,36938607,TRUE,allopurinol 300 MG Extended Release Oral Tablet by Genesis,RxNorm Extension,M04A_antigout_preparations,reviewed_seed,Imported from master codelists,Drug,standard,M04A_antigout_preparations
antigout_medicines,Antigout medicines,drug,36939497,TRUE,febuxostat 80 MG Oral Tablet Box of 28 by Milpharm,RxNorm Extension,M04A_antigout_preparations,reviewed_seed,Imported from master codelists,Drug,standard,M04A_antigout_preparations
antigout_medicines,Antigout medicines,drug,36939938,TRUE,benzbromarone 100 MG Oral Tablet Box of 30 by Drug Tariff Special Order,RxNorm Extension,M04A_antigout_preparations,reviewed_seed,Imported from master codelists,Drug,standard,M04A_antigout_preparations
antigout_medicines,Antigout medicines,drug,36940594,TRUE,allopurinol 100 MG Oral Tablet Box of 100 by Viatris Healthcare,RxNorm Extension,M04A_antigout_preparations,reviewed_seed,Imported from master codelists,Drug,standard,M04A_antigout_preparations
antigout_medicines,Antigout medicines,drug,36940769,TRUE,rasburicase 7.5 MG Injectable Solution [Fasturtec] Box of 1 by Sanofi Genzyme,RxNorm Extension,M04A_antigout_preparations,reviewed_seed,Imported from master codelists,Drug,standard,M04A_antigout_preparations
antigout_medicines,Antigout medicines,drug,36940908,TRUE,allopurinol 100 MG Extended Release Oral Tablet by RX Farma,RxNorm Extension,M04A_antigout_preparations,reviewed_seed,Imported from master codelists,Drug,standard,M04A_antigout_preparations
antigout_medicines,Antigout medicines,drug,36941713,TRUE,allopurinol 100 MG Extended Release Oral Tablet Box of 28 by Ipca,RxNorm Extension,M04A_antigout_preparations,reviewed_seed,Imported from master codelists,Drug,standard,M04A_antigout_preparations
antigout_medicines,Antigout medicines,drug,36941895,TRUE,febuxostat 80 MG Oral Tablet Box of 28 by Crescent,RxNorm Extension,M04A_antigout_preparations,reviewed_seed,Imported from master codelists,Drug,standard,M04A_antigout_preparations
antigout_medicines,Antigout medicines,drug,36943100,TRUE,probenecid 500 MG Oral Tablet Box of 1 by Drug Tariff Special Order,RxNorm Extension,M04A_antigout_preparations,reviewed_seed,Imported from master codelists,Drug,standard,M04A_antigout_preparations
antigout_medicines,Antigout medicines,drug,36943482,TRUE,allopurinol 300 MG Oral Tablet [Xanthomax] by Ashbourne,RxNorm Extension,M04A_antigout_preparations,reviewed_seed,Imported from master codelists,Drug,standard,M04A_antigout_preparations
antigout_medicines,Antigout medicines,drug,36944490,TRUE,allopurinol 300 MG Oral Tablet by Ipca,RxNorm Extension,M04A_antigout_preparations,reviewed_seed,Imported from master codelists,Drug,standard,M04A_antigout_preparations
antigout_medicines,Antigout medicines,drug,36946157,TRUE,febuxostat 80 MG Oral Tablet [Elstabya] Box of 28,RxNorm Extension,M04A_antigout_preparations,reviewed_seed,Imported from master codelists,Drug,standard,M04A_antigout_preparations
antigout_medicines,Antigout medicines,drug,36946550,TRUE,allopurinol 300 MG Oral Tablet Box of 100 by Pharma Strides,RxNorm Extension,M04A_antigout_preparations,reviewed_seed,Imported from master codelists,Drug,standard,M04A_antigout_preparations
antigout_medicines,Antigout medicines,drug,36946715,TRUE,allopurinol 100 MG Oral Tablet Box of 28 by Flamingo,RxNorm Extension,M04A_antigout_preparations,reviewed_seed,Imported from master codelists,Drug,standard,M04A_antigout_preparations
antigout_medicines,Antigout medicines,drug,36946778,TRUE,allopurinol 300 MG Extended Release Oral Tablet Box of 100 by Viatris Healthcare,RxNorm Extension,M04A_antigout_preparations,reviewed_seed,Imported from master codelists,Drug,standard,M04A_antigout_preparations
antigout_medicines,Antigout medicines,drug,36949594,TRUE,100 ML allopurinol 20 MG/ML Oral Solution,RxNorm Extension,M04A_antigout_preparations,reviewed_seed,Imported from master codelists,Drug,standard,M04A_antigout_preparations
antigout_medicines,Antigout medicines,drug,36949726,TRUE,allopurinol 300 MG Oral Tablet Box of 28 by Pharma Strides,RxNorm Extension,M04A_antigout_preparations,reviewed_seed,Imported from master codelists,Drug,standard,M04A_antigout_preparations
antigout_medicines,Antigout medicines,drug,36950180,TRUE,allopurinol 100 MG Oral Tablet Box of 28 by Pharma Strides,RxNorm Extension,M04A_antigout_preparations,reviewed_seed,Imported from master codelists,Drug,standard,M04A_antigout_preparations
antigout_medicines,Antigout medicines,drug,36950515,TRUE,allopurinol 100 MG Extended Release Oral Tablet by Mawdsley-Brooks,RxNorm Extension,M04A_antigout_preparations,reviewed_seed,Imported from master codelists,Drug,standard,M04A_antigout_preparations
antigout_medicines,Antigout medicines,drug,36950696,TRUE,allopurinol 300 MG Oral Tablet by Genesis,RxNorm Extension,M04A_antigout_preparations,reviewed_seed,Imported from master codelists,Drug,standard,M04A_antigout_preparations
antigout_medicines,Antigout medicines,drug,36951055,TRUE,allopurinol 300 MG Extended Release Oral Tablet Box of 28 by Ipca,RxNorm Extension,M04A_antigout_preparations,reviewed_seed,Imported from master codelists,Drug,standard,M04A_antigout_preparations
antigout_medicines,Antigout medicines,drug,36951487,TRUE,allopurinol 300 MG Extended Release Oral Tablet by Flamingo,RxNorm Extension,M04A_antigout_preparations,reviewed_seed,Imported from master codelists,Drug,standard,M04A_antigout_preparations
antigout_medicines,Antigout medicines,drug,36952119,TRUE,febuxostat 120 MG Oral Tablet Box of 28 by Crescent,RxNorm Extension,M04A_antigout_preparations,reviewed_seed,Imported from master codelists,Drug,standard,M04A_antigout_preparations
antigout_medicines,Antigout medicines,drug,36952233,TRUE,allopurinol 300 MG Oral Tablet by Flamingo,RxNorm Extension,M04A_antigout_preparations,reviewed_seed,Imported from master codelists,Drug,standard,M04A_antigout_preparations
antigout_medicines,Antigout medicines,drug,36952598,TRUE,febuxostat 80 MG Oral Tablet [Elstabya] by Amarox,RxNorm Extension,M04A_antigout_preparations,reviewed_seed,Imported from master codelists,Drug,standard,M04A_antigout_preparations
antigout_medicines,Antigout medicines,drug,36952920,TRUE,allopurinol 100 MG Extended Release Oral Tablet by Sigma,RxNorm Extension,M04A_antigout_preparations,reviewed_seed,Imported from master codelists,Drug,standard,M04A_antigout_preparations
antigout_medicines,Antigout medicines,drug,36952984,TRUE,probenecid 500 MG Oral Tablet Box of 50,RxNorm Extension,M04A_antigout_preparations,reviewed_seed,Imported from master codelists,Drug,standard,M04A_antigout_preparations
antigout_medicines,Antigout medicines,drug,36953637,TRUE,allopurinol 300 MG Oral Tablet [Xanthomax] Box of 28,RxNorm Extension,M04A_antigout_preparations,reviewed_seed,Imported from master codelists,Drug,standard,M04A_antigout_preparations
antigout_medicines,Antigout medicines,drug,36953764,TRUE,febuxostat 80 MG Oral Tablet by Milpharm,RxNorm Extension,M04A_antigout_preparations,reviewed_seed,Imported from master codelists,Drug,standard,M04A_antigout_preparations
antigout_medicines,Antigout medicines,drug,36954421,TRUE,febuxostat 120 MG Oral Tablet by Milpharm,RxNorm Extension,M04A_antigout_preparations,reviewed_seed,Imported from master codelists,Drug,standard,M04A_antigout_preparations
antigout_medicines,Antigout medicines,drug,36954522,TRUE,allopurinol 100 MG Oral Tablet [Caplenal] Box of 28,RxNorm Extension,M04A_antigout_preparations,reviewed_seed,Imported from master codelists,Drug,standard,M04A_antigout_preparations
antigout_medicines,Antigout medicines,drug,36954746,TRUE,allopurinol 100 MG Oral Tablet [Xanthomax] Box of 100,RxNorm Extension,M04A_antigout_preparations,reviewed_seed,Imported from master codelists,Drug,standard,M04A_antigout_preparations
antigout_medicines,Antigout medicines,drug,36955976,TRUE,colchicine 0.5 MG Oral Tablet Box of 100 by Dawa,RxNorm Extension,M04A_antigout_preparations,reviewed_seed,Imported from master codelists,Drug,standard,M04A_antigout_preparations
antigout_medicines,Antigout medicines,drug,36956207,TRUE,rasburicase 7.5 MG Injectable Solution [Fasturtec] by Sanofi Genzyme,RxNorm Extension,M04A_antigout_preparations,reviewed_seed,Imported from master codelists,Drug,standard,M04A_antigout_preparations
antigout_medicines,Antigout medicines,drug,36956903,TRUE,colchicine 0.5 MG Oral Tablet by Dawa,RxNorm Extension,M04A_antigout_preparations,reviewed_seed,Imported from master codelists,Drug,standard,M04A_antigout_preparations
antigout_medicines,Antigout medicines,drug,36956961,TRUE,allopurinol 300 MG Extended Release Oral Tablet Box of 28 by Genesis,RxNorm Extension,M04A_antigout_preparations,reviewed_seed,Imported from master codelists,Drug,standard,M04A_antigout_preparations
antigout_medicines,Antigout medicines,drug,36957028,TRUE,allopurinol 100 MG Extended Release Oral Tablet Box of 28 by Flamingo,RxNorm Extension,M04A_antigout_preparations,reviewed_seed,Imported from master codelists,Drug,standard,M04A_antigout_preparations
antigout_medicines,Antigout medicines,drug,36957717,TRUE,colchicine 0.5 MG Oral Tablet by Manx,RxNorm Extension,M04A_antigout_preparations,reviewed_seed,Imported from master codelists,Drug,standard,M04A_antigout_preparations
antigout_medicines,Antigout medicines,drug,36958347,TRUE,febuxostat Oral Tablet [Elstabya],RxNorm Extension,M04A_antigout_preparations,reviewed_seed,Imported from master codelists,Drug,standard,M04A_antigout_preparations
antigout_medicines,Antigout medicines,drug,36958625,TRUE,allopurinol 100 MG Extended Release Oral Tablet by Medihealth,RxNorm Extension,M04A_antigout_preparations,reviewed_seed,Imported from master codelists,Drug,standard,M04A_antigout_preparations
antigout_medicines,Antigout medicines,drug,36960234,TRUE,allopurinol 100 MG Extended Release Oral Tablet by Genesis,RxNorm Extension,M04A_antigout_preparations,reviewed_seed,Imported from master codelists,Drug,standard,M04A_antigout_preparations
antigout_medicines,Antigout medicines,drug,36960873,TRUE,febuxostat 120 MG Oral Tablet by Crescent,RxNorm Extension,M04A_antigout_preparations,reviewed_seed,Imported from master codelists,Drug,standard,M04A_antigout_preparations
antigout_medicines,Antigout medicines,drug,36961808,TRUE,probenecid 500 MG Oral Tablet [Benemid] Box of 30,RxNorm Extension,M04A_antigout_preparations,reviewed_seed,Imported from master codelists,Drug,standard,M04A_antigout_preparations
antigout_medicines,Antigout medicines,drug,36961855,TRUE,allopurinol 100 MG Oral Tablet Box of 28 by Genesis,RxNorm Extension,M04A_antigout_preparations,reviewed_seed,Imported from master codelists,Drug,standard,M04A_antigout_preparations
antigout_medicines,Antigout medicines,drug,36962356,TRUE,allopurinol 100 MG Oral Tablet [Caplenal] by TEVA,RxNorm Extension,M04A_antigout_preparations,reviewed_seed,Imported from master codelists,Drug,standard,M04A_antigout_preparations
antigout_medicines,Antigout medicines,drug,36962563,TRUE,allopurinol 300 MG Oral Tablet Box of 100 by Viatris Healthcare,RxNorm Extension,M04A_antigout_preparations,reviewed_seed,Imported from master codelists,Drug,standard,M04A_antigout_preparations
antigout_medicines,Antigout medicines,drug,36963991,TRUE,allopurinol 300 MG Extended Release Oral Tablet Box of 28 by Flamingo,RxNorm Extension,M04A_antigout_preparations,reviewed_seed,Imported from master codelists,Drug,standard,M04A_antigout_preparations
antigout_medicines,Antigout medicines,drug,36964705,TRUE,febuxostat 80 MG [Elstabya],RxNorm Extension,M04A_antigout_preparations,reviewed_seed,Imported from master codelists,Drug,standard,M04A_antigout_preparations
antigout_medicines,Antigout medicines,drug,36964766,TRUE,febuxostat 120 MG Oral Tablet [Elstabya] Box of 28 by Amarox,RxNorm Extension,M04A_antigout_preparations,reviewed_seed,Imported from master codelists,Drug,standard,M04A_antigout_preparations
antigout_medicines,Antigout medicines,drug,36965157,TRUE,allopurinol 300 MG Oral Tablet Box of 28 by Ipca,RxNorm Extension,M04A_antigout_preparations,reviewed_seed,Imported from master codelists,Drug,standard,M04A_antigout_preparations
antigout_medicines,Antigout medicines,drug,36965724,TRUE,febuxostat 120 MG Oral Tablet [Elstabya] by Amarox,RxNorm Extension,M04A_antigout_preparations,reviewed_seed,Imported from master codelists,Drug,standard,M04A_antigout_preparations
antigout_medicines,Antigout medicines,drug,36965938,TRUE,allopurinol 100 MG Oral Tablet by Flamingo,RxNorm Extension,M04A_antigout_preparations,reviewed_seed,Imported from master codelists,Drug,standard,M04A_antigout_preparations
antigout_medicines,Antigout medicines,drug,36967630,TRUE,allopurinol 100 MG Extended Release Oral Tablet by Viatris Healthcare,RxNorm Extension,M04A_antigout_preparations,reviewed_seed,Imported from master codelists,Drug,standard,M04A_antigout_preparations
antigout_medicines,Antigout medicines,drug,36967878,TRUE,allopurinol 100 MG Oral Tablet [Xanthomax] by Ashbourne,RxNorm Extension,M04A_antigout_preparations,reviewed_seed,Imported from master codelists,Drug,standard,M04A_antigout_preparations
antigout_medicines,Antigout medicines,drug,36968269,TRUE,allopurinol 300 MG Oral Tablet Box of 28 by Genesis,RxNorm Extension,M04A_antigout_preparations,reviewed_seed,Imported from master codelists,Drug,standard,M04A_antigout_preparations
antigout_medicines,Antigout medicines,drug,36968638,TRUE,benzbromarone 100 MG Oral Tablet Box of 1 by Drug Tariff Special Order,RxNorm Extension,M04A_antigout_preparations,reviewed_seed,Imported from master codelists,Drug,standard,M04A_antigout_preparations
antigout_medicines,Antigout medicines,drug,36969749,TRUE,febuxostat 120 MG Oral Tablet Box of 28 by Milpharm,RxNorm Extension,M04A_antigout_preparations,reviewed_seed,Imported from master codelists,Drug,standard,M04A_antigout_preparations
antigout_medicines,Antigout medicines,drug,36969759,TRUE,allopurinol 300 MG Oral Tablet [Xanthomax] Box of 28 by Ashbourne,RxNorm Extension,M04A_antigout_preparations,reviewed_seed,Imported from master codelists,Drug,standard,M04A_antigout_preparations
antigout_medicines,Antigout medicines,drug,37592040,TRUE,febuxostat 120 MG Oral Tablet [Adenuric] by Gerke,RxNorm Extension,M04A_antigout_preparations,reviewed_seed,Imported from master codelists,Drug,standard,M04A_antigout_preparations
antigout_medicines,Antigout medicines,drug,37592390,TRUE,Allopurinol 100 MG Oral Tablet [ALLOPURINOL SANDOZ] by Novartis,RxNorm Extension,M04A_antigout_preparations,reviewed_seed,Imported from master codelists,Drug,standard,M04A_antigout_preparations
antigout_medicines,Antigout medicines,drug,37592391,TRUE,Allopurinol 300 MG Oral Tablet by Gom,RxNorm Extension,M04A_antigout_preparations,reviewed_seed,Imported from master codelists,Drug,standard,M04A_antigout_preparations
antigout_medicines,Antigout medicines,drug,40005862,TRUE,allopurinol / benzbromarone Oral Tablet,RxNorm,M04A_antigout_preparations,reviewed_seed,Imported from master codelists,Drug,standard,M04A_antigout_preparations
antigout_medicines,Antigout medicines,drug,40005863,TRUE,allopurinol / colchicine Extended Release Oral Capsule,RxNorm,M04A_antigout_preparations,reviewed_seed,Imported from master codelists,Drug,standard,M04A_antigout_preparations
antigout_medicines,Antigout medicines,drug,40005864,TRUE,allopurinol / colchicine Oral Tablet,RxNorm,M04A_antigout_preparations,reviewed_seed,Imported from master codelists,Drug,standard,M04A_antigout_preparations
antigout_medicines,Antigout medicines,drug,40005865,TRUE,allopurinol / probenecid Oral Tablet,RxNorm,M04A_antigout_preparations,reviewed_seed,Imported from master codelists,Drug,standard,M04A_antigout_preparations
antigout_medicines,Antigout medicines,drug,40005906,TRUE,allopurinol Extended Release Oral Capsule,RxNorm,M04A_antigout_preparations,reviewed_seed,Imported from master codelists,Drug,standard,M04A_antigout_preparations
antigout_medicines,Antigout medicines,drug,40005907,TRUE,allopurinol Extended Release Oral Tablet,RxNorm,M04A_antigout_preparations,reviewed_seed,Imported from master codelists,Drug,standard,M04A_antigout_preparations
antigout_medicines,Antigout medicines,drug,40005910,TRUE,allopurinol Oral Capsule,RxNorm,M04A_antigout_preparations,reviewed_seed,Imported from master codelists,Drug,standard,M04A_antigout_preparations
antigout_medicines,Antigout medicines,drug,40005911,TRUE,allopurinol Oral Tablet,RxNorm,M04A_antigout_preparations,reviewed_seed,Imported from master codelists,Drug,standard,M04A_antigout_preparations
antigout_medicines,Antigout medicines,drug,40005912,TRUE,allopurinol Oral Tablet [Aloral],RxNorm,M04A_antigout_preparations,reviewed_seed,Imported from master codelists,Drug,standard,M04A_antigout_preparations
antigout_medicines,Antigout medicines,drug,40005913,TRUE,allopurinol Oral Tablet [Aluline],RxNorm,M04A_antigout_preparations,reviewed_seed,Imported from master codelists,Drug,standard,M04A_antigout_preparations
antigout_medicines,Antigout medicines,drug,40005914,TRUE,allopurinol Oral Tablet [Caplenal],RxNorm,M04A_antigout_preparations,reviewed_seed,Imported from master codelists,Drug,standard,M04A_antigout_preparations
antigout_medicines,Antigout medicines,drug,40005915,TRUE,allopurinol Oral Tablet [Cosuric],RxNorm,M04A_antigout_preparations,reviewed_seed,Imported from master codelists,Drug,standard,M04A_antigout_preparations
antigout_medicines,Antigout medicines,drug,40005916,TRUE,allopurinol Oral Tablet [Hamarin],RxNorm,M04A_antigout_preparations,reviewed_seed,Imported from master codelists,Drug,standard,M04A_antigout_preparations
antigout_medicines,Antigout medicines,drug,40005917,TRUE,allopurinol Oral Tablet [Lopurin],RxNorm,M04A_antigout_preparations,reviewed_seed,Imported from master codelists,Drug,standard,M04A_antigout_preparations
antigout_medicines,Antigout medicines,drug,40005918,TRUE,allopurinol Oral Tablet [Rimapurinol],RxNorm,M04A_antigout_preparations,reviewed_seed,Imported from master codelists,Drug,standard,M04A_antigout_preparations
antigout_medicines,Antigout medicines,drug,40005919,TRUE,allopurinol Oral Tablet [Xanthomax],RxNorm,M04A_antigout_preparations,reviewed_seed,Imported from master codelists,Drug,standard,M04A_antigout_preparations
antigout_medicines,Antigout medicines,drug,40005920,TRUE,allopurinol Oral Tablet [Zyloprim],RxNorm,M04A_antigout_preparations,reviewed_seed,Imported from master codelists,Drug,standard,M04A_antigout_preparations
antigout_medicines,Antigout medicines,drug,40009220,TRUE,amoxicillin / probenecid Oral Suspension,RxNorm,M04A_antigout_preparations,reviewed_seed,Imported from master codelists,Drug,standard,M04A_antigout_preparations
antigout_medicines,Antigout medicines,drug,40013158,TRUE,benzbromarone Oral Tablet,RxNorm,M04A_antigout_preparations,reviewed_seed,Imported from master codelists,Drug,standard,M04A_antigout_preparations
antigout_medicines,Antigout medicines,drug,40031407,TRUE,colchicine / probenecid Oral Tablet,RxNorm,M04A_antigout_preparations,reviewed_seed,Imported from master codelists,Drug,standard,M04A_antigout_preparations
antigout_medicines,Antigout medicines,drug,40031427,TRUE,colchicine Injectable Solution,RxNorm,M04A_antigout_preparations,reviewed_seed,Imported from master codelists,Drug,standard,M04A_antigout_preparations
antigout_medicines,Antigout medicines,drug,40031428,TRUE,colchicine Oral Tablet,RxNorm,M04A_antigout_preparations,reviewed_seed,Imported from master codelists,Drug,standard,M04A_antigout_preparations
antigout_medicines,Antigout medicines,drug,40074271,TRUE,probenecid Oral Tablet,RxNorm,M04A_antigout_preparations,reviewed_seed,Imported from master codelists,Drug,standard,M04A_antigout_preparations
antigout_medicines,Antigout medicines,drug,40074272,TRUE,probenecid Oral Tablet [Benemid],RxNorm,M04A_antigout_preparations,reviewed_seed,Imported from master codelists,Drug,standard,M04A_antigout_preparations
antigout_medicines,Antigout medicines,drug,40082158,TRUE,sulfinpyrazone Oral Capsule,RxNorm,M04A_antigout_preparations,reviewed_seed,Imported from master codelists,Drug,standard,M04A_antigout_preparations
antigout_medicines,Antigout medicines,drug,40082159,TRUE,sulfinpyrazone Oral Capsule [Anturane],RxNorm,M04A_antigout_preparations,reviewed_seed,Imported from master codelists,Drug,standard,M04A_antigout_preparations
antigout_medicines,Antigout medicines,drug,40082160,TRUE,sulfinpyrazone Oral Tablet,RxNorm,M04A_antigout_preparations,reviewed_seed,Imported from master codelists,Drug,standard,M04A_antigout_preparations
antigout_medicines,Antigout medicines,drug,40082161,TRUE,sulfinpyrazone Oral Tablet [Anturane],RxNorm,M04A_antigout_preparations,reviewed_seed,Imported from master codelists,Drug,standard,M04A_antigout_preparations
antigout_medicines,Antigout medicines,drug,40098173,TRUE,tisopurine Oral Tablet,RxNorm,M04A_antigout_preparations,reviewed_seed,Imported from master codelists,Drug,standard,M04A_antigout_preparations
antigout_medicines,Antigout medicines,drug,40157823,TRUE,febuxostat Oral Tablet,RxNorm,M04A_antigout_preparations,reviewed_seed,Imported from master codelists,Drug,standard,M04A_antigout_preparations
antigout_medicines,Antigout medicines,drug,40157824,TRUE,febuxostat Oral Tablet [Uloric],RxNorm,M04A_antigout_preparations,reviewed_seed,Imported from master codelists,Drug,standard,M04A_antigout_preparations
antigout_medicines,Antigout medicines,drug,40164492,TRUE,colchicine 0.6 MG Oral Tablet [Colcrys],RxNorm,M04A_antigout_preparations,reviewed_seed,Imported from master codelists,Drug,standard,M04A_antigout_preparations
antigout_medicines,Antigout medicines,drug,40164493,TRUE,colchicine 0.6 MG [Colcrys],RxNorm,M04A_antigout_preparations,reviewed_seed,Imported from master codelists,Drug,standard,M04A_antigout_preparations
antigout_medicines,Antigout medicines,drug,40164494,TRUE,colchicine Oral Tablet [Colcrys],RxNorm,M04A_antigout_preparations,reviewed_seed,Imported from master codelists,Drug,standard,M04A_antigout_preparations
antigout_medicines,Antigout medicines,drug,40226208,TRUE,pegloticase,RxNorm,M04A_antigout_preparations,reviewed_seed,Imported from master codelists,Drug,standard,M04A_antigout_preparations
antigout_medicines,Antigout medicines,drug,40226209,TRUE,pegloticase 8 MG/ML,RxNorm,M04A_antigout_preparations,reviewed_seed,Imported from master codelists,Drug,standard,M04A_antigout_preparations
antigout_medicines,Antigout medicines,drug,40226210,TRUE,1 ML pegloticase 8 MG/ML Injection,RxNorm,M04A_antigout_preparations,reviewed_seed,Imported from master codelists,Drug,standard,M04A_antigout_preparations
antigout_medicines,Antigout medicines,drug,40226211,TRUE,1 ML pegloticase 8 MG/ML Injection [Krystexxa],RxNorm,M04A_antigout_preparations,reviewed_seed,Imported from master codelists,Drug,standard,M04A_antigout_preparations
antigout_medicines,Antigout medicines,drug,40226212,TRUE,pegloticase 8 MG/ML [Krystexxa],RxNorm,M04A_antigout_preparations,reviewed_seed,Imported from master codelists,Drug,standard,M04A_antigout_preparations
antigout_medicines,Antigout medicines,drug,40718871,TRUE,1 ML Allopurinol 5 MG/ML Oral Suspension,RxNorm Extension,M04A_antigout_preparations,reviewed_seed,Imported from master codelists,Drug,standard,M04A_antigout_preparations
antigout_medicines,Antigout medicines,drug,40718872,TRUE,1 ML Allopurinol 0.5 MG/ML Oral Suspension,RxNorm Extension,M04A_antigout_preparations,reviewed_seed,Imported from master codelists,Drug,standard,M04A_antigout_preparations
antigout_medicines,Antigout medicines,drug,40719019,TRUE,1 ML Colchicine 0.05 MG/ML Oral Solution,RxNorm Extension,M04A_antigout_preparations,reviewed_seed,Imported from master codelists,Drug,standard,M04A_antigout_preparations
antigout_medicines,Antigout medicines,drug,40719020,TRUE,1 ML Colchicine 0.08 MG/ML Oral Suspension,RxNorm Extension,M04A_antigout_preparations,reviewed_seed,Imported from master codelists,Drug,standard,M04A_antigout_preparations
antigout_medicines,Antigout medicines,drug,40720254,TRUE,Probenecid 250 MG Oral Tablet Box of 1,RxNorm Extension,M04A_antigout_preparations,reviewed_seed,Imported from master codelists,Drug,standard,M04A_antigout_preparations
antigout_medicines,Antigout medicines,drug,40723160,TRUE,Benzbromarone 50 MG Oral Tablet Box of 1,RxNorm Extension,M04A_antigout_preparations,reviewed_seed,Imported from master codelists,Drug,standard,M04A_antigout_preparations
antigout_medicines,Antigout medicines,drug,40747151,TRUE,Allopurinol 5 MG/ML Oral Suspension,RxNorm Extension,M04A_antigout_preparations,reviewed_seed,Imported from master codelists,Drug,standard,M04A_antigout_preparations
antigout_medicines,Antigout medicines,drug,40747152,TRUE,Allopurinol 5 MG/ML,RxNorm Extension,M04A_antigout_preparations,reviewed_seed,Imported from master codelists,Drug,standard,M04A_antigout_preparations
antigout_medicines,Antigout medicines,drug,40747153,TRUE,Allopurinol 100 MG Oral Tablet [Zyloric] Box of 50 by Sigma,RxNorm Extension,M04A_antigout_preparations,reviewed_seed,Imported from master codelists,Drug,standard,M04A_antigout_preparations
antigout_medicines,Antigout medicines,drug,40747154,TRUE,Allopurinol 100 MG Oral Tablet [Zyloric] by Sigma,RxNorm Extension,M04A_antigout_preparations,reviewed_seed,Imported from master codelists,Drug,standard,M04A_antigout_preparations
antigout_medicines,Antigout medicines,drug,40747155,TRUE,Allopurinol 100 MG Oral Tablet Box of 100 by Strides Shasun,RxNorm Extension,M04A_antigout_preparations,reviewed_seed,Imported from master codelists,Drug,standard,M04A_antigout_preparations
antigout_medicines,Antigout medicines,drug,40747156,TRUE,Allopurinol 100 MG Oral Tablet Box of 28 by Bristol Labs,RxNorm Extension,M04A_antigout_preparations,reviewed_seed,Imported from master codelists,Drug,standard,M04A_antigout_preparations
antigout_medicines,Antigout medicines,drug,40747157,TRUE,Allopurinol 100 MG Oral Tablet Box of 28 by RX Farma,RxNorm Extension,M04A_antigout_preparations,reviewed_seed,Imported from master codelists,Drug,standard,M04A_antigout_preparations
antigout_medicines,Antigout medicines,drug,40747158,TRUE,Allopurinol 100 MG Oral Tablet Box of 28 by Strides Shasun,RxNorm Extension,M04A_antigout_preparations,reviewed_seed,Imported from master codelists,Drug,standard,M04A_antigout_preparations
antigout_medicines,Antigout medicines,drug,40747159,TRUE,Allopurinol 100 MG Oral Tablet Box of 28 by Phoenix Healthcare Distribution,RxNorm Extension,M04A_antigout_preparations,reviewed_seed,Imported from master codelists,Drug,standard,M04A_antigout_preparations
antigout_medicines,Antigout medicines,drug,40747160,TRUE,Allopurinol 100 MG Oral Tablet Box of 28 by Sigma,RxNorm Extension,M04A_antigout_preparations,reviewed_seed,Imported from master codelists,Drug,standard,M04A_antigout_preparations
antigout_medicines,Antigout medicines,drug,40747161,TRUE,Allopurinol 100 MG Oral Tablet by Bristol Labs,RxNorm Extension,M04A_antigout_preparations,reviewed_seed,Imported from master codelists,Drug,standard,M04A_antigout_preparations
antigout_medicines,Antigout medicines,drug,40747162,TRUE,Allopurinol 100 MG Oral Tablet by RX Farma,RxNorm Extension,M04A_antigout_preparations,reviewed_seed,Imported from master codelists,Drug,standard,M04A_antigout_preparations
antigout_medicines,Antigout medicines,drug,40747163,TRUE,Allopurinol 100 MG Oral Tablet by Strides Shasun,RxNorm Extension,M04A_antigout_preparations,reviewed_seed,Imported from master codelists,Drug,standard,M04A_antigout_preparations
antigout_medicines,Antigout medicines,drug,40747164,TRUE,Allopurinol 100 MG Oral Tablet by Phoenix Healthcare Distribution,RxNorm Extension,M04A_antigout_preparations,reviewed_seed,Imported from master codelists,Drug,standard,M04A_antigout_preparations
antigout_medicines,Antigout medicines,drug,40747165,TRUE,Allopurinol 100 MG Oral Tablet by Sigma,RxNorm Extension,M04A_antigout_preparations,reviewed_seed,Imported from master codelists,Drug,standard,M04A_antigout_preparations
antigout_medicines,Antigout medicines,drug,40747166,TRUE,Allopurinol 0.5 MG/ML Oral Suspension,RxNorm Extension,M04A_antigout_preparations,reviewed_seed,Imported from master codelists,Drug,standard,M04A_antigout_preparations
antigout_medicines,Antigout medicines,drug,40747167,TRUE,Allopurinol 0.5 MG/ML,RxNorm Extension,M04A_antigout_preparations,reviewed_seed,Imported from master codelists,Drug,standard,M04A_antigout_preparations
antigout_medicines,Antigout medicines,drug,40747168,TRUE,Allopurinol 300 MG Oral Tablet [Zyloric] Box of 30 by Sigma,RxNorm Extension,M04A_antigout_preparations,reviewed_seed,Imported from master codelists,Drug,standard,M04A_antigout_preparations
antigout_medicines,Antigout medicines,drug,40747169,TRUE,Allopurinol 300 MG Oral Tablet [Zyloric] by Sigma,RxNorm Extension,M04A_antigout_preparations,reviewed_seed,Imported from master codelists,Drug,standard,M04A_antigout_preparations
antigout_medicines,Antigout medicines,drug,40747170,TRUE,Allopurinol 300 MG Oral Tablet Box of 100 by Strides Shasun,RxNorm Extension,M04A_antigout_preparations,reviewed_seed,Imported from master codelists,Drug,standard,M04A_antigout_preparations
antigout_medicines,Antigout medicines,drug,40747610,TRUE,Allopurinol 300 MG Oral Tablet Box of 28 by Bristol Labs,RxNorm Extension,M04A_antigout_preparations,reviewed_seed,Imported from master codelists,Drug,standard,M04A_antigout_preparations
antigout_medicines,Antigout medicines,drug,40747611,TRUE,Allopurinol 300 MG Oral Tablet Box of 28 by RX Farma,RxNorm Extension,M04A_antigout_preparations,reviewed_seed,Imported from master codelists,Drug,standard,M04A_antigout_preparations
antigout_medicines,Antigout medicines,drug,40747612,TRUE,Allopurinol 300 MG Oral Tablet Box of 28 by Strides Shasun,RxNorm Extension,M04A_antigout_preparations,reviewed_seed,Imported from master codelists,Drug,standard,M04A_antigout_preparations
antigout_medicines,Antigout medicines,drug,40747613,TRUE,Allopurinol 300 MG Oral Tablet Box of 28 by Phoenix Healthcare Distribution,RxNorm Extension,M04A_antigout_preparations,reviewed_seed,Imported from master codelists,Drug,standard,M04A_antigout_preparations
antigout_medicines,Antigout medicines,drug,40747614,TRUE,Allopurinol 300 MG Oral Tablet Box of 28 by Sigma,RxNorm Extension,M04A_antigout_preparations,reviewed_seed,Imported from master codelists,Drug,standard,M04A_antigout_preparations
antigout_medicines,Antigout medicines,drug,40747615,TRUE,Allopurinol 300 MG Oral Tablet by Bristol Labs,RxNorm Extension,M04A_antigout_preparations,reviewed_seed,Imported from master codelists,Drug,standard,M04A_antigout_preparations
antigout_medicines,Antigout medicines,drug,40747616,TRUE,Allopurinol 300 MG Oral Tablet by RX Farma,RxNorm Extension,M04A_antigout_preparations,reviewed_seed,Imported from master codelists,Drug,standard,M04A_antigout_preparations
antigout_medicines,Antigout medicines,drug,40747617,TRUE,Allopurinol 300 MG Oral Tablet by Strides Shasun,RxNorm Extension,M04A_antigout_preparations,reviewed_seed,Imported from master codelists,Drug,standard,M04A_antigout_preparations
antigout_medicines,Antigout medicines,drug,40747618,TRUE,Allopurinol 300 MG Oral Tablet by Phoenix Healthcare Distribution,RxNorm Extension,M04A_antigout_preparations,reviewed_seed,Imported from master codelists,Drug,standard,M04A_antigout_preparations
antigout_medicines,Antigout medicines,drug,40747619,TRUE,Allopurinol 300 MG Oral Tablet by Sigma,RxNorm Extension,M04A_antigout_preparations,reviewed_seed,Imported from master codelists,Drug,standard,M04A_antigout_preparations
antigout_medicines,Antigout medicines,drug,40754527,TRUE,Colchicine 0.05 MG/ML Oral Solution,RxNorm Extension,M04A_antigout_preparations,reviewed_seed,Imported from master codelists,Drug,standard,M04A_antigout_preparations
antigout_medicines,Antigout medicines,drug,40754528,TRUE,Colchicine 0.05 MG/ML,RxNorm Extension,M04A_antigout_preparations,reviewed_seed,Imported from master codelists,Drug,standard,M04A_antigout_preparations
antigout_medicines,Antigout medicines,drug,40754529,TRUE,Colchicine 0.08 MG/ML Oral Suspension,RxNorm Extension,M04A_antigout_preparations,reviewed_seed,Imported from master codelists,Drug,standard,M04A_antigout_preparations
antigout_medicines,Antigout medicines,drug,40754530,TRUE,Colchicine 0.08 MG/ML,RxNorm Extension,M04A_antigout_preparations,reviewed_seed,Imported from master codelists,Drug,standard,M04A_antigout_preparations
antigout_medicines,Antigout medicines,drug,40754531,TRUE,Colchicine 0.5 MG Oral Tablet Box of 100 by RPH,RxNorm Extension,M04A_antigout_preparations,reviewed_seed,Imported from master codelists,Drug,standard,M04A_antigout_preparations
antigout_medicines,Antigout medicines,drug,40754532,TRUE,Colchicine 0.5 MG Oral Tablet Box of 100 by TEVA,RxNorm Extension,M04A_antigout_preparations,reviewed_seed,Imported from master codelists,Drug,standard,M04A_antigout_preparations
antigout_medicines,Antigout medicines,drug,40754533,TRUE,Colchicine 0.5 MG Oral Tablet Box of 100 by Morningside,RxNorm Extension,M04A_antigout_preparations,reviewed_seed,Imported from master codelists,Drug,standard,M04A_antigout_preparations
antigout_medicines,Antigout medicines,drug,40754534,TRUE,Colchicine 0.5 MG Oral Tablet Box of 100 by Phoenix Healthcare Distribution,RxNorm Extension,M04A_antigout_preparations,reviewed_seed,Imported from master codelists,Drug,standard,M04A_antigout_preparations
antigout_medicines,Antigout medicines,drug,40754535,TRUE,Colchicine 0.5 MG Oral Tablet Box of 100 by Sigma,RxNorm Extension,M04A_antigout_preparations,reviewed_seed,Imported from master codelists,Drug,standard,M04A_antigout_preparations
antigout_medicines,Antigout medicines,drug,40754536,TRUE,Colchicine 0.5 MG Oral Tablet by RPH,RxNorm Extension,M04A_antigout_preparations,reviewed_seed,Imported from master codelists,Drug,standard,M04A_antigout_preparations
antigout_medicines,Antigout medicines,drug,40754537,TRUE,Colchicine 0.5 MG Oral Tablet by TEVA,RxNorm Extension,M04A_antigout_preparations,reviewed_seed,Imported from master codelists,Drug,standard,M04A_antigout_preparations
antigout_medicines,Antigout medicines,drug,40754538,TRUE,Colchicine 0.5 MG Oral Tablet by Morningside,RxNorm Extension,M04A_antigout_preparations,reviewed_seed,Imported from master codelists,Drug,standard,M04A_antigout_preparations
antigout_medicines,Antigout medicines,drug,40754539,TRUE,Colchicine 0.5 MG Oral Tablet by Phoenix Healthcare Distribution,RxNorm Extension,M04A_antigout_preparations,reviewed_seed,Imported from master codelists,Drug,standard,M04A_antigout_preparations
antigout_medicines,Antigout medicines,drug,40754682,TRUE,Sulfinpyrazone 200 MG Oral Tablet Box of 1,RxNorm Extension,M04A_antigout_preparations,reviewed_seed,Imported from master codelists,Drug,standard,M04A_antigout_preparations
antigout_medicines,Antigout medicines,drug,40755061,TRUE,Colchicine 0.5 MG Oral Tablet by Sigma,RxNorm Extension,M04A_antigout_preparations,reviewed_seed,Imported from master codelists,Drug,standard,M04A_antigout_preparations
antigout_medicines,Antigout medicines,drug,40755062,TRUE,Colchicine Oral Suspension,RxNorm Extension,M04A_antigout_preparations,reviewed_seed,Imported from master codelists,Drug,standard,M04A_antigout_preparations
antigout_medicines,Antigout medicines,drug,40821571,TRUE,Allopurinol 100 MG / Benzbromarone 20 MG Oral Tablet [Acifugan] Box of 200,RxNorm Extension,M04A_antigout_preparations,reviewed_seed,Imported from master codelists,Drug,standard,M04A_antigout_preparations
antigout_medicines,Antigout medicines,drug,40821617,TRUE,febuxostat 120 MG Delayed Release Oral Tablet [Adenuric] Box of 28 by Aca Mueller,RxNorm Extension,M04A_antigout_preparations,reviewed_seed,Imported from master codelists,Drug,standard,M04A_antigout_preparations
antigout_medicines,Antigout medicines,drug,40822240,TRUE,febuxostat 120 MG Delayed Release Oral Tablet [Adenuric] Box of 28 by Berlin-Chemie,RxNorm Extension,M04A_antigout_preparations,reviewed_seed,Imported from master codelists,Drug,standard,M04A_antigout_preparations
antigout_medicines,Antigout medicines,drug,40822504,TRUE,Allopurinol 100 MG Oral Tablet [Allo Puren] Box of 100,RxNorm Extension,M04A_antigout_preparations,reviewed_seed,Imported from master codelists,Drug,standard,M04A_antigout_preparations
antigout_medicines,Antigout medicines,drug,40823127,TRUE,Allopurinol 100 MG Extended Release Oral Tablet [Allopurinol Heumann],RxNorm Extension,M04A_antigout_preparations,reviewed_seed,Imported from master codelists,Drug,standard,M04A_antigout_preparations
antigout_medicines,Antigout medicines,drug,40823189,TRUE,Benzbromarone 100 MG Oral Tablet [Narcaricin] Box of 30 by Heumann,RxNorm Extension,M04A_antigout_preparations,reviewed_seed,Imported from master codelists,Drug,standard,M04A_antigout_preparations
antigout_medicines,Antigout medicines,drug,40823193,TRUE,Allopurinol 100 MG Oral Tablet [Uripurinol] Box of 100 by Azupharma,RxNorm Extension,M04A_antigout_preparations,reviewed_seed,Imported from master codelists,Drug,standard,M04A_antigout_preparations
antigout_medicines,Antigout medicines,drug,40823267,TRUE,Allopurinol Oral Tablet [Allopurinol 1a],RxNorm Extension,M04A_antigout_preparations,reviewed_seed,Imported from master codelists,Drug,standard,M04A_antigout_preparations
antigout_medicines,Antigout medicines,drug,40823508,TRUE,Allopurinol 100 MG / Benzbromarone 20 MG Oral Tablet [Acifugan] Box of 50 by Emra-Med,RxNorm Extension,M04A_antigout_preparations,reviewed_seed,Imported from master codelists,Drug,standard,M04A_antigout_preparations
antigout_medicines,Antigout medicines,drug,40823753,TRUE,Allopurinol 300 MG Oral Tablet [Pureduct],RxNorm Extension,M04A_antigout_preparations,reviewed_seed,Imported from master codelists,Drug,standard,M04A_antigout_preparations
antigout_medicines,Antigout medicines,drug,40823932,TRUE,Colchicine 0.0167 MG/ML Oral Solution,RxNorm Extension,M04A_antigout_preparations,reviewed_seed,Imported from master codelists,Drug,standard,M04A_antigout_preparations
antigout_medicines,Antigout medicines,drug,40824067,TRUE,Allopurinol 300 MG Oral Tablet [Allo Puren] Box of 500,RxNorm Extension,M04A_antigout_preparations,reviewed_seed,Imported from master codelists,Drug,standard,M04A_antigout_preparations
antigout_medicines,Antigout medicines,drug,40824445,TRUE,Allopurinol 100 MG Oral Tablet [Allopurinol Dura] Box of 100 by Mylan,RxNorm Extension,M04A_antigout_preparations,reviewed_seed,Imported from master codelists,Drug,standard,M04A_antigout_preparations
antigout_medicines,Antigout medicines,drug,40825002,TRUE,Allopurinol 100 MG Oral Tablet [Zyloric] Box of 500,RxNorm Extension,M04A_antigout_preparations,reviewed_seed,Imported from master codelists,Drug,standard,M04A_antigout_preparations
antigout_medicines,Antigout medicines,drug,40825375,TRUE,Allopurinol 300 MG Oral Tablet [ALLOPURINOL SANDOZ] Box of 20 by Novartis,RxNorm Extension,M04A_antigout_preparations,reviewed_seed,Imported from master codelists,Drug,standard,M04A_antigout_preparations
antigout_medicines,Antigout medicines,drug,40825760,TRUE,Benzbromarone Oral Granules [Harolan],RxNorm Extension,M04A_antigout_preparations,reviewed_seed,Imported from master codelists,Drug,standard,M04A_antigout_preparations
antigout_medicines,Antigout medicines,drug,40826078,TRUE,Rasburicase 1 UNT,RxNorm Extension,M04A_antigout_preparations,reviewed_seed,Imported from master codelists,Drug,standard,M04A_antigout_preparations
antigout_medicines,Antigout medicines,drug,40830180,TRUE,Allopurinol 300 MG [Remid],RxNorm Extension,M04A_antigout_preparations,reviewed_seed,Imported from master codelists,Drug,standard,M04A_antigout_preparations
antigout_medicines,Antigout medicines,drug,40830181,TRUE,Allopurinol 300 MG [Allopurinol 1a],RxNorm Extension,M04A_antigout_preparations,reviewed_seed,Imported from master codelists,Drug,standard,M04A_antigout_preparations
antigout_medicines,Antigout medicines,drug,40830183,TRUE,Allopurinol 100 MG [Allopurinol Heumann],RxNorm Extension,M04A_antigout_preparations,reviewed_seed,Imported from master codelists,Drug,standard,M04A_antigout_preparations
antigout_medicines,Antigout medicines,drug,40830184,TRUE,Allopurinol 100 MG [Allopurinol Al],RxNorm Extension,M04A_antigout_preparations,reviewed_seed,Imported from master codelists,Drug,standard,M04A_antigout_preparations
antigout_medicines,Antigout medicines,drug,40831228,TRUE,Rasburicase Injectable Solution [Uricozyme],RxNorm Extension,M04A_antigout_preparations,reviewed_seed,Imported from master codelists,Drug,standard,M04A_antigout_preparations
antigout_medicines,Antigout medicines,drug,40833186,TRUE,Benzbromarone Oral Tablet [Uricovac],RxNorm Extension,M04A_antigout_preparations,reviewed_seed,Imported from master codelists,Drug,standard,M04A_antigout_preparations
antigout_medicines,Antigout medicines,drug,40833452,TRUE,Allopurinol Extended Release Oral Tablet [Allo Recip],RxNorm Extension,M04A_antigout_preparations,reviewed_seed,Imported from master codelists,Drug,standard,M04A_antigout_preparations
antigout_medicines,Antigout medicines,drug,40833454,TRUE,Allopurinol Oral Tablet [Allpargin],RxNorm Extension,M04A_antigout_preparations,reviewed_seed,Imported from master codelists,Drug,standard,M04A_antigout_preparations
antigout_medicines,Antigout medicines,drug,40833455,TRUE,Allopurinol Oral Tablet [ALLOPURINOL RATIOPHARM],RxNorm Extension,M04A_antigout_preparations,reviewed_seed,Imported from master codelists,Drug,standard,M04A_antigout_preparations
antigout_medicines,Antigout medicines,drug,40833456,TRUE,Allopurinol Oral Tablet [Allo Recip],RxNorm Extension,M04A_antigout_preparations,reviewed_seed,Imported from master codelists,Drug,standard,M04A_antigout_preparations
antigout_medicines,Antigout medicines,drug,40837029,TRUE,Colchicine 0.005 MG/ML Oral Solution,RxNorm Extension,M04A_antigout_preparations,reviewed_seed,Imported from master codelists,Drug,standard,M04A_antigout_preparations
antigout_medicines,Antigout medicines,drug,40837937,TRUE,Benzbromarone 100 MG Oral Tablet Box of 1500,RxNorm Extension,M04A_antigout_preparations,reviewed_seed,Imported from master codelists,Drug,standard,M04A_antigout_preparations
antigout_medicines,Antigout medicines,drug,40838505,TRUE,Allopurinol 100 MG / Benzbromarone 20 MG Oral Tablet Box of 28,RxNorm Extension,M04A_antigout_preparations,reviewed_seed,Imported from master codelists,Drug,standard,M04A_antigout_preparations
antigout_medicines,Antigout medicines,drug,40838506,TRUE,Allopurinol 100 MG / Benzbromarone 20 MG Oral Tablet Box of 30,RxNorm Extension,M04A_antigout_preparations,reviewed_seed,Imported from master codelists,Drug,standard,M04A_antigout_preparations
antigout_medicines,Antigout medicines,drug,40838507,TRUE,Allopurinol 300 MG Oral Solution Box of 84,RxNorm Extension,M04A_antigout_preparations,reviewed_seed,Imported from master codelists,Drug,standard,M04A_antigout_preparations
antigout_medicines,Antigout medicines,drug,40838508,TRUE,Allopurinol 300 MG Oral Granules Box of 28,RxNorm Extension,M04A_antigout_preparations,reviewed_seed,Imported from master codelists,Drug,standard,M04A_antigout_preparations
antigout_medicines,Antigout medicines,drug,40838509,TRUE,Allopurinol 300 MG Oral Tablet Box of 280,RxNorm Extension,M04A_antigout_preparations,reviewed_seed,Imported from master codelists,Drug,standard,M04A_antigout_preparations
antigout_medicines,Antigout medicines,drug,40838510,TRUE,Allopurinol 300 MG Oral Tablet Box of 98,RxNorm Extension,M04A_antigout_preparations,reviewed_seed,Imported from master codelists,Drug,standard,M04A_antigout_preparations
antigout_medicines,Antigout medicines,drug,40838511,TRUE,Allopurinol 300 MG Oral Tablet Box of 84,RxNorm Extension,M04A_antigout_preparations,reviewed_seed,Imported from master codelists,Drug,standard,M04A_antigout_preparations
antigout_medicines,Antigout medicines,drug,40838512,TRUE,Allopurinol 100 MG Extended Release Oral Tablet Box of 100,RxNorm Extension,M04A_antigout_preparations,reviewed_seed,Imported from master codelists,Drug,standard,M04A_antigout_preparations
antigout_medicines,Antigout medicines,drug,40838513,TRUE,Allopurinol 100 MG Oral Tablet Box of 10,RxNorm Extension,M04A_antigout_preparations,reviewed_seed,Imported from master codelists,Drug,standard,M04A_antigout_preparations
antigout_medicines,Antigout medicines,drug,40846372,TRUE,febuxostat 80 MG Delayed Release Oral Tablet [Adenuric] Box of 42,RxNorm Extension,M04A_antigout_preparations,reviewed_seed,Imported from master codelists,Drug,standard,M04A_antigout_preparations
antigout_medicines,Antigout medicines,drug,40849645,TRUE,Benzbromarone 50 MG Oral Tablet [Narcaricin] Box of 3000,RxNorm Extension,M04A_antigout_preparations,reviewed_seed,Imported from master codelists,Drug,standard,M04A_antigout_preparations
antigout_medicines,Antigout medicines,drug,40849646,TRUE,Benzbromarone 100 MG Oral Tablet [Benzbromaron Ratiopharm] Box of 100,RxNorm Extension,M04A_antigout_preparations,reviewed_seed,Imported from master codelists,Drug,standard,M04A_antigout_preparations
antigout_medicines,Antigout medicines,drug,40849647,TRUE,Benzbromarone 100 MG Oral Tablet [Azubromaron] Box of 50,RxNorm Extension,M04A_antigout_preparations,reviewed_seed,Imported from master codelists,Drug,standard,M04A_antigout_preparations
antigout_medicines,Antigout medicines,drug,40849648,TRUE,Benzbromarone 80 MG Oral Tablet [Uricovac],RxNorm Extension,M04A_antigout_preparations,reviewed_seed,Imported from master codelists,Drug,standard,M04A_antigout_preparations
antigout_medicines,Antigout medicines,drug,40849649,TRUE,Benzbromarone 80 MG Oral Tablet [Hipurik],RxNorm Extension,M04A_antigout_preparations,reviewed_seed,Imported from master codelists,Drug,standard,M04A_antigout_preparations
antigout_medicines,Antigout medicines,drug,40850499,TRUE,Allopurinol 100 MG / Benzbromarone 20 MG Oral Capsule [Uricovac],RxNorm Extension,M04A_antigout_preparations,reviewed_seed,Imported from master codelists,Drug,standard,M04A_antigout_preparations
antigout_medicines,Antigout medicines,drug,40850500,TRUE,Allopurinol 300 MG Extended Release Oral Capsule [Allopurinol Heumann] Box of 100,RxNorm Extension,M04A_antigout_preparations,reviewed_seed,Imported from master codelists,Drug,standard,M04A_antigout_preparations
antigout_medicines,Antigout medicines,drug,40850501,TRUE,Allopurinol 300 MG Oral Granules [Zyloric] Box of 280,RxNorm Extension,M04A_antigout_preparations,reviewed_seed,Imported from master codelists,Drug,standard,M04A_antigout_preparations
antigout_medicines,Antigout medicines,drug,40850502,TRUE,Allopurinol 300 MG Oral Tablet [Zyloric] Box of 84,RxNorm Extension,M04A_antigout_preparations,reviewed_seed,Imported from master codelists,Drug,standard,M04A_antigout_preparations
antigout_medicines,Antigout medicines,drug,40850503,TRUE,Allopurinol 300 MG Oral Tablet [Urosin] Box of 500,RxNorm Extension,M04A_antigout_preparations,reviewed_seed,Imported from master codelists,Drug,standard,M04A_antigout_preparations
antigout_medicines,Antigout medicines,drug,40850504,TRUE,Allopurinol 300 MG Oral Tablet [Urosin] Box of 50,RxNorm Extension,M04A_antigout_preparations,reviewed_seed,Imported from master codelists,Drug,standard,M04A_antigout_preparations
antigout_medicines,Antigout medicines,drug,40850505,TRUE,Allopurinol 300 MG Oral Tablet [Sigapurol Cr] Box of 1000,RxNorm Extension,M04A_antigout_preparations,reviewed_seed,Imported from master codelists,Drug,standard,M04A_antigout_preparations
antigout_medicines,Antigout medicines,drug,40850506,TRUE,Allopurinol 300 MG Oral Tablet [Milurit] Box of 100,RxNorm Extension,M04A_antigout_preparations,reviewed_seed,Imported from master codelists,Drug,standard,M04A_antigout_preparations
antigout_medicines,Antigout medicines,drug,40850507,TRUE,Allopurinol 300 MG Oral Tablet [Milurit] Box of 20,RxNorm Extension,M04A_antigout_preparations,reviewed_seed,Imported from master codelists,Drug,standard,M04A_antigout_preparations
antigout_medicines,Antigout medicines,drug,40850508,TRUE,Allopurinol 300 MG Oral Tablet [Jenapurinol] Box of 50,RxNorm Extension,M04A_antigout_preparations,reviewed_seed,Imported from master codelists,Drug,standard,M04A_antigout_preparations
antigout_medicines,Antigout medicines,drug,40850509,TRUE,Allopurinol 300 MG Oral Tablet [Bleminol] Box of 500,RxNorm Extension,M04A_antigout_preparations,reviewed_seed,Imported from master codelists,Drug,standard,M04A_antigout_preparations
antigout_medicines,Antigout medicines,drug,40850510,TRUE,Allopurinol 300 MG Oral Tablet [Allopurinol Heumann],RxNorm Extension,M04A_antigout_preparations,reviewed_seed,Imported from master codelists,Drug,standard,M04A_antigout_preparations
antigout_medicines,Antigout medicines,drug,40850511,TRUE,Allopurinol 300 MG Oral Tablet [Allopurinol Abz] Box of 100,RxNorm Extension,M04A_antigout_preparations,reviewed_seed,Imported from master codelists,Drug,standard,M04A_antigout_preparations
antigout_medicines,Antigout medicines,drug,40850512,TRUE,Allopurinol 300 MG Oral Tablet [Allopurinol 1a] Box of 30,RxNorm Extension,M04A_antigout_preparations,reviewed_seed,Imported from master codelists,Drug,standard,M04A_antigout_preparations
antigout_medicines,Antigout medicines,drug,40850513,TRUE,Allopurinol 300 MG Oral Tablet [Allo Puren],RxNorm Extension,M04A_antigout_preparations,reviewed_seed,Imported from master codelists,Drug,standard,M04A_antigout_preparations
antigout_medicines,Antigout medicines,drug,40850514,TRUE,Allopurinol 300 MG Oral Tablet [Allo-Ct] Box of 20,RxNorm Extension,M04A_antigout_preparations,reviewed_seed,Imported from master codelists,Drug,standard,M04A_antigout_preparations
antigout_medicines,Antigout medicines,drug,40850515,TRUE,Allopurinol 300 MG Oral Tablet [Allo Abz] Box of 100,RxNorm Extension,M04A_antigout_preparations,reviewed_seed,Imported from master codelists,Drug,standard,M04A_antigout_preparations
antigout_medicines,Antigout medicines,drug,40850516,TRUE,Allopurinol 300 MG Oral Tablet [Allo 1a Pharma] Box of 20,RxNorm Extension,M04A_antigout_preparations,reviewed_seed,Imported from master codelists,Drug,standard,M04A_antigout_preparations
antigout_medicines,Antigout medicines,drug,40850517,TRUE,Allopurinol 100 MG Extended Release Oral Tablet [Allopurinol Heumann] Box of 30,RxNorm Extension,M04A_antigout_preparations,reviewed_seed,Imported from master codelists,Drug,standard,M04A_antigout_preparations
antigout_medicines,Antigout medicines,drug,40850518,TRUE,Allopurinol 100 MG Oral Tablet [Allopurinol Heumann] Box of 250,RxNorm Extension,M04A_antigout_preparations,reviewed_seed,Imported from master codelists,Drug,standard,M04A_antigout_preparations
antigout_medicines,Antigout medicines,drug,40850519,TRUE,Allopurinol 100 MG Oral Tablet [Uripurinol],RxNorm Extension,M04A_antigout_preparations,reviewed_seed,Imported from master codelists,Drug,standard,M04A_antigout_preparations
antigout_medicines,Antigout medicines,drug,40850520,TRUE,Allopurinol 100 MG Oral Tablet [Jenapurinol] Box of 100,RxNorm Extension,M04A_antigout_preparations,reviewed_seed,Imported from master codelists,Drug,standard,M04A_antigout_preparations
antigout_medicines,Antigout medicines,drug,40850521,TRUE,Allopurinol 100 MG Oral Tablet [Foligan] Box of 1000,RxNorm Extension,M04A_antigout_preparations,reviewed_seed,Imported from master codelists,Drug,standard,M04A_antigout_preparations
antigout_medicines,Antigout medicines,drug,40850522,TRUE,Allopurinol 100 MG Oral Tablet [ALLOPURINOL RATIOPHARM] Box of 100,RxNorm Extension,M04A_antigout_preparations,reviewed_seed,Imported from master codelists,Drug,standard,M04A_antigout_preparations
antigout_medicines,Antigout medicines,drug,40850523,TRUE,Allopurinol 100 MG Oral Tablet [Allo-Ct] Box of 100,RxNorm Extension,M04A_antigout_preparations,reviewed_seed,Imported from master codelists,Drug,standard,M04A_antigout_preparations
antigout_medicines,Antigout medicines,drug,40850524,TRUE,Allopurinol 100 MG Oral Tablet [Allo Abz],RxNorm Extension,M04A_antigout_preparations,reviewed_seed,Imported from master codelists,Drug,standard,M04A_antigout_preparations
antigout_medicines,Antigout medicines,drug,40856725,TRUE,Benzbromarone 100 MG Oral Tablet Box of 30 by Sanofi,RxNorm Extension,M04A_antigout_preparations,reviewed_seed,Imported from master codelists,Drug,standard,M04A_antigout_preparations
antigout_medicines,Antigout medicines,drug,40857113,TRUE,Allopurinol 300 MG Oral Tablet [Urtias] Box of 50 by Novartis,RxNorm Extension,M04A_antigout_preparations,reviewed_seed,Imported from master codelists,Drug,standard,M04A_antigout_preparations
antigout_medicines,Antigout medicines,drug,40857114,TRUE,Allopurinol 300 MG Oral Tablet [Urosin] Box of 50 by Roche,RxNorm Extension,M04A_antigout_preparations,reviewed_seed,Imported from master codelists,Drug,standard,M04A_antigout_preparations
antigout_medicines,Antigout medicines,drug,40857115,TRUE,Allopurinol 300 MG Oral Tablet [Uripurinol] Box of 100 by Azupharma,RxNorm Extension,M04A_antigout_preparations,reviewed_seed,Imported from master codelists,Drug,standard,M04A_antigout_preparations
antigout_medicines,Antigout medicines,drug,40857116,TRUE,Allopurinol 300 MG Oral Tablet [Epidropal] Box of 30 by Teofarma,RxNorm Extension,M04A_antigout_preparations,reviewed_seed,Imported from master codelists,Drug,standard,M04A_antigout_preparations
antigout_medicines,Antigout medicines,drug,40857117,TRUE,Allopurinol 300 MG Oral Tablet [Embarin] Box of 100 by Recordati,RxNorm Extension,M04A_antigout_preparations,reviewed_seed,Imported from master codelists,Drug,standard,M04A_antigout_preparations
antigout_medicines,Antigout medicines,drug,40857118,TRUE,Allopurinol 300 MG Oral Tablet [ALLOPURINOL SANDOZ] Box of 50 by Novartis,RxNorm Extension,M04A_antigout_preparations,reviewed_seed,Imported from master codelists,Drug,standard,M04A_antigout_preparations
antigout_medicines,Antigout medicines,drug,40857119,TRUE,Allopurinol 300 MG Oral Tablet [Allopurinol Hexal] Box of 100 by Novartis,RxNorm Extension,M04A_antigout_preparations,reviewed_seed,Imported from master codelists,Drug,standard,M04A_antigout_preparations
antigout_medicines,Antigout medicines,drug,40857120,TRUE,Allopurinol 300 MG Oral Tablet [Allopurinol Al] Box of 50 by Aliud,RxNorm Extension,M04A_antigout_preparations,reviewed_seed,Imported from master codelists,Drug,standard,M04A_antigout_preparations
antigout_medicines,Antigout medicines,drug,40857121,TRUE,Allopurinol 300 MG Oral Tablet [Allo 1a Pharma] Box of 100 by 1 A,RxNorm Extension,M04A_antigout_preparations,reviewed_seed,Imported from master codelists,Drug,standard,M04A_antigout_preparations
antigout_medicines,Antigout medicines,drug,40857122,TRUE,Allopurinol 300 MG Oral Tablet [Allo 1a Pharma] Box of 50 by 1 A,RxNorm Extension,M04A_antigout_preparations,reviewed_seed,Imported from master codelists,Drug,standard,M04A_antigout_preparations
antigout_medicines,Antigout medicines,drug,40857123,TRUE,Allopurinol 300 MG Oral Tablet Box of 100 by Pfizer,RxNorm Extension,M04A_antigout_preparations,reviewed_seed,Imported from master codelists,Drug,standard,M04A_antigout_preparations
antigout_medicines,Antigout medicines,drug,40857124,TRUE,Allopurinol 300 MG Oral Tablet Box of 30 by Dorsch,RxNorm Extension,M04A_antigout_preparations,reviewed_seed,Imported from master codelists,Drug,standard,M04A_antigout_preparations
antigout_medicines,Antigout medicines,drug,40857125,TRUE,Allopurinol 100 MG Extended Release Oral Tablet [Allo Efeka] Box of 100 by Riemser,RxNorm Extension,M04A_antigout_preparations,reviewed_seed,Imported from master codelists,Drug,standard,M04A_antigout_preparations
antigout_medicines,Antigout medicines,drug,40857126,TRUE,Allopurinol 100 MG Extended Release Oral Tablet [Allo Efeka] Box of 100 by Pfizer,RxNorm Extension,M04A_antigout_preparations,reviewed_seed,Imported from master codelists,Drug,standard,M04A_antigout_preparations
antigout_medicines,Antigout medicines,drug,40857127,TRUE,Allopurinol 100 MG Oral Tablet Box of 100 by Pfizer,RxNorm Extension,M04A_antigout_preparations,reviewed_seed,Imported from master codelists,Drug,standard,M04A_antigout_preparations
antigout_medicines,Antigout medicines,drug,40857128,TRUE,Allopurinol 100 MG Oral Tablet Box of 30 by Heumann,RxNorm Extension,M04A_antigout_preparations,reviewed_seed,Imported from master codelists,Drug,standard,M04A_antigout_preparations
antigout_medicines,Antigout medicines,drug,40857129,TRUE,Allopurinol 200 MG Oral Tablet [Bleminol] Box of 50 by Gepepharm,RxNorm Extension,M04A_antigout_preparations,reviewed_seed,Imported from master codelists,Drug,standard,M04A_antigout_preparations
antigout_medicines,Antigout medicines,drug,40861106,TRUE,Benzbromarone 100 MG [Narcaricin],RxNorm Extension,M04A_antigout_preparations,reviewed_seed,Imported from master codelists,Drug,standard,M04A_antigout_preparations
antigout_medicines,Antigout medicines,drug,40861368,TRUE,Allopurinol 100 MG / Benzbromarone 20 MG [Acifugan],RxNorm Extension,M04A_antigout_preparations,reviewed_seed,Imported from master codelists,Drug,standard,M04A_antigout_preparations
antigout_medicines,Antigout medicines,drug,40861369,TRUE,Allopurinol 300 MG [Allo Efeka],RxNorm Extension,M04A_antigout_preparations,reviewed_seed,Imported from master codelists,Drug,standard,M04A_antigout_preparations
antigout_medicines,Antigout medicines,drug,40861370,TRUE,Allopurinol 100 MG [Urobenyl],RxNorm Extension,M04A_antigout_preparations,reviewed_seed,Imported from master codelists,Drug,standard,M04A_antigout_preparations
antigout_medicines,Antigout medicines,drug,40861371,TRUE,Allopurinol 100 MG [Epidropal],RxNorm Extension,M04A_antigout_preparations,reviewed_seed,Imported from master codelists,Drug,standard,M04A_antigout_preparations
antigout_medicines,Antigout medicines,drug,40864626,TRUE,Allopurinol Extended Release Oral Tablet [Allopurinol Heumann],RxNorm Extension,M04A_antigout_preparations,reviewed_seed,Imported from master codelists,Drug,standard,M04A_antigout_preparations
antigout_medicines,Antigout medicines,drug,40864627,TRUE,Allopurinol Oral Tablet [Urosin],RxNorm Extension,M04A_antigout_preparations,reviewed_seed,Imported from master codelists,Drug,standard,M04A_antigout_preparations
antigout_medicines,Antigout medicines,drug,40864628,TRUE,Allopurinol Oral Tablet [Embarin],RxNorm Extension,M04A_antigout_preparations,reviewed_seed,Imported from master codelists,Drug,standard,M04A_antigout_preparations
antigout_medicines,Antigout medicines,drug,40864629,TRUE,Allopurinol Oral Tablet [Allo 1a Pharma],RxNorm Extension,M04A_antigout_preparations,reviewed_seed,Imported from master codelists,Drug,standard,M04A_antigout_preparations
antigout_medicines,Antigout medicines,drug,40865213,TRUE,Sulfinpyrazone 100 MG Oral Tablet Box of 50,RxNorm Extension,M04A_antigout_preparations,reviewed_seed,Imported from master codelists,Drug,standard,M04A_antigout_preparations
antigout_medicines,Antigout medicines,drug,40865214,TRUE,Sulfinpyrazone 200 MG Oral Tablet Box of 100,RxNorm Extension,M04A_antigout_preparations,reviewed_seed,Imported from master codelists,Drug,standard,M04A_antigout_preparations
antigout_medicines,Antigout medicines,drug,40865534,TRUE,Rasburicase 1.5 MG Injectable Solution,RxNorm Extension,M04A_antigout_preparations,reviewed_seed,Imported from master codelists,Drug,standard,M04A_antigout_preparations
antigout_medicines,Antigout medicines,drug,40867417,TRUE,febuxostat 80 MG Oral Tablet Box of 98,RxNorm Extension,M04A_antigout_preparations,reviewed_seed,Imported from master codelists,Drug,standard,M04A_antigout_preparations
antigout_medicines,Antigout medicines,drug,40868185,TRUE,Colchicine 0.5 MG Oral Tablet Box of 20,RxNorm Extension,M04A_antigout_preparations,reviewed_seed,Imported from master codelists,Drug,standard,M04A_antigout_preparations
antigout_medicines,Antigout medicines,drug,40869064,TRUE,Benzbromarone 80 MG Oral Tablet Box of 30,RxNorm Extension,M04A_antigout_preparations,reviewed_seed,Imported from master codelists,Drug,standard,M04A_antigout_preparations
antigout_medicines,Antigout medicines,drug,40869558,TRUE,Allopurinol 300 MG Extended Release Oral Capsule Box of 500,RxNorm Extension,M04A_antigout_preparations,reviewed_seed,Imported from master codelists,Drug,standard,M04A_antigout_preparations
antigout_medicines,Antigout medicines,drug,40869559,TRUE,Allopurinol 300 MG Extended Release Oral Tablet Box of 150,RxNorm Extension,M04A_antigout_preparations,reviewed_seed,Imported from master codelists,Drug,standard,M04A_antigout_preparations
antigout_medicines,Antigout medicines,drug,40869560,TRUE,Allopurinol 300 MG Extended Release Oral Tablet Box of 28,RxNorm Extension,M04A_antigout_preparations,reviewed_seed,Imported from master codelists,Drug,standard,M04A_antigout_preparations
antigout_medicines,Antigout medicines,drug,40869561,TRUE,Allopurinol 200 MG Oral Tablet Box of 1000,RxNorm Extension,M04A_antigout_preparations,reviewed_seed,Imported from master codelists,Drug,standard,M04A_antigout_preparations
antigout_medicines,Antigout medicines,drug,40869562,TRUE,Allopurinol 200 MG Oral Tablet Box of 50,RxNorm Extension,M04A_antigout_preparations,reviewed_seed,Imported from master codelists,Drug,standard,M04A_antigout_preparations
antigout_medicines,Antigout medicines,drug,40870490,TRUE,Rasburicase 1 UNT Injectable Solution [Uricozyme] Box of 3,RxNorm Extension,M04A_antigout_preparations,reviewed_seed,Imported from master codelists,Drug,standard,M04A_antigout_preparations
antigout_medicines,Antigout medicines,drug,40871200,TRUE,Sulfinpyrazone 200 MG Oral Tablet [Anturano] Box of 50,RxNorm Extension,M04A_antigout_preparations,reviewed_seed,Imported from master codelists,Drug,standard,M04A_antigout_preparations
antigout_medicines,Antigout medicines,drug,40877502,TRUE,febuxostat 80 MG Oral Tablet [Adenuric] Box of 98,RxNorm Extension,M04A_antigout_preparations,reviewed_seed,Imported from master codelists,Drug,standard,M04A_antigout_preparations
antigout_medicines,Antigout medicines,drug,40877503,TRUE,febuxostat 120 MG Delayed Release Oral Tablet [Adenuric] Box of 98,RxNorm Extension,M04A_antigout_preparations,reviewed_seed,Imported from master codelists,Drug,standard,M04A_antigout_preparations
antigout_medicines,Antigout medicines,drug,40880866,TRUE,Benzbromarone 100 MG Oral Tablet [Benzbromaron Al] Box of 50,RxNorm Extension,M04A_antigout_preparations,reviewed_seed,Imported from master codelists,Drug,standard,M04A_antigout_preparations
antigout_medicines,Antigout medicines,drug,40880867,TRUE,Benzbromarone 100 MG Oral Tablet [Uricovac] Box of 30,RxNorm Extension,M04A_antigout_preparations,reviewed_seed,Imported from master codelists,Drug,standard,M04A_antigout_preparations
antigout_medicines,Antigout medicines,drug,40880868,TRUE,Benzbromarone 80 MG Oral Tablet [Hipurik] Box of 30,RxNorm Extension,M04A_antigout_preparations,reviewed_seed,Imported from master codelists,Drug,standard,M04A_antigout_preparations
antigout_medicines,Antigout medicines,drug,40881753,TRUE,Allopurinol 100 MG / Benzbromarone 20 MG Oral Tablet [Acifugan] Box of 28,RxNorm Extension,M04A_antigout_preparations,reviewed_seed,Imported from master codelists,Drug,standard,M04A_antigout_preparations
antigout_medicines,Antigout medicines,drug,40881754,TRUE,Allopurinol 300 MG Extended Release Oral Tablet [Allo Recip] Box of 50,RxNorm Extension,M04A_antigout_preparations,reviewed_seed,Imported from master codelists,Drug,standard,M04A_antigout_preparations
antigout_medicines,Antigout medicines,drug,40881755,TRUE,Allopurinol 300 MG Extended Release Oral Tablet [Allo Efeka] Box of 300,RxNorm Extension,M04A_antigout_preparations,reviewed_seed,Imported from master codelists,Drug,standard,M04A_antigout_preparations
antigout_medicines,Antigout medicines,drug,40881756,TRUE,Allopurinol 300 MG Oral Tablet [Remid] Box of 30,RxNorm Extension,M04A_antigout_preparations,reviewed_seed,Imported from master codelists,Drug,standard,M04A_antigout_preparations
antigout_medicines,Antigout medicines,drug,40881757,TRUE,Allopurinol 300 MG Oral Tablet [Zyloric] Box of 50,RxNorm Extension,M04A_antigout_preparations,reviewed_seed,Imported from master codelists,Drug,standard,M04A_antigout_preparations
antigout_medicines,Antigout medicines,drug,40881758,TRUE,Allopurinol 300 MG Oral Tablet [Uripurinol] Box of 50,RxNorm Extension,M04A_antigout_preparations,reviewed_seed,Imported from master codelists,Drug,standard,M04A_antigout_preparations
antigout_medicines,Antigout medicines,drug,40881759,TRUE,Allopurinol 300 MG Oral Tablet [Uribenz],RxNorm Extension,M04A_antigout_preparations,reviewed_seed,Imported from master codelists,Drug,standard,M04A_antigout_preparations
antigout_medicines,Antigout medicines,drug,40881760,TRUE,Allopurinol 300 MG Oral Tablet [Suspendol] Box of 20,RxNorm Extension,M04A_antigout_preparations,reviewed_seed,Imported from master codelists,Drug,standard,M04A_antigout_preparations
antigout_medicines,Antigout medicines,drug,40881761,TRUE,Allopurinol 300 MG Oral Tablet [Pureduct] Box of 50,RxNorm Extension,M04A_antigout_preparations,reviewed_seed,Imported from master codelists,Drug,standard,M04A_antigout_preparations
antigout_medicines,Antigout medicines,drug,40881762,TRUE,Allopurinol 300 MG Oral Tablet [Milurit],RxNorm Extension,M04A_antigout_preparations,reviewed_seed,Imported from master codelists,Drug,standard,M04A_antigout_preparations
antigout_medicines,Antigout medicines,drug,40881763,TRUE,Allopurinol 300 MG Oral Tablet [Foligan],RxNorm Extension,M04A_antigout_preparations,reviewed_seed,Imported from master codelists,Drug,standard,M04A_antigout_preparations
antigout_medicines,Antigout medicines,drug,40881764,TRUE,Allopurinol 300 MG Oral Tablet [Epidropal] Box of 100,RxNorm Extension,M04A_antigout_preparations,reviewed_seed,Imported from master codelists,Drug,standard,M04A_antigout_preparations
antigout_medicines,Antigout medicines,drug,40881765,TRUE,Allopurinol 300 MG Oral Tablet [Allopurinol Stada] Box of 50,RxNorm Extension,M04A_antigout_preparations,reviewed_seed,Imported from master codelists,Drug,standard,M04A_antigout_preparations
antigout_medicines,Antigout medicines,drug,40881768,TRUE,Allopurinol 300 MG Oral Tablet [Allopurinol Heumann] Box of 30,RxNorm Extension,M04A_antigout_preparations,reviewed_seed,Imported from master codelists,Drug,standard,M04A_antigout_preparations
antigout_medicines,Antigout medicines,drug,40881769,TRUE,Allopurinol 300 MG Oral Tablet [Allopurinol Al] Box of 30,RxNorm Extension,M04A_antigout_preparations,reviewed_seed,Imported from master codelists,Drug,standard,M04A_antigout_preparations
antigout_medicines,Antigout medicines,drug,40881772,TRUE,Allopurinol 100 MG Oral Tablet [Uripurinol] Box of 20,RxNorm Extension,M04A_antigout_preparations,reviewed_seed,Imported from master codelists,Drug,standard,M04A_antigout_preparations
antigout_medicines,Antigout medicines,drug,40881773,TRUE,Allopurinol 100 MG Oral Tablet [Foligan],RxNorm Extension,M04A_antigout_preparations,reviewed_seed,Imported from master codelists,Drug,standard,M04A_antigout_preparations
antigout_medicines,Antigout medicines,drug,40881774,TRUE,Allopurinol 100 MG Oral Tablet [Bleminol] Box of 5000,RxNorm Extension,M04A_antigout_preparations,reviewed_seed,Imported from master codelists,Drug,standard,M04A_antigout_preparations
antigout_medicines,Antigout medicines,drug,40881775,TRUE,Allopurinol 100 MG Oral Tablet [Apulonga],RxNorm Extension,M04A_antigout_preparations,reviewed_seed,Imported from master codelists,Drug,standard,M04A_antigout_preparations
antigout_medicines,Antigout medicines,drug,40881777,TRUE,Allopurinol 100 MG Oral Tablet [Allopurinol 1a] Box of 50,RxNorm Extension,M04A_antigout_preparations,reviewed_seed,Imported from master codelists,Drug,standard,M04A_antigout_preparations
antigout_medicines,Antigout medicines,drug,40881778,TRUE,Allopurinol 100 MG Oral Tablet [Allo Puren],RxNorm Extension,M04A_antigout_preparations,reviewed_seed,Imported from master codelists,Drug,standard,M04A_antigout_preparations
antigout_medicines,Antigout medicines,drug,40882960,TRUE,Sulfinpyrazone 200 MG Oral Tablet [Anturano] Box of 50 by Novartis,RxNorm Extension,M04A_antigout_preparations,reviewed_seed,Imported from master codelists,Drug,standard,M04A_antigout_preparations
antigout_medicines,Antigout medicines,drug,40886392,TRUE,febuxostat 80 MG Oral Tablet [Adenuric] Box of 84 by Berlin-Chemie,RxNorm Extension,M04A_antigout_preparations,reviewed_seed,Imported from master codelists,Drug,standard,M04A_antigout_preparations
antigout_medicines,Antigout medicines,drug,40888056,TRUE,Benzbromarone 50 MG Oral Tablet [Narcaricin] Box of 100 by Sano,RxNorm Extension,M04A_antigout_preparations,reviewed_seed,Imported from master codelists,Drug,standard,M04A_antigout_preparations
antigout_medicines,Antigout medicines,drug,40888427,TRUE,Allopurinol 100 MG / Benzbromarone 20 MG Oral Tablet [Acifugan] Box of 100 by Kohlpharma,RxNorm Extension,M04A_antigout_preparations,reviewed_seed,Imported from master codelists,Drug,standard,M04A_antigout_preparations
antigout_medicines,Antigout medicines,drug,40888428,TRUE,Allopurinol 100 MG / Benzbromarone 20 MG Oral Tablet [Acifugan] Box of 100 by Emra-Med,RxNorm Extension,M04A_antigout_preparations,reviewed_seed,Imported from master codelists,Drug,standard,M04A_antigout_preparations
antigout_medicines,Antigout medicines,drug,40888429,TRUE,Allopurinol 100 MG / Benzbromarone 20 MG Oral Tablet [Acifugan] Box of 50 by Kohlpharma,RxNorm Extension,M04A_antigout_preparations,reviewed_seed,Imported from master codelists,Drug,standard,M04A_antigout_preparations
antigout_medicines,Antigout medicines,drug,40888430,TRUE,Allopurinol 300 MG Extended Release Oral Tablet [Allo Efeka] Box of 100 by Riemser,RxNorm Extension,M04A_antigout_preparations,reviewed_seed,Imported from master codelists,Drug,standard,M04A_antigout_preparations
antigout_medicines,Antigout medicines,drug,40888431,TRUE,Allopurinol 300 MG Oral Tablet [Zyloric] Box of 50 by Naturapharm,RxNorm Extension,M04A_antigout_preparations,reviewed_seed,Imported from master codelists,Drug,standard,M04A_antigout_preparations
antigout_medicines,Antigout medicines,drug,40888433,TRUE,Allopurinol 300 MG Oral Tablet [Cellidrin] Box of 30 by Hennig,RxNorm Extension,M04A_antigout_preparations,reviewed_seed,Imported from master codelists,Drug,standard,M04A_antigout_preparations
antigout_medicines,Antigout medicines,drug,40888434,TRUE,Allopurinol 300 MG Oral Tablet [Allowieb] Box of 100 by Wieb Pharm,RxNorm Extension,M04A_antigout_preparations,reviewed_seed,Imported from master codelists,Drug,standard,M04A_antigout_preparations
antigout_medicines,Antigout medicines,drug,40888435,TRUE,Allopurinol 300 MG Oral Tablet [Allo Abz] Box of 100 by AbZ-Pharma,RxNorm Extension,M04A_antigout_preparations,reviewed_seed,Imported from master codelists,Drug,standard,M04A_antigout_preparations
antigout_medicines,Antigout medicines,drug,40888436,TRUE,Allopurinol 300 MG Oral Tablet Box of 100 by Beiersdorf,RxNorm Extension,M04A_antigout_preparations,reviewed_seed,Imported from master codelists,Drug,standard,M04A_antigout_preparations
antigout_medicines,Antigout medicines,drug,40888437,TRUE,Allopurinol 300 MG Oral Tablet Box of 90 by Sanofi,RxNorm Extension,M04A_antigout_preparations,reviewed_seed,Imported from master codelists,Drug,standard,M04A_antigout_preparations
antigout_medicines,Antigout medicines,drug,40888438,TRUE,Allopurinol 300 MG Oral Tablet Box of 60 by Dorsch,RxNorm Extension,M04A_antigout_preparations,reviewed_seed,Imported from master codelists,Drug,standard,M04A_antigout_preparations
antigout_medicines,Antigout medicines,drug,40888439,TRUE,Allopurinol 300 MG Oral Tablet Box of 20 by Pharmafrid,RxNorm Extension,M04A_antigout_preparations,reviewed_seed,Imported from master codelists,Drug,standard,M04A_antigout_preparations
antigout_medicines,Antigout medicines,drug,40888440,TRUE,Allopurinol 100 MG Oral Tablet Box of 100 by Ratiopharm,RxNorm Extension,M04A_antigout_preparations,reviewed_seed,Imported from master codelists,Drug,standard,M04A_antigout_preparations
antigout_medicines,Antigout medicines,drug,40888441,TRUE,Allopurinol 100 MG Oral Tablet Box of 100 by Heumann,RxNorm Extension,M04A_antigout_preparations,reviewed_seed,Imported from master codelists,Drug,standard,M04A_antigout_preparations
antigout_medicines,Antigout medicines,drug,40892343,TRUE,Benzbromarone 100 MG [Uricovac],RxNorm Extension,M04A_antigout_preparations,reviewed_seed,Imported from master codelists,Drug,standard,M04A_antigout_preparations
antigout_medicines,Antigout medicines,drug,40892558,TRUE,Allopurinol 300 MG [Foligan],RxNorm Extension,M04A_antigout_preparations,reviewed_seed,Imported from master codelists,Drug,standard,M04A_antigout_preparations
antigout_medicines,Antigout medicines,drug,40892561,TRUE,Allopurinol 300 MG [Allo 1a Pharma],RxNorm Extension,M04A_antigout_preparations,reviewed_seed,Imported from master codelists,Drug,standard,M04A_antigout_preparations
antigout_medicines,Antigout medicines,drug,40892562,TRUE,Allopurinol 100 MG [Embarin],RxNorm Extension,M04A_antigout_preparations,reviewed_seed,Imported from master codelists,Drug,standard,M04A_antigout_preparations
antigout_medicines,Antigout medicines,drug,40893254,TRUE,Berberine / Colchicine / URTICA DIOICA preparation Oral Solution,RxNorm Extension,M04A_antigout_preparations,reviewed_seed,Imported from master codelists,Drug,standard,M04A_antigout_preparations
antigout_medicines,Antigout medicines,drug,40893419,TRUE,Allopurinol Oral Granules,RxNorm Extension,M04A_antigout_preparations,reviewed_seed,Imported from master codelists,Drug,standard,M04A_antigout_preparations
antigout_medicines,Antigout medicines,drug,40895813,TRUE,Allopurinol Oral Tablet [Foligan],RxNorm Extension,M04A_antigout_preparations,reviewed_seed,Imported from master codelists,Drug,standard,M04A_antigout_preparations
antigout_medicines,Antigout medicines,drug,40895814,TRUE,Allopurinol Oral Tablet [Am Allopurinol],RxNorm Extension,M04A_antigout_preparations,reviewed_seed,Imported from master codelists,Drug,standard,M04A_antigout_preparations
antigout_medicines,Antigout medicines,drug,40896145,TRUE,Rasburicase 1 UNT Injectable Solution Box of 3,RxNorm Extension,M04A_antigout_preparations,reviewed_seed,Imported from master codelists,Drug,standard,M04A_antigout_preparations
antigout_medicines,Antigout medicines,drug,40896399,TRUE,Sulfinpyrazone 100 MG Oral Tablet Box of 100,RxNorm Extension,M04A_antigout_preparations,reviewed_seed,Imported from master codelists,Drug,standard,M04A_antigout_preparations
antigout_medicines,Antigout medicines,drug,40896794,TRUE,Probenecid 500 MG Oral Tablet Box of 20,RxNorm Extension,M04A_antigout_preparations,reviewed_seed,Imported from master codelists,Drug,standard,M04A_antigout_preparations
antigout_medicines,Antigout medicines,drug,40898519,TRUE,febuxostat 120 MG Oral Tablet Box of 98,RxNorm Extension,M04A_antigout_preparations,reviewed_seed,Imported from master codelists,Drug,standard,M04A_antigout_preparations
antigout_medicines,Antigout medicines,drug,40900683,TRUE,Allopurinol 100 MG / Benzbromarone 20 MG Oral Capsule Box of 300,RxNorm Extension,M04A_antigout_preparations,reviewed_seed,Imported from master codelists,Drug,standard,M04A_antigout_preparations
antigout_medicines,Antigout medicines,drug,40900684,TRUE,Allopurinol 300 MG Extended Release Oral Capsule Box of 100,RxNorm Extension,M04A_antigout_preparations,reviewed_seed,Imported from master codelists,Drug,standard,M04A_antigout_preparations
antigout_medicines,Antigout medicines,drug,40900685,TRUE,Allopurinol 300 MG Extended Release Oral Tablet Box of 750,RxNorm Extension,M04A_antigout_preparations,reviewed_seed,Imported from master codelists,Drug,standard,M04A_antigout_preparations
antigout_medicines,Antigout medicines,drug,40900686,TRUE,Allopurinol 300 MG Oral Granules Box of 84,RxNorm Extension,M04A_antigout_preparations,reviewed_seed,Imported from master codelists,Drug,standard,M04A_antigout_preparations
antigout_medicines,Antigout medicines,drug,40900687,TRUE,Allopurinol 100 MG Oral Tablet Box of 1000,RxNorm Extension,M04A_antigout_preparations,reviewed_seed,Imported from master codelists,Drug,standard,M04A_antigout_preparations
antigout_medicines,Antigout medicines,drug,40900688,TRUE,Allopurinol 100 MG Oral Tablet Box of 1,RxNorm Extension,M04A_antigout_preparations,reviewed_seed,Imported from master codelists,Drug,standard,M04A_antigout_preparations
antigout_medicines,Antigout medicines,drug,40900689,TRUE,Allopurinol 200 MG Oral Tablet Box of 500,RxNorm Extension,M04A_antigout_preparations,reviewed_seed,Imported from master codelists,Drug,standard,M04A_antigout_preparations
antigout_medicines,Antigout medicines,drug,40903112,TRUE,Rasburicase 7.5 MG Injectable Solution [Fasturtec],RxNorm Extension,M04A_antigout_preparations,reviewed_seed,Imported from master codelists,Drug,standard,M04A_antigout_preparations
antigout_medicines,Antigout medicines,drug,40911894,TRUE,Benzbromarone 100 MG Oral Tablet [Narcaricin] Box of 30,RxNorm Extension,M04A_antigout_preparations,reviewed_seed,Imported from master codelists,Drug,standard,M04A_antigout_preparations
antigout_medicines,Antigout medicines,drug,40911895,TRUE,Benzbromarone 100 MG Oral Tablet [Benzbromaron Stada],RxNorm Extension,M04A_antigout_preparations,reviewed_seed,Imported from master codelists,Drug,standard,M04A_antigout_preparations
antigout_medicines,Antigout medicines,drug,40912801,TRUE,Allopurinol 100 MG / Benzbromarone 20 MG Oral Tablet [Harpagin] Box of 50,RxNorm Extension,M04A_antigout_preparations,reviewed_seed,Imported from master codelists,Drug,standard,M04A_antigout_preparations
antigout_medicines,Antigout medicines,drug,40912802,TRUE,Allopurinol 100 MG / Benzbromarone 20 MG Oral Tablet [Harpagin] Box of 30,RxNorm Extension,M04A_antigout_preparations,reviewed_seed,Imported from master codelists,Drug,standard,M04A_antigout_preparations
antigout_medicines,Antigout medicines,drug,40912803,TRUE,Allopurinol 300 MG Oral Tablet [Urtias] Box of 20,RxNorm Extension,M04A_antigout_preparations,reviewed_seed,Imported from master codelists,Drug,standard,M04A_antigout_preparations
antigout_medicines,Antigout medicines,drug,40912804,TRUE,Allopurinol 300 MG Oral Tablet [Foligan] Box of 28,RxNorm Extension,M04A_antigout_preparations,reviewed_seed,Imported from master codelists,Drug,standard,M04A_antigout_preparations
antigout_medicines,Antigout medicines,drug,40912805,TRUE,Allopurinol 300 MG Oral Tablet [Epidropal] Box of 60,RxNorm Extension,M04A_antigout_preparations,reviewed_seed,Imported from master codelists,Drug,standard,M04A_antigout_preparations
antigout_medicines,Antigout medicines,drug,40912806,TRUE,Allopurinol 300 MG Oral Tablet [Am Allopurinol] Box of 100,RxNorm Extension,M04A_antigout_preparations,reviewed_seed,Imported from master codelists,Drug,standard,M04A_antigout_preparations
antigout_medicines,Antigout medicines,drug,40912807,TRUE,Allopurinol 300 MG Oral Tablet [Allopurinol Stada] Box of 98,RxNorm Extension,M04A_antigout_preparations,reviewed_seed,Imported from master codelists,Drug,standard,M04A_antigout_preparations
antigout_medicines,Antigout medicines,drug,40912808,TRUE,Allopurinol 300 MG Oral Tablet [ALLOPURINOL SANDOZ] Box of 50,RxNorm Extension,M04A_antigout_preparations,reviewed_seed,Imported from master codelists,Drug,standard,M04A_antigout_preparations
antigout_medicines,Antigout medicines,drug,40912809,TRUE,Allopurinol 300 MG Oral Tablet [ALLOPURINOL SANDOZ] Box of 20,RxNorm Extension,M04A_antigout_preparations,reviewed_seed,Imported from master codelists,Drug,standard,M04A_antigout_preparations
antigout_medicines,Antigout medicines,drug,40912810,TRUE,Allopurinol 300 MG Oral Tablet [Allopurinol Hexal] Box of 100,RxNorm Extension,M04A_antigout_preparations,reviewed_seed,Imported from master codelists,Drug,standard,M04A_antigout_preparations
antigout_medicines,Antigout medicines,drug,40912811,TRUE,Allopurinol 300 MG Oral Tablet [Allopurinol Heumann] Box of 500,RxNorm Extension,M04A_antigout_preparations,reviewed_seed,Imported from master codelists,Drug,standard,M04A_antigout_preparations
antigout_medicines,Antigout medicines,drug,40912812,TRUE,Allopurinol 300 MG Oral Tablet [Allopurinol Heumann] Box of 100,RxNorm Extension,M04A_antigout_preparations,reviewed_seed,Imported from master codelists,Drug,standard,M04A_antigout_preparations
antigout_medicines,Antigout medicines,drug,40912813,TRUE,Allopurinol 300 MG Oral Tablet [Allobeta] Box of 100,RxNorm Extension,M04A_antigout_preparations,reviewed_seed,Imported from master codelists,Drug,standard,M04A_antigout_preparations
antigout_medicines,Antigout medicines,drug,40912815,TRUE,Allopurinol 100 MG Oral Tablet [Urosin],RxNorm Extension,M04A_antigout_preparations,reviewed_seed,Imported from master codelists,Drug,standard,M04A_antigout_preparations
antigout_medicines,Antigout medicines,drug,40912816,TRUE,Allopurinol 100 MG Oral Tablet [Milurit] Box of 100,RxNorm Extension,M04A_antigout_preparations,reviewed_seed,Imported from master codelists,Drug,standard,M04A_antigout_preparations
antigout_medicines,Antigout medicines,drug,40912817,TRUE,Allopurinol 100 MG Oral Tablet [Epidropal] Box of 250,RxNorm Extension,M04A_antigout_preparations,reviewed_seed,Imported from master codelists,Drug,standard,M04A_antigout_preparations
antigout_medicines,Antigout medicines,drug,40912818,TRUE,Allopurinol 100 MG Oral Tablet [Bleminol] Box of 3000,RxNorm Extension,M04A_antigout_preparations,reviewed_seed,Imported from master codelists,Drug,standard,M04A_antigout_preparations
antigout_medicines,Antigout medicines,drug,40912819,TRUE,Allopurinol 100 MG Oral Tablet [Allopurinol Dura] Box of 100,RxNorm Extension,M04A_antigout_preparations,reviewed_seed,Imported from master codelists,Drug,standard,M04A_antigout_preparations
antigout_medicines,Antigout medicines,drug,40912821,TRUE,Allopurinol 100 MG Oral Tablet [Allo Puren] Box of 500,RxNorm Extension,M04A_antigout_preparations,reviewed_seed,Imported from master codelists,Drug,standard,M04A_antigout_preparations
antigout_medicines,Antigout medicines,drug,40912822,TRUE,Allopurinol 200 MG Oral Tablet [Bleminol] Box of 100,RxNorm Extension,M04A_antigout_preparations,reviewed_seed,Imported from master codelists,Drug,standard,M04A_antigout_preparations
antigout_medicines,Antigout medicines,drug,40914608,TRUE,Probenecid 500 MG Oral Tablet Box of 100 by Weimer,RxNorm Extension,M04A_antigout_preparations,reviewed_seed,Imported from master codelists,Drug,standard,M04A_antigout_preparations
antigout_medicines,Antigout medicines,drug,40917297,TRUE,febuxostat 120 MG Delayed Release Oral Tablet [Adenuric] Box of 84 by Fd,RxNorm Extension,M04A_antigout_preparations,reviewed_seed,Imported from master codelists,Drug,standard,M04A_antigout_preparations
antigout_medicines,Antigout medicines,drug,40917298,TRUE,febuxostat 120 MG Delayed Release Oral Tablet [Adenuric] Box of 84 by Beragena,RxNorm Extension,M04A_antigout_preparations,reviewed_seed,Imported from master codelists,Drug,standard,M04A_antigout_preparations
antigout_medicines,Antigout medicines,drug,40918082,TRUE,Colchicine 0.5 MG Oral Tablet Box of 200 by Mylan,RxNorm Extension,M04A_antigout_preparations,reviewed_seed,Imported from master codelists,Drug,standard,M04A_antigout_preparations
antigout_medicines,Antigout medicines,drug,40919362,TRUE,Allopurinol 100 MG / Benzbromarone 20 MG Oral Tablet Box of 30 by Ratiopharm,RxNorm Extension,M04A_antigout_preparations,reviewed_seed,Imported from master codelists,Drug,standard,M04A_antigout_preparations
antigout_medicines,Antigout medicines,drug,40919363,TRUE,Allopurinol 300 MG Oral Tablet [Allo Efeka] Box of 100 by Riemser,RxNorm Extension,M04A_antigout_preparations,reviewed_seed,Imported from master codelists,Drug,standard,M04A_antigout_preparations
antigout_medicines,Antigout medicines,drug,40919364,TRUE,Allopurinol 300 MG Extended Release Oral Tablet Box of 84 by Pfizer,RxNorm Extension,M04A_antigout_preparations,reviewed_seed,Imported from master codelists,Drug,standard,M04A_antigout_preparations
antigout_medicines,Antigout medicines,drug,40919365,TRUE,Allopurinol 300 MG Oral Tablet [Urtias] Box of 120 by Novartis,RxNorm Extension,M04A_antigout_preparations,reviewed_seed,Imported from master codelists,Drug,standard,M04A_antigout_preparations
antigout_medicines,Antigout medicines,drug,40919366,TRUE,Allopurinol 300 MG Oral Tablet [Uribenz] Box of 50 by Novesia,RxNorm Extension,M04A_antigout_preparations,reviewed_seed,Imported from master codelists,Drug,standard,M04A_antigout_preparations
antigout_medicines,Antigout medicines,drug,40919367,TRUE,Allopurinol 300 MG Oral Tablet [Pureduct] Box of 50 by MIP,RxNorm Extension,M04A_antigout_preparations,reviewed_seed,Imported from master codelists,Drug,standard,M04A_antigout_preparations
antigout_medicines,Antigout medicines,drug,40919368,TRUE,Allopurinol 300 MG Oral Tablet [Foligan] Box of 50 by Desma,RxNorm Extension,M04A_antigout_preparations,reviewed_seed,Imported from master codelists,Drug,standard,M04A_antigout_preparations
antigout_medicines,Antigout medicines,drug,40919369,TRUE,Allopurinol 300 MG Oral Tablet [Epidropal] Box of 30 by Stada,RxNorm Extension,M04A_antigout_preparations,reviewed_seed,Imported from master codelists,Drug,standard,M04A_antigout_preparations
antigout_medicines,Antigout medicines,drug,40919370,TRUE,Allopurinol 300 MG Oral Tablet Box of 50 by Sanol,RxNorm Extension,M04A_antigout_preparations,reviewed_seed,Imported from master codelists,Drug,standard,M04A_antigout_preparations
antigout_medicines,Antigout medicines,drug,40919371,TRUE,Allopurinol 100 MG Oral Tablet [Zyloric] Box of 100 by Emra-Med,RxNorm Extension,M04A_antigout_preparations,reviewed_seed,Imported from master codelists,Drug,standard,M04A_antigout_preparations
antigout_medicines,Antigout medicines,drug,40919372,TRUE,Allopurinol 100 MG Oral Tablet [Jenapurinol] Box of 50 by Jenapharm,RxNorm Extension,M04A_antigout_preparations,reviewed_seed,Imported from master codelists,Drug,standard,M04A_antigout_preparations
antigout_medicines,Antigout medicines,drug,40919373,TRUE,Allopurinol 100 MG Oral Tablet [ALLOPURINOL SANDOZ] Box of 50 by Novartis,RxNorm Extension,M04A_antigout_preparations,reviewed_seed,Imported from master codelists,Drug,standard,M04A_antigout_preparations
antigout_medicines,Antigout medicines,drug,40919374,TRUE,Allopurinol 100 MG Oral Tablet [Allopurinol Abz] Box of 100 by AbZ-Pharma,RxNorm Extension,M04A_antigout_preparations,reviewed_seed,Imported from master codelists,Drug,standard,M04A_antigout_preparations
antigout_medicines,Antigout medicines,drug,40919375,TRUE,Allopurinol 100 MG Oral Tablet [Allo 1a Pharma] Box of 50 by 1 A,RxNorm Extension,M04A_antigout_preparations,reviewed_seed,Imported from master codelists,Drug,standard,M04A_antigout_preparations
antigout_medicines,Antigout medicines,drug,40919376,TRUE,Allopurinol 100 MG Oral Tablet Box of 50 by Heumann,RxNorm Extension,M04A_antigout_preparations,reviewed_seed,Imported from master codelists,Drug,standard,M04A_antigout_preparations
antigout_medicines,Antigout medicines,drug,40919377,TRUE,Allopurinol 100 MG Oral Tablet Box of 30 by Heunet,RxNorm Extension,M04A_antigout_preparations,reviewed_seed,Imported from master codelists,Drug,standard,M04A_antigout_preparations
antigout_medicines,Antigout medicines,drug,40923647,TRUE,Allopurinol 300 MG [Allo Puren],RxNorm Extension,M04A_antigout_preparations,reviewed_seed,Imported from master codelists,Drug,standard,M04A_antigout_preparations
antigout_medicines,Antigout medicines,drug,40923648,TRUE,Allopurinol 100 MG [Milurit],RxNorm Extension,M04A_antigout_preparations,reviewed_seed,Imported from master codelists,Drug,standard,M04A_antigout_preparations
antigout_medicines,Antigout medicines,drug,40926538,TRUE,Berberine / Colchicine / URTICA DIOICA preparation Injectable Solution [Cefarheumin],RxNorm Extension,M04A_antigout_preparations,reviewed_seed,Imported from master codelists,Drug,standard,M04A_antigout_preparations
antigout_medicines,Antigout medicines,drug,40926553,TRUE,Benzbromarone Oral Tablet [Normurat],RxNorm Extension,M04A_antigout_preparations,reviewed_seed,Imported from master codelists,Drug,standard,M04A_antigout_preparations
antigout_medicines,Antigout medicines,drug,40926792,TRUE,Allopurinol Oral Tablet [Uripurinol],RxNorm Extension,M04A_antigout_preparations,reviewed_seed,Imported from master codelists,Drug,standard,M04A_antigout_preparations
antigout_medicines,Antigout medicines,drug,40931256,TRUE,Benzbromarone 50 MG Oral Tablet Box of 30,RxNorm Extension,M04A_antigout_preparations,reviewed_seed,Imported from master codelists,Drug,standard,M04A_antigout_preparations
antigout_medicines,Antigout medicines,drug,40931257,TRUE,Benzbromarone 100 MG Oral Tablet Box of 300,RxNorm Extension,M04A_antigout_preparations,reviewed_seed,Imported from master codelists,Drug,standard,M04A_antigout_preparations
antigout_medicines,Antigout medicines,drug,40931258,TRUE,Benzbromarone 0.0167 MG/MG Oral Granules Box of 90,RxNorm Extension,M04A_antigout_preparations,reviewed_seed,Imported from master codelists,Drug,standard,M04A_antigout_preparations
antigout_medicines,Antigout medicines,drug,40931759,TRUE,Allopurinol 100 MG / Benzbromarone 20 MG Oral Capsule Box of 30,RxNorm Extension,M04A_antigout_preparations,reviewed_seed,Imported from master codelists,Drug,standard,M04A_antigout_preparations
antigout_medicines,Antigout medicines,drug,40931760,TRUE,Allopurinol 100 MG / Benzbromarone 20 MG Oral Capsule,RxNorm Extension,M04A_antigout_preparations,reviewed_seed,Imported from master codelists,Drug,standard,M04A_antigout_preparations
antigout_medicines,Antigout medicines,drug,40931761,TRUE,Allopurinol 300 MG Extended Release Oral Tablet Box of 20,RxNorm Extension,M04A_antigout_preparations,reviewed_seed,Imported from master codelists,Drug,standard,M04A_antigout_preparations
antigout_medicines,Antigout medicines,drug,40931762,TRUE,Allopurinol 300 MG Oral Tablet Box of 300,RxNorm Extension,M04A_antigout_preparations,reviewed_seed,Imported from master codelists,Drug,standard,M04A_antigout_preparations
antigout_medicines,Antigout medicines,drug,40931763,TRUE,Allopurinol 300 MG Oral Tablet Box of 10,RxNorm Extension,M04A_antigout_preparations,reviewed_seed,Imported from master codelists,Drug,standard,M04A_antigout_preparations
antigout_medicines,Antigout medicines,drug,40931764,TRUE,Allopurinol 100 MG Extended Release Oral Tablet Box of 1000,RxNorm Extension,M04A_antigout_preparations,reviewed_seed,Imported from master codelists,Drug,standard,M04A_antigout_preparations
antigout_medicines,Antigout medicines,drug,40931765,TRUE,Allopurinol 100 MG Extended Release Oral Tablet Box of 50,RxNorm Extension,M04A_antigout_preparations,reviewed_seed,Imported from master codelists,Drug,standard,M04A_antigout_preparations
antigout_medicines,Antigout medicines,drug,40931766,TRUE,Allopurinol 100 MG Oral Tablet Box of 500,RxNorm Extension,M04A_antigout_preparations,reviewed_seed,Imported from master codelists,Drug,standard,M04A_antigout_preparations
antigout_medicines,Antigout medicines,drug,40931767,TRUE,Allopurinol 100 MG Oral Tablet Box of 20,RxNorm Extension,M04A_antigout_preparations,reviewed_seed,Imported from master codelists,Drug,standard,M04A_antigout_preparations
antigout_medicines,Antigout medicines,drug,40933408,TRUE,Sulfinpyrazone 100 MG Oral Tablet [Anturano] Box of 50,RxNorm Extension,M04A_antigout_preparations,reviewed_seed,Imported from master codelists,Drug,standard,M04A_antigout_preparations
antigout_medicines,Antigout medicines,drug,40941366,TRUE,Colchicine 0.5 MG/ML Oral Solution [Colchysat],RxNorm Extension,M04A_antigout_preparations,reviewed_seed,Imported from master codelists,Drug,standard,M04A_antigout_preparations
antigout_medicines,Antigout medicines,drug,40943159,TRUE,Benzbromarone 100 MG Oral Tablet [Benzbromaron Ratiopharm] Box of 50,RxNorm Extension,M04A_antigout_preparations,reviewed_seed,Imported from master codelists,Drug,standard,M04A_antigout_preparations
antigout_medicines,Antigout medicines,drug,40944056,TRUE,Allopurinol 100 MG / Benzbromarone 20 MG Oral Tablet [Allomaron] Box of 20,RxNorm Extension,M04A_antigout_preparations,reviewed_seed,Imported from master codelists,Drug,standard,M04A_antigout_preparations
antigout_medicines,Antigout medicines,drug,40944057,TRUE,Allopurinol 100 MG / Benzbromarone 20 MG Oral Tablet [Acifugan] Box of 100,RxNorm Extension,M04A_antigout_preparations,reviewed_seed,Imported from master codelists,Drug,standard,M04A_antigout_preparations
antigout_medicines,Antigout medicines,drug,40944058,TRUE,Allopurinol 300 MG Oral Solution [Zyloric] Box of 28,RxNorm Extension,M04A_antigout_preparations,reviewed_seed,Imported from master codelists,Drug,standard,M04A_antigout_preparations
antigout_medicines,Antigout medicines,drug,40944059,TRUE,Allopurinol 300 MG Oral Solution [Zyloric],RxNorm Extension,M04A_antigout_preparations,reviewed_seed,Imported from master codelists,Drug,standard,M04A_antigout_preparations
antigout_medicines,Antigout medicines,drug,40944060,TRUE,Allopurinol 300 MG Oral Tablet [Allo Efeka] Box of 100,RxNorm Extension,M04A_antigout_preparations,reviewed_seed,Imported from master codelists,Drug,standard,M04A_antigout_preparations
antigout_medicines,Antigout medicines,drug,40944061,TRUE,Allopurinol 300 MG Oral Tablet [Zyloric] Box of 300,RxNorm Extension,M04A_antigout_preparations,reviewed_seed,Imported from master codelists,Drug,standard,M04A_antigout_preparations
antigout_medicines,Antigout medicines,drug,40944062,TRUE,Allopurinol 300 MG Oral Tablet [Xanturat] Box of 90,RxNorm Extension,M04A_antigout_preparations,reviewed_seed,Imported from master codelists,Drug,standard,M04A_antigout_preparations
antigout_medicines,Antigout medicines,drug,40944063,TRUE,Allopurinol 300 MG Oral Tablet [Urosin] Box of 100,RxNorm Extension,M04A_antigout_preparations,reviewed_seed,Imported from master codelists,Drug,standard,M04A_antigout_preparations
antigout_medicines,Antigout medicines,drug,40944064,TRUE,Allopurinol 300 MG Oral Tablet [Urosin],RxNorm Extension,M04A_antigout_preparations,reviewed_seed,Imported from master codelists,Drug,standard,M04A_antigout_preparations
antigout_medicines,Antigout medicines,drug,40944065,TRUE,Allopurinol 300 MG Oral Tablet [Suspendol],RxNorm Extension,M04A_antigout_preparations,reviewed_seed,Imported from master codelists,Drug,standard,M04A_antigout_preparations
antigout_medicines,Antigout medicines,drug,40944066,TRUE,Allopurinol 300 MG Oral Tablet [Pureduct] Box of 100,RxNorm Extension,M04A_antigout_preparations,reviewed_seed,Imported from master codelists,Drug,standard,M04A_antigout_preparations
antigout_medicines,Antigout medicines,drug,40944067,TRUE,Allopurinol 300 MG Oral Tablet [Jenapurinol] Box of 20,RxNorm Extension,M04A_antigout_preparations,reviewed_seed,Imported from master codelists,Drug,standard,M04A_antigout_preparations
antigout_medicines,Antigout medicines,drug,40944068,TRUE,Allopurinol 300 MG Oral Tablet [Am Allopurinol] Box of 50,RxNorm Extension,M04A_antigout_preparations,reviewed_seed,Imported from master codelists,Drug,standard,M04A_antigout_preparations
antigout_medicines,Antigout medicines,drug,40944069,TRUE,Allopurinol 300 MG Oral Tablet [Allopurinol Stada] Box of 30,RxNorm Extension,M04A_antigout_preparations,reviewed_seed,Imported from master codelists,Drug,standard,M04A_antigout_preparations
antigout_medicines,Antigout medicines,drug,40944070,TRUE,Allopurinol 300 MG Oral Tablet [ALLOPURINOL RATIOPHARM] Box of 50,RxNorm Extension,M04A_antigout_preparations,reviewed_seed,Imported from master codelists,Drug,standard,M04A_antigout_preparations
antigout_medicines,Antigout medicines,drug,40944072,TRUE,Allopurinol 100 MG Extended Release Oral Tablet [Remid] Box of 50,RxNorm Extension,M04A_antigout_preparations,reviewed_seed,Imported from master codelists,Drug,standard,M04A_antigout_preparations
antigout_medicines,Antigout medicines,drug,40944073,TRUE,Allopurinol 100 MG Oral Tablet [Jenapurinol] Box of 50,RxNorm Extension,M04A_antigout_preparations,reviewed_seed,Imported from master codelists,Drug,standard,M04A_antigout_preparations
antigout_medicines,Antigout medicines,drug,40944074,TRUE,Allopurinol 100 MG Oral Tablet [Burmadon],RxNorm Extension,M04A_antigout_preparations,reviewed_seed,Imported from master codelists,Drug,standard,M04A_antigout_preparations
antigout_medicines,Antigout medicines,drug,40944075,TRUE,Allopurinol 100 MG Oral Tablet [Allopurinol Al] Box of 100,RxNorm Extension,M04A_antigout_preparations,reviewed_seed,Imported from master codelists,Drug,standard,M04A_antigout_preparations
antigout_medicines,Antigout medicines,drug,40944076,TRUE,Allopurinol 100 MG Oral Tablet [Allo Abz] Box of 100,RxNorm Extension,M04A_antigout_preparations,reviewed_seed,Imported from master codelists,Drug,standard,M04A_antigout_preparations
antigout_medicines,Antigout medicines,drug,40948646,TRUE,febuxostat 80 MG Oral Tablet [Adenuric] Box of 28 by Berlin-Chemie,RxNorm Extension,M04A_antigout_preparations,reviewed_seed,Imported from master codelists,Drug,standard,M04A_antigout_preparations
antigout_medicines,Antigout medicines,drug,40948647,TRUE,febuxostat 80 MG Oral Tablet [Adenuric] Box of 98 by Berlin-Chemie,RxNorm Extension,M04A_antigout_preparations,reviewed_seed,Imported from master codelists,Drug,standard,M04A_antigout_preparations
antigout_medicines,Antigout medicines,drug,40948648,TRUE,febuxostat 120 MG Oral Tablet [Adenuric] Box of 84 by Axicorp,RxNorm Extension,M04A_antigout_preparations,reviewed_seed,Imported from master codelists,Drug,standard,M04A_antigout_preparations
antigout_medicines,Antigout medicines,drug,40948649,TRUE,febuxostat 120 MG Oral Tablet [Adenuric] Box of 84 by Eurim-Pharm,RxNorm Extension,M04A_antigout_preparations,reviewed_seed,Imported from master codelists,Drug,standard,M04A_antigout_preparations
antigout_medicines,Antigout medicines,drug,40950540,TRUE,Allopurinol 100 MG / Benzbromarone 20 MG Oral Tablet [Allomaron] Box of 50 by Sanofi,RxNorm Extension,M04A_antigout_preparations,reviewed_seed,Imported from master codelists,Drug,standard,M04A_antigout_preparations
antigout_medicines,Antigout medicines,drug,40950541,TRUE,Allopurinol 300 MG Extended Release Oral Capsule [Allopurinol Heumann] Box of 30 by Heumann,RxNorm Extension,M04A_antigout_preparations,reviewed_seed,Imported from master codelists,Drug,standard,M04A_antigout_preparations
antigout_medicines,Antigout medicines,drug,40950542,TRUE,Allopurinol 300 MG Extended Release Oral Tablet Box of 100 by Pfizer,RxNorm Extension,M04A_antigout_preparations,reviewed_seed,Imported from master codelists,Drug,standard,M04A_antigout_preparations
antigout_medicines,Antigout medicines,drug,40950543,TRUE,Allopurinol 300 MG Oral Tablet [Allopurinol Hexal] Box of 20 by Novartis,RxNorm Extension,M04A_antigout_preparations,reviewed_seed,Imported from master codelists,Drug,standard,M04A_antigout_preparations
antigout_medicines,Antigout medicines,drug,40950544,TRUE,Allopurinol 300 MG Oral Tablet [Allobeta] Box of 30 by Betapharm,RxNorm Extension,M04A_antigout_preparations,reviewed_seed,Imported from master codelists,Drug,standard,M04A_antigout_preparations
antigout_medicines,Antigout medicines,drug,40950545,TRUE,Allopurinol 300 MG Oral Tablet [Allo 1a Pharma] Box of 20 by 1 A,RxNorm Extension,M04A_antigout_preparations,reviewed_seed,Imported from master codelists,Drug,standard,M04A_antigout_preparations
antigout_medicines,Antigout medicines,drug,40950546,TRUE,Allopurinol 300 MG Oral Tablet Box of 500 by Heumann,RxNorm Extension,M04A_antigout_preparations,reviewed_seed,Imported from master codelists,Drug,standard,M04A_antigout_preparations
antigout_medicines,Antigout medicines,drug,40950547,TRUE,Allopurinol 300 MG Oral Tablet Box of 50 by Aristo,RxNorm Extension,M04A_antigout_preparations,reviewed_seed,Imported from master codelists,Drug,standard,M04A_antigout_preparations
antigout_medicines,Antigout medicines,drug,40950548,TRUE,Allopurinol 100 MG Oral Tablet [Allo Efeka] Box of 30 by Pfizer,RxNorm Extension,M04A_antigout_preparations,reviewed_seed,Imported from master codelists,Drug,standard,M04A_antigout_preparations
antigout_medicines,Antigout medicines,drug,40950549,TRUE,Allopurinol 100 MG Oral Tablet [Zyloric] Box of 100 by Mibe,RxNorm Extension,M04A_antigout_preparations,reviewed_seed,Imported from master codelists,Drug,standard,M04A_antigout_preparations
antigout_medicines,Antigout medicines,drug,40950550,TRUE,Allopurinol 100 MG Oral Tablet [Zyloric] Box of 50 by Mtk,RxNorm Extension,M04A_antigout_preparations,reviewed_seed,Imported from master codelists,Drug,standard,M04A_antigout_preparations
antigout_medicines,Antigout medicines,drug,40950551,TRUE,Allopurinol 100 MG Oral Tablet [Zyloric] Box of 50 by Beragena,RxNorm Extension,M04A_antigout_preparations,reviewed_seed,Imported from master codelists,Drug,standard,M04A_antigout_preparations
antigout_medicines,Antigout medicines,drug,40950552,TRUE,Allopurinol 100 MG Oral Tablet [Epidropal] Box of 100 by Fresenius,RxNorm Extension,M04A_antigout_preparations,reviewed_seed,Imported from master codelists,Drug,standard,M04A_antigout_preparations
antigout_medicines,Antigout medicines,drug,40950553,TRUE,Allopurinol 100 MG Oral Tablet [ALLOPURINOL RATIOPHARM] Box of 100 by Ratiopharm,RxNorm Extension,M04A_antigout_preparations,reviewed_seed,Imported from master codelists,Drug,standard,M04A_antigout_preparations
antigout_medicines,Antigout medicines,drug,40950554,TRUE,Allopurinol 100 MG Oral Tablet [Allopurinol Hexal] Box of 50 by Novartis,RxNorm Extension,M04A_antigout_preparations,reviewed_seed,Imported from master codelists,Drug,standard,M04A_antigout_preparations
antigout_medicines,Antigout medicines,drug,40950555,TRUE,Allopurinol 100 MG Oral Tablet [Allopurinol Dura] Box of 50 by Mylan,RxNorm Extension,M04A_antigout_preparations,reviewed_seed,Imported from master codelists,Drug,standard,M04A_antigout_preparations
antigout_medicines,Antigout medicines,drug,40950556,TRUE,Allopurinol 100 MG Oral Tablet [Allopurinol Al] Box of 100 by Aliud,RxNorm Extension,M04A_antigout_preparations,reviewed_seed,Imported from master codelists,Drug,standard,M04A_antigout_preparations
antigout_medicines,Antigout medicines,drug,40950557,TRUE,Allopurinol 100 MG Oral Tablet [Allo Puren] Box of 100 by Puren,RxNorm Extension,M04A_antigout_preparations,reviewed_seed,Imported from master codelists,Drug,standard,M04A_antigout_preparations
antigout_medicines,Antigout medicines,drug,40950558,TRUE,Allopurinol 200 MG Oral Tablet [Allo Efeka] Box of 30 by Riemser,RxNorm Extension,M04A_antigout_preparations,reviewed_seed,Imported from master codelists,Drug,standard,M04A_antigout_preparations
antigout_medicines,Antigout medicines,drug,40954848,TRUE,Allopurinol 300 MG [Uribenz],RxNorm Extension,M04A_antigout_preparations,reviewed_seed,Imported from master codelists,Drug,standard,M04A_antigout_preparations
antigout_medicines,Antigout medicines,drug,40954849,TRUE,Allopurinol 300 MG [Embarin],RxNorm Extension,M04A_antigout_preparations,reviewed_seed,Imported from master codelists,Drug,standard,M04A_antigout_preparations
antigout_medicines,Antigout medicines,drug,40954850,TRUE,Allopurinol 300 MG [Am Allopurinol],RxNorm Extension,M04A_antigout_preparations,reviewed_seed,Imported from master codelists,Drug,standard,M04A_antigout_preparations
antigout_medicines,Antigout medicines,drug,40954851,TRUE,Allopurinol 100 MG [Apulonga],RxNorm Extension,M04A_antigout_preparations,reviewed_seed,Imported from master codelists,Drug,standard,M04A_antigout_preparations
antigout_medicines,Antigout medicines,drug,40957818,TRUE,Benzbromarone Oral Tablet [Benzbromaron Stada],RxNorm Extension,M04A_antigout_preparations,reviewed_seed,Imported from master codelists,Drug,standard,M04A_antigout_preparations
antigout_medicines,Antigout medicines,drug,40958073,TRUE,Allopurinol Oral Tablet [Sigapurol Cr],RxNorm Extension,M04A_antigout_preparations,reviewed_seed,Imported from master codelists,Drug,standard,M04A_antigout_preparations
antigout_medicines,Antigout medicines,drug,40958074,TRUE,Allopurinol Oral Tablet [Burmadon],RxNorm Extension,M04A_antigout_preparations,reviewed_seed,Imported from master codelists,Drug,standard,M04A_antigout_preparations
antigout_medicines,Antigout medicines,drug,40958657,TRUE,Sulfinpyrazone 200 MG Oral Tablet Box of 50,RxNorm Extension,M04A_antigout_preparations,reviewed_seed,Imported from master codelists,Drug,standard,M04A_antigout_preparations
antigout_medicines,Antigout medicines,drug,40960965,TRUE,febuxostat 80 MG Delayed Release Oral Tablet Box of 84,RxNorm Extension,M04A_antigout_preparations,reviewed_seed,Imported from master codelists,Drug,standard,M04A_antigout_preparations
antigout_medicines,Antigout medicines,drug,40962538,TRUE,Benzbromarone 100 MG Oral Tablet Box of 3000,RxNorm Extension,M04A_antigout_preparations,reviewed_seed,Imported from master codelists,Drug,standard,M04A_antigout_preparations
antigout_medicines,Antigout medicines,drug,40962539,TRUE,Benzbromarone 100 MG Oral Tablet Box of 90,RxNorm Extension,M04A_antigout_preparations,reviewed_seed,Imported from master codelists,Drug,standard,M04A_antigout_preparations
antigout_medicines,Antigout medicines,drug,40962540,TRUE,Benzbromarone 80 MG Oral Tablet Box of 100,RxNorm Extension,M04A_antigout_preparations,reviewed_seed,Imported from master codelists,Drug,standard,M04A_antigout_preparations
antigout_medicines,Antigout medicines,drug,40963031,TRUE,Allopurinol 100 MG / Benzbromarone 20 MG Oral Tablet Box of 500,RxNorm Extension,M04A_antigout_preparations,reviewed_seed,Imported from master codelists,Drug,standard,M04A_antigout_preparations
antigout_medicines,Antigout medicines,drug,40963032,TRUE,Allopurinol 300 MG Oral Tablet Box of 150,RxNorm Extension,M04A_antigout_preparations,reviewed_seed,Imported from master codelists,Drug,standard,M04A_antigout_preparations
antigout_medicines,Antigout medicines,drug,40963033,TRUE,Allopurinol 300 MG Extended Release Oral Tablet Box of 30,RxNorm Extension,M04A_antigout_preparations,reviewed_seed,Imported from master codelists,Drug,standard,M04A_antigout_preparations
antigout_medicines,Antigout medicines,drug,40963034,TRUE,Allopurinol 300 MG Oral Tablet Box of 5000,RxNorm Extension,M04A_antigout_preparations,reviewed_seed,Imported from master codelists,Drug,standard,M04A_antigout_preparations
antigout_medicines,Antigout medicines,drug,40963035,TRUE,Allopurinol 300 MG Oral Tablet Box of 120,RxNorm Extension,M04A_antigout_preparations,reviewed_seed,Imported from master codelists,Drug,standard,M04A_antigout_preparations
antigout_medicines,Antigout medicines,drug,40963036,TRUE,Allopurinol 100 MG Oral Tablet Box of 250,RxNorm Extension,M04A_antigout_preparations,reviewed_seed,Imported from master codelists,Drug,standard,M04A_antigout_preparations
antigout_medicines,Antigout medicines,drug,40974133,TRUE,Benzbromarone 50 MG Oral Tablet [Narcaricin] Box of 300,RxNorm Extension,M04A_antigout_preparations,reviewed_seed,Imported from master codelists,Drug,standard,M04A_antigout_preparations
antigout_medicines,Antigout medicines,drug,40974134,TRUE,Benzbromarone 100 MG Oral Tablet [Narcaricin] Box of 1500,RxNorm Extension,M04A_antigout_preparations,reviewed_seed,Imported from master codelists,Drug,standard,M04A_antigout_preparations
antigout_medicines,Antigout medicines,drug,40974135,TRUE,Benzbromarone 100 MG Oral Tablet [Benzbromaron Al],RxNorm Extension,M04A_antigout_preparations,reviewed_seed,Imported from master codelists,Drug,standard,M04A_antigout_preparations
antigout_medicines,Antigout medicines,drug,40974136,TRUE,Benzbromarone 100 MG Oral Tablet [Normurat] Box of 90,RxNorm Extension,M04A_antigout_preparations,reviewed_seed,Imported from master codelists,Drug,standard,M04A_antigout_preparations
antigout_medicines,Antigout medicines,drug,40974992,TRUE,Allopurinol 100 MG / Benzbromarone 20 MG Oral Tablet [Allomaron] Box of 500,RxNorm Extension,M04A_antigout_preparations,reviewed_seed,Imported from master codelists,Drug,standard,M04A_antigout_preparations
antigout_medicines,Antigout medicines,drug,40974994,TRUE,Allopurinol 300 MG Extended Release Oral Tablet [Remid] Box of 100,RxNorm Extension,M04A_antigout_preparations,reviewed_seed,Imported from master codelists,Drug,standard,M04A_antigout_preparations
antigout_medicines,Antigout medicines,drug,40974995,TRUE,Allopurinol 300 MG Oral Tablet [Zyloric] Box of 1400,RxNorm Extension,M04A_antigout_preparations,reviewed_seed,Imported from master codelists,Drug,standard,M04A_antigout_preparations
antigout_medicines,Antigout medicines,drug,40974996,TRUE,Allopurinol 300 MG Oral Tablet [Zyloric] Box of 90,RxNorm Extension,M04A_antigout_preparations,reviewed_seed,Imported from master codelists,Drug,standard,M04A_antigout_preparations
antigout_medicines,Antigout medicines,drug,40974997,TRUE,Allopurinol 300 MG Oral Tablet [Urtias] Box of 120,RxNorm Extension,M04A_antigout_preparations,reviewed_seed,Imported from master codelists,Drug,standard,M04A_antigout_preparations
antigout_medicines,Antigout medicines,drug,40974998,TRUE,Allopurinol 300 MG Oral Tablet [Urtias] Box of 50,RxNorm Extension,M04A_antigout_preparations,reviewed_seed,Imported from master codelists,Drug,standard,M04A_antigout_preparations
antigout_medicines,Antigout medicines,drug,40974999,TRUE,Allopurinol 300 MG Oral Tablet [Urtias],RxNorm Extension,M04A_antigout_preparations,reviewed_seed,Imported from master codelists,Drug,standard,M04A_antigout_preparations
antigout_medicines,Antigout medicines,drug,40975000,TRUE,Allopurinol 300 MG Oral Tablet [Uripurinol] Box of 100,RxNorm Extension,M04A_antigout_preparations,reviewed_seed,Imported from master codelists,Drug,standard,M04A_antigout_preparations
antigout_medicines,Antigout medicines,drug,40975001,TRUE,Allopurinol 300 MG Oral Tablet [Foligan] Box of 70,RxNorm Extension,M04A_antigout_preparations,reviewed_seed,Imported from master codelists,Drug,standard,M04A_antigout_preparations
antigout_medicines,Antigout medicines,drug,40975002,TRUE,Allopurinol 300 MG Oral Tablet [Embarin] Box of 50,RxNorm Extension,M04A_antigout_preparations,reviewed_seed,Imported from master codelists,Drug,standard,M04A_antigout_preparations
antigout_medicines,Antigout medicines,drug,40975003,TRUE,Allopurinol 300 MG Oral Tablet [Dabroson] Box of 90,RxNorm Extension,M04A_antigout_preparations,reviewed_seed,Imported from master codelists,Drug,standard,M04A_antigout_preparations
antigout_medicines,Antigout medicines,drug,40975005,TRUE,Allopurinol 300 MG Oral Tablet [ALLOPURINOL RATIOPHARM] Box of 100,RxNorm Extension,M04A_antigout_preparations,reviewed_seed,Imported from master codelists,Drug,standard,M04A_antigout_preparations
antigout_medicines,Antigout medicines,drug,40975006,TRUE,Allopurinol 300 MG Oral Tablet [Allopurinol Acis] Box of 50,RxNorm Extension,M04A_antigout_preparations,reviewed_seed,Imported from master codelists,Drug,standard,M04A_antigout_preparations
antigout_medicines,Antigout medicines,drug,40975007,TRUE,Allopurinol 300 MG Oral Tablet [Allo 1a Pharma] Box of 100,RxNorm Extension,M04A_antigout_preparations,reviewed_seed,Imported from master codelists,Drug,standard,M04A_antigout_preparations
antigout_medicines,Antigout medicines,drug,40975008,TRUE,Allopurinol 100 MG Extended Release Oral Tablet [Remid] Box of 100,RxNorm Extension,M04A_antigout_preparations,reviewed_seed,Imported from master codelists,Drug,standard,M04A_antigout_preparations
antigout_medicines,Antigout medicines,drug,40975009,TRUE,Allopurinol 100 MG Oral Tablet [Urtias] Box of 200,RxNorm Extension,M04A_antigout_preparations,reviewed_seed,Imported from master codelists,Drug,standard,M04A_antigout_preparations
antigout_medicines,Antigout medicines,drug,40975010,TRUE,Allopurinol 100 MG Oral Tablet [Urtias] Box of 50,RxNorm Extension,M04A_antigout_preparations,reviewed_seed,Imported from master codelists,Drug,standard,M04A_antigout_preparations
antigout_medicines,Antigout medicines,drug,40975011,TRUE,Allopurinol 100 MG Oral Tablet [Urosin] Box of 500,RxNorm Extension,M04A_antigout_preparations,reviewed_seed,Imported from master codelists,Drug,standard,M04A_antigout_preparations
antigout_medicines,Antigout medicines,drug,40975012,TRUE,Allopurinol 100 MG Oral Tablet [Urosin] Box of 250,RxNorm Extension,M04A_antigout_preparations,reviewed_seed,Imported from master codelists,Drug,standard,M04A_antigout_preparations
antigout_medicines,Antigout medicines,drug,40975013,TRUE,Allopurinol 100 MG Oral Tablet [Milurit],RxNorm Extension,M04A_antigout_preparations,reviewed_seed,Imported from master codelists,Drug,standard,M04A_antigout_preparations
antigout_medicines,Antigout medicines,drug,40975014,TRUE,Allopurinol 100 MG Oral Tablet [Foligan] Box of 250,RxNorm Extension,M04A_antigout_preparations,reviewed_seed,Imported from master codelists,Drug,standard,M04A_antigout_preparations
antigout_medicines,Antigout medicines,drug,40975015,TRUE,Allopurinol 100 MG Oral Tablet [ALLOPURINOL RATIOPHARM],RxNorm Extension,M04A_antigout_preparations,reviewed_seed,Imported from master codelists,Drug,standard,M04A_antigout_preparations
antigout_medicines,Antigout medicines,drug,40975016,TRUE,Allopurinol 100 MG Oral Tablet [Allopurinol Abz] Box of 100,RxNorm Extension,M04A_antigout_preparations,reviewed_seed,Imported from master codelists,Drug,standard,M04A_antigout_preparations
antigout_medicines,Antigout medicines,drug,40975017,TRUE,Allopurinol 100 MG Oral Tablet [Allobeta] Box of 100,RxNorm Extension,M04A_antigout_preparations,reviewed_seed,Imported from master codelists,Drug,standard,M04A_antigout_preparations
antigout_medicines,Antigout medicines,drug,40975018,TRUE,Allopurinol 100 MG Oral Tablet [Allo-Ct] Box of 50,RxNorm Extension,M04A_antigout_preparations,reviewed_seed,Imported from master codelists,Drug,standard,M04A_antigout_preparations
antigout_medicines,Antigout medicines,drug,40981288,TRUE,Benzbromarone 50 MG Oral Tablet [Narcaricin] Box of 30 by Heumann,RxNorm Extension,M04A_antigout_preparations,reviewed_seed,Imported from master codelists,Drug,standard,M04A_antigout_preparations
antigout_medicines,Antigout medicines,drug,40981690,TRUE,Allopurinol 300 MG Oral Tablet [Zyloric] Box of 100 by Mibe,RxNorm Extension,M04A_antigout_preparations,reviewed_seed,Imported from master codelists,Drug,standard,M04A_antigout_preparations
antigout_medicines,Antigout medicines,drug,40981691,TRUE,Allopurinol 300 MG Oral Tablet [Allpargin] Box of 100 by Merz,RxNorm Extension,M04A_antigout_preparations,reviewed_seed,Imported from master codelists,Drug,standard,M04A_antigout_preparations
antigout_medicines,Antigout medicines,drug,40981692,TRUE,Allopurinol 300 MG Oral Tablet [Allopurinol Al] Box of 30 by Aliud,RxNorm Extension,M04A_antigout_preparations,reviewed_seed,Imported from master codelists,Drug,standard,M04A_antigout_preparations
antigout_medicines,Antigout medicines,drug,40981693,TRUE,Allopurinol 300 MG Oral Tablet [Allopurinol 1a] Box of 100 by 1 A,RxNorm Extension,M04A_antigout_preparations,reviewed_seed,Imported from master codelists,Drug,standard,M04A_antigout_preparations
antigout_medicines,Antigout medicines,drug,40981694,TRUE,Allopurinol 300 MG Oral Tablet Box of 50 by Pharmafrid,RxNorm Extension,M04A_antigout_preparations,reviewed_seed,Imported from master codelists,Drug,standard,M04A_antigout_preparations
antigout_medicines,Antigout medicines,drug,40981695,TRUE,Allopurinol 100 MG Oral Tablet [Zyloric] Box of 100 by Naturapharm,RxNorm Extension,M04A_antigout_preparations,reviewed_seed,Imported from master codelists,Drug,standard,M04A_antigout_preparations
antigout_medicines,Antigout medicines,drug,40981696,TRUE,Allopurinol 100 MG Oral Tablet [Urtias] Box of 50 by Novartis,RxNorm Extension,M04A_antigout_preparations,reviewed_seed,Imported from master codelists,Drug,standard,M04A_antigout_preparations
antigout_medicines,Antigout medicines,drug,40981697,TRUE,Allopurinol 100 MG Oral Tablet [Uripurinol] Box of 50 by Azupharma,RxNorm Extension,M04A_antigout_preparations,reviewed_seed,Imported from master codelists,Drug,standard,M04A_antigout_preparations
antigout_medicines,Antigout medicines,drug,40981698,TRUE,Allopurinol 100 MG Oral Tablet [Allobeta] Box of 100 by Betapharm,RxNorm Extension,M04A_antigout_preparations,reviewed_seed,Imported from master codelists,Drug,standard,M04A_antigout_preparations
antigout_medicines,Antigout medicines,drug,40981699,TRUE,Allopurinol 100 MG Oral Tablet Box of 100 by Puren,RxNorm Extension,M04A_antigout_preparations,reviewed_seed,Imported from master codelists,Drug,standard,M04A_antigout_preparations
antigout_medicines,Antigout medicines,drug,40983267,TRUE,Benzbromarone 0.0167 MG/MG,RxNorm Extension,M04A_antigout_preparations,reviewed_seed,Imported from master codelists,Drug,standard,M04A_antigout_preparations
antigout_medicines,Antigout medicines,drug,40985757,TRUE,Benzbromarone 0.0167 MG/MG [Harolan],RxNorm Extension,M04A_antigout_preparations,reviewed_seed,Imported from master codelists,Drug,standard,M04A_antigout_preparations
antigout_medicines,Antigout medicines,drug,40986037,TRUE,Allopurinol 300 MG [Milurit],RxNorm Extension,M04A_antigout_preparations,reviewed_seed,Imported from master codelists,Drug,standard,M04A_antigout_preparations
antigout_medicines,Antigout medicines,drug,40986038,TRUE,Allopurinol 300 MG [Dabroson],RxNorm Extension,M04A_antigout_preparations,reviewed_seed,Imported from master codelists,Drug,standard,M04A_antigout_preparations
antigout_medicines,Antigout medicines,drug,40986039,TRUE,Allopurinol 300 MG [Bleminol],RxNorm Extension,M04A_antigout_preparations,reviewed_seed,Imported from master codelists,Drug,standard,M04A_antigout_preparations
antigout_medicines,Antigout medicines,drug,40986040,TRUE,Allopurinol 100 MG [Allo Efeka],RxNorm Extension,M04A_antigout_preparations,reviewed_seed,Imported from master codelists,Drug,standard,M04A_antigout_preparations
antigout_medicines,Antigout medicines,drug,40989345,TRUE,Allopurinol Oral Tablet [Pureduct],RxNorm Extension,M04A_antigout_preparations,reviewed_seed,Imported from master codelists,Drug,standard,M04A_antigout_preparations
antigout_medicines,Antigout medicines,drug,40989918,TRUE,Sulfinpyrazone 200 MG Oral Tablet Box of 500,RxNorm Extension,M04A_antigout_preparations,reviewed_seed,Imported from master codelists,Drug,standard,M04A_antigout_preparations
antigout_medicines,Antigout medicines,drug,40993797,TRUE,Benzbromarone 40 MG Oral Tablet,RxNorm Extension,M04A_antigout_preparations,reviewed_seed,Imported from master codelists,Drug,standard,M04A_antigout_preparations
antigout_medicines,Antigout medicines,drug,40994305,TRUE,Allopurinol 100 MG / Benzbromarone 20 MG Oral Tablet Box of 300,RxNorm Extension,M04A_antigout_preparations,reviewed_seed,Imported from master codelists,Drug,standard,M04A_antigout_preparations
antigout_medicines,Antigout medicines,drug,40994306,TRUE,Allopurinol 300 MG Extended Release Oral Tablet Box of 3000,RxNorm Extension,M04A_antigout_preparations,reviewed_seed,Imported from master codelists,Drug,standard,M04A_antigout_preparations
antigout_medicines,Antigout medicines,drug,40994307,TRUE,Allopurinol 300 MG Extended Release Oral Tablet Box of 50,RxNorm Extension,M04A_antigout_preparations,reviewed_seed,Imported from master codelists,Drug,standard,M04A_antigout_preparations
antigout_medicines,Antigout medicines,drug,40994308,TRUE,Allopurinol 300 MG Oral Capsule Box of 100,RxNorm Extension,M04A_antigout_preparations,reviewed_seed,Imported from master codelists,Drug,standard,M04A_antigout_preparations
antigout_medicines,Antigout medicines,drug,40994309,TRUE,Allopurinol 150 MG Oral Tablet,RxNorm Extension,M04A_antigout_preparations,reviewed_seed,Imported from master codelists,Drug,standard,M04A_antigout_preparations
antigout_medicines,Antigout medicines,drug,41002164,TRUE,febuxostat 80 MG Delayed Release Oral Tablet [Adenuric] Box of 84,RxNorm Extension,M04A_antigout_preparations,reviewed_seed,Imported from master codelists,Drug,standard,M04A_antigout_preparations
antigout_medicines,Antigout medicines,drug,41003699,TRUE,Colchicine 0.5 MG/ML Oral Solution [Colchysat] Box of 1,RxNorm Extension,M04A_antigout_preparations,reviewed_seed,Imported from master codelists,Drug,standard,M04A_antigout_preparations
antigout_medicines,Antigout medicines,drug,41005511,TRUE,Benzbromarone 100 MG Oral Tablet [Benzbromaron Stada] Box of 30,RxNorm Extension,M04A_antigout_preparations,reviewed_seed,Imported from master codelists,Drug,standard,M04A_antigout_preparations
antigout_medicines,Antigout medicines,drug,41005512,TRUE,Benzbromarone 100 MG Oral Tablet [Benzbromaron Ratiopharm],RxNorm Extension,M04A_antigout_preparations,reviewed_seed,Imported from master codelists,Drug,standard,M04A_antigout_preparations
antigout_medicines,Antigout medicines,drug,41006398,TRUE,Allopurinol 300 MG Extended Release Oral Tablet [Remid],RxNorm Extension,M04A_antigout_preparations,reviewed_seed,Imported from master codelists,Drug,standard,M04A_antigout_preparations
antigout_medicines,Antigout medicines,drug,41006399,TRUE,Allopurinol 300 MG Oral Capsule [Urobenyl],RxNorm Extension,M04A_antigout_preparations,reviewed_seed,Imported from master codelists,Drug,standard,M04A_antigout_preparations
antigout_medicines,Antigout medicines,drug,41006400,TRUE,Allopurinol 300 MG Oral Tablet [Uribenz] Box of 100,RxNorm Extension,M04A_antigout_preparations,reviewed_seed,Imported from master codelists,Drug,standard,M04A_antigout_preparations
antigout_medicines,Antigout medicines,drug,41006401,TRUE,Allopurinol 300 MG Oral Tablet [Uribenz] Box of 50,RxNorm Extension,M04A_antigout_preparations,reviewed_seed,Imported from master codelists,Drug,standard,M04A_antigout_preparations
antigout_medicines,Antigout medicines,drug,41006402,TRUE,Allopurinol 300 MG Oral Tablet [Sigapurol Cr],RxNorm Extension,M04A_antigout_preparations,reviewed_seed,Imported from master codelists,Drug,standard,M04A_antigout_preparations
antigout_medicines,Antigout medicines,drug,41006403,TRUE,Allopurinol 300 MG Oral Tablet [Embarin],RxNorm Extension,M04A_antigout_preparations,reviewed_seed,Imported from master codelists,Drug,standard,M04A_antigout_preparations
antigout_medicines,Antigout medicines,drug,41006404,TRUE,Allopurinol 300 MG Oral Tablet [Allpargin],RxNorm Extension,M04A_antigout_preparations,reviewed_seed,Imported from master codelists,Drug,standard,M04A_antigout_preparations
antigout_medicines,Antigout medicines,drug,41006405,TRUE,Allopurinol 300 MG Oral Tablet [ALLOPURINOL SANDOZ] Box of 100,RxNorm Extension,M04A_antigout_preparations,reviewed_seed,Imported from master codelists,Drug,standard,M04A_antigout_preparations
antigout_medicines,Antigout medicines,drug,41006406,TRUE,Allopurinol 300 MG Oral Tablet [Allopurinol Heumann] Box of 50,RxNorm Extension,M04A_antigout_preparations,reviewed_seed,Imported from master codelists,Drug,standard,M04A_antigout_preparations
antigout_medicines,Antigout medicines,drug,41006408,TRUE,Allopurinol 100 MG Oral Tablet [Remid] Box of 100,RxNorm Extension,M04A_antigout_preparations,reviewed_seed,Imported from master codelists,Drug,standard,M04A_antigout_preparations
antigout_medicines,Antigout medicines,drug,41006409,TRUE,Allopurinol 100 MG Oral Tablet [Remid] Box of 50,RxNorm Extension,M04A_antigout_preparations,reviewed_seed,Imported from master codelists,Drug,standard,M04A_antigout_preparations
antigout_medicines,Antigout medicines,drug,41006410,TRUE,Allopurinol 100 MG Extended Release Oral Tablet [Allopurinol Heumann] Box of 100,RxNorm Extension,M04A_antigout_preparations,reviewed_seed,Imported from master codelists,Drug,standard,M04A_antigout_preparations
antigout_medicines,Antigout medicines,drug,41006411,TRUE,Allopurinol 100 MG Oral Tablet [Allo Efeka] Box of 300,RxNorm Extension,M04A_antigout_preparations,reviewed_seed,Imported from master codelists,Drug,standard,M04A_antigout_preparations
antigout_medicines,Antigout medicines,drug,41006412,TRUE,Allopurinol 100 MG Oral Capsule [Urobenyl] Box of 50,RxNorm Extension,M04A_antigout_preparations,reviewed_seed,Imported from master codelists,Drug,standard,M04A_antigout_preparations
antigout_medicines,Antigout medicines,drug,41006413,TRUE,Allopurinol 100 MG Oral Tablet [Embarin],RxNorm Extension,M04A_antigout_preparations,reviewed_seed,Imported from master codelists,Drug,standard,M04A_antigout_preparations
antigout_medicines,Antigout medicines,drug,41006415,TRUE,Allopurinol 100 MG Oral Tablet [Allo Recip],RxNorm Extension,M04A_antigout_preparations,reviewed_seed,Imported from master codelists,Drug,standard,M04A_antigout_preparations
antigout_medicines,Antigout medicines,drug,41006416,TRUE,Allopurinol 200 MG Oral Tablet [Bleminol] Box of 50,RxNorm Extension,M04A_antigout_preparations,reviewed_seed,Imported from master codelists,Drug,standard,M04A_antigout_preparations
antigout_medicines,Antigout medicines,drug,41008296,TRUE,Probenecid 500 MG Oral Tablet Box of 20 by Biokanol,RxNorm Extension,M04A_antigout_preparations,reviewed_seed,Imported from master codelists,Drug,standard,M04A_antigout_preparations
antigout_medicines,Antigout medicines,drug,41010978,TRUE,febuxostat 80 MG Delayed Release Oral Tablet [Adenuric] Box of 28 by Berlin-Chemie,RxNorm Extension,M04A_antigout_preparations,reviewed_seed,Imported from master codelists,Drug,standard,M04A_antigout_preparations
antigout_medicines,Antigout medicines,drug,41012961,TRUE,Allopurinol 100 MG / Benzbromarone 20 MG Oral Capsule [Uricovac] Box of 100 by Sanofi,RxNorm Extension,M04A_antigout_preparations,reviewed_seed,Imported from master codelists,Drug,standard,M04A_antigout_preparations
antigout_medicines,Antigout medicines,drug,41012962,TRUE,Allopurinol 100 MG / Benzbromarone 20 MG Oral Tablet [Acifugan] Box of 50 by Eurim-Pharm,RxNorm Extension,M04A_antigout_preparations,reviewed_seed,Imported from master codelists,Drug,standard,M04A_antigout_preparations
antigout_medicines,Antigout medicines,drug,41012963,TRUE,Allopurinol 300 MG Oral Tablet [Allo Efeka] Box of 100 by Pfizer,RxNorm Extension,M04A_antigout_preparations,reviewed_seed,Imported from master codelists,Drug,standard,M04A_antigout_preparations
antigout_medicines,Antigout medicines,drug,41012964,TRUE,Allopurinol 300 MG Oral Tablet [Urosin] Box of 100 by Roche,RxNorm Extension,M04A_antigout_preparations,reviewed_seed,Imported from master codelists,Drug,standard,M04A_antigout_preparations
antigout_medicines,Antigout medicines,drug,41012965,TRUE,Allopurinol 300 MG Oral Tablet [Foligan] Box of 100 by Sanofi,RxNorm Extension,M04A_antigout_preparations,reviewed_seed,Imported from master codelists,Drug,standard,M04A_antigout_preparations
antigout_medicines,Antigout medicines,drug,41012966,TRUE,Allopurinol 300 MG Oral Tablet [Embarin] Box of 50 by Recordati,RxNorm Extension,M04A_antigout_preparations,reviewed_seed,Imported from master codelists,Drug,standard,M04A_antigout_preparations
antigout_medicines,Antigout medicines,drug,41012967,TRUE,Allopurinol 300 MG Oral Tablet [Bleminol] Box of 50 by Gepepharm,RxNorm Extension,M04A_antigout_preparations,reviewed_seed,Imported from master codelists,Drug,standard,M04A_antigout_preparations
antigout_medicines,Antigout medicines,drug,41012968,TRUE,Allopurinol 300 MG Oral Tablet [Allobeta] Box of 100 by Betapharm,RxNorm Extension,M04A_antigout_preparations,reviewed_seed,Imported from master codelists,Drug,standard,M04A_antigout_preparations
antigout_medicines,Antigout medicines,drug,41012969,TRUE,Allopurinol 300 MG Oral Tablet [Allobeta] Box of 50 by Betapharm,RxNorm Extension,M04A_antigout_preparations,reviewed_seed,Imported from master codelists,Drug,standard,M04A_antigout_preparations
antigout_medicines,Antigout medicines,drug,41012970,TRUE,Allopurinol 300 MG Oral Tablet Box of 20 by Sanofi,RxNorm Extension,M04A_antigout_preparations,reviewed_seed,Imported from master codelists,Drug,standard,M04A_antigout_preparations
antigout_medicines,Antigout medicines,drug,41012971,TRUE,Allopurinol 300 MG Oral Tablet Box of 100 by Ratiopharm,RxNorm Extension,M04A_antigout_preparations,reviewed_seed,Imported from master codelists,Drug,standard,M04A_antigout_preparations
antigout_medicines,Antigout medicines,drug,41012972,TRUE,Allopurinol 300 MG Oral Tablet Box of 100 by Aristo,RxNorm Extension,M04A_antigout_preparations,reviewed_seed,Imported from master codelists,Drug,standard,M04A_antigout_preparations
antigout_medicines,Antigout medicines,drug,41012973,TRUE,Allopurinol 300 MG Oral Tablet Box of 30 by Novesia,RxNorm Extension,M04A_antigout_preparations,reviewed_seed,Imported from master codelists,Drug,standard,M04A_antigout_preparations
antigout_medicines,Antigout medicines,drug,41012974,TRUE,Allopurinol 300 MG Oral Tablet Box of 30 by Mibe,RxNorm Extension,M04A_antigout_preparations,reviewed_seed,Imported from master codelists,Drug,standard,M04A_antigout_preparations
antigout_medicines,Antigout medicines,drug,41012975,TRUE,Allopurinol 300 MG Oral Tablet Box of 28 by Pfizer,RxNorm Extension,M04A_antigout_preparations,reviewed_seed,Imported from master codelists,Drug,standard,M04A_antigout_preparations
antigout_medicines,Antigout medicines,drug,41012976,TRUE,Allopurinol 100 MG Oral Tablet [Allopurinol Heumann] Box of 250 by Heumann,RxNorm Extension,M04A_antigout_preparations,reviewed_seed,Imported from master codelists,Drug,standard,M04A_antigout_preparations
antigout_medicines,Antigout medicines,drug,41012977,TRUE,Allopurinol 100 MG Oral Tablet [Apulonga] Box of 100 by Dorsch,RxNorm Extension,M04A_antigout_preparations,reviewed_seed,Imported from master codelists,Drug,standard,M04A_antigout_preparations
antigout_medicines,Antigout medicines,drug,41012978,TRUE,Allopurinol 100 MG Oral Tablet Box of 500 by Heumann,RxNorm Extension,M04A_antigout_preparations,reviewed_seed,Imported from master codelists,Drug,standard,M04A_antigout_preparations
antigout_medicines,Antigout medicines,drug,41012979,TRUE,Allopurinol 100 MG Oral Tablet Box of 30 by Norispharm,RxNorm Extension,M04A_antigout_preparations,reviewed_seed,Imported from master codelists,Drug,standard,M04A_antigout_preparations
antigout_medicines,Antigout medicines,drug,41016427,TRUE,Colchicine 0.0167 MG/ML [Colchysat],RxNorm Extension,M04A_antigout_preparations,reviewed_seed,Imported from master codelists,Drug,standard,M04A_antigout_preparations
antigout_medicines,Antigout medicines,drug,41017070,TRUE,Allopurinol 100 MG / Benzbromarone 20 MG [Uricovac],RxNorm Extension,M04A_antigout_preparations,reviewed_seed,Imported from master codelists,Drug,standard,M04A_antigout_preparations
antigout_medicines,Antigout medicines,drug,41017071,TRUE,Allopurinol 300 MG [Urosin],RxNorm Extension,M04A_antigout_preparations,reviewed_seed,Imported from master codelists,Drug,standard,M04A_antigout_preparations
antigout_medicines,Antigout medicines,drug,41017072,TRUE,Allopurinol 300 MG [Allopurinol Heumann],RxNorm Extension,M04A_antigout_preparations,reviewed_seed,Imported from master codelists,Drug,standard,M04A_antigout_preparations
antigout_medicines,Antigout medicines,drug,41017075,TRUE,Allopurinol 100 MG [Allobeta],RxNorm Extension,M04A_antigout_preparations,reviewed_seed,Imported from master codelists,Drug,standard,M04A_antigout_preparations
antigout_medicines,Antigout medicines,drug,41017076,TRUE,Allopurinol 100 MG [Allo Puren],RxNorm Extension,M04A_antigout_preparations,reviewed_seed,Imported from master codelists,Drug,standard,M04A_antigout_preparations
antigout_medicines,Antigout medicines,drug,41020288,TRUE,Allopurinol Oral Tablet [Remid],RxNorm Extension,M04A_antigout_preparations,reviewed_seed,Imported from master codelists,Drug,standard,M04A_antigout_preparations
antigout_medicines,Antigout medicines,drug,41020289,TRUE,Allopurinol Oral Tablet [Allopurinol Heumann],RxNorm Extension,M04A_antigout_preparations,reviewed_seed,Imported from master codelists,Drug,standard,M04A_antigout_preparations
antigout_medicines,Antigout medicines,drug,41020290,TRUE,Allopurinol Oral Tablet [Allo Abz],RxNorm Extension,M04A_antigout_preparations,reviewed_seed,Imported from master codelists,Drug,standard,M04A_antigout_preparations
antigout_medicines,Antigout medicines,drug,41024787,TRUE,Benzbromarone 50 MG Oral Tablet Box of 300,RxNorm Extension,M04A_antigout_preparations,reviewed_seed,Imported from master codelists,Drug,standard,M04A_antigout_preparations
antigout_medicines,Antigout medicines,drug,41025378,TRUE,Allopurinol 100 MG / Benzbromarone 20 MG Oral Tablet Box of 200,RxNorm Extension,M04A_antigout_preparations,reviewed_seed,Imported from master codelists,Drug,standard,M04A_antigout_preparations
antigout_medicines,Antigout medicines,drug,41025379,TRUE,Allopurinol 100 MG / Benzbromarone 20 MG Oral Tablet Box of 100,RxNorm Extension,M04A_antigout_preparations,reviewed_seed,Imported from master codelists,Drug,standard,M04A_antigout_preparations
antigout_medicines,Antigout medicines,drug,41025380,TRUE,Allopurinol 300 MG Oral Tablet Box of 3000,RxNorm Extension,M04A_antigout_preparations,reviewed_seed,Imported from master codelists,Drug,standard,M04A_antigout_preparations
antigout_medicines,Antigout medicines,drug,41025381,TRUE,Allopurinol 300 MG Extended Release Oral Tablet Box of 100,RxNorm Extension,M04A_antigout_preparations,reviewed_seed,Imported from master codelists,Drug,standard,M04A_antigout_preparations
antigout_medicines,Antigout medicines,drug,41025382,TRUE,Allopurinol 100 MG Extended Release Oral Tablet Box of 500,RxNorm Extension,M04A_antigout_preparations,reviewed_seed,Imported from master codelists,Drug,standard,M04A_antigout_preparations
antigout_medicines,Antigout medicines,drug,41026973,TRUE,Sulfinpyrazone 100 MG Oral Tablet [Anturano] Box of 100,RxNorm Extension,M04A_antigout_preparations,reviewed_seed,Imported from master codelists,Drug,standard,M04A_antigout_preparations
antigout_medicines,Antigout medicines,drug,41027839,TRUE,Rasburicase 1.5 MG Injectable Suspension [Fasturtec] Box of 3,RxNorm Extension,M04A_antigout_preparations,reviewed_seed,Imported from master codelists,Drug,standard,M04A_antigout_preparations
antigout_medicines,Antigout medicines,drug,41033243,TRUE,febuxostat 120 MG Oral Tablet [Adenuric] Box of 42,RxNorm Extension,M04A_antigout_preparations,reviewed_seed,Imported from master codelists,Drug,standard,M04A_antigout_preparations
antigout_medicines,Antigout medicines,drug,41036564,TRUE,Benzbromarone 100 MG Oral Tablet [Narcaricin] Box of 3000,RxNorm Extension,M04A_antigout_preparations,reviewed_seed,Imported from master codelists,Drug,standard,M04A_antigout_preparations
antigout_medicines,Antigout medicines,drug,41036565,TRUE,Benzbromarone 100 MG Oral Tablet [Uricovac],RxNorm Extension,M04A_antigout_preparations,reviewed_seed,Imported from master codelists,Drug,standard,M04A_antigout_preparations
antigout_medicines,Antigout medicines,drug,41036566,TRUE,Benzbromarone 100 MG Oral Tablet [Normurat] Box of 30,RxNorm Extension,M04A_antigout_preparations,reviewed_seed,Imported from master codelists,Drug,standard,M04A_antigout_preparations
antigout_medicines,Antigout medicines,drug,41037457,TRUE,Allopurinol 100 MG / Benzbromarone 20 MG Oral Tablet [Acifugan] Box of 300,RxNorm Extension,M04A_antigout_preparations,reviewed_seed,Imported from master codelists,Drug,standard,M04A_antigout_preparations
antigout_medicines,Antigout medicines,drug,41037458,TRUE,Allopurinol 100 MG / Benzbromarone 20 MG Oral Tablet [Acifugan] Box of 70,RxNorm Extension,M04A_antigout_preparations,reviewed_seed,Imported from master codelists,Drug,standard,M04A_antigout_preparations
antigout_medicines,Antigout medicines,drug,41037459,TRUE,Allopurinol 100 MG / Benzbromarone 20 MG Oral Capsule [Uricovac] Box of 30,RxNorm Extension,M04A_antigout_preparations,reviewed_seed,Imported from master codelists,Drug,standard,M04A_antigout_preparations
antigout_medicines,Antigout medicines,drug,41037460,TRUE,Allopurinol 100 MG / Benzbromarone 20 MG Oral Tablet [Acifugan],RxNorm Extension,M04A_antigout_preparations,reviewed_seed,Imported from master codelists,Drug,standard,M04A_antigout_preparations
antigout_medicines,Antigout medicines,drug,41037461,TRUE,Allopurinol 300 MG Extended Release Oral Tablet [Allopurinol Heumann] Box of 50,RxNorm Extension,M04A_antigout_preparations,reviewed_seed,Imported from master codelists,Drug,standard,M04A_antigout_preparations
antigout_medicines,Antigout medicines,drug,41037462,TRUE,Allopurinol 300 MG Extended Release Oral Tablet [Allo Recip],RxNorm Extension,M04A_antigout_preparations,reviewed_seed,Imported from master codelists,Drug,standard,M04A_antigout_preparations
antigout_medicines,Antigout medicines,drug,41037463,TRUE,Allopurinol 300 MG Oral Tablet [Allo Efeka] Box of 300,RxNorm Extension,M04A_antigout_preparations,reviewed_seed,Imported from master codelists,Drug,standard,M04A_antigout_preparations
antigout_medicines,Antigout medicines,drug,41037464,TRUE,Allopurinol 300 MG Oral Tablet [Zyloric] Box of 1500,RxNorm Extension,M04A_antigout_preparations,reviewed_seed,Imported from master codelists,Drug,standard,M04A_antigout_preparations
antigout_medicines,Antigout medicines,drug,41037465,TRUE,Allopurinol 300 MG Oral Tablet [Sigapurol Cr] Box of 84,RxNorm Extension,M04A_antigout_preparations,reviewed_seed,Imported from master codelists,Drug,standard,M04A_antigout_preparations
antigout_medicines,Antigout medicines,drug,41037466,TRUE,Allopurinol 300 MG Oral Tablet [Sigapurol Cr] Box of 28,RxNorm Extension,M04A_antigout_preparations,reviewed_seed,Imported from master codelists,Drug,standard,M04A_antigout_preparations
antigout_medicines,Antigout medicines,drug,41037468,TRUE,Allopurinol 300 MG Oral Tablet [Allopurinol Stada] Box of 100,RxNorm Extension,M04A_antigout_preparations,reviewed_seed,Imported from master codelists,Drug,standard,M04A_antigout_preparations
antigout_medicines,Antigout medicines,drug,41037469,TRUE,Allopurinol 300 MG Oral Tablet [Allopurinol Dura] Box of 100,RxNorm Extension,M04A_antigout_preparations,reviewed_seed,Imported from master codelists,Drug,standard,M04A_antigout_preparations
antigout_medicines,Antigout medicines,drug,41037470,TRUE,Allopurinol 300 MG Oral Tablet [Allopurinol 1a],RxNorm Extension,M04A_antigout_preparations,reviewed_seed,Imported from master codelists,Drug,standard,M04A_antigout_preparations
antigout_medicines,Antigout medicines,drug,41037471,TRUE,Allopurinol 100 MG Extended Release Oral Tablet [Allopurinol Heumann] Box of 500,RxNorm Extension,M04A_antigout_preparations,reviewed_seed,Imported from master codelists,Drug,standard,M04A_antigout_preparations
antigout_medicines,Antigout medicines,drug,41037472,TRUE,Allopurinol 100 MG Oral Tablet [Allo Efeka],RxNorm Extension,M04A_antigout_preparations,reviewed_seed,Imported from master codelists,Drug,standard,M04A_antigout_preparations
antigout_medicines,Antigout medicines,drug,41037473,TRUE,Allopurinol 100 MG Oral Tablet [Uribenz] Box of 100,RxNorm Extension,M04A_antigout_preparations,reviewed_seed,Imported from master codelists,Drug,standard,M04A_antigout_preparations
antigout_medicines,Antigout medicines,drug,41037474,TRUE,Allopurinol 100 MG Oral Tablet [Dabroson] Box of 50,RxNorm Extension,M04A_antigout_preparations,reviewed_seed,Imported from master codelists,Drug,standard,M04A_antigout_preparations
antigout_medicines,Antigout medicines,drug,41037475,TRUE,Allopurinol 100 MG Oral Tablet [Allopurinol Dura] Box of 50,RxNorm Extension,M04A_antigout_preparations,reviewed_seed,Imported from master codelists,Drug,standard,M04A_antigout_preparations
antigout_medicines,Antigout medicines,drug,41037476,TRUE,Allopurinol 200 MG Oral Tablet [Bleminol] Box of 500,RxNorm Extension,M04A_antigout_preparations,reviewed_seed,Imported from master codelists,Drug,standard,M04A_antigout_preparations
antigout_medicines,Antigout medicines,drug,41042062,TRUE,febuxostat 80 MG Oral Tablet [Adenuric] Box of 42 by Berlin-Chemie,RxNorm Extension,M04A_antigout_preparations,reviewed_seed,Imported from master codelists,Drug,standard,M04A_antigout_preparations
antigout_medicines,Antigout medicines,drug,41042063,TRUE,febuxostat 120 MG Oral Tablet [Adenuric] Box of 28 by Beragena,RxNorm Extension,M04A_antigout_preparations,reviewed_seed,Imported from master codelists,Drug,standard,M04A_antigout_preparations
antigout_medicines,Antigout medicines,drug,41042872,TRUE,Colchicine 0.5 MG Oral Tablet Box of 20 by Mylan,RxNorm Extension,M04A_antigout_preparations,reviewed_seed,Imported from master codelists,Drug,standard,M04A_antigout_preparations
antigout_medicines,Antigout medicines,drug,41044079,TRUE,Allopurinol 300 MG Extended Release Oral Capsule [Allopurinol Heumann] Box of 100 by Heumann,RxNorm Extension,M04A_antigout_preparations,reviewed_seed,Imported from master codelists,Drug,standard,M04A_antigout_preparations
antigout_medicines,Antigout medicines,drug,41044080,TRUE,Allopurinol 300 MG Oral Tablet [Zyloric] Box of 280 by Mibe,RxNorm Extension,M04A_antigout_preparations,reviewed_seed,Imported from master codelists,Drug,standard,M04A_antigout_preparations
antigout_medicines,Antigout medicines,drug,41044081,TRUE,Allopurinol 300 MG Oral Tablet [Zyloric] Box of 100 by Beragena,RxNorm Extension,M04A_antigout_preparations,reviewed_seed,Imported from master codelists,Drug,standard,M04A_antigout_preparations
antigout_medicines,Antigout medicines,drug,41044082,TRUE,Allopurinol 300 MG Oral Tablet [Zyloric] Box of 84 by Eurim-Pharm,RxNorm Extension,M04A_antigout_preparations,reviewed_seed,Imported from master codelists,Drug,standard,M04A_antigout_preparations
antigout_medicines,Antigout medicines,drug,41044083,TRUE,Allopurinol 300 MG Oral Tablet [Pureduct] Box of 100 by MIP,RxNorm Extension,M04A_antigout_preparations,reviewed_seed,Imported from master codelists,Drug,standard,M04A_antigout_preparations
antigout_medicines,Antigout medicines,drug,41044084,TRUE,Allopurinol 300 MG Oral Tablet [Jenapurinol] Box of 50 by Mibe,RxNorm Extension,M04A_antigout_preparations,reviewed_seed,Imported from master codelists,Drug,standard,M04A_antigout_preparations
antigout_medicines,Antigout medicines,drug,41044085,TRUE,Allopurinol 300 MG Oral Tablet [Allopurinol Heumann] Box of 50 by Norispharm,RxNorm Extension,M04A_antigout_preparations,reviewed_seed,Imported from master codelists,Drug,standard,M04A_antigout_preparations
antigout_medicines,Antigout medicines,drug,41044086,TRUE,Allopurinol 300 MG Oral Tablet [Allo-Ct] Box of 50 by AbZ-Pharma,RxNorm Extension,M04A_antigout_preparations,reviewed_seed,Imported from master codelists,Drug,standard,M04A_antigout_preparations
antigout_medicines,Antigout medicines,drug,41044087,TRUE,Allopurinol 300 MG Oral Tablet Box of 100 by Pharmafrid,RxNorm Extension,M04A_antigout_preparations,reviewed_seed,Imported from master codelists,Drug,standard,M04A_antigout_preparations
antigout_medicines,Antigout medicines,drug,41044088,TRUE,Allopurinol 300 MG Oral Tablet Box of 100 by Mibe,RxNorm Extension,M04A_antigout_preparations,reviewed_seed,Imported from master codelists,Drug,standard,M04A_antigout_preparations
antigout_medicines,Antigout medicines,drug,41044089,TRUE,Allopurinol 300 MG Oral Tablet Box of 30 by Puren,RxNorm Extension,M04A_antigout_preparations,reviewed_seed,Imported from master codelists,Drug,standard,M04A_antigout_preparations
antigout_medicines,Antigout medicines,drug,41044090,TRUE,Allopurinol 100 MG Extended Release Oral Tablet [Allo Efeka] Box of 30 by Riemser,RxNorm Extension,M04A_antigout_preparations,reviewed_seed,Imported from master codelists,Drug,standard,M04A_antigout_preparations
antigout_medicines,Antigout medicines,drug,41044091,TRUE,Allopurinol 100 MG Oral Tablet [ALLOPURINOL SANDOZ] Box of 100 by Novartis,RxNorm Extension,M04A_antigout_preparations,reviewed_seed,Imported from master codelists,Drug,standard,M04A_antigout_preparations
antigout_medicines,Antigout medicines,drug,41044092,TRUE,Allopurinol 100 MG Oral Tablet [Allopurinol 1a] Box of 100 by 1 A,RxNorm Extension,M04A_antigout_preparations,reviewed_seed,Imported from master codelists,Drug,standard,M04A_antigout_preparations
antigout_medicines,Antigout medicines,drug,41044093,TRUE,Allopurinol 100 MG Oral Tablet [Allo Puren] Box of 50 by Puren,RxNorm Extension,M04A_antigout_preparations,reviewed_seed,Imported from master codelists,Drug,standard,M04A_antigout_preparations
antigout_medicines,Antigout medicines,drug,41044094,TRUE,Allopurinol 100 MG Oral Tablet [Allo-Ct] Box of 100 by AbZ-Pharma,RxNorm Extension,M04A_antigout_preparations,reviewed_seed,Imported from master codelists,Drug,standard,M04A_antigout_preparations
antigout_medicines,Antigout medicines,drug,41044095,TRUE,Allopurinol 100 MG Oral Tablet [Allo-Ct] Box of 50 by AbZ-Pharma,RxNorm Extension,M04A_antigout_preparations,reviewed_seed,Imported from master codelists,Drug,standard,M04A_antigout_preparations
antigout_medicines,Antigout medicines,drug,41044096,TRUE,Allopurinol 200 MG Oral Tablet [Allo Efeka] Box of 100 by Riemser,RxNorm Extension,M04A_antigout_preparations,reviewed_seed,Imported from master codelists,Drug,standard,M04A_antigout_preparations
antigout_medicines,Antigout medicines,drug,41044097,TRUE,Allopurinol 200 MG Oral Tablet [Allo Efeka] Box of 30 by Pfizer,RxNorm Extension,M04A_antigout_preparations,reviewed_seed,Imported from master codelists,Drug,standard,M04A_antigout_preparations
antigout_medicines,Antigout medicines,drug,41048178,TRUE,Benzbromarone 80 MG [Hipurik],RxNorm Extension,M04A_antigout_preparations,reviewed_seed,Imported from master codelists,Drug,standard,M04A_antigout_preparations
antigout_medicines,Antigout medicines,drug,41048384,TRUE,Allopurinol 100 MG [Urtias],RxNorm Extension,M04A_antigout_preparations,reviewed_seed,Imported from master codelists,Drug,standard,M04A_antigout_preparations
antigout_medicines,Antigout medicines,drug,41048385,TRUE,Allopurinol 100 MG [Urosin],RxNorm Extension,M04A_antigout_preparations,reviewed_seed,Imported from master codelists,Drug,standard,M04A_antigout_preparations
antigout_medicines,Antigout medicines,drug,41048386,TRUE,Allopurinol 100 MG [Allopurinol 1a],RxNorm Extension,M04A_antigout_preparations,reviewed_seed,Imported from master codelists,Drug,standard,M04A_antigout_preparations
antigout_medicines,Antigout medicines,drug,41051512,TRUE,Allopurinol / Benzbromarone Oral Capsule [Uricovac],RxNorm Extension,M04A_antigout_preparations,reviewed_seed,Imported from master codelists,Drug,standard,M04A_antigout_preparations
antigout_medicines,Antigout medicines,drug,41051513,TRUE,Allopurinol Extended Release Oral Tablet [Allo Efeka],RxNorm Extension,M04A_antigout_preparations,reviewed_seed,Imported from master codelists,Drug,standard,M04A_antigout_preparations
antigout_medicines,Antigout medicines,drug,41051514,TRUE,Allopurinol Oral Tablet [Xanturat],RxNorm Extension,M04A_antigout_preparations,reviewed_seed,Imported from master codelists,Drug,standard,M04A_antigout_preparations
antigout_medicines,Antigout medicines,drug,41051515,TRUE,Allopurinol Oral Tablet [Bleminol],RxNorm Extension,M04A_antigout_preparations,reviewed_seed,Imported from master codelists,Drug,standard,M04A_antigout_preparations
antigout_medicines,Antigout medicines,drug,41052410,TRUE,Rasburicase 7.5 MG Injectable Solution Box of 1,RxNorm Extension,M04A_antigout_preparations,reviewed_seed,Imported from master codelists,Drug,standard,M04A_antigout_preparations
antigout_medicines,Antigout medicines,drug,41054388,TRUE,febuxostat 120 MG Delayed Release Oral Tablet Box of 98,RxNorm Extension,M04A_antigout_preparations,reviewed_seed,Imported from master codelists,Drug,standard,M04A_antigout_preparations
antigout_medicines,Antigout medicines,drug,41055141,TRUE,Colchicine 0.0167 MG/ML Oral Solution Box of 1,RxNorm Extension,M04A_antigout_preparations,reviewed_seed,Imported from master codelists,Drug,standard,M04A_antigout_preparations
antigout_medicines,Antigout medicines,drug,41056061,TRUE,Benzbromarone 40 MG Oral Tablet Box of 300,RxNorm Extension,M04A_antigout_preparations,reviewed_seed,Imported from master codelists,Drug,standard,M04A_antigout_preparations
antigout_medicines,Antigout medicines,drug,41056062,TRUE,Benzbromarone 50 MG Oral Tablet Box of 100,RxNorm Extension,M04A_antigout_preparations,reviewed_seed,Imported from master codelists,Drug,standard,M04A_antigout_preparations
antigout_medicines,Antigout medicines,drug,41056577,TRUE,Allopurinol 300 MG Oral Tablet Box of 750,RxNorm Extension,M04A_antigout_preparations,reviewed_seed,Imported from master codelists,Drug,standard,M04A_antigout_preparations
antigout_medicines,Antigout medicines,drug,41056578,TRUE,Allopurinol 300 MG Extended Release Oral Tablet Box of 10,RxNorm Extension,M04A_antigout_preparations,reviewed_seed,Imported from master codelists,Drug,standard,M04A_antigout_preparations
antigout_medicines,Antigout medicines,drug,41056579,TRUE,Allopurinol 300 MG Oral Capsule Box of 30,RxNorm Extension,M04A_antigout_preparations,reviewed_seed,Imported from master codelists,Drug,standard,M04A_antigout_preparations
antigout_medicines,Antigout medicines,drug,41056580,TRUE,Allopurinol 150 MG Oral Tablet Box of 50,RxNorm Extension,M04A_antigout_preparations,reviewed_seed,Imported from master codelists,Drug,standard,M04A_antigout_preparations
antigout_medicines,Antigout medicines,drug,41064402,TRUE,febuxostat 80 MG Oral Tablet [Adenuric] Box of 84,RxNorm Extension,M04A_antigout_preparations,reviewed_seed,Imported from master codelists,Drug,standard,M04A_antigout_preparations
antigout_medicines,Antigout medicines,drug,41067796,TRUE,Benzbromarone 80 MG Oral Tablet [Uricovac] Box of 30,RxNorm Extension,M04A_antigout_preparations,reviewed_seed,Imported from master codelists,Drug,standard,M04A_antigout_preparations
antigout_medicines,Antigout medicines,drug,41068701,TRUE,Allopurinol 300 MG Oral Tablet [Cellidrin] Box of 90,RxNorm Extension,M04A_antigout_preparations,reviewed_seed,Imported from master codelists,Drug,standard,M04A_antigout_preparations
antigout_medicines,Antigout medicines,drug,41068702,TRUE,Allopurinol 300 MG Oral Tablet [Bleminol] Box of 5000,RxNorm Extension,M04A_antigout_preparations,reviewed_seed,Imported from master codelists,Drug,standard,M04A_antigout_preparations
antigout_medicines,Antigout medicines,drug,41068703,TRUE,Allopurinol 300 MG Oral Tablet [Am Allopurinol] Box of 20,RxNorm Extension,M04A_antigout_preparations,reviewed_seed,Imported from master codelists,Drug,standard,M04A_antigout_preparations
antigout_medicines,Antigout medicines,drug,41068704,TRUE,Allopurinol 300 MG Oral Tablet [ALLOPURINOL RATIOPHARM],RxNorm Extension,M04A_antigout_preparations,reviewed_seed,Imported from master codelists,Drug,standard,M04A_antigout_preparations
antigout_medicines,Antigout medicines,drug,41068705,TRUE,Allopurinol 300 MG Oral Tablet [Allopurinol 1a] Box of 100,RxNorm Extension,M04A_antigout_preparations,reviewed_seed,Imported from master codelists,Drug,standard,M04A_antigout_preparations
antigout_medicines,Antigout medicines,drug,41068706,TRUE,Allopurinol 300 MG Oral Tablet [Allo Puren] Box of 28,RxNorm Extension,M04A_antigout_preparations,reviewed_seed,Imported from master codelists,Drug,standard,M04A_antigout_preparations
antigout_medicines,Antigout medicines,drug,41068707,TRUE,Allopurinol 100 MG Oral Tablet [Urosin] Box of 100,RxNorm Extension,M04A_antigout_preparations,reviewed_seed,Imported from master codelists,Drug,standard,M04A_antigout_preparations
antigout_medicines,Antigout medicines,drug,41068708,TRUE,Allopurinol 100 MG Oral Tablet [Urosin] Box of 50,RxNorm Extension,M04A_antigout_preparations,reviewed_seed,Imported from master codelists,Drug,standard,M04A_antigout_preparations
antigout_medicines,Antigout medicines,drug,41068709,TRUE,Allopurinol 100 MG Oral Tablet [Foligan] Box of 500,RxNorm Extension,M04A_antigout_preparations,reviewed_seed,Imported from master codelists,Drug,standard,M04A_antigout_preparations
antigout_medicines,Antigout medicines,drug,41068710,TRUE,Allopurinol 100 MG Oral Tablet [Epidropal] Box of 1000,RxNorm Extension,M04A_antigout_preparations,reviewed_seed,Imported from master codelists,Drug,standard,M04A_antigout_preparations
antigout_medicines,Antigout medicines,drug,41068711,TRUE,Allopurinol 100 MG Oral Tablet [Epidropal],RxNorm Extension,M04A_antigout_preparations,reviewed_seed,Imported from master codelists,Drug,standard,M04A_antigout_preparations
antigout_medicines,Antigout medicines,drug,41068712,TRUE,Allopurinol 100 MG Oral Tablet [Embarin] Box of 50,RxNorm Extension,M04A_antigout_preparations,reviewed_seed,Imported from master codelists,Drug,standard,M04A_antigout_preparations
antigout_medicines,Antigout medicines,drug,41068713,TRUE,Allopurinol 100 MG Oral Tablet [Bleminol] Box of 1000,RxNorm Extension,M04A_antigout_preparations,reviewed_seed,Imported from master codelists,Drug,standard,M04A_antigout_preparations
antigout_medicines,Antigout medicines,drug,41068714,TRUE,Allopurinol 100 MG Oral Tablet [Bleminol],RxNorm Extension,M04A_antigout_preparations,reviewed_seed,Imported from master codelists,Drug,standard,M04A_antigout_preparations
antigout_medicines,Antigout medicines,drug,41068715,TRUE,Allopurinol 100 MG Oral Tablet [Allopurinol 1a] Box of 100,RxNorm Extension,M04A_antigout_preparations,reviewed_seed,Imported from master codelists,Drug,standard,M04A_antigout_preparations
antigout_medicines,Antigout medicines,drug,41068716,TRUE,Allopurinol 100 MG Oral Tablet [Allo Puren] Box of 50,RxNorm Extension,M04A_antigout_preparations,reviewed_seed,Imported from master codelists,Drug,standard,M04A_antigout_preparations
antigout_medicines,Antigout medicines,drug,41068717,TRUE,Allopurinol 200 MG Oral Tablet [Bleminol],RxNorm Extension,M04A_antigout_preparations,reviewed_seed,Imported from master codelists,Drug,standard,M04A_antigout_preparations
antigout_medicines,Antigout medicines,drug,41069923,TRUE,Sulfinpyrazone 200 MG Oral Tablet [Anturano] Box of 100 by Novartis,RxNorm Extension,M04A_antigout_preparations,reviewed_seed,Imported from master codelists,Drug,standard,M04A_antigout_preparations
antigout_medicines,Antigout medicines,drug,41070660,TRUE,Probenecid 500 MG Oral Tablet Box of 20 by Weimer,RxNorm Extension,M04A_antigout_preparations,reviewed_seed,Imported from master codelists,Drug,standard,M04A_antigout_preparations
antigout_medicines,Antigout medicines,drug,41073367,TRUE,febuxostat 120 MG Oral Tablet [Adenuric] Box of 84 by Fd,RxNorm Extension,M04A_antigout_preparations,reviewed_seed,Imported from master codelists,Drug,standard,M04A_antigout_preparations
antigout_medicines,Antigout medicines,drug,41073368,TRUE,febuxostat 120 MG Oral Tablet [Adenuric] Box of 84 by Orifarm Leverkus,RxNorm Extension,M04A_antigout_preparations,reviewed_seed,Imported from master codelists,Drug,standard,M04A_antigout_preparations
antigout_medicines,Antigout medicines,drug,41073369,TRUE,febuxostat 120 MG Oral Tablet [Adenuric] Box of 28 by Emra-Med,RxNorm Extension,M04A_antigout_preparations,reviewed_seed,Imported from master codelists,Drug,standard,M04A_antigout_preparations
antigout_medicines,Antigout medicines,drug,41075057,TRUE,Benzbromarone 50 MG Oral Tablet [Narcaricin] Box of 30 by Sano,RxNorm Extension,M04A_antigout_preparations,reviewed_seed,Imported from master codelists,Drug,standard,M04A_antigout_preparations
antigout_medicines,Antigout medicines,drug,41075058,TRUE,Benzbromarone 100 MG Oral Tablet [Benzbromaron Stada] Box of 100 by Stada,RxNorm Extension,M04A_antigout_preparations,reviewed_seed,Imported from master codelists,Drug,standard,M04A_antigout_preparations
antigout_medicines,Antigout medicines,drug,41075059,TRUE,Benzbromarone 100 MG Oral Tablet [Azubromaron] Box of 50 by Azupharma,RxNorm Extension,M04A_antigout_preparations,reviewed_seed,Imported from master codelists,Drug,standard,M04A_antigout_preparations
antigout_medicines,Antigout medicines,drug,41075473,TRUE,Allopurinol 100 MG / Benzbromarone 20 MG Oral Tablet [Acifugan] Box of 100 by Orifarm Leverkus,RxNorm Extension,M04A_antigout_preparations,reviewed_seed,Imported from master codelists,Drug,standard,M04A_antigout_preparations
antigout_medicines,Antigout medicines,drug,41075474,TRUE,Allopurinol 100 MG / Benzbromarone 20 MG Oral Tablet [Acifugan] Box of 100 by Mtk,RxNorm Extension,M04A_antigout_preparations,reviewed_seed,Imported from master codelists,Drug,standard,M04A_antigout_preparations
antigout_medicines,Antigout medicines,drug,41075475,TRUE,Allopurinol 300 MG Oral Tablet [Allo Recip] Box of 100 by Recip,RxNorm Extension,M04A_antigout_preparations,reviewed_seed,Imported from master codelists,Drug,standard,M04A_antigout_preparations
antigout_medicines,Antigout medicines,drug,41075476,TRUE,Allopurinol 300 MG Oral Tablet [Zyloric] Box of 100 by Naturapharm,RxNorm Extension,M04A_antigout_preparations,reviewed_seed,Imported from master codelists,Drug,standard,M04A_antigout_preparations
antigout_medicines,Antigout medicines,drug,41075477,TRUE,Allopurinol 300 MG Oral Tablet [Zyloric] Box of 50 by Mibe,RxNorm Extension,M04A_antigout_preparations,reviewed_seed,Imported from master codelists,Drug,standard,M04A_antigout_preparations
antigout_medicines,Antigout medicines,drug,41075478,TRUE,Allopurinol 300 MG Oral Tablet [Zyloric] Box of 28 by Mibe,RxNorm Extension,M04A_antigout_preparations,reviewed_seed,Imported from master codelists,Drug,standard,M04A_antigout_preparations
antigout_medicines,Antigout medicines,drug,41075479,TRUE,Allopurinol 300 MG Oral Tablet [Foligan] Box of 50 by Sanofi,RxNorm Extension,M04A_antigout_preparations,reviewed_seed,Imported from master codelists,Drug,standard,M04A_antigout_preparations
antigout_medicines,Antigout medicines,drug,41075480,TRUE,Allopurinol 300 MG Oral Tablet [Epidropal] Box of 100 by Stada,RxNorm Extension,M04A_antigout_preparations,reviewed_seed,Imported from master codelists,Drug,standard,M04A_antigout_preparations
antigout_medicines,Antigout medicines,drug,41075481,TRUE,Allopurinol 300 MG Oral Tablet [Allopurinol Stada] Box of 50 by Stada,RxNorm Extension,M04A_antigout_preparations,reviewed_seed,Imported from master codelists,Drug,standard,M04A_antigout_preparations
antigout_medicines,Antigout medicines,drug,41075482,TRUE,Allopurinol 300 MG Oral Tablet [Allopurinol Stada] Box of 30 by Stada,RxNorm Extension,M04A_antigout_preparations,reviewed_seed,Imported from master codelists,Drug,standard,M04A_antigout_preparations
antigout_medicines,Antigout medicines,drug,41075483,TRUE,Allopurinol 300 MG Oral Tablet [ALLOPURINOL SANDOZ] Box of 100 by Novartis,RxNorm Extension,M04A_antigout_preparations,reviewed_seed,Imported from master codelists,Drug,standard,M04A_antigout_preparations
antigout_medicines,Antigout medicines,drug,41075484,TRUE,Allopurinol 300 MG Oral Tablet [Allopurinol Dura] Box of 100 by Mylan,RxNorm Extension,M04A_antigout_preparations,reviewed_seed,Imported from master codelists,Drug,standard,M04A_antigout_preparations
antigout_medicines,Antigout medicines,drug,41075485,TRUE,Allopurinol 300 MG Oral Tablet [Allo Puren] Box of 50 by Puren,RxNorm Extension,M04A_antigout_preparations,reviewed_seed,Imported from master codelists,Drug,standard,M04A_antigout_preparations
antigout_medicines,Antigout medicines,drug,41075486,TRUE,Allopurinol 300 MG Oral Tablet Box of 30 by Pfizer,RxNorm Extension,M04A_antigout_preparations,reviewed_seed,Imported from master codelists,Drug,standard,M04A_antigout_preparations
antigout_medicines,Antigout medicines,drug,41075487,TRUE,Allopurinol 100 MG Oral Tablet [Allo Efeka] Box of 100 by Pfizer,RxNorm Extension,M04A_antigout_preparations,reviewed_seed,Imported from master codelists,Drug,standard,M04A_antigout_preparations
antigout_medicines,Antigout medicines,drug,41075488,TRUE,Allopurinol 100 MG Oral Tablet [Uribenz] Box of 50 by Novesia,RxNorm Extension,M04A_antigout_preparations,reviewed_seed,Imported from master codelists,Drug,standard,M04A_antigout_preparations
antigout_medicines,Antigout medicines,drug,41075489,TRUE,Allopurinol 100 MG Oral Tablet [Allopurinol Al] Box of 50 by Aliud,RxNorm Extension,M04A_antigout_preparations,reviewed_seed,Imported from master codelists,Drug,standard,M04A_antigout_preparations
antigout_medicines,Antigout medicines,drug,41079759,TRUE,Allopurinol 300 MG [Xanturat],RxNorm Extension,M04A_antigout_preparations,reviewed_seed,Imported from master codelists,Drug,standard,M04A_antigout_preparations
antigout_medicines,Antigout medicines,drug,41079760,TRUE,Allopurinol 300 MG [Allopurinol Hexal],RxNorm Extension,M04A_antigout_preparations,reviewed_seed,Imported from master codelists,Drug,standard,M04A_antigout_preparations
antigout_medicines,Antigout medicines,drug,41079761,TRUE,Allopurinol 100 MG [Allopurinol Dura],RxNorm Extension,M04A_antigout_preparations,reviewed_seed,Imported from master codelists,Drug,standard,M04A_antigout_preparations
antigout_medicines,Antigout medicines,drug,41079762,TRUE,Allopurinol 100 MG [Allo Recip],RxNorm Extension,M04A_antigout_preparations,reviewed_seed,Imported from master codelists,Drug,standard,M04A_antigout_preparations
antigout_medicines,Antigout medicines,drug,41080448,TRUE,Berberine / Colchicine / URTICA DIOICA preparation Injectable Solution,RxNorm Extension,M04A_antigout_preparations,reviewed_seed,Imported from master codelists,Drug,standard,M04A_antigout_preparations
antigout_medicines,Antigout medicines,drug,41083062,TRUE,Allopurinol / Benzbromarone Oral Tablet [Allomaron],RxNorm Extension,M04A_antigout_preparations,reviewed_seed,Imported from master codelists,Drug,standard,M04A_antigout_preparations
antigout_medicines,Antigout medicines,drug,41083063,TRUE,Allopurinol / Benzbromarone Oral Tablet [Acifugan],RxNorm Extension,M04A_antigout_preparations,reviewed_seed,Imported from master codelists,Drug,standard,M04A_antigout_preparations
antigout_medicines,Antigout medicines,drug,41083064,TRUE,Allopurinol Oral Tablet [Suspendol],RxNorm Extension,M04A_antigout_preparations,reviewed_seed,Imported from master codelists,Drug,standard,M04A_antigout_preparations
antigout_medicines,Antigout medicines,drug,41087520,TRUE,Benzbromarone 0.0167 MG/MG Oral Granules Box of 30,RxNorm Extension,M04A_antigout_preparations,reviewed_seed,Imported from master codelists,Drug,standard,M04A_antigout_preparations
antigout_medicines,Antigout medicines,drug,41088070,TRUE,Allopurinol 300 MG Oral Granules Box of 280,RxNorm Extension,M04A_antigout_preparations,reviewed_seed,Imported from master codelists,Drug,standard,M04A_antigout_preparations
antigout_medicines,Antigout medicines,drug,41088071,TRUE,Allopurinol 300 MG Oral Tablet Box of 500,RxNorm Extension,M04A_antigout_preparations,reviewed_seed,Imported from master codelists,Drug,standard,M04A_antigout_preparations
antigout_medicines,Antigout medicines,drug,41088072,TRUE,Allopurinol 300 MG Oral Tablet Box of 70,RxNorm Extension,M04A_antigout_preparations,reviewed_seed,Imported from master codelists,Drug,standard,M04A_antigout_preparations
antigout_medicines,Antigout medicines,drug,41088961,TRUE,Rasburicase 1 UNT Injectable Solution [Uricozyme],RxNorm Extension,M04A_antigout_preparations,reviewed_seed,Imported from master codelists,Drug,standard,M04A_antigout_preparations
antigout_medicines,Antigout medicines,drug,41095975,TRUE,febuxostat 80 MG Oral Tablet [Adenuric] Box of 42,RxNorm Extension,M04A_antigout_preparations,reviewed_seed,Imported from master codelists,Drug,standard,M04A_antigout_preparations
antigout_medicines,Antigout medicines,drug,41095976,TRUE,febuxostat 120 MG Oral Tablet [Adenuric] Box of 84,RxNorm Extension,M04A_antigout_preparations,reviewed_seed,Imported from master codelists,Drug,standard,M04A_antigout_preparations
antigout_medicines,Antigout medicines,drug,41099280,TRUE,Benzbromarone 50 MG Oral Tablet [Narcaricin] Box of 100,RxNorm Extension,M04A_antigout_preparations,reviewed_seed,Imported from master codelists,Drug,standard,M04A_antigout_preparations
antigout_medicines,Antigout medicines,drug,41099281,TRUE,Benzbromarone 100 MG Oral Tablet [Narcaricin] Box of 300,RxNorm Extension,M04A_antigout_preparations,reviewed_seed,Imported from master codelists,Drug,standard,M04A_antigout_preparations
antigout_medicines,Antigout medicines,drug,41099282,TRUE,Benzbromarone 100 MG Oral Tablet [Uricovac] Box of 90,RxNorm Extension,M04A_antigout_preparations,reviewed_seed,Imported from master codelists,Drug,standard,M04A_antigout_preparations
antigout_medicines,Antigout medicines,drug,41100155,TRUE,Allopurinol 100 MG / Benzbromarone 20 MG Oral Tablet [Allomaron] Box of 28,RxNorm Extension,M04A_antigout_preparations,reviewed_seed,Imported from master codelists,Drug,standard,M04A_antigout_preparations
antigout_medicines,Antigout medicines,drug,41100156,TRUE,Allopurinol 100 MG / Benzbromarone 20 MG Oral Capsule [Uricovac] Box of 300,RxNorm Extension,M04A_antigout_preparations,reviewed_seed,Imported from master codelists,Drug,standard,M04A_antigout_preparations
antigout_medicines,Antigout medicines,drug,41100158,TRUE,Allopurinol 300 MG Extended Release Oral Capsule [Urobenyl],RxNorm Extension,M04A_antigout_preparations,reviewed_seed,Imported from master codelists,Drug,standard,M04A_antigout_preparations
antigout_medicines,Antigout medicines,drug,41100159,TRUE,Allopurinol 300 MG Extended Release Oral Capsule [Allopurinol Heumann] Box of 30,RxNorm Extension,M04A_antigout_preparations,reviewed_seed,Imported from master codelists,Drug,standard,M04A_antigout_preparations
antigout_medicines,Antigout medicines,drug,41100160,TRUE,Allopurinol 300 MG Extended Release Oral Tablet [Remid] Box of 50,RxNorm Extension,M04A_antigout_preparations,reviewed_seed,Imported from master codelists,Drug,standard,M04A_antigout_preparations
antigout_medicines,Antigout medicines,drug,41100161,TRUE,Allopurinol 300 MG Extended Release Oral Tablet [Allopurinol Heumann] Box of 100,RxNorm Extension,M04A_antigout_preparations,reviewed_seed,Imported from master codelists,Drug,standard,M04A_antigout_preparations
antigout_medicines,Antigout medicines,drug,41100162,TRUE,Allopurinol 300 MG Oral Solution [Zyloric] Box of 84,RxNorm Extension,M04A_antigout_preparations,reviewed_seed,Imported from master codelists,Drug,standard,M04A_antigout_preparations
antigout_medicines,Antigout medicines,drug,41100163,TRUE,Allopurinol 300 MG Oral Granules [Zyloric] Box of 28,RxNorm Extension,M04A_antigout_preparations,reviewed_seed,Imported from master codelists,Drug,standard,M04A_antigout_preparations
antigout_medicines,Antigout medicines,drug,41100164,TRUE,Allopurinol 300 MG Oral Granules [Zyloric],RxNorm Extension,M04A_antigout_preparations,reviewed_seed,Imported from master codelists,Drug,standard,M04A_antigout_preparations
antigout_medicines,Antigout medicines,drug,41100165,TRUE,Allopurinol 300 MG Oral Capsule [Urobenyl] Box of 30,RxNorm Extension,M04A_antigout_preparations,reviewed_seed,Imported from master codelists,Drug,standard,M04A_antigout_preparations
antigout_medicines,Antigout medicines,drug,41100166,TRUE,Allopurinol 300 MG Oral Tablet [Urtias] Box of 100,RxNorm Extension,M04A_antigout_preparations,reviewed_seed,Imported from master codelists,Drug,standard,M04A_antigout_preparations
antigout_medicines,Antigout medicines,drug,41100167,TRUE,Allopurinol 300 MG Oral Tablet [Bleminol] Box of 1000,RxNorm Extension,M04A_antigout_preparations,reviewed_seed,Imported from master codelists,Drug,standard,M04A_antigout_preparations
antigout_medicines,Antigout medicines,drug,41100168,TRUE,Allopurinol 300 MG Oral Tablet [Allopurinol Stada] Box of 500,RxNorm Extension,M04A_antigout_preparations,reviewed_seed,Imported from master codelists,Drug,standard,M04A_antigout_preparations
antigout_medicines,Antigout medicines,drug,41100169,TRUE,Allopurinol 300 MG Oral Tablet [Allopurinol Hexal] Box of 20,RxNorm Extension,M04A_antigout_preparations,reviewed_seed,Imported from master codelists,Drug,standard,M04A_antigout_preparations
antigout_medicines,Antigout medicines,drug,41100170,TRUE,Allopurinol 300 MG Oral Tablet [Allopurinol Al] Box of 50,RxNorm Extension,M04A_antigout_preparations,reviewed_seed,Imported from master codelists,Drug,standard,M04A_antigout_preparations
antigout_medicines,Antigout medicines,drug,41100171,TRUE,Allopurinol 300 MG Oral Tablet [Allopurinol 1a] Box of 50,RxNorm Extension,M04A_antigout_preparations,reviewed_seed,Imported from master codelists,Drug,standard,M04A_antigout_preparations
antigout_medicines,Antigout medicines,drug,41100172,TRUE,Allopurinol 300 MG Oral Tablet [Allo Puren] Box of 100,RxNorm Extension,M04A_antigout_preparations,reviewed_seed,Imported from master codelists,Drug,standard,M04A_antigout_preparations
antigout_medicines,Antigout medicines,drug,41100173,TRUE,Allopurinol 300 MG Oral Tablet [Allo Abz] Box of 30,RxNorm Extension,M04A_antigout_preparations,reviewed_seed,Imported from master codelists,Drug,standard,M04A_antigout_preparations
antigout_medicines,Antigout medicines,drug,41100175,TRUE,Allopurinol 100 MG Oral Tablet [Allo Efeka] Box of 30,RxNorm Extension,M04A_antigout_preparations,reviewed_seed,Imported from master codelists,Drug,standard,M04A_antigout_preparations
antigout_medicines,Antigout medicines,drug,41100176,TRUE,Allopurinol 100 MG Oral Tablet [Urosin] Box of 1000,RxNorm Extension,M04A_antigout_preparations,reviewed_seed,Imported from master codelists,Drug,standard,M04A_antigout_preparations
antigout_medicines,Antigout medicines,drug,41100177,TRUE,Allopurinol 100 MG Oral Tablet [Foligan] Box of 50,RxNorm Extension,M04A_antigout_preparations,reviewed_seed,Imported from master codelists,Drug,standard,M04A_antigout_preparations
antigout_medicines,Antigout medicines,drug,41100178,TRUE,Allopurinol 100 MG Oral Tablet [Epidropal] Box of 100,RxNorm Extension,M04A_antigout_preparations,reviewed_seed,Imported from master codelists,Drug,standard,M04A_antigout_preparations
antigout_medicines,Antigout medicines,drug,41100179,TRUE,Allopurinol 100 MG Oral Tablet [Bleminol] Box of 50,RxNorm Extension,M04A_antigout_preparations,reviewed_seed,Imported from master codelists,Drug,standard,M04A_antigout_preparations
antigout_medicines,Antigout medicines,drug,41100180,TRUE,Allopurinol 100 MG Oral Tablet [ALLOPURINOL SANDOZ] Box of 100,RxNorm Extension,M04A_antigout_preparations,reviewed_seed,Imported from master codelists,Drug,standard,M04A_antigout_preparations
antigout_medicines,Antigout medicines,drug,41100182,TRUE,Allopurinol 100 MG Oral Tablet [Allopurinol Heumann] Box of 50,RxNorm Extension,M04A_antigout_preparations,reviewed_seed,Imported from master codelists,Drug,standard,M04A_antigout_preparations
antigout_medicines,Antigout medicines,drug,41100184,TRUE,Allopurinol 100 MG Oral Tablet [Allo 1a Pharma] Box of 50,RxNorm Extension,M04A_antigout_preparations,reviewed_seed,Imported from master codelists,Drug,standard,M04A_antigout_preparations
antigout_medicines,Antigout medicines,drug,41100185,TRUE,Allopurinol 200 MG Oral Tablet [Allo Efeka] Box of 100,RxNorm Extension,M04A_antigout_preparations,reviewed_seed,Imported from master codelists,Drug,standard,M04A_antigout_preparations
antigout_medicines,Antigout medicines,drug,41100186,TRUE,Allopurinol 200 MG Oral Tablet [Allo Efeka],RxNorm Extension,M04A_antigout_preparations,reviewed_seed,Imported from master codelists,Drug,standard,M04A_antigout_preparations
antigout_medicines,Antigout medicines,drug,41104817,TRUE,febuxostat 80 MG Oral Tablet [Adenuric] Box of 84 by Orifarm Leverkus,RxNorm Extension,M04A_antigout_preparations,reviewed_seed,Imported from master codelists,Drug,standard,M04A_antigout_preparations
antigout_medicines,Antigout medicines,drug,41106910,TRUE,Allopurinol 100 MG / Benzbromarone 20 MG Oral Capsule [Uricovac] Box of 30 by Sanofi,RxNorm Extension,M04A_antigout_preparations,reviewed_seed,Imported from master codelists,Drug,standard,M04A_antigout_preparations
antigout_medicines,Antigout medicines,drug,41106911,TRUE,Allopurinol 300 MG Extended Release Oral Tablet Box of 100 by Sanofi,RxNorm Extension,M04A_antigout_preparations,reviewed_seed,Imported from master codelists,Drug,standard,M04A_antigout_preparations
antigout_medicines,Antigout medicines,drug,41106912,TRUE,Allopurinol 300 MG Oral Tablet [Allopurinol Heumann] Box of 30 by Heumann,RxNorm Extension,M04A_antigout_preparations,reviewed_seed,Imported from master codelists,Drug,standard,M04A_antigout_preparations
antigout_medicines,Antigout medicines,drug,41106913,TRUE,Allopurinol 300 MG Oral Tablet [Urtias] Box of 20 by Novartis,RxNorm Extension,M04A_antigout_preparations,reviewed_seed,Imported from master codelists,Drug,standard,M04A_antigout_preparations
antigout_medicines,Antigout medicines,drug,41106914,TRUE,Allopurinol 300 MG Oral Tablet [Allopurinol Hexal] Box of 50 by Novartis,RxNorm Extension,M04A_antigout_preparations,reviewed_seed,Imported from master codelists,Drug,standard,M04A_antigout_preparations
antigout_medicines,Antigout medicines,drug,41106915,TRUE,Allopurinol 300 MG Oral Tablet [Allopurinol Heumann] Box of 50 by Heunet,RxNorm Extension,M04A_antigout_preparations,reviewed_seed,Imported from master codelists,Drug,standard,M04A_antigout_preparations
antigout_medicines,Antigout medicines,drug,41106916,TRUE,Allopurinol 300 MG Oral Tablet [Allopurinol 1a] Box of 20 by 1 A,RxNorm Extension,M04A_antigout_preparations,reviewed_seed,Imported from master codelists,Drug,standard,M04A_antigout_preparations
antigout_medicines,Antigout medicines,drug,41106917,TRUE,Allopurinol 300 MG Oral Tablet Box of 50 by Mibe,RxNorm Extension,M04A_antigout_preparations,reviewed_seed,Imported from master codelists,Drug,standard,M04A_antigout_preparations
antigout_medicines,Antigout medicines,drug,41106918,TRUE,Allopurinol 100 MG Oral Tablet [Zyloric] Box of 500 by Mibe,RxNorm Extension,M04A_antigout_preparations,reviewed_seed,Imported from master codelists,Drug,standard,M04A_antigout_preparations
antigout_medicines,Antigout medicines,drug,41106919,TRUE,Allopurinol 100 MG Oral Tablet [Uribenz] Box of 100 by Novesia,RxNorm Extension,M04A_antigout_preparations,reviewed_seed,Imported from master codelists,Drug,standard,M04A_antigout_preparations
antigout_medicines,Antigout medicines,drug,41106920,TRUE,Allopurinol 100 MG Oral Tablet [Jenapurinol] Box of 100 by Jenapharm,RxNorm Extension,M04A_antigout_preparations,reviewed_seed,Imported from master codelists,Drug,standard,M04A_antigout_preparations
antigout_medicines,Antigout medicines,drug,41106921,TRUE,Allopurinol 100 MG Oral Tablet Box of 50 by Mylan,RxNorm Extension,M04A_antigout_preparations,reviewed_seed,Imported from master codelists,Drug,standard,M04A_antigout_preparations
antigout_medicines,Antigout medicines,drug,41106922,TRUE,Allopurinol 100 MG Oral Tablet [Cellidrin] Box of 100 by Hennig,RxNorm Extension,M04A_antigout_preparations,reviewed_seed,Imported from master codelists,Drug,standard,M04A_antigout_preparations
antigout_medicines,Antigout medicines,drug,41106923,TRUE,Allopurinol 100 MG Oral Tablet [Allopurinol Heumann] Box of 50 by Heunet,RxNorm Extension,M04A_antigout_preparations,reviewed_seed,Imported from master codelists,Drug,standard,M04A_antigout_preparations
antigout_medicines,Antigout medicines,drug,41106924,TRUE,Allopurinol 100 MG Oral Tablet [Allopurinol Heumann] Box of 100 by Norispharm,RxNorm Extension,M04A_antigout_preparations,reviewed_seed,Imported from master codelists,Drug,standard,M04A_antigout_preparations
antigout_medicines,Antigout medicines,drug,41106925,TRUE,Allopurinol 100 MG Oral Tablet [Allopurinol Heumann] Box of 50 by Norispharm,RxNorm Extension,M04A_antigout_preparations,reviewed_seed,Imported from master codelists,Drug,standard,M04A_antigout_preparations
antigout_medicines,Antigout medicines,drug,41106926,TRUE,Allopurinol 100 MG Oral Tablet [Allopurinol Abz] Box of 50 by AbZ-Pharma,RxNorm Extension,M04A_antigout_preparations,reviewed_seed,Imported from master codelists,Drug,standard,M04A_antigout_preparations
antigout_medicines,Antigout medicines,drug,41106927,TRUE,Allopurinol 100 MG Oral Tablet Box of 250 by Pfizer,RxNorm Extension,M04A_antigout_preparations,reviewed_seed,Imported from master codelists,Drug,standard,M04A_antigout_preparations
antigout_medicines,Antigout medicines,drug,41106928,TRUE,Allopurinol 150 MG Oral Tablet [Allo Recip] Box of 50 by Recip,RxNorm Extension,M04A_antigout_preparations,reviewed_seed,Imported from master codelists,Drug,standard,M04A_antigout_preparations
antigout_medicines,Antigout medicines,drug,41108277,TRUE,Colchicine 0.0167 MG/ML,RxNorm Extension,M04A_antigout_preparations,reviewed_seed,Imported from master codelists,Drug,standard,M04A_antigout_preparations
antigout_medicines,Antigout medicines,drug,41108924,TRUE,Sulfinpyrazone 200 MG [Anturano],RxNorm Extension,M04A_antigout_preparations,reviewed_seed,Imported from master codelists,Drug,standard,M04A_antigout_preparations
antigout_medicines,Antigout medicines,drug,41110913,TRUE,Benzbromarone 40 MG [Uricovac],RxNorm Extension,M04A_antigout_preparations,reviewed_seed,Imported from master codelists,Drug,standard,M04A_antigout_preparations
antigout_medicines,Antigout medicines,drug,41110914,TRUE,Benzbromarone 100 MG [Benzbromaron Stada],RxNorm Extension,M04A_antigout_preparations,reviewed_seed,Imported from master codelists,Drug,standard,M04A_antigout_preparations
antigout_medicines,Antigout medicines,drug,41110915,TRUE,Benzbromarone 100 MG [Benzbromaron Ratiopharm],RxNorm Extension,M04A_antigout_preparations,reviewed_seed,Imported from master codelists,Drug,standard,M04A_antigout_preparations
antigout_medicines,Antigout medicines,drug,41110916,TRUE,Benzbromarone 100 MG [Benzbromaron Al],RxNorm Extension,M04A_antigout_preparations,reviewed_seed,Imported from master codelists,Drug,standard,M04A_antigout_preparations
antigout_medicines,Antigout medicines,drug,41111137,TRUE,Allopurinol 100 MG / Benzbromarone 20 MG [Harpagin],RxNorm Extension,M04A_antigout_preparations,reviewed_seed,Imported from master codelists,Drug,standard,M04A_antigout_preparations
antigout_medicines,Antigout medicines,drug,41111139,TRUE,Allopurinol 300 MG [Suspendol],RxNorm Extension,M04A_antigout_preparations,reviewed_seed,Imported from master codelists,Drug,standard,M04A_antigout_preparations
antigout_medicines,Antigout medicines,drug,41111140,TRUE,Allopurinol 300 MG [Pureduct],RxNorm Extension,M04A_antigout_preparations,reviewed_seed,Imported from master codelists,Drug,standard,M04A_antigout_preparations
antigout_medicines,Antigout medicines,drug,41111141,TRUE,Allopurinol 100 MG [Uripurinol],RxNorm Extension,M04A_antigout_preparations,reviewed_seed,Imported from master codelists,Drug,standard,M04A_antigout_preparations
antigout_medicines,Antigout medicines,drug,41111142,TRUE,Allopurinol 100 MG [Dabroson],RxNorm Extension,M04A_antigout_preparations,reviewed_seed,Imported from master codelists,Drug,standard,M04A_antigout_preparations
antigout_medicines,Antigout medicines,drug,41111767,TRUE,Berberine / Colchicine / URTICA DIOICA preparation Oral Tablet,RxNorm Extension,M04A_antigout_preparations,reviewed_seed,Imported from master codelists,Drug,standard,M04A_antigout_preparations
antigout_medicines,Antigout medicines,drug,41114060,TRUE,Benzbromarone Oral Tablet [Azubromaron],RxNorm Extension,M04A_antigout_preparations,reviewed_seed,Imported from master codelists,Drug,standard,M04A_antigout_preparations
antigout_medicines,Antigout medicines,drug,41114325,TRUE,Allopurinol Extended Release Oral Capsule [Allopurinol Heumann],RxNorm Extension,M04A_antigout_preparations,reviewed_seed,Imported from master codelists,Drug,standard,M04A_antigout_preparations
antigout_medicines,Antigout medicines,drug,41114326,TRUE,Allopurinol Oral Solution [Zyloric],RxNorm Extension,M04A_antigout_preparations,reviewed_seed,Imported from master codelists,Drug,standard,M04A_antigout_preparations
antigout_medicines,Antigout medicines,drug,41114327,TRUE,Allopurinol Oral Tablet [Allo Efeka],RxNorm Extension,M04A_antigout_preparations,reviewed_seed,Imported from master codelists,Drug,standard,M04A_antigout_preparations
antigout_medicines,Antigout medicines,drug,41114328,TRUE,Allopurinol Oral Tablet [Apulonga],RxNorm Extension,M04A_antigout_preparations,reviewed_seed,Imported from master codelists,Drug,standard,M04A_antigout_preparations
antigout_medicines,Antigout medicines,drug,41114329,TRUE,Allopurinol Oral Tablet [Allowieb],RxNorm Extension,M04A_antigout_preparations,reviewed_seed,Imported from master codelists,Drug,standard,M04A_antigout_preparations
antigout_medicines,Antigout medicines,drug,41115238,TRUE,Rasburicase 1.5 MG Injectable Suspension Box of 3,RxNorm Extension,M04A_antigout_preparations,reviewed_seed,Imported from master codelists,Drug,standard,M04A_antigout_preparations
antigout_medicines,Antigout medicines,drug,41117188,TRUE,febuxostat 80 MG Delayed Release Oral Tablet Box of 98,RxNorm Extension,M04A_antigout_preparations,reviewed_seed,Imported from master codelists,Drug,standard,M04A_antigout_preparations
antigout_medicines,Antigout medicines,drug,41117189,TRUE,febuxostat 80 MG Oral Tablet Box of 84,RxNorm Extension,M04A_antigout_preparations,reviewed_seed,Imported from master codelists,Drug,standard,M04A_antigout_preparations
antigout_medicines,Antigout medicines,drug,41117190,TRUE,febuxostat 120 MG Oral Tablet Box of 84,RxNorm Extension,M04A_antigout_preparations,reviewed_seed,Imported from master codelists,Drug,standard,M04A_antigout_preparations
antigout_medicines,Antigout medicines,drug,41117191,TRUE,febuxostat 120 MG Oral Tablet Box of 42,RxNorm Extension,M04A_antigout_preparations,reviewed_seed,Imported from master codelists,Drug,standard,M04A_antigout_preparations
antigout_medicines,Antigout medicines,drug,41118809,TRUE,Benzbromarone 100 MG Oral Tablet Box of 50,RxNorm Extension,M04A_antigout_preparations,reviewed_seed,Imported from master codelists,Drug,standard,M04A_antigout_preparations
antigout_medicines,Antigout medicines,drug,41118810,TRUE,Benzbromarone 80 MG Oral Tablet Box of 300,RxNorm Extension,M04A_antigout_preparations,reviewed_seed,Imported from master codelists,Drug,standard,M04A_antigout_preparations
antigout_medicines,Antigout medicines,drug,41119314,TRUE,Allopurinol 300 MG Extended Release Oral Capsule Box of 30,RxNorm Extension,M04A_antigout_preparations,reviewed_seed,Imported from master codelists,Drug,standard,M04A_antigout_preparations
antigout_medicines,Antigout medicines,drug,41119315,TRUE,Allopurinol 300 MG Extended Release Oral Tablet Box of 84,RxNorm Extension,M04A_antigout_preparations,reviewed_seed,Imported from master codelists,Drug,standard,M04A_antigout_preparations
antigout_medicines,Antigout medicines,drug,41119316,TRUE,Allopurinol 150 MG Oral Tablet Box of 100,RxNorm Extension,M04A_antigout_preparations,reviewed_seed,Imported from master codelists,Drug,standard,M04A_antigout_preparations
antigout_medicines,Antigout medicines,drug,41119317,TRUE,Allopurinol 200 MG Oral Tablet Box of 300,RxNorm Extension,M04A_antigout_preparations,reviewed_seed,Imported from master codelists,Drug,standard,M04A_antigout_preparations
antigout_medicines,Antigout medicines,drug,41119318,TRUE,Allopurinol 200 MG Oral Tablet Box of 30,RxNorm Extension,M04A_antigout_preparations,reviewed_seed,Imported from master codelists,Drug,standard,M04A_antigout_preparations
antigout_medicines,Antigout medicines,drug,41120893,TRUE,Sulfinpyrazone 200 MG Oral Tablet [Anturano] Box of 100,RxNorm Extension,M04A_antigout_preparations,reviewed_seed,Imported from master codelists,Drug,standard,M04A_antigout_preparations
antigout_medicines,Antigout medicines,drug,41130655,TRUE,Benzbromarone 100 MG Oral Tablet [Narcaricin] Box of 100,RxNorm Extension,M04A_antigout_preparations,reviewed_seed,Imported from master codelists,Drug,standard,M04A_antigout_preparations
antigout_medicines,Antigout medicines,drug,41130656,TRUE,Benzbromarone 100 MG Oral Tablet [Benzbromaron Stada] Box of 100,RxNorm Extension,M04A_antigout_preparations,reviewed_seed,Imported from master codelists,Drug,standard,M04A_antigout_preparations
antigout_medicines,Antigout medicines,drug,41131502,TRUE,Allopurinol 100 MG / Benzbromarone 20 MG Oral Tablet [Harpagin] Box of 100,RxNorm Extension,M04A_antigout_preparations,reviewed_seed,Imported from master codelists,Drug,standard,M04A_antigout_preparations
antigout_medicines,Antigout medicines,drug,41131503,TRUE,Allopurinol 100 MG / Benzbromarone 20 MG Oral Tablet [Harpagin],RxNorm Extension,M04A_antigout_preparations,reviewed_seed,Imported from master codelists,Drug,standard,M04A_antigout_preparations
antigout_medicines,Antigout medicines,drug,41131504,TRUE,Allopurinol 100 MG / Benzbromarone 20 MG Oral Tablet [Allomaron] Box of 100,RxNorm Extension,M04A_antigout_preparations,reviewed_seed,Imported from master codelists,Drug,standard,M04A_antigout_preparations
antigout_medicines,Antigout medicines,drug,41131505,TRUE,Allopurinol 300 MG Oral Tablet [Remid] Box of 100,RxNorm Extension,M04A_antigout_preparations,reviewed_seed,Imported from master codelists,Drug,standard,M04A_antigout_preparations
antigout_medicines,Antigout medicines,drug,41131506,TRUE,Allopurinol 300 MG Extended Release Oral Tablet [Allo Recip] Box of 100,RxNorm Extension,M04A_antigout_preparations,reviewed_seed,Imported from master codelists,Drug,standard,M04A_antigout_preparations
antigout_medicines,Antigout medicines,drug,41131507,TRUE,Allopurinol 300 MG Oral Tablet [Xanturat] Box of 30,RxNorm Extension,M04A_antigout_preparations,reviewed_seed,Imported from master codelists,Drug,standard,M04A_antigout_preparations
antigout_medicines,Antigout medicines,drug,41131508,TRUE,Allopurinol 300 MG Oral Tablet [Embarin] Box of 100,RxNorm Extension,M04A_antigout_preparations,reviewed_seed,Imported from master codelists,Drug,standard,M04A_antigout_preparations
antigout_medicines,Antigout medicines,drug,41131509,TRUE,Allopurinol 300 MG Oral Tablet [Dabroson],RxNorm Extension,M04A_antigout_preparations,reviewed_seed,Imported from master codelists,Drug,standard,M04A_antigout_preparations
antigout_medicines,Antigout medicines,drug,41131510,TRUE,Allopurinol 300 MG Oral Tablet [Cellidrin] Box of 100,RxNorm Extension,M04A_antigout_preparations,reviewed_seed,Imported from master codelists,Drug,standard,M04A_antigout_preparations
antigout_medicines,Antigout medicines,drug,41131511,TRUE,Allopurinol 300 MG Oral Tablet [Bleminol] Box of 50,RxNorm Extension,M04A_antigout_preparations,reviewed_seed,Imported from master codelists,Drug,standard,M04A_antigout_preparations
antigout_medicines,Antigout medicines,drug,41131512,TRUE,Allopurinol 300 MG Oral Tablet [ALLOPURINOL RATIOPHARM] Box of 20,RxNorm Extension,M04A_antigout_preparations,reviewed_seed,Imported from master codelists,Drug,standard,M04A_antigout_preparations
antigout_medicines,Antigout medicines,drug,41131513,TRUE,Allopurinol 300 MG Oral Tablet [Allo-Ct] Box of 100,RxNorm Extension,M04A_antigout_preparations,reviewed_seed,Imported from master codelists,Drug,standard,M04A_antigout_preparations
antigout_medicines,Antigout medicines,drug,41131514,TRUE,Allopurinol 300 MG Oral Tablet [Allo-Ct] Box of 60,RxNorm Extension,M04A_antigout_preparations,reviewed_seed,Imported from master codelists,Drug,standard,M04A_antigout_preparations
antigout_medicines,Antigout medicines,drug,41131515,TRUE,Allopurinol 100 MG Extended Release Oral Tablet [Allo Efeka] Box of 100,RxNorm Extension,M04A_antigout_preparations,reviewed_seed,Imported from master codelists,Drug,standard,M04A_antigout_preparations
antigout_medicines,Antigout medicines,drug,41131516,TRUE,Allopurinol 100 MG Oral Tablet [Zyloric] Box of 5000,RxNorm Extension,M04A_antigout_preparations,reviewed_seed,Imported from master codelists,Drug,standard,M04A_antigout_preparations
antigout_medicines,Antigout medicines,drug,41131517,TRUE,Allopurinol 100 MG Oral Tablet [Urtias] Box of 100,RxNorm Extension,M04A_antigout_preparations,reviewed_seed,Imported from master codelists,Drug,standard,M04A_antigout_preparations
antigout_medicines,Antigout medicines,drug,41131518,TRUE,Allopurinol 100 MG Oral Tablet [Allopurinol Dura],RxNorm Extension,M04A_antigout_preparations,reviewed_seed,Imported from master codelists,Drug,standard,M04A_antigout_preparations
antigout_medicines,Antigout medicines,drug,41131519,TRUE,Allopurinol 100 MG Oral Tablet [Allobeta],RxNorm Extension,M04A_antigout_preparations,reviewed_seed,Imported from master codelists,Drug,standard,M04A_antigout_preparations
antigout_medicines,Antigout medicines,drug,41131520,TRUE,Allopurinol 100 MG Oral Tablet [Allo Recip] Box of 50,RxNorm Extension,M04A_antigout_preparations,reviewed_seed,Imported from master codelists,Drug,standard,M04A_antigout_preparations
antigout_medicines,Antigout medicines,drug,41131521,TRUE,Allopurinol 100 MG Oral Tablet [Allo 1a Pharma],RxNorm Extension,M04A_antigout_preparations,reviewed_seed,Imported from master codelists,Drug,standard,M04A_antigout_preparations
antigout_medicines,Antigout medicines,drug,41131522,TRUE,Allopurinol 200 MG Oral Tablet [Allo Efeka] Box of 300,RxNorm Extension,M04A_antigout_preparations,reviewed_seed,Imported from master codelists,Drug,standard,M04A_antigout_preparations
antigout_medicines,Antigout medicines,drug,41131523,TRUE,Allopurinol 200 MG Oral Tablet [Allo Efeka] Box of 30,RxNorm Extension,M04A_antigout_preparations,reviewed_seed,Imported from master codelists,Drug,standard,M04A_antigout_preparations
antigout_medicines,Antigout medicines,drug,41131524,TRUE,Allopurinol 200 MG Oral Tablet [Bleminol] Box of 5000,RxNorm Extension,M04A_antigout_preparations,reviewed_seed,Imported from master codelists,Drug,standard,M04A_antigout_preparations
antigout_medicines,Antigout medicines,drug,41136239,TRUE,febuxostat 120 MG Oral Tablet [Adenuric] Box of 98 by Berlin-Chemie,RxNorm Extension,M04A_antigout_preparations,reviewed_seed,Imported from master codelists,Drug,standard,M04A_antigout_preparations
antigout_medicines,Antigout medicines,drug,41136240,TRUE,febuxostat 120 MG Oral Tablet [Adenuric] Box of 42 by Berlin-Chemie,RxNorm Extension,M04A_antigout_preparations,reviewed_seed,Imported from master codelists,Drug,standard,M04A_antigout_preparations
antigout_medicines,Antigout medicines,drug,41137924,TRUE,Benzbromarone 100 MG Oral Tablet [Benzbromaron Al] Box of 100 by Aliud,RxNorm Extension,M04A_antigout_preparations,reviewed_seed,Imported from master codelists,Drug,standard,M04A_antigout_preparations
antigout_medicines,Antigout medicines,drug,41137925,TRUE,Benzbromarone 100 MG Oral Tablet [Benzbromaron Ratiopharm] Box of 100 by Ratiopharm,RxNorm Extension,M04A_antigout_preparations,reviewed_seed,Imported from master codelists,Drug,standard,M04A_antigout_preparations
antigout_medicines,Antigout medicines,drug,41138343,TRUE,Allopurinol 300 MG Oral Tablet [Allopurinol Heumann] Box of 100 by Heumann,RxNorm Extension,M04A_antigout_preparations,reviewed_seed,Imported from master codelists,Drug,standard,M04A_antigout_preparations
antigout_medicines,Antigout medicines,drug,41138344,TRUE,Allopurinol 300 MG Extended Release Oral Tablet Box of 28 by Pfizer,RxNorm Extension,M04A_antigout_preparations,reviewed_seed,Imported from master codelists,Drug,standard,M04A_antigout_preparations
antigout_medicines,Antigout medicines,drug,41138345,TRUE,Allopurinol 300 MG Oral Capsule Box of 100 by GDS,RxNorm Extension,M04A_antigout_preparations,reviewed_seed,Imported from master codelists,Drug,standard,M04A_antigout_preparations
antigout_medicines,Antigout medicines,drug,41138346,TRUE,Allopurinol 300 MG Oral Capsule Box of 30 by GDS,RxNorm Extension,M04A_antigout_preparations,reviewed_seed,Imported from master codelists,Drug,standard,M04A_antigout_preparations
antigout_medicines,Antigout medicines,drug,41138347,TRUE,Allopurinol 300 MG Oral Tablet [Allo Efeka] Box of 30 by Pfizer,RxNorm Extension,M04A_antigout_preparations,reviewed_seed,Imported from master codelists,Drug,standard,M04A_antigout_preparations
antigout_medicines,Antigout medicines,drug,41138348,TRUE,Allopurinol 300 MG Oral Tablet [Allopurinol Heumann] Box of 100 by Heunet,RxNorm Extension,M04A_antigout_preparations,reviewed_seed,Imported from master codelists,Drug,standard,M04A_antigout_preparations
antigout_medicines,Antigout medicines,drug,41138349,TRUE,Allopurinol 300 MG Oral Tablet [Allopurinol Al] Box of 100 by Aliud,RxNorm Extension,M04A_antigout_preparations,reviewed_seed,Imported from master codelists,Drug,standard,M04A_antigout_preparations
antigout_medicines,Antigout medicines,drug,41138350,TRUE,Allopurinol 300 MG Oral Tablet [Allopurinol Acis] Box of 30 by Acis,RxNorm Extension,M04A_antigout_preparations,reviewed_seed,Imported from master codelists,Drug,standard,M04A_antigout_preparations
antigout_medicines,Antigout medicines,drug,41138351,TRUE,Allopurinol 300 MG Oral Tablet [Allopurinol Abz] Box of 100 by AbZ-Pharma,RxNorm Extension,M04A_antigout_preparations,reviewed_seed,Imported from master codelists,Drug,standard,M04A_antigout_preparations
antigout_medicines,Antigout medicines,drug,41138352,TRUE,Allopurinol 300 MG Oral Tablet Box of 50 by Ratiopharm,RxNorm Extension,M04A_antigout_preparations,reviewed_seed,Imported from master codelists,Drug,standard,M04A_antigout_preparations
antigout_medicines,Antigout medicines,drug,41138353,TRUE,Allopurinol 300 MG Oral Tablet Box of 30 by Norispharm,RxNorm Extension,M04A_antigout_preparations,reviewed_seed,Imported from master codelists,Drug,standard,M04A_antigout_preparations
antigout_medicines,Antigout medicines,drug,41138354,TRUE,Allopurinol 300 MG Oral Tablet Box of 30 by Heunet,RxNorm Extension,M04A_antigout_preparations,reviewed_seed,Imported from master codelists,Drug,standard,M04A_antigout_preparations
antigout_medicines,Antigout medicines,drug,41138355,TRUE,Allopurinol 100 MG Oral Tablet [Allo Efeka] Box of 100 by Riemser,RxNorm Extension,M04A_antigout_preparations,reviewed_seed,Imported from master codelists,Drug,standard,M04A_antigout_preparations
antigout_medicines,Antigout medicines,drug,41138356,TRUE,Allopurinol 100 MG Oral Capsule Box of 50 by GDS,RxNorm Extension,M04A_antigout_preparations,reviewed_seed,Imported from master codelists,Drug,standard,M04A_antigout_preparations
antigout_medicines,Antigout medicines,drug,41138357,TRUE,Allopurinol 100 MG Oral Tablet [Urtias] Box of 100 by Novartis,RxNorm Extension,M04A_antigout_preparations,reviewed_seed,Imported from master codelists,Drug,standard,M04A_antigout_preparations
antigout_medicines,Antigout medicines,drug,41138358,TRUE,Allopurinol 100 MG Oral Tablet [Jenapurinol] Box of 50 by Mibe,RxNorm Extension,M04A_antigout_preparations,reviewed_seed,Imported from master codelists,Drug,standard,M04A_antigout_preparations
antigout_medicines,Antigout medicines,drug,41138359,TRUE,Allopurinol 100 MG Oral Tablet [Allo Abz] Box of 50 by AbZ-Pharma,RxNorm Extension,M04A_antigout_preparations,reviewed_seed,Imported from master codelists,Drug,standard,M04A_antigout_preparations
antigout_medicines,Antigout medicines,drug,41141896,TRUE,Colchicine 0.005 MG/ML [Colchysat],RxNorm Extension,M04A_antigout_preparations,reviewed_seed,Imported from master codelists,Drug,standard,M04A_antigout_preparations
antigout_medicines,Antigout medicines,drug,41142608,TRUE,Allopurinol 100 MG [Foligan],RxNorm Extension,M04A_antigout_preparations,reviewed_seed,Imported from master codelists,Drug,standard,M04A_antigout_preparations
antigout_medicines,Antigout medicines,drug,41142609,TRUE,Allopurinol 100 MG [Allo 1a Pharma],RxNorm Extension,M04A_antigout_preparations,reviewed_seed,Imported from master codelists,Drug,standard,M04A_antigout_preparations
antigout_medicines,Antigout medicines,drug,41142610,TRUE,Allopurinol 200 MG [Allo Efeka],RxNorm Extension,M04A_antigout_preparations,reviewed_seed,Imported from master codelists,Drug,standard,M04A_antigout_preparations
antigout_medicines,Antigout medicines,drug,41142800,TRUE,Rasburicase Injectable Solution,RxNorm Extension,M04A_antigout_preparations,reviewed_seed,Imported from master codelists,Drug,standard,M04A_antigout_preparations
antigout_medicines,Antigout medicines,drug,41143475,TRUE,Allopurinol / Benzbromarone Oral Capsule,RxNorm Extension,M04A_antigout_preparations,reviewed_seed,Imported from master codelists,Drug,standard,M04A_antigout_preparations
antigout_medicines,Antigout medicines,drug,41145884,TRUE,Allopurinol Oral Tablet [Milurit],RxNorm Extension,M04A_antigout_preparations,reviewed_seed,Imported from master codelists,Drug,standard,M04A_antigout_preparations
antigout_medicines,Antigout medicines,drug,41145885,TRUE,Allopurinol Oral Tablet [Allopurinol Hexal],RxNorm Extension,M04A_antigout_preparations,reviewed_seed,Imported from master codelists,Drug,standard,M04A_antigout_preparations
antigout_medicines,Antigout medicines,drug,41146799,TRUE,Rasburicase 7.5 MG Injectable Solution,RxNorm Extension,M04A_antigout_preparations,reviewed_seed,Imported from master codelists,Drug,standard,M04A_antigout_preparations
antigout_medicines,Antigout medicines,drug,41148657,TRUE,febuxostat 120 MG Delayed Release Oral Tablet Box of 84,RxNorm Extension,M04A_antigout_preparations,reviewed_seed,Imported from master codelists,Drug,standard,M04A_antigout_preparations
antigout_medicines,Antigout medicines,drug,41149415,TRUE,Colchicine 0.5 MG Oral Tablet Box of 50,RxNorm Extension,M04A_antigout_preparations,reviewed_seed,Imported from master codelists,Drug,standard,M04A_antigout_preparations
antigout_medicines,Antigout medicines,drug,41150311,TRUE,Benzbromarone 50 MG Oral Tablet Box of 1500,RxNorm Extension,M04A_antigout_preparations,reviewed_seed,Imported from master codelists,Drug,standard,M04A_antigout_preparations
antigout_medicines,Antigout medicines,drug,41150873,TRUE,Allopurinol 100 MG / Benzbromarone 20 MG Oral Tablet Box of 420,RxNorm Extension,M04A_antigout_preparations,reviewed_seed,Imported from master codelists,Drug,standard,M04A_antigout_preparations
antigout_medicines,Antigout medicines,drug,41150874,TRUE,Allopurinol 100 MG / Benzbromarone 20 MG Oral Tablet Box of 280,RxNorm Extension,M04A_antigout_preparations,reviewed_seed,Imported from master codelists,Drug,standard,M04A_antigout_preparations
antigout_medicines,Antigout medicines,drug,41150875,TRUE,Allopurinol 100 MG / Benzbromarone 20 MG Oral Tablet Box of 84,RxNorm Extension,M04A_antigout_preparations,reviewed_seed,Imported from master codelists,Drug,standard,M04A_antigout_preparations
antigout_medicines,Antigout medicines,drug,41150876,TRUE,Allopurinol 300 MG Extended Release Oral Tablet Box of 40,RxNorm Extension,M04A_antigout_preparations,reviewed_seed,Imported from master codelists,Drug,standard,M04A_antigout_preparations
antigout_medicines,Antigout medicines,drug,41150877,TRUE,Allopurinol 300 MG Oral Tablet Box of 1500,RxNorm Extension,M04A_antigout_preparations,reviewed_seed,Imported from master codelists,Drug,standard,M04A_antigout_preparations
antigout_medicines,Antigout medicines,drug,41150878,TRUE,Allopurinol 300 MG Oral Tablet Box of 90,RxNorm Extension,M04A_antigout_preparations,reviewed_seed,Imported from master codelists,Drug,standard,M04A_antigout_preparations
antigout_medicines,Antigout medicines,drug,41150879,TRUE,Allopurinol 200 MG Oral Tablet Box of 150,RxNorm Extension,M04A_antigout_preparations,reviewed_seed,Imported from master codelists,Drug,standard,M04A_antigout_preparations
antigout_medicines,Antigout medicines,drug,41152526,TRUE,Sulfinpyrazone 100 MG Oral Tablet [Anturano],RxNorm Extension,M04A_antigout_preparations,reviewed_seed,Imported from master codelists,Drug,standard,M04A_antigout_preparations
antigout_medicines,Antigout medicines,drug,41152527,TRUE,Sulfinpyrazone 200 MG Oral Tablet [Anturano] Box of 500,RxNorm Extension,M04A_antigout_preparations,reviewed_seed,Imported from master codelists,Drug,standard,M04A_antigout_preparations
antigout_medicines,Antigout medicines,drug,41152528,TRUE,Sulfinpyrazone 200 MG Oral Tablet [Anturan] Box of 100,RxNorm Extension,M04A_antigout_preparations,reviewed_seed,Imported from master codelists,Drug,standard,M04A_antigout_preparations
antigout_medicines,Antigout medicines,drug,41153343,TRUE,Rasburicase 1.5 MG Injectable Solution [Fasturtec] Box of 3,RxNorm Extension,M04A_antigout_preparations,reviewed_seed,Imported from master codelists,Drug,standard,M04A_antigout_preparations
antigout_medicines,Antigout medicines,drug,41160249,TRUE,Colchicine 0.005 MG/ML Oral Solution [Colchysat],RxNorm Extension,M04A_antigout_preparations,reviewed_seed,Imported from master codelists,Drug,standard,M04A_antigout_preparations
antigout_medicines,Antigout medicines,drug,41162014,TRUE,Benzbromarone 50 MG Oral Tablet [Narcaricin] Box of 30,RxNorm Extension,M04A_antigout_preparations,reviewed_seed,Imported from master codelists,Drug,standard,M04A_antigout_preparations
antigout_medicines,Antigout medicines,drug,41162015,TRUE,Benzbromarone 50 MG Oral Tablet [Narcaricin],RxNorm Extension,M04A_antigout_preparations,reviewed_seed,Imported from master codelists,Drug,standard,M04A_antigout_preparations
antigout_medicines,Antigout medicines,drug,41162016,TRUE,Benzbromarone 80 MG Oral Tablet [Uricovac] Box of 90,RxNorm Extension,M04A_antigout_preparations,reviewed_seed,Imported from master codelists,Drug,standard,M04A_antigout_preparations
antigout_medicines,Antigout medicines,drug,41162829,TRUE,Allopurinol 100 MG / Benzbromarone 20 MG Oral Capsule [Uricovac] Box of 100,RxNorm Extension,M04A_antigout_preparations,reviewed_seed,Imported from master codelists,Drug,standard,M04A_antigout_preparations
antigout_medicines,Antigout medicines,drug,41162830,TRUE,Allopurinol 100 MG / Benzbromarone 20 MG Oral Tablet [Acifugan] Box of 50,RxNorm Extension,M04A_antigout_preparations,reviewed_seed,Imported from master codelists,Drug,standard,M04A_antigout_preparations
antigout_medicines,Antigout medicines,drug,41162831,TRUE,Allopurinol 300 MG Extended Release Oral Capsule [Allopurinol Heumann],RxNorm Extension,M04A_antigout_preparations,reviewed_seed,Imported from master codelists,Drug,standard,M04A_antigout_preparations
antigout_medicines,Antigout medicines,drug,41162832,TRUE,Allopurinol 300 MG Oral Tablet [Remid] Box of 50,RxNorm Extension,M04A_antigout_preparations,reviewed_seed,Imported from master codelists,Drug,standard,M04A_antigout_preparations
antigout_medicines,Antigout medicines,drug,41162833,TRUE,Allopurinol 300 MG Oral Granules [Zyloric] Box of 84,RxNorm Extension,M04A_antigout_preparations,reviewed_seed,Imported from master codelists,Drug,standard,M04A_antigout_preparations
antigout_medicines,Antigout medicines,drug,41162834,TRUE,Allopurinol 300 MG Oral Tablet [Allo Recip] Box of 100,RxNorm Extension,M04A_antigout_preparations,reviewed_seed,Imported from master codelists,Drug,standard,M04A_antigout_preparations
antigout_medicines,Antigout medicines,drug,41162835,TRUE,Allopurinol 300 MG Oral Tablet [Urosin] Box of 30,RxNorm Extension,M04A_antigout_preparations,reviewed_seed,Imported from master codelists,Drug,standard,M04A_antigout_preparations
antigout_medicines,Antigout medicines,drug,41162836,TRUE,Allopurinol 300 MG Oral Tablet [Uripurinol],RxNorm Extension,M04A_antigout_preparations,reviewed_seed,Imported from master codelists,Drug,standard,M04A_antigout_preparations
antigout_medicines,Antigout medicines,drug,41162837,TRUE,Allopurinol 300 MG Oral Tablet [Jenapurinol] Box of 100,RxNorm Extension,M04A_antigout_preparations,reviewed_seed,Imported from master codelists,Drug,standard,M04A_antigout_preparations
antigout_medicines,Antigout medicines,drug,41162838,TRUE,Allopurinol 300 MG Oral Tablet [Foligan] Box of 280,RxNorm Extension,M04A_antigout_preparations,reviewed_seed,Imported from master codelists,Drug,standard,M04A_antigout_preparations
antigout_medicines,Antigout medicines,drug,41162839,TRUE,Allopurinol 300 MG Oral Tablet [Epidropal] Box of 600,RxNorm Extension,M04A_antigout_preparations,reviewed_seed,Imported from master codelists,Drug,standard,M04A_antigout_preparations
antigout_medicines,Antigout medicines,drug,41162840,TRUE,Allopurinol 300 MG Oral Tablet [Cellidrin] Box of 30,RxNorm Extension,M04A_antigout_preparations,reviewed_seed,Imported from master codelists,Drug,standard,M04A_antigout_preparations
antigout_medicines,Antigout medicines,drug,41162843,TRUE,Allopurinol 300 MG Oral Tablet [Allopurinol Acis] Box of 100,RxNorm Extension,M04A_antigout_preparations,reviewed_seed,Imported from master codelists,Drug,standard,M04A_antigout_preparations
antigout_medicines,Antigout medicines,drug,41162845,TRUE,Allopurinol 300 MG Oral Tablet [Allobeta] Box of 50,RxNorm Extension,M04A_antigout_preparations,reviewed_seed,Imported from master codelists,Drug,standard,M04A_antigout_preparations
antigout_medicines,Antigout medicines,drug,41162847,TRUE,Allopurinol 100 MG Extended Release Oral Tablet [Allopurinol Heumann] Box of 50,RxNorm Extension,M04A_antigout_preparations,reviewed_seed,Imported from master codelists,Drug,standard,M04A_antigout_preparations
antigout_medicines,Antigout medicines,drug,41162848,TRUE,Allopurinol 100 MG Oral Tablet [Zyloric] Box of 250,RxNorm Extension,M04A_antigout_preparations,reviewed_seed,Imported from master codelists,Drug,standard,M04A_antigout_preparations
antigout_medicines,Antigout medicines,drug,41162849,TRUE,Allopurinol 100 MG Oral Tablet [Embarin] Box of 100,RxNorm Extension,M04A_antigout_preparations,reviewed_seed,Imported from master codelists,Drug,standard,M04A_antigout_preparations
antigout_medicines,Antigout medicines,drug,41162850,TRUE,Allopurinol 100 MG Oral Tablet [Bleminol] Box of 100,RxNorm Extension,M04A_antigout_preparations,reviewed_seed,Imported from master codelists,Drug,standard,M04A_antigout_preparations
antigout_medicines,Antigout medicines,drug,41162851,TRUE,Allopurinol 100 MG Oral Tablet [Allopurinol Abz] Box of 50,RxNorm Extension,M04A_antigout_preparations,reviewed_seed,Imported from master codelists,Drug,standard,M04A_antigout_preparations
antigout_medicines,Antigout medicines,drug,41162852,TRUE,Allopurinol 200 MG Oral Tablet [Bleminol] Box of 1000,RxNorm Extension,M04A_antigout_preparations,reviewed_seed,Imported from master codelists,Drug,standard,M04A_antigout_preparations
antigout_medicines,Antigout medicines,drug,41164771,TRUE,Probenecid 500 MG Oral Tablet Box of 30 by Biokanol,RxNorm Extension,M04A_antigout_preparations,reviewed_seed,Imported from master codelists,Drug,standard,M04A_antigout_preparations
antigout_medicines,Antigout medicines,drug,41169093,TRUE,Benzbromarone 50 MG Oral Tablet [Narcaricin] Box of 100 by Heumann,RxNorm Extension,M04A_antigout_preparations,reviewed_seed,Imported from master codelists,Drug,standard,M04A_antigout_preparations
antigout_medicines,Antigout medicines,drug,41169094,TRUE,Benzbromarone 100 MG Oral Tablet [Narcaricin] Box of 300 by Heumann,RxNorm Extension,M04A_antigout_preparations,reviewed_seed,Imported from master codelists,Drug,standard,M04A_antigout_preparations
antigout_medicines,Antigout medicines,drug,41169095,TRUE,Benzbromarone 100 MG Oral Tablet [Benzbromaron Ratiopharm] Box of 50 by Ratiopharm,RxNorm Extension,M04A_antigout_preparations,reviewed_seed,Imported from master codelists,Drug,standard,M04A_antigout_preparations
antigout_medicines,Antigout medicines,drug,41169452,TRUE,Allopurinol 100 MG / Benzbromarone 20 MG Oral Tablet [Acifugan] Box of 100 by Eurim-Pharm,RxNorm Extension,M04A_antigout_preparations,reviewed_seed,Imported from master codelists,Drug,standard,M04A_antigout_preparations
antigout_medicines,Antigout medicines,drug,41169453,TRUE,Allopurinol 100 MG / Benzbromarone 20 MG Oral Tablet [Acifugan] Box of 50 by Aca Mueller,RxNorm Extension,M04A_antigout_preparations,reviewed_seed,Imported from master codelists,Drug,standard,M04A_antigout_preparations
antigout_medicines,Antigout medicines,drug,41169454,TRUE,Allopurinol 300 MG Oral Tablet [Allo Recip] Box of 50 by Recip,RxNorm Extension,M04A_antigout_preparations,reviewed_seed,Imported from master codelists,Drug,standard,M04A_antigout_preparations
antigout_medicines,Antigout medicines,drug,41169455,TRUE,Allopurinol 300 MG Oral Tablet [Suspendol] Box of 20 by Recordati,RxNorm Extension,M04A_antigout_preparations,reviewed_seed,Imported from master codelists,Drug,standard,M04A_antigout_preparations
antigout_medicines,Antigout medicines,drug,41169456,TRUE,Allopurinol 300 MG Oral Tablet [Jenapurinol] Box of 100 by Jenapharm,RxNorm Extension,M04A_antigout_preparations,reviewed_seed,Imported from master codelists,Drug,standard,M04A_antigout_preparations
antigout_medicines,Antigout medicines,drug,41169457,TRUE,Allopurinol 300 MG Oral Tablet [Foligan] Box of 100 by Desma,RxNorm Extension,M04A_antigout_preparations,reviewed_seed,Imported from master codelists,Drug,standard,M04A_antigout_preparations
antigout_medicines,Antigout medicines,drug,41169458,TRUE,Allopurinol 300 MG Oral Tablet [Epidropal] Box of 100 by Fresenius,RxNorm Extension,M04A_antigout_preparations,reviewed_seed,Imported from master codelists,Drug,standard,M04A_antigout_preparations
antigout_medicines,Antigout medicines,drug,41169459,TRUE,Allopurinol 300 MG Oral Tablet [Allopurinol 1a] Box of 50 by 1 A,RxNorm Extension,M04A_antigout_preparations,reviewed_seed,Imported from master codelists,Drug,standard,M04A_antigout_preparations
antigout_medicines,Antigout medicines,drug,41169460,TRUE,Allopurinol 300 MG Oral Tablet Box of 50 by Sanofi,RxNorm Extension,M04A_antigout_preparations,reviewed_seed,Imported from master codelists,Drug,standard,M04A_antigout_preparations
antigout_medicines,Antigout medicines,drug,41169461,TRUE,Allopurinol 300 MG Oral Tablet Box of 100 by Sanol,RxNorm Extension,M04A_antigout_preparations,reviewed_seed,Imported from master codelists,Drug,standard,M04A_antigout_preparations
antigout_medicines,Antigout medicines,drug,41169462,TRUE,Allopurinol 300 MG Oral Tablet Box of 100 by Dorsch,RxNorm Extension,M04A_antigout_preparations,reviewed_seed,Imported from master codelists,Drug,standard,M04A_antigout_preparations
antigout_medicines,Antigout medicines,drug,41169463,TRUE,Allopurinol 300 MG Oral Tablet Box of 30 by Sanofi,RxNorm Extension,M04A_antigout_preparations,reviewed_seed,Imported from master codelists,Drug,standard,M04A_antigout_preparations
antigout_medicines,Antigout medicines,drug,41169464,TRUE,Allopurinol 300 MG Oral Tablet Box of 30 by Heumann,RxNorm Extension,M04A_antigout_preparations,reviewed_seed,Imported from master codelists,Drug,standard,M04A_antigout_preparations
antigout_medicines,Antigout medicines,drug,41169465,TRUE,Allopurinol 100 MG Extended Release Oral Tablet [Allopurinol Heumann] Box of 50 by Heumann,RxNorm Extension,M04A_antigout_preparations,reviewed_seed,Imported from master codelists,Drug,standard,M04A_antigout_preparations
antigout_medicines,Antigout medicines,drug,41169466,TRUE,Allopurinol 100 MG Oral Tablet [Foligan] Box of 100 by Desma,RxNorm Extension,M04A_antigout_preparations,reviewed_seed,Imported from master codelists,Drug,standard,M04A_antigout_preparations
antigout_medicines,Antigout medicines,drug,41169468,TRUE,Allopurinol 200 MG Oral Tablet [Allo Efeka] Box of 100 by Pfizer,RxNorm Extension,M04A_antigout_preparations,reviewed_seed,Imported from master codelists,Drug,standard,M04A_antigout_preparations
antigout_medicines,Antigout medicines,drug,41173409,TRUE,Benzbromarone 100 MG [Normurat],RxNorm Extension,M04A_antigout_preparations,reviewed_seed,Imported from master codelists,Drug,standard,M04A_antigout_preparations
antigout_medicines,Antigout medicines,drug,41173410,TRUE,Benzbromarone 100 MG [Azubromaron],RxNorm Extension,M04A_antigout_preparations,reviewed_seed,Imported from master codelists,Drug,standard,M04A_antigout_preparations
antigout_medicines,Antigout medicines,drug,41173626,TRUE,Allopurinol 300 MG [Uripurinol],RxNorm Extension,M04A_antigout_preparations,reviewed_seed,Imported from master codelists,Drug,standard,M04A_antigout_preparations
antigout_medicines,Antigout medicines,drug,41173628,TRUE,Allopurinol 300 MG [Allpargin],RxNorm Extension,M04A_antigout_preparations,reviewed_seed,Imported from master codelists,Drug,standard,M04A_antigout_preparations
antigout_medicines,Antigout medicines,drug,41173630,TRUE,Allopurinol 300 MG [Allo Abz],RxNorm Extension,M04A_antigout_preparations,reviewed_seed,Imported from master codelists,Drug,standard,M04A_antigout_preparations
antigout_medicines,Antigout medicines,drug,41173632,TRUE,Allopurinol 100 MG [Burmadon],RxNorm Extension,M04A_antigout_preparations,reviewed_seed,Imported from master codelists,Drug,standard,M04A_antigout_preparations
antigout_medicines,Antigout medicines,drug,41173633,TRUE,Allopurinol 100 MG [Allo Abz],RxNorm Extension,M04A_antigout_preparations,reviewed_seed,Imported from master codelists,Drug,standard,M04A_antigout_preparations
antigout_medicines,Antigout medicines,drug,41173634,TRUE,Allopurinol 150 MG [Allo Recip],RxNorm Extension,M04A_antigout_preparations,reviewed_seed,Imported from master codelists,Drug,standard,M04A_antigout_preparations
antigout_medicines,Antigout medicines,drug,41176591,TRUE,Berberine / Colchicine / URTICA DIOICA preparation Oral Solution [Cefarheumin],RxNorm Extension,M04A_antigout_preparations,reviewed_seed,Imported from master codelists,Drug,standard,M04A_antigout_preparations
antigout_medicines,Antigout medicines,drug,41176596,TRUE,Benzbromarone Oral Tablet [Narcaricin],RxNorm Extension,M04A_antigout_preparations,reviewed_seed,Imported from master codelists,Drug,standard,M04A_antigout_preparations
antigout_medicines,Antigout medicines,drug,41176597,TRUE,Benzbromarone Oral Tablet [Hipurik],RxNorm Extension,M04A_antigout_preparations,reviewed_seed,Imported from master codelists,Drug,standard,M04A_antigout_preparations
antigout_medicines,Antigout medicines,drug,41176825,TRUE,Allopurinol Oral Capsule [Urobenyl],RxNorm Extension,M04A_antigout_preparations,reviewed_seed,Imported from master codelists,Drug,standard,M04A_antigout_preparations
antigout_medicines,Antigout medicines,drug,41176826,TRUE,Allopurinol Oral Tablet [Urtias],RxNorm Extension,M04A_antigout_preparations,reviewed_seed,Imported from master codelists,Drug,standard,M04A_antigout_preparations
antigout_medicines,Antigout medicines,drug,41179749,TRUE,febuxostat 120 MG Delayed Release Oral Tablet Box of 42,RxNorm Extension,M04A_antigout_preparations,reviewed_seed,Imported from master codelists,Drug,standard,M04A_antigout_preparations
antigout_medicines,Antigout medicines,drug,41180497,TRUE,Colchicine 0.005 MG/ML Oral Solution Box of 1,RxNorm Extension,M04A_antigout_preparations,reviewed_seed,Imported from master codelists,Drug,standard,M04A_antigout_preparations
antigout_medicines,Antigout medicines,drug,41181373,TRUE,Benzbromarone 0.0167 MG/MG Oral Granules,RxNorm Extension,M04A_antigout_preparations,reviewed_seed,Imported from master codelists,Drug,standard,M04A_antigout_preparations
antigout_medicines,Antigout medicines,drug,41181883,TRUE,Allopurinol 100 MG / Benzbromarone 20 MG Oral Tablet Box of 70,RxNorm Extension,M04A_antigout_preparations,reviewed_seed,Imported from master codelists,Drug,standard,M04A_antigout_preparations
antigout_medicines,Antigout medicines,drug,41181884,TRUE,Allopurinol 100 MG / Benzbromarone 20 MG Oral Capsule Box of 100,RxNorm Extension,M04A_antigout_preparations,reviewed_seed,Imported from master codelists,Drug,standard,M04A_antigout_preparations
antigout_medicines,Antigout medicines,drug,41181885,TRUE,Allopurinol 100 MG / Benzbromarone 20 MG Oral Tablet Box of 50,RxNorm Extension,M04A_antigout_preparations,reviewed_seed,Imported from master codelists,Drug,standard,M04A_antigout_preparations
antigout_medicines,Antigout medicines,drug,41181886,TRUE,Allopurinol 300 MG Extended Release Oral Tablet Box of 1,RxNorm Extension,M04A_antigout_preparations,reviewed_seed,Imported from master codelists,Drug,standard,M04A_antigout_preparations
antigout_medicines,Antigout medicines,drug,41181887,TRUE,Allopurinol 300 MG Oral Granules,RxNorm Extension,M04A_antigout_preparations,reviewed_seed,Imported from master codelists,Drug,standard,M04A_antigout_preparations
antigout_medicines,Antigout medicines,drug,41181888,TRUE,Allopurinol 300 MG Oral Tablet Box of 600,RxNorm Extension,M04A_antigout_preparations,reviewed_seed,Imported from master codelists,Drug,standard,M04A_antigout_preparations
antigout_medicines,Antigout medicines,drug,41181889,TRUE,Allopurinol 300 MG Oral Tablet Box of 50,RxNorm Extension,M04A_antigout_preparations,reviewed_seed,Imported from master codelists,Drug,standard,M04A_antigout_preparations
antigout_medicines,Antigout medicines,drug,41181890,TRUE,Allopurinol 100 MG Oral Tablet Box of 5000,RxNorm Extension,M04A_antigout_preparations,reviewed_seed,Imported from master codelists,Drug,standard,M04A_antigout_preparations
antigout_medicines,Antigout medicines,drug,41189845,TRUE,febuxostat 120 MG Oral Tablet [Adenuric] Box of 98,RxNorm Extension,M04A_antigout_preparations,reviewed_seed,Imported from master codelists,Drug,standard,M04A_antigout_preparations
antigout_medicines,Antigout medicines,drug,41191395,TRUE,Colchicine 0.005 MG/ML Oral Solution [Colchysat] Box of 1,RxNorm Extension,M04A_antigout_preparations,reviewed_seed,Imported from master codelists,Drug,standard,M04A_antigout_preparations
antigout_medicines,Antigout medicines,drug,41191396,TRUE,Colchicine 0.0167 MG/ML Oral Solution [Colchysat] Box of 1,RxNorm Extension,M04A_antigout_preparations,reviewed_seed,Imported from master codelists,Drug,standard,M04A_antigout_preparations
antigout_medicines,Antigout medicines,drug,41193211,TRUE,Benzbromarone 40 MG Oral Tablet [Uricovac] Box of 30,RxNorm Extension,M04A_antigout_preparations,reviewed_seed,Imported from master codelists,Drug,standard,M04A_antigout_preparations
antigout_medicines,Antigout medicines,drug,41193214,TRUE,Benzbromarone 0.0167 MG/MG Oral Granules [Harolan] Box of 30,RxNorm Extension,M04A_antigout_preparations,reviewed_seed,Imported from master codelists,Drug,standard,M04A_antigout_preparations
antigout_medicines,Antigout medicines,drug,41194107,TRUE,Allopurinol 100 MG / Benzbromarone 20 MG Oral Tablet [Harpagin] Box of 84,RxNorm Extension,M04A_antigout_preparations,reviewed_seed,Imported from master codelists,Drug,standard,M04A_antigout_preparations
antigout_medicines,Antigout medicines,drug,41194108,TRUE,Allopurinol 300 MG Extended Release Oral Capsule [Urobenyl] Box of 100,RxNorm Extension,M04A_antigout_preparations,reviewed_seed,Imported from master codelists,Drug,standard,M04A_antigout_preparations
antigout_medicines,Antigout medicines,drug,41194109,TRUE,Allopurinol 300 MG Extended Release Oral Capsule [Allopurinol Heumann] Box of 500,RxNorm Extension,M04A_antigout_preparations,reviewed_seed,Imported from master codelists,Drug,standard,M04A_antigout_preparations
antigout_medicines,Antigout medicines,drug,41194110,TRUE,Allopurinol 300 MG Extended Release Oral Tablet [Allo Efeka],RxNorm Extension,M04A_antigout_preparations,reviewed_seed,Imported from master codelists,Drug,standard,M04A_antigout_preparations
antigout_medicines,Antigout medicines,drug,41194111,TRUE,Allopurinol 300 MG Oral Granules [Zyloric] Box of 1400,RxNorm Extension,M04A_antigout_preparations,reviewed_seed,Imported from master codelists,Drug,standard,M04A_antigout_preparations
antigout_medicines,Antigout medicines,drug,41194112,TRUE,Allopurinol 300 MG Oral Tablet [Zyloric] Box of 280,RxNorm Extension,M04A_antigout_preparations,reviewed_seed,Imported from master codelists,Drug,standard,M04A_antigout_preparations
antigout_medicines,Antigout medicines,drug,41194113,TRUE,Allopurinol 300 MG Oral Tablet [Xanturat] Box of 300,RxNorm Extension,M04A_antigout_preparations,reviewed_seed,Imported from master codelists,Drug,standard,M04A_antigout_preparations
antigout_medicines,Antigout medicines,drug,41194114,TRUE,Allopurinol 300 MG Oral Tablet [Xanturat],RxNorm Extension,M04A_antigout_preparations,reviewed_seed,Imported from master codelists,Drug,standard,M04A_antigout_preparations
antigout_medicines,Antigout medicines,drug,41194115,TRUE,Allopurinol 300 MG Oral Tablet [Foligan] Box of 100,RxNorm Extension,M04A_antigout_preparations,reviewed_seed,Imported from master codelists,Drug,standard,M04A_antigout_preparations
antigout_medicines,Antigout medicines,drug,41194116,TRUE,Allopurinol 300 MG Oral Tablet [Dabroson] Box of 30,RxNorm Extension,M04A_antigout_preparations,reviewed_seed,Imported from master codelists,Drug,standard,M04A_antigout_preparations
antigout_medicines,Antigout medicines,drug,41194117,TRUE,Allopurinol 300 MG Oral Tablet [Allpargin] Box of 100,RxNorm Extension,M04A_antigout_preparations,reviewed_seed,Imported from master codelists,Drug,standard,M04A_antigout_preparations
antigout_medicines,Antigout medicines,drug,41194118,TRUE,Allopurinol 300 MG Oral Tablet [Allowieb],RxNorm Extension,M04A_antigout_preparations,reviewed_seed,Imported from master codelists,Drug,standard,M04A_antigout_preparations
antigout_medicines,Antigout medicines,drug,41194121,TRUE,Allopurinol 300 MG Oral Tablet [Allopurinol Al] Box of 100,RxNorm Extension,M04A_antigout_preparations,reviewed_seed,Imported from master codelists,Drug,standard,M04A_antigout_preparations
antigout_medicines,Antigout medicines,drug,41194122,TRUE,Allopurinol 300 MG Oral Tablet [Allopurinol 1a] Box of 20,RxNorm Extension,M04A_antigout_preparations,reviewed_seed,Imported from master codelists,Drug,standard,M04A_antigout_preparations
antigout_medicines,Antigout medicines,drug,41194123,TRUE,Allopurinol 300 MG Oral Tablet [Allobeta],RxNorm Extension,M04A_antigout_preparations,reviewed_seed,Imported from master codelists,Drug,standard,M04A_antigout_preparations
antigout_medicines,Antigout medicines,drug,41194124,TRUE,Allopurinol 300 MG Oral Tablet [Allo Puren] Box of 84,RxNorm Extension,M04A_antigout_preparations,reviewed_seed,Imported from master codelists,Drug,standard,M04A_antigout_preparations
antigout_medicines,Antigout medicines,drug,41194125,TRUE,Allopurinol 300 MG Oral Tablet [Allo Puren] Box of 50,RxNorm Extension,M04A_antigout_preparations,reviewed_seed,Imported from master codelists,Drug,standard,M04A_antigout_preparations
antigout_medicines,Antigout medicines,drug,41194126,TRUE,Allopurinol 300 MG Oral Tablet [Allo-Ct] Box of 50,RxNorm Extension,M04A_antigout_preparations,reviewed_seed,Imported from master codelists,Drug,standard,M04A_antigout_preparations
antigout_medicines,Antigout medicines,drug,41194128,TRUE,Allopurinol 100 MG Oral Tablet [Remid],RxNorm Extension,M04A_antigout_preparations,reviewed_seed,Imported from master codelists,Drug,standard,M04A_antigout_preparations
antigout_medicines,Antigout medicines,drug,41194129,TRUE,Allopurinol 100 MG Oral Tablet [Zyloric] Box of 1000,RxNorm Extension,M04A_antigout_preparations,reviewed_seed,Imported from master codelists,Drug,standard,M04A_antigout_preparations
antigout_medicines,Antigout medicines,drug,41194130,TRUE,Allopurinol 100 MG Oral Tablet [Urtias],RxNorm Extension,M04A_antigout_preparations,reviewed_seed,Imported from master codelists,Drug,standard,M04A_antigout_preparations
antigout_medicines,Antigout medicines,drug,41194131,TRUE,Allopurinol 100 MG Oral Tablet [Milurit] Box of 50,RxNorm Extension,M04A_antigout_preparations,reviewed_seed,Imported from master codelists,Drug,standard,M04A_antigout_preparations
antigout_medicines,Antigout medicines,drug,41194133,TRUE,Allopurinol 100 MG Oral Tablet [Allopurinol Hexal] Box of 100,RxNorm Extension,M04A_antigout_preparations,reviewed_seed,Imported from master codelists,Drug,standard,M04A_antigout_preparations
antigout_medicines,Antigout medicines,drug,41194134,TRUE,Allopurinol 100 MG Oral Tablet [Allopurinol Hexal] Box of 50,RxNorm Extension,M04A_antigout_preparations,reviewed_seed,Imported from master codelists,Drug,standard,M04A_antigout_preparations
antigout_medicines,Antigout medicines,drug,41194135,TRUE,Allopurinol 100 MG Oral Tablet [Allopurinol Al],RxNorm Extension,M04A_antigout_preparations,reviewed_seed,Imported from master codelists,Drug,standard,M04A_antigout_preparations
antigout_medicines,Antigout medicines,drug,41194136,TRUE,Allopurinol 100 MG Oral Tablet [Allobeta] Box of 50,RxNorm Extension,M04A_antigout_preparations,reviewed_seed,Imported from master codelists,Drug,standard,M04A_antigout_preparations
antigout_medicines,Antigout medicines,drug,41194137,TRUE,Allopurinol 100 MG Oral Tablet [Allo Recip] Box of 100,RxNorm Extension,M04A_antigout_preparations,reviewed_seed,Imported from master codelists,Drug,standard,M04A_antigout_preparations
antigout_medicines,Antigout medicines,drug,41198853,TRUE,febuxostat 120 MG Oral Tablet [Adenuric] Box of 84 by Beragena,RxNorm Extension,M04A_antigout_preparations,reviewed_seed,Imported from master codelists,Drug,standard,M04A_antigout_preparations
antigout_medicines,Antigout medicines,drug,41198854,TRUE,febuxostat 120 MG Oral Tablet [Adenuric] Box of 28 by Aca Mueller,RxNorm Extension,M04A_antigout_preparations,reviewed_seed,Imported from master codelists,Drug,standard,M04A_antigout_preparations
antigout_medicines,Antigout medicines,drug,41198855,TRUE,febuxostat 120 MG Oral Tablet [Adenuric] Box of 28 by Kohlpharma,RxNorm Extension,M04A_antigout_preparations,reviewed_seed,Imported from master codelists,Drug,standard,M04A_antigout_preparations
antigout_medicines,Antigout medicines,drug,41200484,TRUE,Benzbromarone 100 MG Oral Tablet [Benzbromaron Al] Box of 30 by Aliud,RxNorm Extension,M04A_antigout_preparations,reviewed_seed,Imported from master codelists,Drug,standard,M04A_antigout_preparations
antigout_medicines,Antigout medicines,drug,41200884,TRUE,Allopurinol 300 MG Oral Tablet [Zyloric] Box of 84 by Beragena,RxNorm Extension,M04A_antigout_preparations,reviewed_seed,Imported from master codelists,Drug,standard,M04A_antigout_preparations
antigout_medicines,Antigout medicines,drug,41200885,TRUE,Allopurinol 300 MG Oral Tablet [Foligan] Box of 500 by Sanofi,RxNorm Extension,M04A_antigout_preparations,reviewed_seed,Imported from master codelists,Drug,standard,M04A_antigout_preparations
antigout_medicines,Antigout medicines,drug,41200886,TRUE,Allopurinol 300 MG Oral Tablet Box of 30 by Mylan,RxNorm Extension,M04A_antigout_preparations,reviewed_seed,Imported from master codelists,Drug,standard,M04A_antigout_preparations
antigout_medicines,Antigout medicines,drug,41200887,TRUE,Allopurinol 300 MG Oral Tablet Box of 100 by Heumann,RxNorm Extension,M04A_antigout_preparations,reviewed_seed,Imported from master codelists,Drug,standard,M04A_antigout_preparations
antigout_medicines,Antigout medicines,drug,41200888,TRUE,Allopurinol 100 MG Oral Tablet [Zyloric] Box of 100 by Eurim-Pharm,RxNorm Extension,M04A_antigout_preparations,reviewed_seed,Imported from master codelists,Drug,standard,M04A_antigout_preparations
antigout_medicines,Antigout medicines,drug,41200889,TRUE,Allopurinol 100 MG Oral Tablet [Epidropal] Box of 50 by Fresenius,RxNorm Extension,M04A_antigout_preparations,reviewed_seed,Imported from master codelists,Drug,standard,M04A_antigout_preparations
antigout_medicines,Antigout medicines,drug,41200890,TRUE,Allopurinol 100 MG Oral Tablet [Allo Recip] Box of 50 by Recip,RxNorm Extension,M04A_antigout_preparations,reviewed_seed,Imported from master codelists,Drug,standard,M04A_antigout_preparations
antigout_medicines,Antigout medicines,drug,41200891,TRUE,Allopurinol 100 MG Oral Tablet [Allo Puren] Box of 500 by Puren,RxNorm Extension,M04A_antigout_preparations,reviewed_seed,Imported from master codelists,Drug,standard,M04A_antigout_preparations
antigout_medicines,Antigout medicines,drug,41200892,TRUE,Allopurinol 100 MG Oral Tablet Box of 100 by Novesia,RxNorm Extension,M04A_antigout_preparations,reviewed_seed,Imported from master codelists,Drug,standard,M04A_antigout_preparations
antigout_medicines,Antigout medicines,drug,41200893,TRUE,Allopurinol 100 MG Oral Tablet Box of 50 by Novesia,RxNorm Extension,M04A_antigout_preparations,reviewed_seed,Imported from master codelists,Drug,standard,M04A_antigout_preparations
antigout_medicines,Antigout medicines,drug,41200894,TRUE,Allopurinol 100 MG Oral Tablet Box of 50 by Puren,RxNorm Extension,M04A_antigout_preparations,reviewed_seed,Imported from master codelists,Drug,standard,M04A_antigout_preparations
antigout_medicines,Antigout medicines,drug,41204948,TRUE,Benzbromarone 80 MG [Uricovac],RxNorm Extension,M04A_antigout_preparations,reviewed_seed,Imported from master codelists,Drug,standard,M04A_antigout_preparations
antigout_medicines,Antigout medicines,drug,41205180,TRUE,Allopurinol 300 MG [Allopurinol Al],RxNorm Extension,M04A_antigout_preparations,reviewed_seed,Imported from master codelists,Drug,standard,M04A_antigout_preparations
antigout_medicines,Antigout medicines,drug,41205883,TRUE,Benzbromarone Oral Granules,RxNorm Extension,M04A_antigout_preparations,reviewed_seed,Imported from master codelists,Drug,standard,M04A_antigout_preparations
antigout_medicines,Antigout medicines,drug,41206349,TRUE,Sulfinpyrazone Oral Tablet [Anturano],RxNorm Extension,M04A_antigout_preparations,reviewed_seed,Imported from master codelists,Drug,standard,M04A_antigout_preparations
antigout_medicines,Antigout medicines,drug,41208353,TRUE,Allopurinol / Benzbromarone Oral Tablet [Harpagin],RxNorm Extension,M04A_antigout_preparations,reviewed_seed,Imported from master codelists,Drug,standard,M04A_antigout_preparations
antigout_medicines,Antigout medicines,drug,41208354,TRUE,Allopurinol Extended Release Oral Capsule [Urobenyl],RxNorm Extension,M04A_antigout_preparations,reviewed_seed,Imported from master codelists,Drug,standard,M04A_antigout_preparations
antigout_medicines,Antigout medicines,drug,41208355,TRUE,Allopurinol Extended Release Oral Tablet [Remid],RxNorm Extension,M04A_antigout_preparations,reviewed_seed,Imported from master codelists,Drug,standard,M04A_antigout_preparations
antigout_medicines,Antigout medicines,drug,41208676,TRUE,Rasburicase 1 UNT Injectable Solution,RxNorm Extension,M04A_antigout_preparations,reviewed_seed,Imported from master codelists,Drug,standard,M04A_antigout_preparations
antigout_medicines,Antigout medicines,drug,41209270,TRUE,Rasburicase 1.5 MG Injectable Solution Box of 3,RxNorm Extension,M04A_antigout_preparations,reviewed_seed,Imported from master codelists,Drug,standard,M04A_antigout_preparations
antigout_medicines,Antigout medicines,drug,41211181,TRUE,febuxostat 80 MG Delayed Release Oral Tablet Box of 42,RxNorm Extension,M04A_antigout_preparations,reviewed_seed,Imported from master codelists,Drug,standard,M04A_antigout_preparations
antigout_medicines,Antigout medicines,drug,41212749,TRUE,Benzbromarone 40 MG Oral Tablet Box of 100,RxNorm Extension,M04A_antigout_preparations,reviewed_seed,Imported from master codelists,Drug,standard,M04A_antigout_preparations
antigout_medicines,Antigout medicines,drug,41213271,TRUE,Allopurinol 300 MG Extended Release Oral Tablet Box of 300,RxNorm Extension,M04A_antigout_preparations,reviewed_seed,Imported from master codelists,Drug,standard,M04A_antigout_preparations
antigout_medicines,Antigout medicines,drug,41213272,TRUE,Allopurinol 300 MG Oral Solution,RxNorm Extension,M04A_antigout_preparations,reviewed_seed,Imported from master codelists,Drug,standard,M04A_antigout_preparations
antigout_medicines,Antigout medicines,drug,41213273,TRUE,Allopurinol 100 MG Oral Capsule Box of 50,RxNorm Extension,M04A_antigout_preparations,reviewed_seed,Imported from master codelists,Drug,standard,M04A_antigout_preparations
antigout_medicines,Antigout medicines,drug,41213274,TRUE,Allopurinol 200 MG Oral Tablet Box of 5000,RxNorm Extension,M04A_antigout_preparations,reviewed_seed,Imported from master codelists,Drug,standard,M04A_antigout_preparations
antigout_medicines,Antigout medicines,drug,41215664,TRUE,Rasburicase 1.5 MG Injectable Solution [Fasturtec],RxNorm Extension,M04A_antigout_preparations,reviewed_seed,Imported from master codelists,Drug,standard,M04A_antigout_preparations
antigout_medicines,Antigout medicines,drug,41221006,TRUE,febuxostat 120 MG Delayed Release Oral Tablet [Adenuric] Box of 42,RxNorm Extension,M04A_antigout_preparations,reviewed_seed,Imported from master codelists,Drug,standard,M04A_antigout_preparations
antigout_medicines,Antigout medicines,drug,41224225,TRUE,Benzbromarone 40 MG Oral Tablet [Uricovac] Box of 300,RxNorm Extension,M04A_antigout_preparations,reviewed_seed,Imported from master codelists,Drug,standard,M04A_antigout_preparations
antigout_medicines,Antigout medicines,drug,41224226,TRUE,Benzbromarone 100 MG Oral Tablet [Benzbromaron Al] Box of 100,RxNorm Extension,M04A_antigout_preparations,reviewed_seed,Imported from master codelists,Drug,standard,M04A_antigout_preparations
antigout_medicines,Antigout medicines,drug,41224227,TRUE,Benzbromarone 100 MG Oral Tablet [Normurat] Box of 300,RxNorm Extension,M04A_antigout_preparations,reviewed_seed,Imported from master codelists,Drug,standard,M04A_antigout_preparations
antigout_medicines,Antigout medicines,drug,41225190,TRUE,Allopurinol 100 MG / Benzbromarone 20 MG Oral Tablet [Harpagin] Box of 28,RxNorm Extension,M04A_antigout_preparations,reviewed_seed,Imported from master codelists,Drug,standard,M04A_antigout_preparations
antigout_medicines,Antigout medicines,drug,41225191,TRUE,Allopurinol 100 MG / Benzbromarone 20 MG Oral Tablet [Allomaron],RxNorm Extension,M04A_antigout_preparations,reviewed_seed,Imported from master codelists,Drug,standard,M04A_antigout_preparations
antigout_medicines,Antigout medicines,drug,41225192,TRUE,Allopurinol 300 MG Oral Tablet [Allo Recip] Box of 50,RxNorm Extension,M04A_antigout_preparations,reviewed_seed,Imported from master codelists,Drug,standard,M04A_antigout_preparations
antigout_medicines,Antigout medicines,drug,41225193,TRUE,Allopurinol 300 MG Oral Tablet [Remid],RxNorm Extension,M04A_antigout_preparations,reviewed_seed,Imported from master codelists,Drug,standard,M04A_antigout_preparations
antigout_medicines,Antigout medicines,drug,41225194,TRUE,Allopurinol 300 MG Oral Tablet [Allo Efeka] Box of 30,RxNorm Extension,M04A_antigout_preparations,reviewed_seed,Imported from master codelists,Drug,standard,M04A_antigout_preparations
antigout_medicines,Antigout medicines,drug,41225195,TRUE,Allopurinol 300 MG Oral Tablet [Urtias] Box of 40,RxNorm Extension,M04A_antigout_preparations,reviewed_seed,Imported from master codelists,Drug,standard,M04A_antigout_preparations
antigout_medicines,Antigout medicines,drug,41225196,TRUE,Allopurinol 300 MG Oral Tablet [Foligan] Box of 50,RxNorm Extension,M04A_antigout_preparations,reviewed_seed,Imported from master codelists,Drug,standard,M04A_antigout_preparations
antigout_medicines,Antigout medicines,drug,41225197,TRUE,Allopurinol 300 MG Oral Tablet [Epidropal] Box of 30,RxNorm Extension,M04A_antigout_preparations,reviewed_seed,Imported from master codelists,Drug,standard,M04A_antigout_preparations
antigout_medicines,Antigout medicines,drug,41225198,TRUE,Allopurinol 300 MG Oral Tablet [ALLOPURINOL RATIOPHARM] Box of 60,RxNorm Extension,M04A_antigout_preparations,reviewed_seed,Imported from master codelists,Drug,standard,M04A_antigout_preparations
antigout_medicines,Antigout medicines,drug,41225199,TRUE,Allopurinol 300 MG Oral Tablet [Allopurinol Al] Box of 20,RxNorm Extension,M04A_antigout_preparations,reviewed_seed,Imported from master codelists,Drug,standard,M04A_antigout_preparations
antigout_medicines,Antigout medicines,drug,41225201,TRUE,Allopurinol 300 MG Oral Tablet [Allo Abz],RxNorm Extension,M04A_antigout_preparations,reviewed_seed,Imported from master codelists,Drug,standard,M04A_antigout_preparations
antigout_medicines,Antigout medicines,drug,41225203,TRUE,Allopurinol 100 MG Extended Release Oral Tablet [Allo Efeka] Box of 300,RxNorm Extension,M04A_antigout_preparations,reviewed_seed,Imported from master codelists,Drug,standard,M04A_antigout_preparations
antigout_medicines,Antigout medicines,drug,41225204,TRUE,Allopurinol 100 MG Oral Tablet [Allo Efeka] Box of 100,RxNorm Extension,M04A_antigout_preparations,reviewed_seed,Imported from master codelists,Drug,standard,M04A_antigout_preparations
antigout_medicines,Antigout medicines,drug,41225205,TRUE,Allopurinol 100 MG Extended Release Oral Tablet [Allo Efeka],RxNorm Extension,M04A_antigout_preparations,reviewed_seed,Imported from master codelists,Drug,standard,M04A_antigout_preparations
antigout_medicines,Antigout medicines,drug,41225207,TRUE,Allopurinol 100 MG Oral Tablet [ALLOPURINOL RATIOPHARM] Box of 50,RxNorm Extension,M04A_antigout_preparations,reviewed_seed,Imported from master codelists,Drug,standard,M04A_antigout_preparations
antigout_medicines,Antigout medicines,drug,41225208,TRUE,Allopurinol 100 MG Oral Tablet [Allo Abz] Box of 50,RxNorm Extension,M04A_antigout_preparations,reviewed_seed,Imported from master codelists,Drug,standard,M04A_antigout_preparations
antigout_medicines,Antigout medicines,drug,41225209,TRUE,Allopurinol 150 MG Oral Tablet [Allo Recip] Box of 50,RxNorm Extension,M04A_antigout_preparations,reviewed_seed,Imported from master codelists,Drug,standard,M04A_antigout_preparations
antigout_medicines,Antigout medicines,drug,41226994,TRUE,Rasburicase 1.5 MG Injectable Suspension [Fasturtec] Box of 3 by Sanofi,RxNorm Extension,M04A_antigout_preparations,reviewed_seed,Imported from master codelists,Drug,standard,M04A_antigout_preparations
antigout_medicines,Antigout medicines,drug,41229931,TRUE,febuxostat 120 MG Oral Tablet [Adenuric] Box of 28 by Berlin-Chemie,RxNorm Extension,M04A_antigout_preparations,reviewed_seed,Imported from master codelists,Drug,standard,M04A_antigout_preparations
antigout_medicines,Antigout medicines,drug,41229932,TRUE,febuxostat 120 MG Oral Tablet [Adenuric] Box of 84 by Berlin-Chemie,RxNorm Extension,M04A_antigout_preparations,reviewed_seed,Imported from master codelists,Drug,standard,M04A_antigout_preparations
antigout_medicines,Antigout medicines,drug,41231540,TRUE,Benzbromarone 100 MG Oral Tablet [Narcaricin] Box of 100 by Heumann,RxNorm Extension,M04A_antigout_preparations,reviewed_seed,Imported from master codelists,Drug,standard,M04A_antigout_preparations
antigout_medicines,Antigout medicines,drug,41231925,TRUE,Allopurinol 100 MG / Benzbromarone 20 MG Oral Tablet [Acifugan] Box of 100 by Aca Mueller,RxNorm Extension,M04A_antigout_preparations,reviewed_seed,Imported from master codelists,Drug,standard,M04A_antigout_preparations
antigout_medicines,Antigout medicines,drug,41231926,TRUE,Allopurinol 300 MG Oral Tablet Box of 100 by Sanofi,RxNorm Extension,M04A_antigout_preparations,reviewed_seed,Imported from master codelists,Drug,standard,M04A_antigout_preparations
antigout_medicines,Antigout medicines,drug,41231927,TRUE,Allopurinol 300 MG Oral Tablet [Zyloric] Box of 28 by Beragena,RxNorm Extension,M04A_antigout_preparations,reviewed_seed,Imported from master codelists,Drug,standard,M04A_antigout_preparations
antigout_medicines,Antigout medicines,drug,41231928,TRUE,Allopurinol 300 MG Oral Tablet [Uripurinol] Box of 50 by Azupharma,RxNorm Extension,M04A_antigout_preparations,reviewed_seed,Imported from master codelists,Drug,standard,M04A_antigout_preparations
antigout_medicines,Antigout medicines,drug,41231929,TRUE,Allopurinol 300 MG Oral Tablet [Jenapurinol] Box of 20 by Mibe,RxNorm Extension,M04A_antigout_preparations,reviewed_seed,Imported from master codelists,Drug,standard,M04A_antigout_preparations
antigout_medicines,Antigout medicines,drug,41231930,TRUE,Allopurinol 300 MG Oral Tablet [Allopurinol Stada] Box of 100 by Stada,RxNorm Extension,M04A_antigout_preparations,reviewed_seed,Imported from master codelists,Drug,standard,M04A_antigout_preparations
antigout_medicines,Antigout medicines,drug,41231931,TRUE,Allopurinol 300 MG Oral Tablet [Allopurinol Stada] Box of 98 by Stada,RxNorm Extension,M04A_antigout_preparations,reviewed_seed,Imported from master codelists,Drug,standard,M04A_antigout_preparations
antigout_medicines,Antigout medicines,drug,41231932,TRUE,Allopurinol 300 MG Oral Tablet [Allopurinol Abz] Box of 50 by AbZ-Pharma,RxNorm Extension,M04A_antigout_preparations,reviewed_seed,Imported from master codelists,Drug,standard,M04A_antigout_preparations
antigout_medicines,Antigout medicines,drug,41231933,TRUE,Allopurinol 300 MG Oral Tablet [Allo-Ct] Box of 100 by AbZ-Pharma,RxNorm Extension,M04A_antigout_preparations,reviewed_seed,Imported from master codelists,Drug,standard,M04A_antigout_preparations
antigout_medicines,Antigout medicines,drug,41231934,TRUE,Allopurinol 300 MG Oral Tablet [Allo Abz] Box of 30 by AbZ-Pharma,RxNorm Extension,M04A_antigout_preparations,reviewed_seed,Imported from master codelists,Drug,standard,M04A_antigout_preparations
antigout_medicines,Antigout medicines,drug,41231935,TRUE,Allopurinol 100 MG Oral Tablet [Allo Efeka] Box of 30 by Riemser,RxNorm Extension,M04A_antigout_preparations,reviewed_seed,Imported from master codelists,Drug,standard,M04A_antigout_preparations
antigout_medicines,Antigout medicines,drug,41231936,TRUE,Allopurinol 100 MG Oral Tablet [Urosin] Box of 50 by Roche,RxNorm Extension,M04A_antigout_preparations,reviewed_seed,Imported from master codelists,Drug,standard,M04A_antigout_preparations
antigout_medicines,Antigout medicines,drug,41231937,TRUE,Allopurinol 100 MG Oral Tablet [Jenapurinol] Box of 100 by Mibe,RxNorm Extension,M04A_antigout_preparations,reviewed_seed,Imported from master codelists,Drug,standard,M04A_antigout_preparations
antigout_medicines,Antigout medicines,drug,41231938,TRUE,Allopurinol 100 MG Oral Tablet [Foligan] Box of 50 by Sanofi,RxNorm Extension,M04A_antigout_preparations,reviewed_seed,Imported from master codelists,Drug,standard,M04A_antigout_preparations
antigout_medicines,Antigout medicines,drug,41231939,TRUE,Allopurinol 100 MG Oral Tablet [Allo Abz] Box of 100 by AbZ-Pharma,RxNorm Extension,M04A_antigout_preparations,reviewed_seed,Imported from master codelists,Drug,standard,M04A_antigout_preparations
antigout_medicines,Antigout medicines,drug,41231940,TRUE,Allopurinol 100 MG Oral Tablet Box of 100 by Mibe,RxNorm Extension,M04A_antigout_preparations,reviewed_seed,Imported from master codelists,Drug,standard,M04A_antigout_preparations
antigout_medicines,Antigout medicines,drug,41231941,TRUE,Allopurinol 200 MG Oral Tablet [Bleminol] Box of 100 by Gepepharm,RxNorm Extension,M04A_antigout_preparations,reviewed_seed,Imported from master codelists,Drug,standard,M04A_antigout_preparations
antigout_medicines,Antigout medicines,drug,41235873,TRUE,Benzbromarone 50 MG [Narcaricin],RxNorm Extension,M04A_antigout_preparations,reviewed_seed,Imported from master codelists,Drug,standard,M04A_antigout_preparations
antigout_medicines,Antigout medicines,drug,41236131,TRUE,Allopurinol 300 MG [Urobenyl],RxNorm Extension,M04A_antigout_preparations,reviewed_seed,Imported from master codelists,Drug,standard,M04A_antigout_preparations
antigout_medicines,Antigout medicines,drug,41236132,TRUE,Allopurinol 300 MG [Allowieb],RxNorm Extension,M04A_antigout_preparations,reviewed_seed,Imported from master codelists,Drug,standard,M04A_antigout_preparations
antigout_medicines,Antigout medicines,drug,41236133,TRUE,Allopurinol 300 MG [Allo Recip],RxNorm Extension,M04A_antigout_preparations,reviewed_seed,Imported from master codelists,Drug,standard,M04A_antigout_preparations
antigout_medicines,Antigout medicines,drug,41239307,TRUE,Allopurinol Oral Tablet [Uribenz],RxNorm Extension,M04A_antigout_preparations,reviewed_seed,Imported from master codelists,Drug,standard,M04A_antigout_preparations
antigout_medicines,Antigout medicines,drug,41243719,TRUE,Benzbromarone 50 MG Oral Tablet Box of 3000,RxNorm Extension,M04A_antigout_preparations,reviewed_seed,Imported from master codelists,Drug,standard,M04A_antigout_preparations
antigout_medicines,Antigout medicines,drug,41243720,TRUE,Benzbromarone 80 MG Oral Tablet Box of 90,RxNorm Extension,M04A_antigout_preparations,reviewed_seed,Imported from master codelists,Drug,standard,M04A_antigout_preparations
antigout_medicines,Antigout medicines,drug,41244246,TRUE,Allopurinol 100 MG / Benzbromarone 20 MG Oral Tablet Box of 20,RxNorm Extension,M04A_antigout_preparations,reviewed_seed,Imported from master codelists,Drug,standard,M04A_antigout_preparations
antigout_medicines,Antigout medicines,drug,41244247,TRUE,Allopurinol 300 MG Oral Tablet Box of 1,RxNorm Extension,M04A_antigout_preparations,reviewed_seed,Imported from master codelists,Drug,standard,M04A_antigout_preparations
antigout_medicines,Antigout medicines,drug,41244248,TRUE,Allopurinol 300 MG Oral Granules Box of 1400,RxNorm Extension,M04A_antigout_preparations,reviewed_seed,Imported from master codelists,Drug,standard,M04A_antigout_preparations
antigout_medicines,Antigout medicines,drug,41244249,TRUE,Allopurinol 300 MG Oral Tablet Box of 2800,RxNorm Extension,M04A_antigout_preparations,reviewed_seed,Imported from master codelists,Drug,standard,M04A_antigout_preparations
antigout_medicines,Antigout medicines,drug,41244250,TRUE,Allopurinol 100 MG Oral Tablet Box of 60,RxNorm Extension,M04A_antigout_preparations,reviewed_seed,Imported from master codelists,Drug,standard,M04A_antigout_preparations
antigout_medicines,Antigout medicines,drug,41244251,TRUE,Allopurinol 200 MG Oral Tablet Box of 1,RxNorm Extension,M04A_antigout_preparations,reviewed_seed,Imported from master codelists,Drug,standard,M04A_antigout_preparations
antigout_medicines,Antigout medicines,drug,41255247,TRUE,Benzbromarone 40 MG Oral Tablet [Uricovac],RxNorm Extension,M04A_antigout_preparations,reviewed_seed,Imported from master codelists,Drug,standard,M04A_antigout_preparations
antigout_medicines,Antigout medicines,drug,41255248,TRUE,Benzbromarone 100 MG Oral Tablet [Normurat],RxNorm Extension,M04A_antigout_preparations,reviewed_seed,Imported from master codelists,Drug,standard,M04A_antigout_preparations
antigout_medicines,Antigout medicines,drug,41255249,TRUE,Benzbromarone 80 MG Oral Tablet [Uricovac] Box of 300,RxNorm Extension,M04A_antigout_preparations,reviewed_seed,Imported from master codelists,Drug,standard,M04A_antigout_preparations
antigout_medicines,Antigout medicines,drug,41255250,TRUE,Benzbromarone 0.0167 MG/MG Oral Granules [Harolan],RxNorm Extension,M04A_antigout_preparations,reviewed_seed,Imported from master codelists,Drug,standard,M04A_antigout_preparations
antigout_medicines,Antigout medicines,drug,41256120,TRUE,Allopurinol 100 MG / Benzbromarone 20 MG Oral Tablet [Acifugan] Box of 280,RxNorm Extension,M04A_antigout_preparations,reviewed_seed,Imported from master codelists,Drug,standard,M04A_antigout_preparations
antigout_medicines,Antigout medicines,drug,41256122,TRUE,Allopurinol 300 MG Extended Release Oral Tablet [Allopurinol Heumann],RxNorm Extension,M04A_antigout_preparations,reviewed_seed,Imported from master codelists,Drug,standard,M04A_antigout_preparations
antigout_medicines,Antigout medicines,drug,41256123,TRUE,Allopurinol 300 MG Oral Tablet [Allo Recip],RxNorm Extension,M04A_antigout_preparations,reviewed_seed,Imported from master codelists,Drug,standard,M04A_antigout_preparations
antigout_medicines,Antigout medicines,drug,41256124,TRUE,Allopurinol 300 MG Oral Tablet [Allo Efeka],RxNorm Extension,M04A_antigout_preparations,reviewed_seed,Imported from master codelists,Drug,standard,M04A_antigout_preparations
antigout_medicines,Antigout medicines,drug,41256125,TRUE,Allopurinol 300 MG Oral Tablet [Zyloric] Box of 2800,RxNorm Extension,M04A_antigout_preparations,reviewed_seed,Imported from master codelists,Drug,standard,M04A_antigout_preparations
antigout_medicines,Antigout medicines,drug,41256126,TRUE,Allopurinol 300 MG Oral Tablet [Sigapurol Cr] Box of 100,RxNorm Extension,M04A_antigout_preparations,reviewed_seed,Imported from master codelists,Drug,standard,M04A_antigout_preparations
antigout_medicines,Antigout medicines,drug,41256129,TRUE,Allopurinol 300 MG Oral Tablet [Bleminol],RxNorm Extension,M04A_antigout_preparations,reviewed_seed,Imported from master codelists,Drug,standard,M04A_antigout_preparations
antigout_medicines,Antigout medicines,drug,41256130,TRUE,Allopurinol 300 MG Oral Tablet [Allopurinol Hexal] Box of 50,RxNorm Extension,M04A_antigout_preparations,reviewed_seed,Imported from master codelists,Drug,standard,M04A_antigout_preparations
antigout_medicines,Antigout medicines,drug,41256131,TRUE,Allopurinol 300 MG Oral Tablet [Allopurinol Al],RxNorm Extension,M04A_antigout_preparations,reviewed_seed,Imported from master codelists,Drug,standard,M04A_antigout_preparations
antigout_medicines,Antigout medicines,drug,41256133,TRUE,Allopurinol 100 MG Oral Capsule [Urobenyl],RxNorm Extension,M04A_antigout_preparations,reviewed_seed,Imported from master codelists,Drug,standard,M04A_antigout_preparations
antigout_medicines,Antigout medicines,drug,41256134,TRUE,Allopurinol 100 MG Oral Tablet [Urtias] Box of 250,RxNorm Extension,M04A_antigout_preparations,reviewed_seed,Imported from master codelists,Drug,standard,M04A_antigout_preparations
antigout_medicines,Antigout medicines,drug,41256135,TRUE,Allopurinol 100 MG Oral Tablet [Uribenz],RxNorm Extension,M04A_antigout_preparations,reviewed_seed,Imported from master codelists,Drug,standard,M04A_antigout_preparations
antigout_medicines,Antigout medicines,drug,41256136,TRUE,Allopurinol 100 MG Oral Tablet [Foligan] Box of 100,RxNorm Extension,M04A_antigout_preparations,reviewed_seed,Imported from master codelists,Drug,standard,M04A_antigout_preparations
antigout_medicines,Antigout medicines,drug,41256137,TRUE,Allopurinol 100 MG Oral Tablet [Epidropal] Box of 50,RxNorm Extension,M04A_antigout_preparations,reviewed_seed,Imported from master codelists,Drug,standard,M04A_antigout_preparations
antigout_medicines,Antigout medicines,drug,41256138,TRUE,Allopurinol 100 MG Oral Tablet [Dabroson],RxNorm Extension,M04A_antigout_preparations,reviewed_seed,Imported from master codelists,Drug,standard,M04A_antigout_preparations
antigout_medicines,Antigout medicines,drug,41256139,TRUE,Allopurinol 100 MG Oral Tablet [Bleminol] Box of 500,RxNorm Extension,M04A_antigout_preparations,reviewed_seed,Imported from master codelists,Drug,standard,M04A_antigout_preparations
antigout_medicines,Antigout medicines,drug,41256140,TRUE,Allopurinol 100 MG Oral Tablet [Allopurinol Heumann] Box of 500,RxNorm Extension,M04A_antigout_preparations,reviewed_seed,Imported from master codelists,Drug,standard,M04A_antigout_preparations
antigout_medicines,Antigout medicines,drug,41256141,TRUE,Allopurinol 100 MG Oral Tablet [Allopurinol Heumann] Box of 30,RxNorm Extension,M04A_antigout_preparations,reviewed_seed,Imported from master codelists,Drug,standard,M04A_antigout_preparations
antigout_medicines,Antigout medicines,drug,41256142,TRUE,Allopurinol 100 MG Oral Tablet [Allopurinol Al] Box of 50,RxNorm Extension,M04A_antigout_preparations,reviewed_seed,Imported from master codelists,Drug,standard,M04A_antigout_preparations
antigout_medicines,Antigout medicines,drug,41256143,TRUE,Allopurinol 100 MG Oral Tablet [Allo 1a Pharma] Box of 100,RxNorm Extension,M04A_antigout_preparations,reviewed_seed,Imported from master codelists,Drug,standard,M04A_antigout_preparations
antigout_medicines,Antigout medicines,drug,41256144,TRUE,Allopurinol 150 MG Oral Tablet [Allo Recip] Box of 100,RxNorm Extension,M04A_antigout_preparations,reviewed_seed,Imported from master codelists,Drug,standard,M04A_antigout_preparations
antigout_medicines,Antigout medicines,drug,41260695,TRUE,febuxostat 120 MG Delayed Release Oral Tablet [Adenuric] Box of 84 by Abacus Medicine,RxNorm Extension,M04A_antigout_preparations,reviewed_seed,Imported from master codelists,Drug,standard,M04A_antigout_preparations
antigout_medicines,Antigout medicines,drug,41260696,TRUE,febuxostat 120 MG Oral Tablet [Adenuric] Box of 84 by Abacus Medicine,RxNorm Extension,M04A_antigout_preparations,reviewed_seed,Imported from master codelists,Drug,standard,M04A_antigout_preparations
antigout_medicines,Antigout medicines,drug,41260697,TRUE,febuxostat 120 MG Oral Tablet [Adenuric] Box of 84 by Aca Mueller,RxNorm Extension,M04A_antigout_preparations,reviewed_seed,Imported from master codelists,Drug,standard,M04A_antigout_preparations
antigout_medicines,Antigout medicines,drug,41260698,TRUE,febuxostat 120 MG Oral Tablet [Adenuric] Box of 28 by Orifarm Leverkus,RxNorm Extension,M04A_antigout_preparations,reviewed_seed,Imported from master codelists,Drug,standard,M04A_antigout_preparations
antigout_medicines,Antigout medicines,drug,41261457,TRUE,Colchicine 0.5 MG Oral Tablet Box of 50 by Mylan,RxNorm Extension,M04A_antigout_preparations,reviewed_seed,Imported from master codelists,Drug,standard,M04A_antigout_preparations
antigout_medicines,Antigout medicines,drug,41262283,TRUE,Benzbromarone 100 MG Oral Tablet [Benzbromaron Al] Box of 50 by Aliud,RxNorm Extension,M04A_antigout_preparations,reviewed_seed,Imported from master codelists,Drug,standard,M04A_antigout_preparations
antigout_medicines,Antigout medicines,drug,41262657,TRUE,Allopurinol 100 MG / Benzbromarone 20 MG Oral Tablet [Allomaron] Box of 20 by Sanofi,RxNorm Extension,M04A_antigout_preparations,reviewed_seed,Imported from master codelists,Drug,standard,M04A_antigout_preparations
antigout_medicines,Antigout medicines,drug,41262658,TRUE,Allopurinol 100 MG / Benzbromarone 20 MG Oral Tablet [Acifugan] Box of 28 by Sanofi,RxNorm Extension,M04A_antigout_preparations,reviewed_seed,Imported from master codelists,Drug,standard,M04A_antigout_preparations
antigout_medicines,Antigout medicines,drug,41262659,TRUE,Allopurinol 100 MG / Benzbromarone 20 MG Oral Tablet Box of 100 by Ratiopharm,RxNorm Extension,M04A_antigout_preparations,reviewed_seed,Imported from master codelists,Drug,standard,M04A_antigout_preparations
antigout_medicines,Antigout medicines,drug,41262660,TRUE,Allopurinol 300 MG Oral Tablet [Zyloric] Box of 28 by Eurim-Pharm,RxNorm Extension,M04A_antigout_preparations,reviewed_seed,Imported from master codelists,Drug,standard,M04A_antigout_preparations
antigout_medicines,Antigout medicines,drug,41262661,TRUE,Allopurinol 300 MG Oral Tablet [Uribenz] Box of 100 by Novesia,RxNorm Extension,M04A_antigout_preparations,reviewed_seed,Imported from master codelists,Drug,standard,M04A_antigout_preparations
antigout_medicines,Antigout medicines,drug,41262662,TRUE,Allopurinol 300 MG Oral Tablet [Sigapurol Cr] Box of 100 by Kytta Siegfried,RxNorm Extension,M04A_antigout_preparations,reviewed_seed,Imported from master codelists,Drug,standard,M04A_antigout_preparations
antigout_medicines,Antigout medicines,drug,41262663,TRUE,Allopurinol 300 MG Oral Tablet [Jenapurinol] Box of 20 by Jenapharm,RxNorm Extension,M04A_antigout_preparations,reviewed_seed,Imported from master codelists,Drug,standard,M04A_antigout_preparations
antigout_medicines,Antigout medicines,drug,41262664,TRUE,Allopurinol 300 MG Oral Tablet [Epidropal] Box of 100 by Teofarma,RxNorm Extension,M04A_antigout_preparations,reviewed_seed,Imported from master codelists,Drug,standard,M04A_antigout_preparations
antigout_medicines,Antigout medicines,drug,41262665,TRUE,Allopurinol 300 MG Oral Tablet [Cellidrin] Box of 100 by Hennig,RxNorm Extension,M04A_antigout_preparations,reviewed_seed,Imported from master codelists,Drug,standard,M04A_antigout_preparations
antigout_medicines,Antigout medicines,drug,41262666,TRUE,Allopurinol 300 MG Oral Tablet [Allopurinol Al] Box of 20 by Aliud,RxNorm Extension,M04A_antigout_preparations,reviewed_seed,Imported from master codelists,Drug,standard,M04A_antigout_preparations
antigout_medicines,Antigout medicines,drug,41262667,TRUE,Allopurinol 300 MG Oral Tablet [Allo Puren] Box of 100 by Puren,RxNorm Extension,M04A_antigout_preparations,reviewed_seed,Imported from master codelists,Drug,standard,M04A_antigout_preparations
antigout_medicines,Antigout medicines,drug,41262668,TRUE,Allopurinol 300 MG Oral Tablet [Allo-Ct] Box of 30 by AbZ-Pharma,RxNorm Extension,M04A_antigout_preparations,reviewed_seed,Imported from master codelists,Drug,standard,M04A_antigout_preparations
antigout_medicines,Antigout medicines,drug,41262669,TRUE,Allopurinol 300 MG Oral Tablet [Allo-Ct] Box of 20 by AbZ-Pharma,RxNorm Extension,M04A_antigout_preparations,reviewed_seed,Imported from master codelists,Drug,standard,M04A_antigout_preparations
antigout_medicines,Antigout medicines,drug,41262671,TRUE,Allopurinol 300 MG Oral Tablet Box of 60 by Novesia,RxNorm Extension,M04A_antigout_preparations,reviewed_seed,Imported from master codelists,Drug,standard,M04A_antigout_preparations
antigout_medicines,Antigout medicines,drug,41262672,TRUE,Allopurinol 300 MG Oral Tablet Box of 20 by Ratiopharm,RxNorm Extension,M04A_antigout_preparations,reviewed_seed,Imported from master codelists,Drug,standard,M04A_antigout_preparations
antigout_medicines,Antigout medicines,drug,41262673,TRUE,Allopurinol 100 MG Oral Tablet [Foligan] Box of 50 by Desma,RxNorm Extension,M04A_antigout_preparations,reviewed_seed,Imported from master codelists,Drug,standard,M04A_antigout_preparations
antigout_medicines,Antigout medicines,drug,41262674,TRUE,Allopurinol 100 MG Oral Tablet [Allopurinol Heumann] Box of 100 by Heunet,RxNorm Extension,M04A_antigout_preparations,reviewed_seed,Imported from master codelists,Drug,standard,M04A_antigout_preparations
antigout_medicines,Antigout medicines,drug,41262675,TRUE,Allopurinol 100 MG Oral Tablet [Allopurinol 1a] Box of 50 by 1 A,RxNorm Extension,M04A_antigout_preparations,reviewed_seed,Imported from master codelists,Drug,standard,M04A_antigout_preparations
antigout_medicines,Antigout medicines,drug,41262676,TRUE,Allopurinol 100 MG Oral Tablet [Allobeta] Box of 50 by Betapharm,RxNorm Extension,M04A_antigout_preparations,reviewed_seed,Imported from master codelists,Drug,standard,M04A_antigout_preparations
antigout_medicines,Antigout medicines,drug,41264022,TRUE,Colchicine 0.005 MG/ML,RxNorm Extension,M04A_antigout_preparations,reviewed_seed,Imported from master codelists,Drug,standard,M04A_antigout_preparations
antigout_medicines,Antigout medicines,drug,41264232,TRUE,Benzbromarone 40 MG,RxNorm Extension,M04A_antigout_preparations,reviewed_seed,Imported from master codelists,Drug,standard,M04A_antigout_preparations
antigout_medicines,Antigout medicines,drug,41264530,TRUE,Rasburicase 1 UNT [Uricozyme],RxNorm Extension,M04A_antigout_preparations,reviewed_seed,Imported from master codelists,Drug,standard,M04A_antigout_preparations
antigout_medicines,Antigout medicines,drug,41266331,TRUE,Colchicine 0.5 MG/ML [Colchysat],RxNorm Extension,M04A_antigout_preparations,reviewed_seed,Imported from master codelists,Drug,standard,M04A_antigout_preparations
antigout_medicines,Antigout medicines,drug,41267010,TRUE,Allopurinol 300 MG [Urtias],RxNorm Extension,M04A_antigout_preparations,reviewed_seed,Imported from master codelists,Drug,standard,M04A_antigout_preparations
antigout_medicines,Antigout medicines,drug,41267012,TRUE,Allopurinol 300 MG [Allobeta],RxNorm Extension,M04A_antigout_preparations,reviewed_seed,Imported from master codelists,Drug,standard,M04A_antigout_preparations
antigout_medicines,Antigout medicines,drug,41267014,TRUE,Allopurinol 100 MG [Allopurinol Hexal],RxNorm Extension,M04A_antigout_preparations,reviewed_seed,Imported from master codelists,Drug,standard,M04A_antigout_preparations
antigout_medicines,Antigout medicines,drug,41267015,TRUE,Allopurinol 200 MG [Bleminol],RxNorm Extension,M04A_antigout_preparations,reviewed_seed,Imported from master codelists,Drug,standard,M04A_antigout_preparations
antigout_medicines,Antigout medicines,drug,41268370,TRUE,Rasburicase Injectable Solution [Fasturtec],RxNorm Extension,M04A_antigout_preparations,reviewed_seed,Imported from master codelists,Drug,standard,M04A_antigout_preparations
antigout_medicines,Antigout medicines,drug,41269954,TRUE,Benzbromarone Oral Tablet [Benzbromaron Al],RxNorm Extension,M04A_antigout_preparations,reviewed_seed,Imported from master codelists,Drug,standard,M04A_antigout_preparations
antigout_medicines,Antigout medicines,drug,41269955,TRUE,Benzbromarone Oral Tablet [Benzbromaron Ratiopharm],RxNorm Extension,M04A_antigout_preparations,reviewed_seed,Imported from master codelists,Drug,standard,M04A_antigout_preparations
antigout_medicines,Antigout medicines,drug,41270176,TRUE,Allopurinol Oral Tablet [Allopurinol Al],RxNorm Extension,M04A_antigout_preparations,reviewed_seed,Imported from master codelists,Drug,standard,M04A_antigout_preparations
antigout_medicines,Antigout medicines,drug,41270177,TRUE,Allopurinol Oral Tablet [Allo Puren],RxNorm Extension,M04A_antigout_preparations,reviewed_seed,Imported from master codelists,Drug,standard,M04A_antigout_preparations
antigout_medicines,Antigout medicines,drug,41273725,TRUE,Colchicine 0.5 MG/ML Oral Solution Box of 1,RxNorm Extension,M04A_antigout_preparations,reviewed_seed,Imported from master codelists,Drug,standard,M04A_antigout_preparations
antigout_medicines,Antigout medicines,drug,41273726,TRUE,Colchicine 0.5 MG/ML Oral Solution,RxNorm Extension,M04A_antigout_preparations,reviewed_seed,Imported from master codelists,Drug,standard,M04A_antigout_preparations
antigout_medicines,Antigout medicines,drug,41275175,TRUE,Allopurinol 300 MG Oral Solution Box of 28,RxNorm Extension,M04A_antigout_preparations,reviewed_seed,Imported from master codelists,Drug,standard,M04A_antigout_preparations
antigout_medicines,Antigout medicines,drug,41275176,TRUE,Allopurinol 300 MG Oral Tablet Box of 1400,RxNorm Extension,M04A_antigout_preparations,reviewed_seed,Imported from master codelists,Drug,standard,M04A_antigout_preparations
antigout_medicines,Antigout medicines,drug,41275177,TRUE,Allopurinol 300 MG Oral Tablet Box of 1000,RxNorm Extension,M04A_antigout_preparations,reviewed_seed,Imported from master codelists,Drug,standard,M04A_antigout_preparations
antigout_medicines,Antigout medicines,drug,41275178,TRUE,Allopurinol 300 MG Oral Tablet Box of 20,RxNorm Extension,M04A_antigout_preparations,reviewed_seed,Imported from master codelists,Drug,standard,M04A_antigout_preparations
antigout_medicines,Antigout medicines,drug,41275179,TRUE,Allopurinol 100 MG Oral Tablet Box of 300,RxNorm Extension,M04A_antigout_preparations,reviewed_seed,Imported from master codelists,Drug,standard,M04A_antigout_preparations
antigout_medicines,Antigout medicines,drug,41275180,TRUE,Allopurinol 100 MG Extended Release Oral Tablet Box of 250,RxNorm Extension,M04A_antigout_preparations,reviewed_seed,Imported from master codelists,Drug,standard,M04A_antigout_preparations
antigout_medicines,Antigout medicines,drug,41276767,TRUE,Sulfinpyrazone 200 MG Oral Tablet [Anturano],RxNorm Extension,M04A_antigout_preparations,reviewed_seed,Imported from master codelists,Drug,standard,M04A_antigout_preparations
antigout_medicines,Antigout medicines,drug,41286251,TRUE,Benzbromarone 40 MG Oral Tablet [Uricovac] Box of 100,RxNorm Extension,M04A_antigout_preparations,reviewed_seed,Imported from master codelists,Drug,standard,M04A_antigout_preparations
antigout_medicines,Antigout medicines,drug,41286252,TRUE,Benzbromarone 50 MG Oral Tablet [Narcaricin] Box of 1500,RxNorm Extension,M04A_antigout_preparations,reviewed_seed,Imported from master codelists,Drug,standard,M04A_antigout_preparations
antigout_medicines,Antigout medicines,drug,41286253,TRUE,Benzbromarone 100 MG Oral Tablet [Narcaricin],RxNorm Extension,M04A_antigout_preparations,reviewed_seed,Imported from master codelists,Drug,standard,M04A_antigout_preparations
antigout_medicines,Antigout medicines,drug,41286255,TRUE,Benzbromarone 100 MG Oral Tablet [Azubromaron],RxNorm Extension,M04A_antigout_preparations,reviewed_seed,Imported from master codelists,Drug,standard,M04A_antigout_preparations
antigout_medicines,Antigout medicines,drug,41286256,TRUE,Benzbromarone 80 MG Oral Tablet [Uricovac] Box of 100,RxNorm Extension,M04A_antigout_preparations,reviewed_seed,Imported from master codelists,Drug,standard,M04A_antigout_preparations
antigout_medicines,Antigout medicines,drug,41286257,TRUE,Benzbromarone 0.0167 MG/MG Oral Granules [Harolan] Box of 90,RxNorm Extension,M04A_antigout_preparations,reviewed_seed,Imported from master codelists,Drug,standard,M04A_antigout_preparations
antigout_medicines,Antigout medicines,drug,41287163,TRUE,Allopurinol 300 MG Oral Capsule [Urobenyl] Box of 100,RxNorm Extension,M04A_antigout_preparations,reviewed_seed,Imported from master codelists,Drug,standard,M04A_antigout_preparations
antigout_medicines,Antigout medicines,drug,41287164,TRUE,Allopurinol 300 MG Oral Tablet [Milurit] Box of 50,RxNorm Extension,M04A_antigout_preparations,reviewed_seed,Imported from master codelists,Drug,standard,M04A_antigout_preparations
antigout_medicines,Antigout medicines,drug,41287165,TRUE,Allopurinol 300 MG Oral Tablet [Foligan] Box of 200,RxNorm Extension,M04A_antigout_preparations,reviewed_seed,Imported from master codelists,Drug,standard,M04A_antigout_preparations
antigout_medicines,Antigout medicines,drug,41287168,TRUE,Allopurinol 300 MG Oral Tablet [Bleminol] Box of 100,RxNorm Extension,M04A_antigout_preparations,reviewed_seed,Imported from master codelists,Drug,standard,M04A_antigout_preparations
antigout_medicines,Antigout medicines,drug,41287169,TRUE,Allopurinol 300 MG Oral Tablet [Am Allopurinol],RxNorm Extension,M04A_antigout_preparations,reviewed_seed,Imported from master codelists,Drug,standard,M04A_antigout_preparations
antigout_medicines,Antigout medicines,drug,41287170,TRUE,Allopurinol 300 MG Oral Tablet [Allowieb] Box of 100,RxNorm Extension,M04A_antigout_preparations,reviewed_seed,Imported from master codelists,Drug,standard,M04A_antigout_preparations
antigout_medicines,Antigout medicines,drug,41287171,TRUE,Allopurinol 100 MG Extended Release Oral Tablet [Allo Efeka] Box of 30,RxNorm Extension,M04A_antigout_preparations,reviewed_seed,Imported from master codelists,Drug,standard,M04A_antigout_preparations
antigout_medicines,Antigout medicines,drug,41287172,TRUE,Allopurinol 100 MG Oral Tablet [Uribenz] Box of 50,RxNorm Extension,M04A_antigout_preparations,reviewed_seed,Imported from master codelists,Drug,standard,M04A_antigout_preparations
antigout_medicines,Antigout medicines,drug,41287173,TRUE,Allopurinol 100 MG Oral Tablet [Burmadon] Box of 50,RxNorm Extension,M04A_antigout_preparations,reviewed_seed,Imported from master codelists,Drug,standard,M04A_antigout_preparations
antigout_medicines,Antigout medicines,drug,41287174,TRUE,Allopurinol 100 MG Oral Tablet [Apulonga] Box of 100,RxNorm Extension,M04A_antigout_preparations,reviewed_seed,Imported from master codelists,Drug,standard,M04A_antigout_preparations
antigout_medicines,Antigout medicines,drug,41287175,TRUE,Allopurinol 100 MG Oral Tablet [Allopurinol Hexal],RxNorm Extension,M04A_antigout_preparations,reviewed_seed,Imported from master codelists,Drug,standard,M04A_antigout_preparations
antigout_medicines,Antigout medicines,drug,41287176,TRUE,Allopurinol 100 MG Oral Tablet [Allopurinol Heumann] Box of 100,RxNorm Extension,M04A_antigout_preparations,reviewed_seed,Imported from master codelists,Drug,standard,M04A_antigout_preparations
antigout_medicines,Antigout medicines,drug,41287177,TRUE,Allopurinol 100 MG Oral Tablet [Allopurinol Heumann],RxNorm Extension,M04A_antigout_preparations,reviewed_seed,Imported from master codelists,Drug,standard,M04A_antigout_preparations
antigout_medicines,Antigout medicines,drug,41291813,TRUE,febuxostat 120 MG Delayed Release Oral Tablet [Adenuric] Box of 84 by Axicorp,RxNorm Extension,M04A_antigout_preparations,reviewed_seed,Imported from master codelists,Drug,standard,M04A_antigout_preparations
antigout_medicines,Antigout medicines,drug,41293846,TRUE,Allopurinol 300 MG Extended Release Oral Capsule Box of 100 by GDS,RxNorm Extension,M04A_antigout_preparations,reviewed_seed,Imported from master codelists,Drug,standard,M04A_antigout_preparations
antigout_medicines,Antigout medicines,drug,41293847,TRUE,Allopurinol 300 MG Oral Tablet [Allopurinol Heumann] Box of 500 by Heumann,RxNorm Extension,M04A_antigout_preparations,reviewed_seed,Imported from master codelists,Drug,standard,M04A_antigout_preparations
antigout_medicines,Antigout medicines,drug,41293848,TRUE,Allopurinol 300 MG Oral Tablet [Jenapurinol] Box of 100 by Mibe,RxNorm Extension,M04A_antigout_preparations,reviewed_seed,Imported from master codelists,Drug,standard,M04A_antigout_preparations
antigout_medicines,Antigout medicines,drug,41293849,TRUE,Allopurinol 300 MG Oral Tablet [Epidropal] Box of 30 by Fresenius,RxNorm Extension,M04A_antigout_preparations,reviewed_seed,Imported from master codelists,Drug,standard,M04A_antigout_preparations
antigout_medicines,Antigout medicines,drug,41293850,TRUE,Allopurinol 300 MG Oral Tablet [Bleminol] Box of 100 by Gepepharm,RxNorm Extension,M04A_antigout_preparations,reviewed_seed,Imported from master codelists,Drug,standard,M04A_antigout_preparations
antigout_medicines,Antigout medicines,drug,41293851,TRUE,Allopurinol 300 MG Oral Tablet [Allopurinol Heumann] Box of 100 by Norispharm,RxNorm Extension,M04A_antigout_preparations,reviewed_seed,Imported from master codelists,Drug,standard,M04A_antigout_preparations
antigout_medicines,Antigout medicines,drug,41293852,TRUE,Allopurinol 300 MG Oral Tablet [Allopurinol Acis] Box of 50 by Acis,RxNorm Extension,M04A_antigout_preparations,reviewed_seed,Imported from master codelists,Drug,standard,M04A_antigout_preparations
antigout_medicines,Antigout medicines,drug,41293853,TRUE,Allopurinol 300 MG Oral Tablet Box of 60 by Mibe,RxNorm Extension,M04A_antigout_preparations,reviewed_seed,Imported from master codelists,Drug,standard,M04A_antigout_preparations
antigout_medicines,Antigout medicines,drug,41293854,TRUE,Allopurinol 300 MG Oral Tablet Box of 20 by Aristo,RxNorm Extension,M04A_antigout_preparations,reviewed_seed,Imported from master codelists,Drug,standard,M04A_antigout_preparations
antigout_medicines,Antigout medicines,drug,41293855,TRUE,Allopurinol 100 MG Oral Tablet [Allopurinol Heumann] Box of 50 by Heumann,RxNorm Extension,M04A_antigout_preparations,reviewed_seed,Imported from master codelists,Drug,standard,M04A_antigout_preparations
antigout_medicines,Antigout medicines,drug,41293856,TRUE,Allopurinol 100 MG Oral Tablet [Uripurinol] Box of 20 by Azupharma,RxNorm Extension,M04A_antigout_preparations,reviewed_seed,Imported from master codelists,Drug,standard,M04A_antigout_preparations
antigout_medicines,Antigout medicines,drug,41293857,TRUE,Allopurinol 100 MG Oral Tablet [Epidropal] Box of 250 by Fresenius,RxNorm Extension,M04A_antigout_preparations,reviewed_seed,Imported from master codelists,Drug,standard,M04A_antigout_preparations
antigout_medicines,Antigout medicines,drug,41293858,TRUE,Allopurinol 100 MG Oral Tablet [Embarin] Box of 100 by Recordati,RxNorm Extension,M04A_antigout_preparations,reviewed_seed,Imported from master codelists,Drug,standard,M04A_antigout_preparations
antigout_medicines,Antigout medicines,drug,41293859,TRUE,Allopurinol 100 MG Oral Tablet [Bleminol] Box of 100 by Gepepharm,RxNorm Extension,M04A_antigout_preparations,reviewed_seed,Imported from master codelists,Drug,standard,M04A_antigout_preparations
antigout_medicines,Antigout medicines,drug,41293860,TRUE,Allopurinol 100 MG Oral Tablet Box of 50 by Ratiopharm,RxNorm Extension,M04A_antigout_preparations,reviewed_seed,Imported from master codelists,Drug,standard,M04A_antigout_preparations
antigout_medicines,Antigout medicines,drug,41293861,TRUE,Allopurinol 150 MG Oral Tablet [Allo Recip] Box of 100 by Recip,RxNorm Extension,M04A_antigout_preparations,reviewed_seed,Imported from master codelists,Drug,standard,M04A_antigout_preparations
antigout_medicines,Antigout medicines,drug,41295773,TRUE,Sulfinpyrazone 100 MG [Anturano],RxNorm Extension,M04A_antigout_preparations,reviewed_seed,Imported from master codelists,Drug,standard,M04A_antigout_preparations
antigout_medicines,Antigout medicines,drug,41298006,TRUE,Allopurinol 100 MG / Benzbromarone 20 MG [Allomaron],RxNorm Extension,M04A_antigout_preparations,reviewed_seed,Imported from master codelists,Drug,standard,M04A_antigout_preparations
antigout_medicines,Antigout medicines,drug,41298007,TRUE,Allopurinol 300 MG [Sigapurol Cr],RxNorm Extension,M04A_antigout_preparations,reviewed_seed,Imported from master codelists,Drug,standard,M04A_antigout_preparations
antigout_medicines,Antigout medicines,drug,41298010,TRUE,Allopurinol 100 MG [Uribenz],RxNorm Extension,M04A_antigout_preparations,reviewed_seed,Imported from master codelists,Drug,standard,M04A_antigout_preparations
antigout_medicines,Antigout medicines,drug,41298011,TRUE,Allopurinol 100 MG [Remid],RxNorm Extension,M04A_antigout_preparations,reviewed_seed,Imported from master codelists,Drug,standard,M04A_antigout_preparations
antigout_medicines,Antigout medicines,drug,41298012,TRUE,Allopurinol 100 MG [Bleminol],RxNorm Extension,M04A_antigout_preparations,reviewed_seed,Imported from master codelists,Drug,standard,M04A_antigout_preparations
antigout_medicines,Antigout medicines,drug,41300981,TRUE,Berberine / Colchicine / URTICA DIOICA preparation Oral Tablet [Cefarheumin],RxNorm Extension,M04A_antigout_preparations,reviewed_seed,Imported from master codelists,Drug,standard,M04A_antigout_preparations
antigout_medicines,Antigout medicines,drug,41301226,TRUE,Allopurinol Oral Granules [Zyloric],RxNorm Extension,M04A_antigout_preparations,reviewed_seed,Imported from master codelists,Drug,standard,M04A_antigout_preparations
antigout_medicines,Antigout medicines,drug,41301227,TRUE,Allopurinol Oral Tablet [Dabroson],RxNorm Extension,M04A_antigout_preparations,reviewed_seed,Imported from master codelists,Drug,standard,M04A_antigout_preparations
antigout_medicines,Antigout medicines,drug,41301229,TRUE,Allopurinol Oral Tablet [Allobeta],RxNorm Extension,M04A_antigout_preparations,reviewed_seed,Imported from master codelists,Drug,standard,M04A_antigout_preparations
antigout_medicines,Antigout medicines,drug,41304088,TRUE,febuxostat 80 MG Oral Tablet Box of 42,RxNorm Extension,M04A_antigout_preparations,reviewed_seed,Imported from master codelists,Drug,standard,M04A_antigout_preparations
antigout_medicines,Antigout medicines,drug,41304803,TRUE,Colchicine 0.5 MG Oral Tablet Box of 200,RxNorm Extension,M04A_antigout_preparations,reviewed_seed,Imported from master codelists,Drug,standard,M04A_antigout_preparations
antigout_medicines,Antigout medicines,drug,41305740,TRUE,Benzbromarone 40 MG Oral Tablet Box of 30,RxNorm Extension,M04A_antigout_preparations,reviewed_seed,Imported from master codelists,Drug,standard,M04A_antigout_preparations
antigout_medicines,Antigout medicines,drug,41306269,TRUE,Allopurinol 300 MG Oral Tablet Box of 200,RxNorm Extension,M04A_antigout_preparations,reviewed_seed,Imported from master codelists,Drug,standard,M04A_antigout_preparations
antigout_medicines,Antigout medicines,drug,41306270,TRUE,Allopurinol 300 MG Oral Tablet Box of 40,RxNorm Extension,M04A_antigout_preparations,reviewed_seed,Imported from master codelists,Drug,standard,M04A_antigout_preparations
antigout_medicines,Antigout medicines,drug,41306271,TRUE,Allopurinol 300 MG Oral Tablet Box of 15,RxNorm Extension,M04A_antigout_preparations,reviewed_seed,Imported from master codelists,Drug,standard,M04A_antigout_preparations
antigout_medicines,Antigout medicines,drug,41306272,TRUE,Allopurinol 100 MG Extended Release Oral Tablet Box of 300,RxNorm Extension,M04A_antigout_preparations,reviewed_seed,Imported from master codelists,Drug,standard,M04A_antigout_preparations
antigout_medicines,Antigout medicines,drug,41306273,TRUE,Allopurinol 100 MG Extended Release Oral Tablet Box of 30,RxNorm Extension,M04A_antigout_preparations,reviewed_seed,Imported from master codelists,Drug,standard,M04A_antigout_preparations
antigout_medicines,Antigout medicines,drug,41306274,TRUE,Allopurinol 100 MG Extended Release Oral Tablet Box of 10,RxNorm Extension,M04A_antigout_preparations,reviewed_seed,Imported from master codelists,Drug,standard,M04A_antigout_preparations
antigout_medicines,Antigout medicines,drug,41306275,TRUE,Allopurinol 100 MG Oral Tablet Box of 3000,RxNorm Extension,M04A_antigout_preparations,reviewed_seed,Imported from master codelists,Drug,standard,M04A_antigout_preparations
antigout_medicines,Antigout medicines,drug,41308760,TRUE,Rasburicase 7.5 MG Injectable Solution [Fasturtec] Box of 1,RxNorm Extension,M04A_antigout_preparations,reviewed_seed,Imported from master codelists,Drug,standard,M04A_antigout_preparations
antigout_medicines,Antigout medicines,drug,41314156,TRUE,febuxostat 80 MG Delayed Release Oral Tablet [Adenuric] Box of 98,RxNorm Extension,M04A_antigout_preparations,reviewed_seed,Imported from master codelists,Drug,standard,M04A_antigout_preparations
antigout_medicines,Antigout medicines,drug,41314157,TRUE,febuxostat 120 MG Delayed Release Oral Tablet [Adenuric] Box of 84,RxNorm Extension,M04A_antigout_preparations,reviewed_seed,Imported from master codelists,Drug,standard,M04A_antigout_preparations
antigout_medicines,Antigout medicines,drug,41315727,TRUE,Colchicine 0.0167 MG/ML Oral Solution [Colchysat],RxNorm Extension,M04A_antigout_preparations,reviewed_seed,Imported from master codelists,Drug,standard,M04A_antigout_preparations
antigout_medicines,Antigout medicines,drug,41317583,TRUE,Benzbromarone 100 MG Oral Tablet [Benzbromaron Al] Box of 30,RxNorm Extension,M04A_antigout_preparations,reviewed_seed,Imported from master codelists,Drug,standard,M04A_antigout_preparations
antigout_medicines,Antigout medicines,drug,41318516,TRUE,Allopurinol 100 MG / Benzbromarone 20 MG Oral Tablet [Allomaron] Box of 420,RxNorm Extension,M04A_antigout_preparations,reviewed_seed,Imported from master codelists,Drug,standard,M04A_antigout_preparations
antigout_medicines,Antigout medicines,drug,41318517,TRUE,Allopurinol 100 MG / Benzbromarone 20 MG Oral Tablet [Allomaron] Box of 84,RxNorm Extension,M04A_antigout_preparations,reviewed_seed,Imported from master codelists,Drug,standard,M04A_antigout_preparations
antigout_medicines,Antigout medicines,drug,41318518,TRUE,Allopurinol 100 MG / Benzbromarone 20 MG Oral Tablet [Acifugan] Box of 500,RxNorm Extension,M04A_antigout_preparations,reviewed_seed,Imported from master codelists,Drug,standard,M04A_antigout_preparations
antigout_medicines,Antigout medicines,drug,41318519,TRUE,Allopurinol 100 MG / Benzbromarone 20 MG Oral Tablet [Allomaron] Box of 50,RxNorm Extension,M04A_antigout_preparations,reviewed_seed,Imported from master codelists,Drug,standard,M04A_antigout_preparations
antigout_medicines,Antigout medicines,drug,41318520,TRUE,Allopurinol 300 MG Extended Release Oral Capsule [Urobenyl] Box of 30,RxNorm Extension,M04A_antigout_preparations,reviewed_seed,Imported from master codelists,Drug,standard,M04A_antigout_preparations
antigout_medicines,Antigout medicines,drug,41318521,TRUE,Allopurinol 300 MG Extended Release Oral Tablet [Allo Efeka] Box of 100,RxNorm Extension,M04A_antigout_preparations,reviewed_seed,Imported from master codelists,Drug,standard,M04A_antigout_preparations
antigout_medicines,Antigout medicines,drug,41318522,TRUE,Allopurinol 300 MG Extended Release Oral Tablet [Allo Efeka] Box of 30,RxNorm Extension,M04A_antigout_preparations,reviewed_seed,Imported from master codelists,Drug,standard,M04A_antigout_preparations
antigout_medicines,Antigout medicines,drug,41318523,TRUE,Allopurinol 300 MG Oral Tablet [Uripurinol] Box of 20,RxNorm Extension,M04A_antigout_preparations,reviewed_seed,Imported from master codelists,Drug,standard,M04A_antigout_preparations
antigout_medicines,Antigout medicines,drug,41318524,TRUE,Allopurinol 300 MG Oral Tablet [Foligan] Box of 500,RxNorm Extension,M04A_antigout_preparations,reviewed_seed,Imported from master codelists,Drug,standard,M04A_antigout_preparations
antigout_medicines,Antigout medicines,drug,41318526,TRUE,Allopurinol 300 MG Oral Tablet [Allopurinol Hexal],RxNorm Extension,M04A_antigout_preparations,reviewed_seed,Imported from master codelists,Drug,standard,M04A_antigout_preparations
antigout_medicines,Antigout medicines,drug,41318528,TRUE,Allopurinol 300 MG Oral Tablet [Allopurinol Acis] Box of 30,RxNorm Extension,M04A_antigout_preparations,reviewed_seed,Imported from master codelists,Drug,standard,M04A_antigout_preparations
antigout_medicines,Antigout medicines,drug,41318529,TRUE,Allopurinol 300 MG Oral Tablet [Allopurinol Abz] Box of 50,RxNorm Extension,M04A_antigout_preparations,reviewed_seed,Imported from master codelists,Drug,standard,M04A_antigout_preparations
antigout_medicines,Antigout medicines,drug,41318530,TRUE,Allopurinol 300 MG Oral Tablet [Allopurinol Abz] Box of 30,RxNorm Extension,M04A_antigout_preparations,reviewed_seed,Imported from master codelists,Drug,standard,M04A_antigout_preparations
antigout_medicines,Antigout medicines,drug,41318531,TRUE,Allopurinol 300 MG Oral Tablet [Allobeta] Box of 30,RxNorm Extension,M04A_antigout_preparations,reviewed_seed,Imported from master codelists,Drug,standard,M04A_antigout_preparations
antigout_medicines,Antigout medicines,drug,41318532,TRUE,Allopurinol 300 MG Oral Tablet [Allo-Ct] Box of 30,RxNorm Extension,M04A_antigout_preparations,reviewed_seed,Imported from master codelists,Drug,standard,M04A_antigout_preparations
antigout_medicines,Antigout medicines,drug,41318534,TRUE,Allopurinol 300 MG Oral Tablet [Allo 1a Pharma] Box of 50,RxNorm Extension,M04A_antigout_preparations,reviewed_seed,Imported from master codelists,Drug,standard,M04A_antigout_preparations
antigout_medicines,Antigout medicines,drug,41318535,TRUE,Allopurinol 300 MG Oral Tablet [Allo 1a Pharma],RxNorm Extension,M04A_antigout_preparations,reviewed_seed,Imported from master codelists,Drug,standard,M04A_antigout_preparations
antigout_medicines,Antigout medicines,drug,41318536,TRUE,Allopurinol 100 MG Extended Release Oral Tablet [Remid],RxNorm Extension,M04A_antigout_preparations,reviewed_seed,Imported from master codelists,Drug,standard,M04A_antigout_preparations
antigout_medicines,Antigout medicines,drug,41318537,TRUE,Allopurinol 100 MG Oral Tablet [Uripurinol] Box of 100,RxNorm Extension,M04A_antigout_preparations,reviewed_seed,Imported from master codelists,Drug,standard,M04A_antigout_preparations
antigout_medicines,Antigout medicines,drug,41318538,TRUE,Allopurinol 100 MG Oral Tablet [Uripurinol] Box of 50,RxNorm Extension,M04A_antigout_preparations,reviewed_seed,Imported from master codelists,Drug,standard,M04A_antigout_preparations
antigout_medicines,Antigout medicines,drug,41318541,TRUE,Allopurinol 100 MG Oral Tablet [Cellidrin] Box of 100,RxNorm Extension,M04A_antigout_preparations,reviewed_seed,Imported from master codelists,Drug,standard,M04A_antigout_preparations
antigout_medicines,Antigout medicines,drug,41318542,TRUE,Allopurinol 100 MG Oral Tablet [ALLOPURINOL SANDOZ] Box of 50,RxNorm Extension,M04A_antigout_preparations,reviewed_seed,Imported from master codelists,Drug,standard,M04A_antigout_preparations
antigout_medicines,Antigout medicines,drug,41318545,TRUE,Allopurinol 100 MG Oral Tablet [Allopurinol 1a],RxNorm Extension,M04A_antigout_preparations,reviewed_seed,Imported from master codelists,Drug,standard,M04A_antigout_preparations
antigout_medicines,Antigout medicines,drug,41318546,TRUE,Allopurinol 150 MG Oral Tablet [Allo Recip],RxNorm Extension,M04A_antigout_preparations,reviewed_seed,Imported from master codelists,Drug,standard,M04A_antigout_preparations
antigout_medicines,Antigout medicines,drug,41320444,TRUE,Probenecid 500 MG Oral Tablet Box of 100 by Biokanol,RxNorm Extension,M04A_antigout_preparations,reviewed_seed,Imported from master codelists,Drug,standard,M04A_antigout_preparations
antigout_medicines,Antigout medicines,drug,41323147,TRUE,febuxostat 120 MG Oral Tablet [Adenuric] Box of 84 by Kohlpharma,RxNorm Extension,M04A_antigout_preparations,reviewed_seed,Imported from master codelists,Drug,standard,M04A_antigout_preparations
antigout_medicines,Antigout medicines,drug,41323148,TRUE,febuxostat 120 MG Oral Tablet [Adenuric] Box of 84 by Emra-Med,RxNorm Extension,M04A_antigout_preparations,reviewed_seed,Imported from master codelists,Drug,standard,M04A_antigout_preparations
antigout_medicines,Antigout medicines,drug,41325179,TRUE,Allopurinol 300 MG Extended Release Oral Tablet [Allopurinol Heumann] Box of 100 by Heumann,RxNorm Extension,M04A_antigout_preparations,reviewed_seed,Imported from master codelists,Drug,standard,M04A_antigout_preparations
antigout_medicines,Antigout medicines,drug,41325180,TRUE,Allopurinol 300 MG Oral Tablet [Urtias] Box of 100 by Novartis,RxNorm Extension,M04A_antigout_preparations,reviewed_seed,Imported from master codelists,Drug,standard,M04A_antigout_preparations
antigout_medicines,Antigout medicines,drug,41325181,TRUE,Allopurinol 300 MG Oral Tablet [Uripurinol] Box of 20 by Azupharma,RxNorm Extension,M04A_antigout_preparations,reviewed_seed,Imported from master codelists,Drug,standard,M04A_antigout_preparations
antigout_medicines,Antigout medicines,drug,41325182,TRUE,Allopurinol 300 MG Oral Tablet [Jenapurinol] Box of 50 by Jenapharm,RxNorm Extension,M04A_antigout_preparations,reviewed_seed,Imported from master codelists,Drug,standard,M04A_antigout_preparations
antigout_medicines,Antigout medicines,drug,41325183,TRUE,Allopurinol 300 MG Oral Tablet [Allopurinol Acis] Box of 100 by Acis,RxNorm Extension,M04A_antigout_preparations,reviewed_seed,Imported from master codelists,Drug,standard,M04A_antigout_preparations
antigout_medicines,Antigout medicines,drug,41325184,TRUE,Allopurinol 300 MG Oral Tablet [Allopurinol Abz] Box of 30 by AbZ-Pharma,RxNorm Extension,M04A_antigout_preparations,reviewed_seed,Imported from master codelists,Drug,standard,M04A_antigout_preparations
antigout_medicines,Antigout medicines,drug,41325185,TRUE,Allopurinol 300 MG Oral Tablet [Allopurinol 1a] Box of 30 by 1 A,RxNorm Extension,M04A_antigout_preparations,reviewed_seed,Imported from master codelists,Drug,standard,M04A_antigout_preparations
antigout_medicines,Antigout medicines,drug,41325186,TRUE,Allopurinol 300 MG Oral Tablet Box of 100 by Puren,RxNorm Extension,M04A_antigout_preparations,reviewed_seed,Imported from master codelists,Drug,standard,M04A_antigout_preparations
antigout_medicines,Antigout medicines,drug,41325187,TRUE,Allopurinol 300 MG Oral Tablet Box of 84 by Pfizer,RxNorm Extension,M04A_antigout_preparations,reviewed_seed,Imported from master codelists,Drug,standard,M04A_antigout_preparations
antigout_medicines,Antigout medicines,drug,41325188,TRUE,Allopurinol 300 MG Oral Tablet Box of 50 by Pfizer,RxNorm Extension,M04A_antigout_preparations,reviewed_seed,Imported from master codelists,Drug,standard,M04A_antigout_preparations
antigout_medicines,Antigout medicines,drug,41325189,TRUE,Allopurinol 300 MG Oral Tablet Box of 50 by Heumann,RxNorm Extension,M04A_antigout_preparations,reviewed_seed,Imported from master codelists,Drug,standard,M04A_antigout_preparations
antigout_medicines,Antigout medicines,drug,41325190,TRUE,Allopurinol 100 MG Oral Tablet [Urtias] Box of 200 by Novartis,RxNorm Extension,M04A_antigout_preparations,reviewed_seed,Imported from master codelists,Drug,standard,M04A_antigout_preparations
antigout_medicines,Antigout medicines,drug,41325191,TRUE,Allopurinol 100 MG Oral Tablet [Urosin] Box of 100 by Roche,RxNorm Extension,M04A_antigout_preparations,reviewed_seed,Imported from master codelists,Drug,standard,M04A_antigout_preparations
antigout_medicines,Antigout medicines,drug,41325192,TRUE,Allopurinol 100 MG Oral Tablet [Foligan] Box of 100 by Sanofi,RxNorm Extension,M04A_antigout_preparations,reviewed_seed,Imported from master codelists,Drug,standard,M04A_antigout_preparations
antigout_medicines,Antigout medicines,drug,41325193,TRUE,Allopurinol 100 MG Oral Tablet [Allopurinol Hexal] Box of 100 by Novartis,RxNorm Extension,M04A_antigout_preparations,reviewed_seed,Imported from master codelists,Drug,standard,M04A_antigout_preparations
antigout_medicines,Antigout medicines,drug,41325194,TRUE,Allopurinol 100 MG Oral Tablet [Allo 1a Pharma] Box of 100 by 1 A,RxNorm Extension,M04A_antigout_preparations,reviewed_seed,Imported from master codelists,Drug,standard,M04A_antigout_preparations
antigout_medicines,Antigout medicines,drug,41325195,TRUE,Allopurinol 100 MG Oral Tablet Box of 50 by Pfizer,RxNorm Extension,M04A_antigout_preparations,reviewed_seed,Imported from master codelists,Drug,standard,M04A_antigout_preparations
antigout_medicines,Antigout medicines,drug,41367035,TRUE,10 ML Colchicine 0.5 MG/ML Oral Solution [Colchysat],RxNorm Extension,M04A_antigout_preparations,reviewed_seed,Imported from master codelists,Drug,standard,M04A_antigout_preparations
antigout_medicines,Antigout medicines,drug,41368159,TRUE,10 ML Colchicine 0.5 MG/ML Oral Solution,RxNorm Extension,M04A_antigout_preparations,reviewed_seed,Imported from master codelists,Drug,standard,M04A_antigout_preparations
antigout_medicines,Antigout medicines,drug,41376198,TRUE,20 ML Colchicine 0.5 MG/ML Oral Solution [Colchysat],RxNorm Extension,M04A_antigout_preparations,reviewed_seed,Imported from master codelists,Drug,standard,M04A_antigout_preparations
antigout_medicines,Antigout medicines,drug,41377844,TRUE,20 ML Colchicine 0.5 MG/ML Oral Solution,RxNorm Extension,M04A_antigout_preparations,reviewed_seed,Imported from master codelists,Drug,standard,M04A_antigout_preparations
antigout_medicines,Antigout medicines,drug,41378870,TRUE,20 ML Colchicine 0.5 MG/ML Oral Solution [Colchysat] Box of 1 by Ysatfabrik,RxNorm Extension,M04A_antigout_preparations,reviewed_seed,Imported from master codelists,Drug,standard,M04A_antigout_preparations
antigout_medicines,Antigout medicines,drug,41379512,TRUE,20 ML Colchicine 0.5 MG/ML Oral Solution [Colchysat] Box of 1,RxNorm Extension,M04A_antigout_preparations,reviewed_seed,Imported from master codelists,Drug,standard,M04A_antigout_preparations
antigout_medicines,Antigout medicines,drug,41382088,TRUE,20 ML Colchicine 0.5 MG/ML Oral Solution Box of 1,RxNorm Extension,M04A_antigout_preparations,reviewed_seed,Imported from master codelists,Drug,standard,M04A_antigout_preparations
antigout_medicines,Antigout medicines,drug,41385416,TRUE,30 ML Colchicine 0.5 MG/ML Oral Solution [Colchysat],RxNorm Extension,M04A_antigout_preparations,reviewed_seed,Imported from master codelists,Drug,standard,M04A_antigout_preparations
antigout_medicines,Antigout medicines,drug,41385721,TRUE,30 ML Colchicine 0.0167 MG/ML Oral Solution [Colchysat],RxNorm Extension,M04A_antigout_preparations,reviewed_seed,Imported from master codelists,Drug,standard,M04A_antigout_preparations
antigout_medicines,Antigout medicines,drug,41386027,TRUE,30 ML Colchicine 0.0167 MG/ML Oral Solution [Colchysat] Box of 1,RxNorm Extension,M04A_antigout_preparations,reviewed_seed,Imported from master codelists,Drug,standard,M04A_antigout_preparations
antigout_medicines,Antigout medicines,drug,41388277,TRUE,30 ML Colchicine 0.5 MG/ML Oral Solution [Colchysat] Box of 1,RxNorm Extension,M04A_antigout_preparations,reviewed_seed,Imported from master codelists,Drug,standard,M04A_antigout_preparations
antigout_medicines,Antigout medicines,drug,41388703,TRUE,30 ML Colchicine 0.0167 MG/ML Oral Solution,RxNorm Extension,M04A_antigout_preparations,reviewed_seed,Imported from master codelists,Drug,standard,M04A_antigout_preparations
antigout_medicines,Antigout medicines,drug,41389266,TRUE,30 ML Colchicine 0.5 MG/ML Oral Solution Box of 1,RxNorm Extension,M04A_antigout_preparations,reviewed_seed,Imported from master codelists,Drug,standard,M04A_antigout_preparations
antigout_medicines,Antigout medicines,drug,41389267,TRUE,30 ML Colchicine 0.5 MG/ML Oral Solution,RxNorm Extension,M04A_antigout_preparations,reviewed_seed,Imported from master codelists,Drug,standard,M04A_antigout_preparations
antigout_medicines,Antigout medicines,drug,41389268,TRUE,30 ML Colchicine 0.0167 MG/ML Oral Solution Box of 1,RxNorm Extension,M04A_antigout_preparations,reviewed_seed,Imported from master codelists,Drug,standard,M04A_antigout_preparations
antigout_medicines,Antigout medicines,drug,41389491,TRUE,30 ML Colchicine 0.0167 MG/ML Oral Solution [Colchysat] Box of 1 by Ysatfabrik,RxNorm Extension,M04A_antigout_preparations,reviewed_seed,Imported from master codelists,Drug,standard,M04A_antigout_preparations
antigout_medicines,Antigout medicines,drug,41414448,TRUE,100 ML Colchicine 0.005 MG/ML Oral Solution [Colchysat] Box of 1,RxNorm Extension,M04A_antigout_preparations,reviewed_seed,Imported from master codelists,Drug,standard,M04A_antigout_preparations
antigout_medicines,Antigout medicines,drug,41414449,TRUE,100 ML Colchicine 0.5 MG/ML Oral Solution [Colchysat],RxNorm Extension,M04A_antigout_preparations,reviewed_seed,Imported from master codelists,Drug,standard,M04A_antigout_preparations
antigout_medicines,Antigout medicines,drug,41417455,TRUE,100 ML Colchicine 0.5 MG/ML Oral Solution,RxNorm Extension,M04A_antigout_preparations,reviewed_seed,Imported from master codelists,Drug,standard,M04A_antigout_preparations
antigout_medicines,Antigout medicines,drug,41418344,TRUE,100 ML Colchicine 0.005 MG/ML Oral Solution,RxNorm Extension,M04A_antigout_preparations,reviewed_seed,Imported from master codelists,Drug,standard,M04A_antigout_preparations
antigout_medicines,Antigout medicines,drug,41419208,TRUE,100 ML Colchicine 0.005 MG/ML Oral Solution Box of 1,RxNorm Extension,M04A_antigout_preparations,reviewed_seed,Imported from master codelists,Drug,standard,M04A_antigout_preparations
antigout_medicines,Antigout medicines,drug,41420717,TRUE,100 ML Colchicine 0.005 MG/ML Oral Solution [Colchysat] Box of 1 by Ysatfabrik,RxNorm Extension,M04A_antigout_preparations,reviewed_seed,Imported from master codelists,Drug,standard,M04A_antigout_preparations
antigout_medicines,Antigout medicines,drug,41423868,TRUE,100 ML Colchicine 0.005 MG/ML Oral Solution [Colchysat],RxNorm Extension,M04A_antigout_preparations,reviewed_seed,Imported from master codelists,Drug,standard,M04A_antigout_preparations
antigout_medicines,Antigout medicines,drug,41423869,TRUE,100 ML Colchicine 0.5 MG/ML Oral Solution [Colchysat] Box of 1,RxNorm Extension,M04A_antigout_preparations,reviewed_seed,Imported from master codelists,Drug,standard,M04A_antigout_preparations
antigout_medicines,Antigout medicines,drug,41425200,TRUE,100 ML Colchicine 0.5 MG/ML Oral Solution Box of 1,RxNorm Extension,M04A_antigout_preparations,reviewed_seed,Imported from master codelists,Drug,standard,M04A_antigout_preparations
antigout_medicines,Antigout medicines,drug,41428970,TRUE,150 ML Colchicine 0.5 MG/ML Oral Solution,RxNorm Extension,M04A_antigout_preparations,reviewed_seed,Imported from master codelists,Drug,standard,M04A_antigout_preparations
antigout_medicines,Antigout medicines,drug,41429402,TRUE,150 ML Colchicine 0.5 MG/ML Oral Solution [Colchysat],RxNorm Extension,M04A_antigout_preparations,reviewed_seed,Imported from master codelists,Drug,standard,M04A_antigout_preparations
antigout_medicines,Antigout medicines,drug,41429775,TRUE,150 ML Colchicine 0.5 MG/ML Oral Solution [Colchysat] Box of 1,RxNorm Extension,M04A_antigout_preparations,reviewed_seed,Imported from master codelists,Drug,standard,M04A_antigout_preparations
antigout_medicines,Antigout medicines,drug,41429988,TRUE,150 ML Colchicine 0.5 MG/ML Oral Solution Box of 1,RxNorm Extension,M04A_antigout_preparations,reviewed_seed,Imported from master codelists,Drug,standard,M04A_antigout_preparations
antigout_medicines,Antigout medicines,drug,41430149,TRUE,150 ML Colchicine 0.5 MG/ML Oral Solution [Colchysat] Box of 1 by Ysatfabrik,RxNorm Extension,M04A_antigout_preparations,reviewed_seed,Imported from master codelists,Drug,standard,M04A_antigout_preparations
antigout_medicines,Antigout medicines,drug,41447335,TRUE,1000 ML Colchicine 0.5 MG/ML Oral Solution,RxNorm Extension,M04A_antigout_preparations,reviewed_seed,Imported from master codelists,Drug,standard,M04A_antigout_preparations
antigout_medicines,Antigout medicines,drug,41448592,TRUE,1000 ML Colchicine 0.5 MG/ML Oral Solution [Colchysat] Box of 1,RxNorm Extension,M04A_antigout_preparations,reviewed_seed,Imported from master codelists,Drug,standard,M04A_antigout_preparations
antigout_medicines,Antigout medicines,drug,41448811,TRUE,1000 ML Colchicine 0.5 MG/ML Oral Solution Box of 1,RxNorm Extension,M04A_antigout_preparations,reviewed_seed,Imported from master codelists,Drug,standard,M04A_antigout_preparations
antigout_medicines,Antigout medicines,drug,41449194,TRUE,1000 ML Colchicine 0.5 MG/ML Oral Solution [Colchysat],RxNorm Extension,M04A_antigout_preparations,reviewed_seed,Imported from master codelists,Drug,standard,M04A_antigout_preparations
antigout_medicines,Antigout medicines,drug,41449748,TRUE,1000 ML Colchicine 0.5 MG/ML Oral Solution [Colchysat] Box of 1 by Ysatfabrik,RxNorm Extension,M04A_antigout_preparations,reviewed_seed,Imported from master codelists,Drug,standard,M04A_antigout_preparations
antigout_medicines,Antigout medicines,drug,41466084,TRUE,2990 MG Benzbromarone 0.0167 MG/MG Oral Granules [Harolan] Box of 90,RxNorm Extension,M04A_antigout_preparations,reviewed_seed,Imported from master codelists,Drug,standard,M04A_antigout_preparations
antigout_medicines,Antigout medicines,drug,41466133,TRUE,2990 MG Benzbromarone 0.0167 MG/MG Oral Granules [Harolan] Box of 30,RxNorm Extension,M04A_antigout_preparations,reviewed_seed,Imported from master codelists,Drug,standard,M04A_antigout_preparations
antigout_medicines,Antigout medicines,drug,41466172,TRUE,2990 MG Benzbromarone 0.0167 MG/MG Oral Granules,RxNorm Extension,M04A_antigout_preparations,reviewed_seed,Imported from master codelists,Drug,standard,M04A_antigout_preparations
antigout_medicines,Antigout medicines,drug,41466305,TRUE,2990 MG Benzbromarone 0.0167 MG/MG Oral Granules [Harolan],RxNorm Extension,M04A_antigout_preparations,reviewed_seed,Imported from master codelists,Drug,standard,M04A_antigout_preparations
antigout_medicines,Antigout medicines,drug,41466411,TRUE,2990 MG Benzbromarone 0.0167 MG/MG Oral Granules Box of 30,RxNorm Extension,M04A_antigout_preparations,reviewed_seed,Imported from master codelists,Drug,standard,M04A_antigout_preparations
antigout_medicines,Antigout medicines,drug,41466446,TRUE,2990 MG Benzbromarone 0.0167 MG/MG Oral Granules [Harolan] Box of 30 by Merz,RxNorm Extension,M04A_antigout_preparations,reviewed_seed,Imported from master codelists,Drug,standard,M04A_antigout_preparations
antigout_medicines,Antigout medicines,drug,41466777,TRUE,2990 MG Benzbromarone 0.0167 MG/MG Oral Granules Box of 90,RxNorm Extension,M04A_antigout_preparations,reviewed_seed,Imported from master codelists,Drug,standard,M04A_antigout_preparations
antigout_medicines,Antigout medicines,drug,41467525,TRUE,3000 MG Benzbromarone 0.0167 MG/MG Oral Granules [Harolan] Box of 30,RxNorm Extension,M04A_antigout_preparations,reviewed_seed,Imported from master codelists,Drug,standard,M04A_antigout_preparations
antigout_medicines,Antigout medicines,drug,41467907,TRUE,3000 MG Benzbromarone 0.0167 MG/MG Oral Granules [Harolan] Box of 30 by Merz,RxNorm Extension,M04A_antigout_preparations,reviewed_seed,Imported from master codelists,Drug,standard,M04A_antigout_preparations
antigout_medicines,Antigout medicines,drug,41467923,TRUE,3000 MG Benzbromarone 0.0167 MG/MG Oral Granules Box of 90,RxNorm Extension,M04A_antigout_preparations,reviewed_seed,Imported from master codelists,Drug,standard,M04A_antigout_preparations
antigout_medicines,Antigout medicines,drug,41467973,TRUE,3000 MG Benzbromarone 0.0167 MG/MG Oral Granules Box of 30,RxNorm Extension,M04A_antigout_preparations,reviewed_seed,Imported from master codelists,Drug,standard,M04A_antigout_preparations
antigout_medicines,Antigout medicines,drug,41467974,TRUE,3000 MG Benzbromarone 0.0167 MG/MG Oral Granules,RxNorm Extension,M04A_antigout_preparations,reviewed_seed,Imported from master codelists,Drug,standard,M04A_antigout_preparations
antigout_medicines,Antigout medicines,drug,41468060,TRUE,3000 MG Benzbromarone 0.0167 MG/MG Oral Granules [Harolan],RxNorm Extension,M04A_antigout_preparations,reviewed_seed,Imported from master codelists,Drug,standard,M04A_antigout_preparations
antigout_medicines,Antigout medicines,drug,41468120,TRUE,3000 MG Benzbromarone 0.0167 MG/MG Oral Granules [Harolan] Box of 90,RxNorm Extension,M04A_antigout_preparations,reviewed_seed,Imported from master codelists,Drug,standard,M04A_antigout_preparations
antigout_medicines,Antigout medicines,drug,41468609,TRUE,3030 MG Benzbromarone 0.0167 MG/MG Oral Granules [Harolan] Box of 90,RxNorm Extension,M04A_antigout_preparations,reviewed_seed,Imported from master codelists,Drug,standard,M04A_antigout_preparations
antigout_medicines,Antigout medicines,drug,41468701,TRUE,3030 MG Benzbromarone 0.0167 MG/MG Oral Granules Box of 30,RxNorm Extension,M04A_antigout_preparations,reviewed_seed,Imported from master codelists,Drug,standard,M04A_antigout_preparations
antigout_medicines,Antigout medicines,drug,41468803,TRUE,3030 MG Benzbromarone 0.0167 MG/MG Oral Granules [Harolan] Box of 30 by Merz,RxNorm Extension,M04A_antigout_preparations,reviewed_seed,Imported from master codelists,Drug,standard,M04A_antigout_preparations
antigout_medicines,Antigout medicines,drug,41468985,TRUE,3030 MG Benzbromarone 0.0167 MG/MG Oral Granules,RxNorm Extension,M04A_antigout_preparations,reviewed_seed,Imported from master codelists,Drug,standard,M04A_antigout_preparations
antigout_medicines,Antigout medicines,drug,41469058,TRUE,3030 MG Benzbromarone 0.0167 MG/MG Oral Granules Box of 90,RxNorm Extension,M04A_antigout_preparations,reviewed_seed,Imported from master codelists,Drug,standard,M04A_antigout_preparations
antigout_medicines,Antigout medicines,drug,41469075,TRUE,3030 MG Benzbromarone 0.0167 MG/MG Oral Granules [Harolan] Box of 30,RxNorm Extension,M04A_antigout_preparations,reviewed_seed,Imported from master codelists,Drug,standard,M04A_antigout_preparations
antigout_medicines,Antigout medicines,drug,41469139,TRUE,3030 MG Benzbromarone 0.0167 MG/MG Oral Granules [Harolan],RxNorm Extension,M04A_antigout_preparations,reviewed_seed,Imported from master codelists,Drug,standard,M04A_antigout_preparations
antigout_medicines,Antigout medicines,drug,42629463,TRUE,rasburicase 1.5 MG,RxNorm,M04A_antigout_preparations,reviewed_seed,Imported from master codelists,Drug,standard,M04A_antigout_preparations
antigout_medicines,Antigout medicines,drug,42629464,TRUE,rasburicase Injection,RxNorm,M04A_antigout_preparations,reviewed_seed,Imported from master codelists,Drug,standard,M04A_antigout_preparations
antigout_medicines,Antigout medicines,drug,42629465,TRUE,rasburicase 1.5 MG Injection,RxNorm,M04A_antigout_preparations,reviewed_seed,Imported from master codelists,Drug,standard,M04A_antigout_preparations
antigout_medicines,Antigout medicines,drug,42629466,TRUE,rasburicase 1.5 MG [Elitek],RxNorm,M04A_antigout_preparations,reviewed_seed,Imported from master codelists,Drug,standard,M04A_antigout_preparations
antigout_medicines,Antigout medicines,drug,42629467,TRUE,rasburicase Injection [Elitek],RxNorm,M04A_antigout_preparations,reviewed_seed,Imported from master codelists,Drug,standard,M04A_antigout_preparations
antigout_medicines,Antigout medicines,drug,42629468,TRUE,rasburicase 1.5 MG Injection [Elitek],RxNorm,M04A_antigout_preparations,reviewed_seed,Imported from master codelists,Drug,standard,M04A_antigout_preparations
antigout_medicines,Antigout medicines,drug,42629469,TRUE,rasburicase 7.5 MG,RxNorm,M04A_antigout_preparations,reviewed_seed,Imported from master codelists,Drug,standard,M04A_antigout_preparations
antigout_medicines,Antigout medicines,drug,42629470,TRUE,rasburicase 7.5 MG Injection,RxNorm,M04A_antigout_preparations,reviewed_seed,Imported from master codelists,Drug,standard,M04A_antigout_preparations
antigout_medicines,Antigout medicines,drug,42629471,TRUE,rasburicase 7.5 MG [Elitek],RxNorm,M04A_antigout_preparations,reviewed_seed,Imported from master codelists,Drug,standard,M04A_antigout_preparations
antigout_medicines,Antigout medicines,drug,42629472,TRUE,rasburicase 7.5 MG Injection [Elitek],RxNorm,M04A_antigout_preparations,reviewed_seed,Imported from master codelists,Drug,standard,M04A_antigout_preparations
antigout_medicines,Antigout medicines,drug,42655419,TRUE,febuxostat 80 MG Oral Tablet Box of 28 by TEVA,RxNorm Extension,M04A_antigout_preparations,reviewed_seed,Imported from master codelists,Drug,standard,M04A_antigout_preparations
antigout_medicines,Antigout medicines,drug,42655420,TRUE,febuxostat 80 MG Oral Tablet Box of 84 by Mylan,RxNorm Extension,M04A_antigout_preparations,reviewed_seed,Imported from master codelists,Drug,standard,M04A_antigout_preparations
antigout_medicines,Antigout medicines,drug,42655421,TRUE,febuxostat 80 MG Oral Tablet Box of 84 by Aurobindo,RxNorm Extension,M04A_antigout_preparations,reviewed_seed,Imported from master codelists,Drug,standard,M04A_antigout_preparations
antigout_medicines,Antigout medicines,drug,42655422,TRUE,febuxostat 80 MG Oral Tablet Box of 84 by Sandoz,RxNorm Extension,M04A_antigout_preparations,reviewed_seed,Imported from master codelists,Drug,standard,M04A_antigout_preparations
antigout_medicines,Antigout medicines,drug,42655423,TRUE,febuxostat 80 MG Oral Tablet Box of 98 by TEVA,RxNorm Extension,M04A_antigout_preparations,reviewed_seed,Imported from master codelists,Drug,standard,M04A_antigout_preparations
antigout_medicines,Antigout medicines,drug,42655424,TRUE,febuxostat 80 MG Oral Tablet Box of 98 by Eurogenerics,RxNorm Extension,M04A_antigout_preparations,reviewed_seed,Imported from master codelists,Drug,standard,M04A_antigout_preparations
antigout_medicines,Antigout medicines,drug,42655425,TRUE,febuxostat 120 MG Oral Tablet Box of 28 by TEVA,RxNorm Extension,M04A_antigout_preparations,reviewed_seed,Imported from master codelists,Drug,standard,M04A_antigout_preparations
antigout_medicines,Antigout medicines,drug,42655426,TRUE,febuxostat 120 MG Oral Tablet Box of 84 by Mylan,RxNorm Extension,M04A_antigout_preparations,reviewed_seed,Imported from master codelists,Drug,standard,M04A_antigout_preparations
antigout_medicines,Antigout medicines,drug,42655427,TRUE,febuxostat 120 MG Oral Tablet Box of 84 by Aurobindo,RxNorm Extension,M04A_antigout_preparations,reviewed_seed,Imported from master codelists,Drug,standard,M04A_antigout_preparations
antigout_medicines,Antigout medicines,drug,42655428,TRUE,febuxostat 120 MG Oral Tablet Box of 84 by Sandoz,RxNorm Extension,M04A_antigout_preparations,reviewed_seed,Imported from master codelists,Drug,standard,M04A_antigout_preparations
antigout_medicines,Antigout medicines,drug,42655429,TRUE,febuxostat 120 MG Oral Tablet Box of 98 by TEVA,RxNorm Extension,M04A_antigout_preparations,reviewed_seed,Imported from master codelists,Drug,standard,M04A_antigout_preparations
antigout_medicines,Antigout medicines,drug,42655430,TRUE,febuxostat 120 MG Oral Tablet Box of 98 by Eurogenerics,RxNorm Extension,M04A_antigout_preparations,reviewed_seed,Imported from master codelists,Drug,standard,M04A_antigout_preparations
antigout_medicines,Antigout medicines,drug,42656065,TRUE,Allopurinol 100 MG Oral Tablet Box of 100 by TEVA,RxNorm Extension,M04A_antigout_preparations,reviewed_seed,Imported from master codelists,Drug,standard,M04A_antigout_preparations
antigout_medicines,Antigout medicines,drug,42656066,TRUE,Allopurinol 100 MG Oral Tablet Box of 100 by Sandoz,RxNorm Extension,M04A_antigout_preparations,reviewed_seed,Imported from master codelists,Drug,standard,M04A_antigout_preparations
antigout_medicines,Antigout medicines,drug,42656067,TRUE,Allopurinol 300 MG Oral Tablet Box of 90 by Eurogenerics,RxNorm Extension,M04A_antigout_preparations,reviewed_seed,Imported from master codelists,Drug,standard,M04A_antigout_preparations
antigout_medicines,Antigout medicines,drug,42656068,TRUE,Allopurinol 300 MG Oral Tablet Box of 90 by Sandoz,RxNorm Extension,M04A_antigout_preparations,reviewed_seed,Imported from master codelists,Drug,standard,M04A_antigout_preparations
antigout_medicines,Antigout medicines,drug,42656069,TRUE,Allopurinol 300 MG Oral Tablet Box of 100 by TEVA,RxNorm Extension,M04A_antigout_preparations,reviewed_seed,Imported from master codelists,Drug,standard,M04A_antigout_preparations
antigout_medicines,Antigout medicines,drug,42683504,TRUE,Allopurinol 300 MG Oral Tablet Box of 90 by TEVA,RxNorm Extension,M04A_antigout_preparations,reviewed_seed,Imported from master codelists,Drug,standard,M04A_antigout_preparations
antigout_medicines,Antigout medicines,drug,42713426,TRUE,Colchicine 6 X,RxNorm Extension,M04A_antigout_preparations,reviewed_seed,Imported from master codelists,Drug,standard,M04A_antigout_preparations
antigout_medicines,Antigout medicines,drug,42731671,TRUE,{(Ampicillin 500 MG Oral Tablet) / (Probenecid 500 MG Oral Capsule) } Pack,RxNorm Extension,M04A_antigout_preparations,reviewed_seed,Imported from master codelists,Drug,standard,M04A_antigout_preparations
antigout_medicines,Antigout medicines,drug,42874790,TRUE,febuxostat Delayed Release Oral Tablet [FEBUXO],RxNorm Extension,M04A_antigout_preparations,reviewed_seed,Imported from master codelists,Drug,standard,M04A_antigout_preparations
antigout_medicines,Antigout medicines,drug,42874791,TRUE,febuxostat 80 MG Delayed Release Oral Tablet Box of 28 by Ratiopharm,RxNorm Extension,M04A_antigout_preparations,reviewed_seed,Imported from master codelists,Drug,standard,M04A_antigout_preparations
antigout_medicines,Antigout medicines,drug,42874792,TRUE,febuxostat 80 MG Delayed Release Oral Tablet Box of 28 by Aristo,RxNorm Extension,M04A_antigout_preparations,reviewed_seed,Imported from master codelists,Drug,standard,M04A_antigout_preparations
antigout_medicines,Antigout medicines,drug,42874793,TRUE,febuxostat 80 MG Delayed Release Oral Tablet Box of 28 by 1 A,RxNorm Extension,M04A_antigout_preparations,reviewed_seed,Imported from master codelists,Drug,standard,M04A_antigout_preparations
antigout_medicines,Antigout medicines,drug,42874794,TRUE,febuxostat 80 MG Delayed Release Oral Tablet Box of 28 by AbZ-Pharma,RxNorm Extension,M04A_antigout_preparations,reviewed_seed,Imported from master codelists,Drug,standard,M04A_antigout_preparations
antigout_medicines,Antigout medicines,drug,42874795,TRUE,febuxostat 80 MG Delayed Release Oral Tablet Box of 28 by Heumann,RxNorm Extension,M04A_antigout_preparations,reviewed_seed,Imported from master codelists,Drug,standard,M04A_antigout_preparations
antigout_medicines,Antigout medicines,drug,42874796,TRUE,febuxostat 80 MG Delayed Release Oral Tablet Box of 56,RxNorm Extension,M04A_antigout_preparations,reviewed_seed,Imported from master codelists,Drug,standard,M04A_antigout_preparations
antigout_medicines,Antigout medicines,drug,42874797,TRUE,febuxostat 80 MG Delayed Release Oral Tablet Box of 56 by Medical Valley,RxNorm Extension,M04A_antigout_preparations,reviewed_seed,Imported from master codelists,Drug,standard,M04A_antigout_preparations
antigout_medicines,Antigout medicines,drug,42874798,TRUE,febuxostat 80 MG Delayed Release Oral Tablet Box of 56 by Betapharm,RxNorm Extension,M04A_antigout_preparations,reviewed_seed,Imported from master codelists,Drug,standard,M04A_antigout_preparations
antigout_medicines,Antigout medicines,drug,42874799,TRUE,febuxostat 80 MG Delayed Release Oral Tablet Box of 84 by Mylan,RxNorm Extension,M04A_antigout_preparations,reviewed_seed,Imported from master codelists,Drug,standard,M04A_antigout_preparations
antigout_medicines,Antigout medicines,drug,42874800,TRUE,febuxostat 80 MG Delayed Release Oral Tablet Box of 84 by Puren,RxNorm Extension,M04A_antigout_preparations,reviewed_seed,Imported from master codelists,Drug,standard,M04A_antigout_preparations
antigout_medicines,Antigout medicines,drug,42874801,TRUE,febuxostat 80 MG Delayed Release Oral Tablet Box of 84 by Aristo,RxNorm Extension,M04A_antigout_preparations,reviewed_seed,Imported from master codelists,Drug,standard,M04A_antigout_preparations
antigout_medicines,Antigout medicines,drug,42874802,TRUE,febuxostat 80 MG Delayed Release Oral Tablet Box of 84 by Aliud,RxNorm Extension,M04A_antigout_preparations,reviewed_seed,Imported from master codelists,Drug,standard,M04A_antigout_preparations
antigout_medicines,Antigout medicines,drug,42874803,TRUE,febuxostat 80 MG Delayed Release Oral Tablet Box of 84 by AbZ-Pharma,RxNorm Extension,M04A_antigout_preparations,reviewed_seed,Imported from master codelists,Drug,standard,M04A_antigout_preparations
antigout_medicines,Antigout medicines,drug,42874804,TRUE,febuxostat 80 MG Delayed Release Oral Tablet [Adenuric] Box of 28 by Kohlpharma,RxNorm Extension,M04A_antigout_preparations,reviewed_seed,Imported from master codelists,Drug,standard,M04A_antigout_preparations
antigout_medicines,Antigout medicines,drug,42874805,TRUE,febuxostat 80 MG Delayed Release Oral Tablet [Adenuric] Box of 84 by Eurim-Pharm,RxNorm Extension,M04A_antigout_preparations,reviewed_seed,Imported from master codelists,Drug,standard,M04A_antigout_preparations
antigout_medicines,Antigout medicines,drug,42874806,TRUE,febuxostat 80 MG Delayed Release Oral Tablet [Adenuric] Box of 84 by Kohlpharma,RxNorm Extension,M04A_antigout_preparations,reviewed_seed,Imported from master codelists,Drug,standard,M04A_antigout_preparations
antigout_medicines,Antigout medicines,drug,42874807,TRUE,febuxostat 80 MG Delayed Release Oral Tablet [FEBUXO],RxNorm Extension,M04A_antigout_preparations,reviewed_seed,Imported from master codelists,Drug,standard,M04A_antigout_preparations
antigout_medicines,Antigout medicines,drug,42874808,TRUE,febuxostat 80 MG Delayed Release Oral Tablet [FEBUXO] Box of 28,RxNorm Extension,M04A_antigout_preparations,reviewed_seed,Imported from master codelists,Drug,standard,M04A_antigout_preparations
antigout_medicines,Antigout medicines,drug,42874809,TRUE,febuxostat 80 MG Oral Tablet Box of 28 by Ratiopharm,RxNorm Extension,M04A_antigout_preparations,reviewed_seed,Imported from master codelists,Drug,standard,M04A_antigout_preparations
antigout_medicines,Antigout medicines,drug,42874810,TRUE,febuxostat 80 MG Oral Tablet Box of 28 by Aristo,RxNorm Extension,M04A_antigout_preparations,reviewed_seed,Imported from master codelists,Drug,standard,M04A_antigout_preparations
antigout_medicines,Antigout medicines,drug,42874811,TRUE,febuxostat 80 MG Oral Tablet Box of 28 by 1 A,RxNorm Extension,M04A_antigout_preparations,reviewed_seed,Imported from master codelists,Drug,standard,M04A_antigout_preparations
antigout_medicines,Antigout medicines,drug,42874812,TRUE,febuxostat 80 MG Oral Tablet Box of 28 by AbZ-Pharma,RxNorm Extension,M04A_antigout_preparations,reviewed_seed,Imported from master codelists,Drug,standard,M04A_antigout_preparations
antigout_medicines,Antigout medicines,drug,42874813,TRUE,febuxostat 80 MG Oral Tablet Box of 28 by Heumann,RxNorm Extension,M04A_antigout_preparations,reviewed_seed,Imported from master codelists,Drug,standard,M04A_antigout_preparations
antigout_medicines,Antigout medicines,drug,42874814,TRUE,febuxostat 80 MG Oral Tablet Box of 56,RxNorm Extension,M04A_antigout_preparations,reviewed_seed,Imported from master codelists,Drug,standard,M04A_antigout_preparations
antigout_medicines,Antigout medicines,drug,42874815,TRUE,febuxostat 80 MG Oral Tablet Box of 56 by Medical Valley,RxNorm Extension,M04A_antigout_preparations,reviewed_seed,Imported from master codelists,Drug,standard,M04A_antigout_preparations
antigout_medicines,Antigout medicines,drug,42874816,TRUE,febuxostat 80 MG Oral Tablet Box of 56 by Betapharm,RxNorm Extension,M04A_antigout_preparations,reviewed_seed,Imported from master codelists,Drug,standard,M04A_antigout_preparations
antigout_medicines,Antigout medicines,drug,42874817,TRUE,febuxostat 80 MG Oral Tablet Box of 84 by Puren,RxNorm Extension,M04A_antigout_preparations,reviewed_seed,Imported from master codelists,Drug,standard,M04A_antigout_preparations
antigout_medicines,Antigout medicines,drug,42874818,TRUE,febuxostat 80 MG Oral Tablet Box of 84 by Aristo,RxNorm Extension,M04A_antigout_preparations,reviewed_seed,Imported from master codelists,Drug,standard,M04A_antigout_preparations
antigout_medicines,Antigout medicines,drug,42874819,TRUE,febuxostat 80 MG Oral Tablet Box of 84 by Aliud,RxNorm Extension,M04A_antigout_preparations,reviewed_seed,Imported from master codelists,Drug,standard,M04A_antigout_preparations
antigout_medicines,Antigout medicines,drug,42874820,TRUE,febuxostat 80 MG Oral Tablet Box of 84 by AbZ-Pharma,RxNorm Extension,M04A_antigout_preparations,reviewed_seed,Imported from master codelists,Drug,standard,M04A_antigout_preparations
antigout_medicines,Antigout medicines,drug,42874821,TRUE,febuxostat 80 MG Oral Tablet [Adenuric] Box of 28 by Kohlpharma,RxNorm Extension,M04A_antigout_preparations,reviewed_seed,Imported from master codelists,Drug,standard,M04A_antigout_preparations
antigout_medicines,Antigout medicines,drug,42874823,TRUE,febuxostat 80 MG Oral Tablet [Adenuric] Box of 84 by Eurim-Pharm,RxNorm Extension,M04A_antigout_preparations,reviewed_seed,Imported from master codelists,Drug,standard,M04A_antigout_preparations
antigout_medicines,Antigout medicines,drug,42874824,TRUE,febuxostat 80 MG Oral Tablet [Adenuric] Box of 84 by Kohlpharma,RxNorm Extension,M04A_antigout_preparations,reviewed_seed,Imported from master codelists,Drug,standard,M04A_antigout_preparations
antigout_medicines,Antigout medicines,drug,42874825,TRUE,febuxostat 80 MG Oral Tablet [FEBUXO] Box of 28,RxNorm Extension,M04A_antigout_preparations,reviewed_seed,Imported from master codelists,Drug,standard,M04A_antigout_preparations
antigout_medicines,Antigout medicines,drug,42874826,TRUE,febuxostat 120 MG [FEBUXO],RxNorm Extension,M04A_antigout_preparations,reviewed_seed,Imported from master codelists,Drug,standard,M04A_antigout_preparations
antigout_medicines,Antigout medicines,drug,42874827,TRUE,febuxostat 120 MG Delayed Release Oral Tablet Box of 28 by Novartis,RxNorm Extension,M04A_antigout_preparations,reviewed_seed,Imported from master codelists,Drug,standard,M04A_antigout_preparations
antigout_medicines,Antigout medicines,drug,42874828,TRUE,febuxostat 120 MG Delayed Release Oral Tablet Box of 28 by 1 A,RxNorm Extension,M04A_antigout_preparations,reviewed_seed,Imported from master codelists,Drug,standard,M04A_antigout_preparations
antigout_medicines,Antigout medicines,drug,42874829,TRUE,febuxostat 120 MG Delayed Release Oral Tablet Box of 28 by Betapharm,RxNorm Extension,M04A_antigout_preparations,reviewed_seed,Imported from master codelists,Drug,standard,M04A_antigout_preparations
antigout_medicines,Antigout medicines,drug,42874830,TRUE,febuxostat 120 MG Delayed Release Oral Tablet Box of 28 by Glenmark,RxNorm Extension,M04A_antigout_preparations,reviewed_seed,Imported from master codelists,Drug,standard,M04A_antigout_preparations
antigout_medicines,Antigout medicines,drug,42874831,TRUE,febuxostat 120 MG Delayed Release Oral Tablet Box of 84 by Mylan,RxNorm Extension,M04A_antigout_preparations,reviewed_seed,Imported from master codelists,Drug,standard,M04A_antigout_preparations
antigout_medicines,Antigout medicines,drug,42874832,TRUE,febuxostat 120 MG Delayed Release Oral Tablet Box of 84 by Ratiopharm,RxNorm Extension,M04A_antigout_preparations,reviewed_seed,Imported from master codelists,Drug,standard,M04A_antigout_preparations
antigout_medicines,Antigout medicines,drug,42874833,TRUE,febuxostat 120 MG Delayed Release Oral Tablet Box of 84 by Novartis,RxNorm Extension,M04A_antigout_preparations,reviewed_seed,Imported from master codelists,Drug,standard,M04A_antigout_preparations
antigout_medicines,Antigout medicines,drug,42874834,TRUE,febuxostat 120 MG Delayed Release Oral Tablet Box of 84 by AbZ-Pharma,RxNorm Extension,M04A_antigout_preparations,reviewed_seed,Imported from master codelists,Drug,standard,M04A_antigout_preparations
antigout_medicines,Antigout medicines,drug,42874835,TRUE,febuxostat 120 MG Delayed Release Oral Tablet Box of 84 by Heumann,RxNorm Extension,M04A_antigout_preparations,reviewed_seed,Imported from master codelists,Drug,standard,M04A_antigout_preparations
antigout_medicines,Antigout medicines,drug,42874836,TRUE,febuxostat 120 MG Delayed Release Oral Tablet Box of 84 by Glenmark,RxNorm Extension,M04A_antigout_preparations,reviewed_seed,Imported from master codelists,Drug,standard,M04A_antigout_preparations
antigout_medicines,Antigout medicines,drug,42874837,TRUE,febuxostat 120 MG Delayed Release Oral Tablet [Adenuric] Box of 28 by Beragena,RxNorm Extension,M04A_antigout_preparations,reviewed_seed,Imported from master codelists,Drug,standard,M04A_antigout_preparations
antigout_medicines,Antigout medicines,drug,42874838,TRUE,febuxostat 120 MG Delayed Release Oral Tablet [FEBUXO],RxNorm Extension,M04A_antigout_preparations,reviewed_seed,Imported from master codelists,Drug,standard,M04A_antigout_preparations
antigout_medicines,Antigout medicines,drug,42874839,TRUE,febuxostat 120 MG Delayed Release Oral Tablet [FEBUXO] Box of 28,RxNorm Extension,M04A_antigout_preparations,reviewed_seed,Imported from master codelists,Drug,standard,M04A_antigout_preparations
antigout_medicines,Antigout medicines,drug,42874840,TRUE,febuxostat 120 MG Delayed Release Oral Tablet [FEBUXO] Box of 84,RxNorm Extension,M04A_antigout_preparations,reviewed_seed,Imported from master codelists,Drug,standard,M04A_antigout_preparations
antigout_medicines,Antigout medicines,drug,42874841,TRUE,febuxostat 120 MG Oral Tablet Box of 28 by Novartis,RxNorm Extension,M04A_antigout_preparations,reviewed_seed,Imported from master codelists,Drug,standard,M04A_antigout_preparations
antigout_medicines,Antigout medicines,drug,42874842,TRUE,febuxostat 120 MG Oral Tablet Box of 28 by 1 A,RxNorm Extension,M04A_antigout_preparations,reviewed_seed,Imported from master codelists,Drug,standard,M04A_antigout_preparations
antigout_medicines,Antigout medicines,drug,42874843,TRUE,febuxostat 120 MG Oral Tablet Box of 28 by Betapharm,RxNorm Extension,M04A_antigout_preparations,reviewed_seed,Imported from master codelists,Drug,standard,M04A_antigout_preparations
antigout_medicines,Antigout medicines,drug,42874844,TRUE,febuxostat 120 MG Oral Tablet Box of 28 by Glenmark,RxNorm Extension,M04A_antigout_preparations,reviewed_seed,Imported from master codelists,Drug,standard,M04A_antigout_preparations
antigout_medicines,Antigout medicines,drug,42874845,TRUE,febuxostat 120 MG Oral Tablet Box of 84 by Ratiopharm,RxNorm Extension,M04A_antigout_preparations,reviewed_seed,Imported from master codelists,Drug,standard,M04A_antigout_preparations
antigout_medicines,Antigout medicines,drug,42874846,TRUE,febuxostat 120 MG Oral Tablet Box of 84 by Novartis,RxNorm Extension,M04A_antigout_preparations,reviewed_seed,Imported from master codelists,Drug,standard,M04A_antigout_preparations
antigout_medicines,Antigout medicines,drug,42874847,TRUE,febuxostat 120 MG Oral Tablet Box of 84 by AbZ-Pharma,RxNorm Extension,M04A_antigout_preparations,reviewed_seed,Imported from master codelists,Drug,standard,M04A_antigout_preparations
antigout_medicines,Antigout medicines,drug,42874848,TRUE,febuxostat 120 MG Oral Tablet Box of 84 by Heumann,RxNorm Extension,M04A_antigout_preparations,reviewed_seed,Imported from master codelists,Drug,standard,M04A_antigout_preparations
antigout_medicines,Antigout medicines,drug,42874849,TRUE,febuxostat 120 MG Oral Tablet Box of 84 by Glenmark,RxNorm Extension,M04A_antigout_preparations,reviewed_seed,Imported from master codelists,Drug,standard,M04A_antigout_preparations
antigout_medicines,Antigout medicines,drug,42874850,TRUE,febuxostat 120 MG Oral Tablet [FEBUXO],RxNorm Extension,M04A_antigout_preparations,reviewed_seed,Imported from master codelists,Drug,standard,M04A_antigout_preparations
antigout_medicines,Antigout medicines,drug,42874851,TRUE,febuxostat 120 MG Oral Tablet [FEBUXO] Box of 28,RxNorm Extension,M04A_antigout_preparations,reviewed_seed,Imported from master codelists,Drug,standard,M04A_antigout_preparations
antigout_medicines,Antigout medicines,drug,42874852,TRUE,febuxostat 120 MG Oral Tablet [FEBUXO] Box of 84,RxNorm Extension,M04A_antigout_preparations,reviewed_seed,Imported from master codelists,Drug,standard,M04A_antigout_preparations
antigout_medicines,Antigout medicines,drug,42874895,TRUE,Colchicine 0.5 MG Oral Tablet Box of 30 by Ysatfabrik,RxNorm Extension,M04A_antigout_preparations,reviewed_seed,Imported from master codelists,Drug,standard,M04A_antigout_preparations
antigout_medicines,Antigout medicines,drug,42923894,TRUE,Colchicine 0.6 MG Oral Tablet [COLCHININE],RxNorm Extension,M04A_antigout_preparations,reviewed_seed,Imported from master codelists,Drug,standard,M04A_antigout_preparations
antigout_medicines,Antigout medicines,drug,42923895,TRUE,Colchicine 0.6 MG Oral Tablet [COLCHINE],RxNorm Extension,M04A_antigout_preparations,reviewed_seed,Imported from master codelists,Drug,standard,M04A_antigout_preparations
antigout_medicines,Antigout medicines,drug,42923896,TRUE,Colchicine 0.6 MG [COLCHININE],RxNorm Extension,M04A_antigout_preparations,reviewed_seed,Imported from master codelists,Drug,standard,M04A_antigout_preparations
antigout_medicines,Antigout medicines,drug,42923897,TRUE,Colchicine 0.6 MG [COLCHINE],RxNorm Extension,M04A_antigout_preparations,reviewed_seed,Imported from master codelists,Drug,standard,M04A_antigout_preparations
antigout_medicines,Antigout medicines,drug,42923898,TRUE,Colchicine Oral Tablet [COLCHININE],RxNorm Extension,M04A_antigout_preparations,reviewed_seed,Imported from master codelists,Drug,standard,M04A_antigout_preparations
antigout_medicines,Antigout medicines,drug,42923899,TRUE,Colchicine Oral Tablet [COLCHINE],RxNorm Extension,M04A_antigout_preparations,reviewed_seed,Imported from master codelists,Drug,standard,M04A_antigout_preparations
antigout_medicines,Antigout medicines,drug,42925429,TRUE,febuxostat 40 MG Oral Tablet [FEBROCT],RxNorm Extension,M04A_antigout_preparations,reviewed_seed,Imported from master codelists,Drug,standard,M04A_antigout_preparations
antigout_medicines,Antigout medicines,drug,42925430,TRUE,febuxostat 40 MG Oral Tablet [FEBUXEN],RxNorm Extension,M04A_antigout_preparations,reviewed_seed,Imported from master codelists,Drug,standard,M04A_antigout_preparations
antigout_medicines,Antigout medicines,drug,42925431,TRUE,febuxostat 40 MG Oral Tablet [FEBUXT],RxNorm Extension,M04A_antigout_preparations,reviewed_seed,Imported from master codelists,Drug,standard,M04A_antigout_preparations
antigout_medicines,Antigout medicines,drug,42925432,TRUE,febuxostat 40 MG Oral Tablet [FEROX],RxNorm Extension,M04A_antigout_preparations,reviewed_seed,Imported from master codelists,Drug,standard,M04A_antigout_preparations
antigout_medicines,Antigout medicines,drug,42925433,TRUE,febuxostat 40 MG Oral Tablet [FEXOSTA],RxNorm Extension,M04A_antigout_preparations,reviewed_seed,Imported from master codelists,Drug,standard,M04A_antigout_preparations
antigout_medicines,Antigout medicines,drug,42925434,TRUE,febuxostat 40 MG Oral Tablet [YURIGOUT],RxNorm Extension,M04A_antigout_preparations,reviewed_seed,Imported from master codelists,Drug,standard,M04A_antigout_preparations
antigout_medicines,Antigout medicines,drug,42925435,TRUE,febuxostat 40 MG Oral Tablet [FEBURIC],RxNorm Extension,M04A_antigout_preparations,reviewed_seed,Imported from master codelists,Drug,standard,M04A_antigout_preparations
antigout_medicines,Antigout medicines,drug,42925436,TRUE,febuxostat 40 MG Oral Tablet [FEBUXO],RxNorm Extension,M04A_antigout_preparations,reviewed_seed,Imported from master codelists,Drug,standard,M04A_antigout_preparations
antigout_medicines,Antigout medicines,drug,42925437,TRUE,febuxostat 40 MG Oral Tablet [FEBUXTIN],RxNorm Extension,M04A_antigout_preparations,reviewed_seed,Imported from master codelists,Drug,standard,M04A_antigout_preparations
antigout_medicines,Antigout medicines,drug,42925438,TRUE,febuxostat 40 MG Oral Tablet [FEBUSTER],RxNorm Extension,M04A_antigout_preparations,reviewed_seed,Imported from master codelists,Drug,standard,M04A_antigout_preparations
antigout_medicines,Antigout medicines,drug,42925439,TRUE,febuxostat 40 MG Oral Tablet [FEBUXON],RxNorm Extension,M04A_antigout_preparations,reviewed_seed,Imported from master codelists,Drug,standard,M04A_antigout_preparations
antigout_medicines,Antigout medicines,drug,42925440,TRUE,febuxostat 40 MG Oral Tablet [SAMSUNG FEBUXOSTAT],RxNorm Extension,M04A_antigout_preparations,reviewed_seed,Imported from master codelists,Drug,standard,M04A_antigout_preparations
antigout_medicines,Antigout medicines,drug,42925441,TRUE,febuxostat 40 MG Oral Tablet [FEBOT],RxNorm Extension,M04A_antigout_preparations,reviewed_seed,Imported from master codelists,Drug,standard,M04A_antigout_preparations
antigout_medicines,Antigout medicines,drug,42925442,TRUE,febuxostat 40 MG Oral Tablet [FEBUXAT],RxNorm Extension,M04A_antigout_preparations,reviewed_seed,Imported from master codelists,Drug,standard,M04A_antigout_preparations
antigout_medicines,Antigout medicines,drug,42925443,TRUE,febuxostat 40 MG Oral Tablet [FEBUXSTAR],RxNorm Extension,M04A_antigout_preparations,reviewed_seed,Imported from master codelists,Drug,standard,M04A_antigout_preparations
antigout_medicines,Antigout medicines,drug,42925444,TRUE,febuxostat 40 MG Oral Tablet [FEXORIN],RxNorm Extension,M04A_antigout_preparations,reviewed_seed,Imported from master codelists,Drug,standard,M04A_antigout_preparations
antigout_medicines,Antigout medicines,drug,42925445,TRUE,febuxostat 40 MG Oral Tablet [UBURIC],RxNorm Extension,M04A_antigout_preparations,reviewed_seed,Imported from master codelists,Drug,standard,M04A_antigout_preparations
antigout_medicines,Antigout medicines,drug,42925446,TRUE,febuxostat 40 MG Oral Tablet [USORIC],RxNorm Extension,M04A_antigout_preparations,reviewed_seed,Imported from master codelists,Drug,standard,M04A_antigout_preparations
antigout_medicines,Antigout medicines,drug,42925447,TRUE,febuxostat 40 MG Oral Tablet [M-BURIC],RxNorm Extension,M04A_antigout_preparations,reviewed_seed,Imported from master codelists,Drug,standard,M04A_antigout_preparations
antigout_medicines,Antigout medicines,drug,42925448,TRUE,febuxostat 40 MG Oral Tablet [WONBURIC],RxNorm Extension,M04A_antigout_preparations,reviewed_seed,Imported from master codelists,Drug,standard,M04A_antigout_preparations
antigout_medicines,Antigout medicines,drug,42925449,TRUE,febuxostat 40 MG [FEBROCT],RxNorm Extension,M04A_antigout_preparations,reviewed_seed,Imported from master codelists,Drug,standard,M04A_antigout_preparations
antigout_medicines,Antigout medicines,drug,42925450,TRUE,febuxostat 40 MG [FEBUXEN],RxNorm Extension,M04A_antigout_preparations,reviewed_seed,Imported from master codelists,Drug,standard,M04A_antigout_preparations
antigout_medicines,Antigout medicines,drug,42925451,TRUE,febuxostat 40 MG [FEBUXT],RxNorm Extension,M04A_antigout_preparations,reviewed_seed,Imported from master codelists,Drug,standard,M04A_antigout_preparations
antigout_medicines,Antigout medicines,drug,42925452,TRUE,febuxostat 40 MG [FEROX],RxNorm Extension,M04A_antigout_preparations,reviewed_seed,Imported from master codelists,Drug,standard,M04A_antigout_preparations
antigout_medicines,Antigout medicines,drug,42925453,TRUE,febuxostat 40 MG [FEXOSTA],RxNorm Extension,M04A_antigout_preparations,reviewed_seed,Imported from master codelists,Drug,standard,M04A_antigout_preparations
antigout_medicines,Antigout medicines,drug,42925454,TRUE,febuxostat 40 MG [YURIGOUT],RxNorm Extension,M04A_antigout_preparations,reviewed_seed,Imported from master codelists,Drug,standard,M04A_antigout_preparations
antigout_medicines,Antigout medicines,drug,42925455,TRUE,febuxostat 40 MG [FEBURIC],RxNorm Extension,M04A_antigout_preparations,reviewed_seed,Imported from master codelists,Drug,standard,M04A_antigout_preparations
antigout_medicines,Antigout medicines,drug,42925456,TRUE,febuxostat 40 MG [FEBUXO],RxNorm Extension,M04A_antigout_preparations,reviewed_seed,Imported from master codelists,Drug,standard,M04A_antigout_preparations
antigout_medicines,Antigout medicines,drug,42925457,TRUE,febuxostat 40 MG [FEBUXTIN],RxNorm Extension,M04A_antigout_preparations,reviewed_seed,Imported from master codelists,Drug,standard,M04A_antigout_preparations
antigout_medicines,Antigout medicines,drug,42925458,TRUE,febuxostat 40 MG [FEBUSTER],RxNorm Extension,M04A_antigout_preparations,reviewed_seed,Imported from master codelists,Drug,standard,M04A_antigout_preparations
antigout_medicines,Antigout medicines,drug,42925459,TRUE,febuxostat 40 MG [FEBUXON],RxNorm Extension,M04A_antigout_preparations,reviewed_seed,Imported from master codelists,Drug,standard,M04A_antigout_preparations
antigout_medicines,Antigout medicines,drug,42925460,TRUE,febuxostat 40 MG [SAMSUNG FEBUXOSTAT],RxNorm Extension,M04A_antigout_preparations,reviewed_seed,Imported from master codelists,Drug,standard,M04A_antigout_preparations
antigout_medicines,Antigout medicines,drug,42925461,TRUE,febuxostat 40 MG [FEBOT],RxNorm Extension,M04A_antigout_preparations,reviewed_seed,Imported from master codelists,Drug,standard,M04A_antigout_preparations
antigout_medicines,Antigout medicines,drug,42925462,TRUE,febuxostat 40 MG [FEBUXAT],RxNorm Extension,M04A_antigout_preparations,reviewed_seed,Imported from master codelists,Drug,standard,M04A_antigout_preparations
antigout_medicines,Antigout medicines,drug,42925463,TRUE,febuxostat 40 MG [FEBUXSTAR],RxNorm Extension,M04A_antigout_preparations,reviewed_seed,Imported from master codelists,Drug,standard,M04A_antigout_preparations
antigout_medicines,Antigout medicines,drug,42925464,TRUE,febuxostat 40 MG [FEXORIN],RxNorm Extension,M04A_antigout_preparations,reviewed_seed,Imported from master codelists,Drug,standard,M04A_antigout_preparations
antigout_medicines,Antigout medicines,drug,42925465,TRUE,febuxostat 40 MG [UBURIC],RxNorm Extension,M04A_antigout_preparations,reviewed_seed,Imported from master codelists,Drug,standard,M04A_antigout_preparations
antigout_medicines,Antigout medicines,drug,42925466,TRUE,febuxostat 40 MG [USORIC],RxNorm Extension,M04A_antigout_preparations,reviewed_seed,Imported from master codelists,Drug,standard,M04A_antigout_preparations
antigout_medicines,Antigout medicines,drug,42925467,TRUE,febuxostat 40 MG [M-BURIC],RxNorm Extension,M04A_antigout_preparations,reviewed_seed,Imported from master codelists,Drug,standard,M04A_antigout_preparations
antigout_medicines,Antigout medicines,drug,42925468,TRUE,febuxostat 40 MG [WONBURIC],RxNorm Extension,M04A_antigout_preparations,reviewed_seed,Imported from master codelists,Drug,standard,M04A_antigout_preparations
antigout_medicines,Antigout medicines,drug,42925469,TRUE,febuxostat 80 MG Oral Tablet [FEBROCT],RxNorm Extension,M04A_antigout_preparations,reviewed_seed,Imported from master codelists,Drug,standard,M04A_antigout_preparations
antigout_medicines,Antigout medicines,drug,42925470,TRUE,febuxostat 80 MG Oral Tablet [FEBUXEN],RxNorm Extension,M04A_antigout_preparations,reviewed_seed,Imported from master codelists,Drug,standard,M04A_antigout_preparations
antigout_medicines,Antigout medicines,drug,42925471,TRUE,febuxostat 80 MG Oral Tablet [FEBUXT],RxNorm Extension,M04A_antigout_preparations,reviewed_seed,Imported from master codelists,Drug,standard,M04A_antigout_preparations
antigout_medicines,Antigout medicines,drug,42925472,TRUE,febuxostat 80 MG Oral Tablet [FEGOUT],RxNorm Extension,M04A_antigout_preparations,reviewed_seed,Imported from master codelists,Drug,standard,M04A_antigout_preparations
antigout_medicines,Antigout medicines,drug,42925473,TRUE,febuxostat 80 MG Oral Tablet [FEROX],RxNorm Extension,M04A_antigout_preparations,reviewed_seed,Imported from master codelists,Drug,standard,M04A_antigout_preparations
antigout_medicines,Antigout medicines,drug,42925474,TRUE,febuxostat 80 MG Oral Tablet [FEXOSTA],RxNorm Extension,M04A_antigout_preparations,reviewed_seed,Imported from master codelists,Drug,standard,M04A_antigout_preparations
antigout_medicines,Antigout medicines,drug,42925475,TRUE,febuxostat 80 MG Oral Tablet [YURIGOUT],RxNorm Extension,M04A_antigout_preparations,reviewed_seed,Imported from master codelists,Drug,standard,M04A_antigout_preparations
antigout_medicines,Antigout medicines,drug,42925476,TRUE,febuxostat 80 MG Oral Tablet [FEBURIC],RxNorm Extension,M04A_antigout_preparations,reviewed_seed,Imported from master codelists,Drug,standard,M04A_antigout_preparations
antigout_medicines,Antigout medicines,drug,42925477,TRUE,febuxostat 80 MG Oral Tablet [FEBUXO],RxNorm Extension,M04A_antigout_preparations,reviewed_seed,Imported from master codelists,Drug,standard,M04A_antigout_preparations
antigout_medicines,Antigout medicines,drug,42925478,TRUE,febuxostat 80 MG Oral Tablet [FEBUXTIN],RxNorm Extension,M04A_antigout_preparations,reviewed_seed,Imported from master codelists,Drug,standard,M04A_antigout_preparations
antigout_medicines,Antigout medicines,drug,42925479,TRUE,febuxostat 80 MG Oral Tablet [HIBRIC],RxNorm Extension,M04A_antigout_preparations,reviewed_seed,Imported from master codelists,Drug,standard,M04A_antigout_preparations
antigout_medicines,Antigout medicines,drug,42925480,TRUE,febuxostat 80 MG Oral Tablet [FEBUSTER],RxNorm Extension,M04A_antigout_preparations,reviewed_seed,Imported from master codelists,Drug,standard,M04A_antigout_preparations
antigout_medicines,Antigout medicines,drug,42925481,TRUE,febuxostat 80 MG Oral Tablet [FEBUXON],RxNorm Extension,M04A_antigout_preparations,reviewed_seed,Imported from master codelists,Drug,standard,M04A_antigout_preparations
antigout_medicines,Antigout medicines,drug,42925482,TRUE,febuxostat 80 MG Oral Tablet [GAOBURIC],RxNorm Extension,M04A_antigout_preparations,reviewed_seed,Imported from master codelists,Drug,standard,M04A_antigout_preparations
antigout_medicines,Antigout medicines,drug,42925483,TRUE,febuxostat 80 MG Oral Tablet [PETRISEN],RxNorm Extension,M04A_antigout_preparations,reviewed_seed,Imported from master codelists,Drug,standard,M04A_antigout_preparations
antigout_medicines,Antigout medicines,drug,42925484,TRUE,febuxostat 80 MG Oral Tablet [SAMSUNG FEBUXOSTAT],RxNorm Extension,M04A_antigout_preparations,reviewed_seed,Imported from master codelists,Drug,standard,M04A_antigout_preparations
antigout_medicines,Antigout medicines,drug,42925485,TRUE,febuxostat 80 MG Oral Tablet [FEBOT],RxNorm Extension,M04A_antigout_preparations,reviewed_seed,Imported from master codelists,Drug,standard,M04A_antigout_preparations
antigout_medicines,Antigout medicines,drug,42925486,TRUE,febuxostat 80 MG Oral Tablet [FEBUXAT],RxNorm Extension,M04A_antigout_preparations,reviewed_seed,Imported from master codelists,Drug,standard,M04A_antigout_preparations
antigout_medicines,Antigout medicines,drug,42925487,TRUE,febuxostat 80 MG Oral Tablet [FEBUXSTAR],RxNorm Extension,M04A_antigout_preparations,reviewed_seed,Imported from master codelists,Drug,standard,M04A_antigout_preparations
antigout_medicines,Antigout medicines,drug,42925488,TRUE,febuxostat 80 MG Oral Tablet [FESTA],RxNorm Extension,M04A_antigout_preparations,reviewed_seed,Imported from master codelists,Drug,standard,M04A_antigout_preparations
antigout_medicines,Antigout medicines,drug,42925489,TRUE,febuxostat 80 MG Oral Tablet [FEXORIN],RxNorm Extension,M04A_antigout_preparations,reviewed_seed,Imported from master codelists,Drug,standard,M04A_antigout_preparations
antigout_medicines,Antigout medicines,drug,42925490,TRUE,febuxostat 80 MG Oral Tablet [UBURIC],RxNorm Extension,M04A_antigout_preparations,reviewed_seed,Imported from master codelists,Drug,standard,M04A_antigout_preparations
antigout_medicines,Antigout medicines,drug,42925491,TRUE,febuxostat 80 MG Oral Tablet [USORIC],RxNorm Extension,M04A_antigout_preparations,reviewed_seed,Imported from master codelists,Drug,standard,M04A_antigout_preparations
antigout_medicines,Antigout medicines,drug,42925492,TRUE,febuxostat 80 MG Oral Tablet [M-BURIC],RxNorm Extension,M04A_antigout_preparations,reviewed_seed,Imported from master codelists,Drug,standard,M04A_antigout_preparations
antigout_medicines,Antigout medicines,drug,42925493,TRUE,febuxostat 80 MG Oral Tablet [WONBURIC],RxNorm Extension,M04A_antigout_preparations,reviewed_seed,Imported from master codelists,Drug,standard,M04A_antigout_preparations
antigout_medicines,Antigout medicines,drug,42925494,TRUE,febuxostat 80 MG [FEBROCT],RxNorm Extension,M04A_antigout_preparations,reviewed_seed,Imported from master codelists,Drug,standard,M04A_antigout_preparations
antigout_medicines,Antigout medicines,drug,42925495,TRUE,febuxostat 80 MG [FEBUXEN],RxNorm Extension,M04A_antigout_preparations,reviewed_seed,Imported from master codelists,Drug,standard,M04A_antigout_preparations
antigout_medicines,Antigout medicines,drug,42925496,TRUE,febuxostat 80 MG [FEBUXT],RxNorm Extension,M04A_antigout_preparations,reviewed_seed,Imported from master codelists,Drug,standard,M04A_antigout_preparations
antigout_medicines,Antigout medicines,drug,42925497,TRUE,febuxostat 80 MG [FEGOUT],RxNorm Extension,M04A_antigout_preparations,reviewed_seed,Imported from master codelists,Drug,standard,M04A_antigout_preparations
antigout_medicines,Antigout medicines,drug,42925498,TRUE,febuxostat 80 MG [FEROX],RxNorm Extension,M04A_antigout_preparations,reviewed_seed,Imported from master codelists,Drug,standard,M04A_antigout_preparations
antigout_medicines,Antigout medicines,drug,42925499,TRUE,febuxostat 80 MG [FEXOSTA],RxNorm Extension,M04A_antigout_preparations,reviewed_seed,Imported from master codelists,Drug,standard,M04A_antigout_preparations
antigout_medicines,Antigout medicines,drug,42925500,TRUE,febuxostat 80 MG [YURIGOUT],RxNorm Extension,M04A_antigout_preparations,reviewed_seed,Imported from master codelists,Drug,standard,M04A_antigout_preparations
antigout_medicines,Antigout medicines,drug,42925501,TRUE,febuxostat 80 MG [FEBURIC],RxNorm Extension,M04A_antigout_preparations,reviewed_seed,Imported from master codelists,Drug,standard,M04A_antigout_preparations
antigout_medicines,Antigout medicines,drug,42925502,TRUE,febuxostat 80 MG [FEBUXO],RxNorm Extension,M04A_antigout_preparations,reviewed_seed,Imported from master codelists,Drug,standard,M04A_antigout_preparations
antigout_medicines,Antigout medicines,drug,42925503,TRUE,febuxostat 80 MG [FEBUXTIN],RxNorm Extension,M04A_antigout_preparations,reviewed_seed,Imported from master codelists,Drug,standard,M04A_antigout_preparations
antigout_medicines,Antigout medicines,drug,42925504,TRUE,febuxostat 80 MG [HIBRIC],RxNorm Extension,M04A_antigout_preparations,reviewed_seed,Imported from master codelists,Drug,standard,M04A_antigout_preparations
antigout_medicines,Antigout medicines,drug,42925505,TRUE,febuxostat 80 MG [FEBUSTER],RxNorm Extension,M04A_antigout_preparations,reviewed_seed,Imported from master codelists,Drug,standard,M04A_antigout_preparations
antigout_medicines,Antigout medicines,drug,42925506,TRUE,febuxostat 80 MG [FEBUXON],RxNorm Extension,M04A_antigout_preparations,reviewed_seed,Imported from master codelists,Drug,standard,M04A_antigout_preparations
antigout_medicines,Antigout medicines,drug,42925507,TRUE,febuxostat 80 MG [GAOBURIC],RxNorm Extension,M04A_antigout_preparations,reviewed_seed,Imported from master codelists,Drug,standard,M04A_antigout_preparations
antigout_medicines,Antigout medicines,drug,42925508,TRUE,febuxostat 80 MG [PETRISEN],RxNorm Extension,M04A_antigout_preparations,reviewed_seed,Imported from master codelists,Drug,standard,M04A_antigout_preparations
antigout_medicines,Antigout medicines,drug,42925509,TRUE,febuxostat 80 MG [SAMSUNG FEBUXOSTAT],RxNorm Extension,M04A_antigout_preparations,reviewed_seed,Imported from master codelists,Drug,standard,M04A_antigout_preparations
antigout_medicines,Antigout medicines,drug,42925510,TRUE,febuxostat 80 MG [FEBOT],RxNorm Extension,M04A_antigout_preparations,reviewed_seed,Imported from master codelists,Drug,standard,M04A_antigout_preparations
antigout_medicines,Antigout medicines,drug,42925511,TRUE,febuxostat 80 MG [FEBUXAT],RxNorm Extension,M04A_antigout_preparations,reviewed_seed,Imported from master codelists,Drug,standard,M04A_antigout_preparations
antigout_medicines,Antigout medicines,drug,42925512,TRUE,febuxostat 80 MG [FEBUXSTAR],RxNorm Extension,M04A_antigout_preparations,reviewed_seed,Imported from master codelists,Drug,standard,M04A_antigout_preparations
antigout_medicines,Antigout medicines,drug,42925514,TRUE,febuxostat 80 MG [FESTA],RxNorm Extension,M04A_antigout_preparations,reviewed_seed,Imported from master codelists,Drug,standard,M04A_antigout_preparations
antigout_medicines,Antigout medicines,drug,42925515,TRUE,febuxostat 80 MG [FEXORIN],RxNorm Extension,M04A_antigout_preparations,reviewed_seed,Imported from master codelists,Drug,standard,M04A_antigout_preparations
antigout_medicines,Antigout medicines,drug,42925516,TRUE,febuxostat 80 MG [UBURIC],RxNorm Extension,M04A_antigout_preparations,reviewed_seed,Imported from master codelists,Drug,standard,M04A_antigout_preparations
antigout_medicines,Antigout medicines,drug,42925517,TRUE,febuxostat 80 MG [USORIC],RxNorm Extension,M04A_antigout_preparations,reviewed_seed,Imported from master codelists,Drug,standard,M04A_antigout_preparations
antigout_medicines,Antigout medicines,drug,42925518,TRUE,febuxostat 80 MG [M-BURIC],RxNorm Extension,M04A_antigout_preparations,reviewed_seed,Imported from master codelists,Drug,standard,M04A_antigout_preparations
antigout_medicines,Antigout medicines,drug,42925519,TRUE,febuxostat 80 MG [WONBURIC],RxNorm Extension,M04A_antigout_preparations,reviewed_seed,Imported from master codelists,Drug,standard,M04A_antigout_preparations
antigout_medicines,Antigout medicines,drug,42925520,TRUE,febuxostat Oral Tablet [FEBROCT],RxNorm Extension,M04A_antigout_preparations,reviewed_seed,Imported from master codelists,Drug,standard,M04A_antigout_preparations
antigout_medicines,Antigout medicines,drug,42925521,TRUE,febuxostat Oral Tablet [FEBUXEN],RxNorm Extension,M04A_antigout_preparations,reviewed_seed,Imported from master codelists,Drug,standard,M04A_antigout_preparations
antigout_medicines,Antigout medicines,drug,42925522,TRUE,febuxostat Oral Tablet [FEBUXT],RxNorm Extension,M04A_antigout_preparations,reviewed_seed,Imported from master codelists,Drug,standard,M04A_antigout_preparations
antigout_medicines,Antigout medicines,drug,42925523,TRUE,febuxostat Oral Tablet [FEGOUT],RxNorm Extension,M04A_antigout_preparations,reviewed_seed,Imported from master codelists,Drug,standard,M04A_antigout_preparations
antigout_medicines,Antigout medicines,drug,42925524,TRUE,febuxostat Oral Tablet [FEROX],RxNorm Extension,M04A_antigout_preparations,reviewed_seed,Imported from master codelists,Drug,standard,M04A_antigout_preparations
antigout_medicines,Antigout medicines,drug,42925525,TRUE,febuxostat Oral Tablet [FEXOSTA],RxNorm Extension,M04A_antigout_preparations,reviewed_seed,Imported from master codelists,Drug,standard,M04A_antigout_preparations
antigout_medicines,Antigout medicines,drug,42925526,TRUE,febuxostat Oral Tablet [YURIGOUT],RxNorm Extension,M04A_antigout_preparations,reviewed_seed,Imported from master codelists,Drug,standard,M04A_antigout_preparations
antigout_medicines,Antigout medicines,drug,42925527,TRUE,febuxostat Oral Tablet [FEBURIC],RxNorm Extension,M04A_antigout_preparations,reviewed_seed,Imported from master codelists,Drug,standard,M04A_antigout_preparations
antigout_medicines,Antigout medicines,drug,42925528,TRUE,febuxostat Oral Tablet [FEBUXO],RxNorm Extension,M04A_antigout_preparations,reviewed_seed,Imported from master codelists,Drug,standard,M04A_antigout_preparations
antigout_medicines,Antigout medicines,drug,42925529,TRUE,febuxostat Oral Tablet [FEBUXTIN],RxNorm Extension,M04A_antigout_preparations,reviewed_seed,Imported from master codelists,Drug,standard,M04A_antigout_preparations
antigout_medicines,Antigout medicines,drug,42925530,TRUE,febuxostat Oral Tablet [HIBRIC],RxNorm Extension,M04A_antigout_preparations,reviewed_seed,Imported from master codelists,Drug,standard,M04A_antigout_preparations
antigout_medicines,Antigout medicines,drug,42925531,TRUE,febuxostat Oral Tablet [FEBUSTER],RxNorm Extension,M04A_antigout_preparations,reviewed_seed,Imported from master codelists,Drug,standard,M04A_antigout_preparations
antigout_medicines,Antigout medicines,drug,42925532,TRUE,febuxostat Oral Tablet [FEBUXON],RxNorm Extension,M04A_antigout_preparations,reviewed_seed,Imported from master codelists,Drug,standard,M04A_antigout_preparations
antigout_medicines,Antigout medicines,drug,42925533,TRUE,febuxostat Oral Tablet [GAOBURIC],RxNorm Extension,M04A_antigout_preparations,reviewed_seed,Imported from master codelists,Drug,standard,M04A_antigout_preparations
antigout_medicines,Antigout medicines,drug,42925534,TRUE,febuxostat Oral Tablet [PETRISEN],RxNorm Extension,M04A_antigout_preparations,reviewed_seed,Imported from master codelists,Drug,standard,M04A_antigout_preparations
antigout_medicines,Antigout medicines,drug,42925535,TRUE,febuxostat Oral Tablet [SAMSUNG FEBUXOSTAT],RxNorm Extension,M04A_antigout_preparations,reviewed_seed,Imported from master codelists,Drug,standard,M04A_antigout_preparations
antigout_medicines,Antigout medicines,drug,42925536,TRUE,febuxostat Oral Tablet [FEBOT],RxNorm Extension,M04A_antigout_preparations,reviewed_seed,Imported from master codelists,Drug,standard,M04A_antigout_preparations
antigout_medicines,Antigout medicines,drug,42925537,TRUE,febuxostat Oral Tablet [FEBUXAT],RxNorm Extension,M04A_antigout_preparations,reviewed_seed,Imported from master codelists,Drug,standard,M04A_antigout_preparations
antigout_medicines,Antigout medicines,drug,42925538,TRUE,febuxostat Oral Tablet [FEBUXSTAR],RxNorm Extension,M04A_antigout_preparations,reviewed_seed,Imported from master codelists,Drug,standard,M04A_antigout_preparations
antigout_medicines,Antigout medicines,drug,42925539,TRUE,febuxostat Oral Tablet [FESTA],RxNorm Extension,M04A_antigout_preparations,reviewed_seed,Imported from master codelists,Drug,standard,M04A_antigout_preparations
antigout_medicines,Antigout medicines,drug,42925540,TRUE,febuxostat Oral Tablet [FEXORIN],RxNorm Extension,M04A_antigout_preparations,reviewed_seed,Imported from master codelists,Drug,standard,M04A_antigout_preparations
antigout_medicines,Antigout medicines,drug,42925541,TRUE,febuxostat Oral Tablet [UBURIC],RxNorm Extension,M04A_antigout_preparations,reviewed_seed,Imported from master codelists,Drug,standard,M04A_antigout_preparations
antigout_medicines,Antigout medicines,drug,42925542,TRUE,febuxostat Oral Tablet [USORIC],RxNorm Extension,M04A_antigout_preparations,reviewed_seed,Imported from master codelists,Drug,standard,M04A_antigout_preparations
antigout_medicines,Antigout medicines,drug,42925543,TRUE,febuxostat Oral Tablet [M-BURIC],RxNorm Extension,M04A_antigout_preparations,reviewed_seed,Imported from master codelists,Drug,standard,M04A_antigout_preparations
antigout_medicines,Antigout medicines,drug,42925544,TRUE,febuxostat Oral Tablet [WONBURIC],RxNorm Extension,M04A_antigout_preparations,reviewed_seed,Imported from master codelists,Drug,standard,M04A_antigout_preparations
antigout_medicines,Antigout medicines,drug,42931082,TRUE,Benzbromarone 50 MG Oral Tablet [MYUNGIN NARCARICIN],RxNorm Extension,M04A_antigout_preparations,reviewed_seed,Imported from master codelists,Drug,standard,M04A_antigout_preparations
antigout_medicines,Antigout medicines,drug,42931083,TRUE,Benzbromarone 50 MG Oral Tablet [URINON],RxNorm Extension,M04A_antigout_preparations,reviewed_seed,Imported from master codelists,Drug,standard,M04A_antigout_preparations
antigout_medicines,Antigout medicines,drug,42931084,TRUE,Benzbromarone 50 MG [MYUNGIN NARCARICIN],RxNorm Extension,M04A_antigout_preparations,reviewed_seed,Imported from master codelists,Drug,standard,M04A_antigout_preparations
antigout_medicines,Antigout medicines,drug,42931085,TRUE,Benzbromarone 50 MG [URINON],RxNorm Extension,M04A_antigout_preparations,reviewed_seed,Imported from master codelists,Drug,standard,M04A_antigout_preparations
antigout_medicines,Antigout medicines,drug,42931086,TRUE,Benzbromarone Oral Tablet [MYUNGIN NARCARICIN],RxNorm Extension,M04A_antigout_preparations,reviewed_seed,Imported from master codelists,Drug,standard,M04A_antigout_preparations
antigout_medicines,Antigout medicines,drug,42931087,TRUE,Benzbromarone Oral Tablet [URINON],RxNorm Extension,M04A_antigout_preparations,reviewed_seed,Imported from master codelists,Drug,standard,M04A_antigout_preparations
antigout_medicines,Antigout medicines,drug,42965904,TRUE,Allopurinol 100 MG Oral Tablet [YUYU ALLOPURINOL],RxNorm Extension,M04A_antigout_preparations,reviewed_seed,Imported from master codelists,Drug,standard,M04A_antigout_preparations
antigout_medicines,Antigout medicines,drug,42965905,TRUE,Allopurinol 100 MG Oral Tablet [KOREA UNITED ALLOPURINOL],RxNorm Extension,M04A_antigout_preparations,reviewed_seed,Imported from master codelists,Drug,standard,M04A_antigout_preparations
antigout_medicines,Antigout medicines,drug,42965906,TRUE,Allopurinol 100 MG [YUYU ALLOPURINOL],RxNorm Extension,M04A_antigout_preparations,reviewed_seed,Imported from master codelists,Drug,standard,M04A_antigout_preparations
antigout_medicines,Antigout medicines,drug,42965907,TRUE,Allopurinol 100 MG [KOREA UNITED ALLOPURINOL],RxNorm Extension,M04A_antigout_preparations,reviewed_seed,Imported from master codelists,Drug,standard,M04A_antigout_preparations
antigout_medicines,Antigout medicines,drug,42965908,TRUE,Allopurinol Oral Tablet [YUYU ALLOPURINOL],RxNorm Extension,M04A_antigout_preparations,reviewed_seed,Imported from master codelists,Drug,standard,M04A_antigout_preparations
antigout_medicines,Antigout medicines,drug,42965909,TRUE,Allopurinol Oral Tablet [KOREA UNITED ALLOPURINOL],RxNorm Extension,M04A_antigout_preparations,reviewed_seed,Imported from master codelists,Drug,standard,M04A_antigout_preparations
antigout_medicines,Antigout medicines,drug,43022476,TRUE,febuxostat 120 MG Delayed Release Oral Tablet Box of 28 by Zentiva,RxNorm Extension,M04A_antigout_preparations,reviewed_seed,Imported from master codelists,Drug,standard,M04A_antigout_preparations
antigout_medicines,Antigout medicines,drug,43022477,TRUE,febuxostat 120 MG Delayed Release Oral Tablet Box of 28 by Accord,RxNorm Extension,M04A_antigout_preparations,reviewed_seed,Imported from master codelists,Drug,standard,M04A_antigout_preparations
antigout_medicines,Antigout medicines,drug,43022478,TRUE,febuxostat 120 MG Delayed Release Oral Tablet Box of 28 by Mylan,RxNorm Extension,M04A_antigout_preparations,reviewed_seed,Imported from master codelists,Drug,standard,M04A_antigout_preparations
antigout_medicines,Antigout medicines,drug,43022479,TRUE,febuxostat 120 MG Delayed Release Oral Tablet Box of 28 by Eurogenerics,RxNorm Extension,M04A_antigout_preparations,reviewed_seed,Imported from master codelists,Drug,standard,M04A_antigout_preparations
antigout_medicines,Antigout medicines,drug,43022480,TRUE,febuxostat 120 MG Delayed Release Oral Tablet Box of 28 by Biogaran,RxNorm Extension,M04A_antigout_preparations,reviewed_seed,Imported from master codelists,Drug,standard,M04A_antigout_preparations
antigout_medicines,Antigout medicines,drug,43022481,TRUE,febuxostat 120 MG Delayed Release Oral Tablet Box of 28 by Sandoz,RxNorm Extension,M04A_antigout_preparations,reviewed_seed,Imported from master codelists,Drug,standard,M04A_antigout_preparations
antigout_medicines,Antigout medicines,drug,43022482,TRUE,febuxostat 120 MG Delayed Release Oral Tablet Box of 28 by Cristers,RxNorm Extension,M04A_antigout_preparations,reviewed_seed,Imported from master codelists,Drug,standard,M04A_antigout_preparations
antigout_medicines,Antigout medicines,drug,43022483,TRUE,febuxostat 120 MG Delayed Release Oral Tablet Box of 28 by Arrow,RxNorm Extension,M04A_antigout_preparations,reviewed_seed,Imported from master codelists,Drug,standard,M04A_antigout_preparations
antigout_medicines,Antigout medicines,drug,43022484,TRUE,febuxostat 120 MG Delayed Release Oral Tablet Box of 30,RxNorm Extension,M04A_antigout_preparations,reviewed_seed,Imported from master codelists,Drug,standard,M04A_antigout_preparations
antigout_medicines,Antigout medicines,drug,43022485,TRUE,febuxostat 120 MG Delayed Release Oral Tablet Box of 30 by TEVA,RxNorm Extension,M04A_antigout_preparations,reviewed_seed,Imported from master codelists,Drug,standard,M04A_antigout_preparations
antigout_medicines,Antigout medicines,drug,43022486,TRUE,febuxostat 120 MG Oral Tablet Box of 28 by Zentiva,RxNorm Extension,M04A_antigout_preparations,reviewed_seed,Imported from master codelists,Drug,standard,M04A_antigout_preparations
antigout_medicines,Antigout medicines,drug,43022487,TRUE,febuxostat 120 MG Oral Tablet Box of 28 by Accord,RxNorm Extension,M04A_antigout_preparations,reviewed_seed,Imported from master codelists,Drug,standard,M04A_antigout_preparations
antigout_medicines,Antigout medicines,drug,43022488,TRUE,febuxostat 120 MG Oral Tablet Box of 28 by Mylan,RxNorm Extension,M04A_antigout_preparations,reviewed_seed,Imported from master codelists,Drug,standard,M04A_antigout_preparations
antigout_medicines,Antigout medicines,drug,43022489,TRUE,febuxostat 120 MG Oral Tablet Box of 28 by Eurogenerics,RxNorm Extension,M04A_antigout_preparations,reviewed_seed,Imported from master codelists,Drug,standard,M04A_antigout_preparations
antigout_medicines,Antigout medicines,drug,43022490,TRUE,febuxostat 120 MG Oral Tablet Box of 28 by Biogaran,RxNorm Extension,M04A_antigout_preparations,reviewed_seed,Imported from master codelists,Drug,standard,M04A_antigout_preparations
antigout_medicines,Antigout medicines,drug,43022491,TRUE,febuxostat 120 MG Oral Tablet Box of 28 by Sandoz,RxNorm Extension,M04A_antigout_preparations,reviewed_seed,Imported from master codelists,Drug,standard,M04A_antigout_preparations
antigout_medicines,Antigout medicines,drug,43022492,TRUE,febuxostat 120 MG Oral Tablet Box of 28 by Cristers,RxNorm Extension,M04A_antigout_preparations,reviewed_seed,Imported from master codelists,Drug,standard,M04A_antigout_preparations
antigout_medicines,Antigout medicines,drug,43022493,TRUE,febuxostat 120 MG Oral Tablet Box of 28 by Arrow,RxNorm Extension,M04A_antigout_preparations,reviewed_seed,Imported from master codelists,Drug,standard,M04A_antigout_preparations
antigout_medicines,Antigout medicines,drug,43022494,TRUE,febuxostat 120 MG Oral Tablet Box of 30,RxNorm Extension,M04A_antigout_preparations,reviewed_seed,Imported from master codelists,Drug,standard,M04A_antigout_preparations
antigout_medicines,Antigout medicines,drug,43022495,TRUE,febuxostat 120 MG Oral Tablet Box of 30 by TEVA,RxNorm Extension,M04A_antigout_preparations,reviewed_seed,Imported from master codelists,Drug,standard,M04A_antigout_preparations
antigout_medicines,Antigout medicines,drug,43022496,TRUE,febuxostat 80 MG Delayed Release Oral Tablet Box of 28 by Zentiva,RxNorm Extension,M04A_antigout_preparations,reviewed_seed,Imported from master codelists,Drug,standard,M04A_antigout_preparations
antigout_medicines,Antigout medicines,drug,43022497,TRUE,febuxostat 80 MG Delayed Release Oral Tablet Box of 28 by Accord,RxNorm Extension,M04A_antigout_preparations,reviewed_seed,Imported from master codelists,Drug,standard,M04A_antigout_preparations
antigout_medicines,Antigout medicines,drug,43022498,TRUE,febuxostat 80 MG Delayed Release Oral Tablet Box of 28 by Mylan,RxNorm Extension,M04A_antigout_preparations,reviewed_seed,Imported from master codelists,Drug,standard,M04A_antigout_preparations
antigout_medicines,Antigout medicines,drug,43022499,TRUE,febuxostat 80 MG Delayed Release Oral Tablet Box of 28 by Eurogenerics,RxNorm Extension,M04A_antigout_preparations,reviewed_seed,Imported from master codelists,Drug,standard,M04A_antigout_preparations
antigout_medicines,Antigout medicines,drug,43022500,TRUE,febuxostat 80 MG Delayed Release Oral Tablet Box of 28 by Biogaran,RxNorm Extension,M04A_antigout_preparations,reviewed_seed,Imported from master codelists,Drug,standard,M04A_antigout_preparations
antigout_medicines,Antigout medicines,drug,43022501,TRUE,febuxostat 80 MG Delayed Release Oral Tablet Box of 28 by Sandoz,RxNorm Extension,M04A_antigout_preparations,reviewed_seed,Imported from master codelists,Drug,standard,M04A_antigout_preparations
antigout_medicines,Antigout medicines,drug,43022502,TRUE,febuxostat 80 MG Delayed Release Oral Tablet Box of 28 by Cristers,RxNorm Extension,M04A_antigout_preparations,reviewed_seed,Imported from master codelists,Drug,standard,M04A_antigout_preparations
antigout_medicines,Antigout medicines,drug,43022503,TRUE,febuxostat 80 MG Delayed Release Oral Tablet Box of 28 by Arrow,RxNorm Extension,M04A_antigout_preparations,reviewed_seed,Imported from master codelists,Drug,standard,M04A_antigout_preparations
antigout_medicines,Antigout medicines,drug,43022504,TRUE,febuxostat 80 MG Delayed Release Oral Tablet Box of 30,RxNorm Extension,M04A_antigout_preparations,reviewed_seed,Imported from master codelists,Drug,standard,M04A_antigout_preparations
antigout_medicines,Antigout medicines,drug,43022505,TRUE,febuxostat 80 MG Delayed Release Oral Tablet Box of 30 by TEVA,RxNorm Extension,M04A_antigout_preparations,reviewed_seed,Imported from master codelists,Drug,standard,M04A_antigout_preparations
antigout_medicines,Antigout medicines,drug,43022506,TRUE,febuxostat 80 MG Oral Tablet Box of 28 by Zentiva,RxNorm Extension,M04A_antigout_preparations,reviewed_seed,Imported from master codelists,Drug,standard,M04A_antigout_preparations
antigout_medicines,Antigout medicines,drug,43022507,TRUE,febuxostat 80 MG Oral Tablet Box of 28 by Accord,RxNorm Extension,M04A_antigout_preparations,reviewed_seed,Imported from master codelists,Drug,standard,M04A_antigout_preparations
antigout_medicines,Antigout medicines,drug,43022508,TRUE,febuxostat 80 MG Oral Tablet Box of 28 by Mylan,RxNorm Extension,M04A_antigout_preparations,reviewed_seed,Imported from master codelists,Drug,standard,M04A_antigout_preparations
antigout_medicines,Antigout medicines,drug,43022509,TRUE,febuxostat 80 MG Oral Tablet Box of 28 by Eurogenerics,RxNorm Extension,M04A_antigout_preparations,reviewed_seed,Imported from master codelists,Drug,standard,M04A_antigout_preparations
antigout_medicines,Antigout medicines,drug,43022510,TRUE,febuxostat 80 MG Oral Tablet Box of 28 by Biogaran,RxNorm Extension,M04A_antigout_preparations,reviewed_seed,Imported from master codelists,Drug,standard,M04A_antigout_preparations
antigout_medicines,Antigout medicines,drug,43022511,TRUE,febuxostat 80 MG Oral Tablet Box of 28 by Sandoz,RxNorm Extension,M04A_antigout_preparations,reviewed_seed,Imported from master codelists,Drug,standard,M04A_antigout_preparations
antigout_medicines,Antigout medicines,drug,43022512,TRUE,febuxostat 80 MG Oral Tablet Box of 28 by Cristers,RxNorm Extension,M04A_antigout_preparations,reviewed_seed,Imported from master codelists,Drug,standard,M04A_antigout_preparations
antigout_medicines,Antigout medicines,drug,43022514,TRUE,febuxostat 80 MG Oral Tablet Box of 28 by Arrow,RxNorm Extension,M04A_antigout_preparations,reviewed_seed,Imported from master codelists,Drug,standard,M04A_antigout_preparations
antigout_medicines,Antigout medicines,drug,43022515,TRUE,febuxostat 80 MG Oral Tablet Box of 30,RxNorm Extension,M04A_antigout_preparations,reviewed_seed,Imported from master codelists,Drug,standard,M04A_antigout_preparations
antigout_medicines,Antigout medicines,drug,43022516,TRUE,febuxostat 80 MG Oral Tablet Box of 30 by TEVA,RxNorm Extension,M04A_antigout_preparations,reviewed_seed,Imported from master codelists,Drug,standard,M04A_antigout_preparations
antigout_medicines,Antigout medicines,drug,43023078,TRUE,Colchicine 1 MG Oral Tablet Box of 15 by Mayoly Spindler,RxNorm Extension,M04A_antigout_preparations,reviewed_seed,Imported from master codelists,Drug,standard,M04A_antigout_preparations
antigout_medicines,Antigout medicines,drug,43023079,TRUE,Colchicine 1 MG Oral Tablet Box of 20 by Mayoly Spindler,RxNorm Extension,M04A_antigout_preparations,reviewed_seed,Imported from master codelists,Drug,standard,M04A_antigout_preparations
antigout_medicines,Antigout medicines,drug,43026090,TRUE,Allopurinol 200 MG Oral Tablet Box of 28 by Zentiva,RxNorm Extension,M04A_antigout_preparations,reviewed_seed,Imported from master codelists,Drug,standard,M04A_antigout_preparations
antigout_medicines,Antigout medicines,drug,43026091,TRUE,Allopurinol 200 MG Oral Tablet Box of 28 by Mylan,RxNorm Extension,M04A_antigout_preparations,reviewed_seed,Imported from master codelists,Drug,standard,M04A_antigout_preparations
antigout_medicines,Antigout medicines,drug,43026092,TRUE,Allopurinol 200 MG Oral Tablet Box of 28 by Ranbaxy,RxNorm Extension,M04A_antigout_preparations,reviewed_seed,Imported from master codelists,Drug,standard,M04A_antigout_preparations
antigout_medicines,Antigout medicines,drug,43026093,TRUE,Allopurinol 200 MG Oral Tablet Box of 28 by TEVA,RxNorm Extension,M04A_antigout_preparations,reviewed_seed,Imported from master codelists,Drug,standard,M04A_antigout_preparations
antigout_medicines,Antigout medicines,drug,43026094,TRUE,Allopurinol 200 MG Oral Tablet Box of 28 by Eurogenerics,RxNorm Extension,M04A_antigout_preparations,reviewed_seed,Imported from master codelists,Drug,standard,M04A_antigout_preparations
antigout_medicines,Antigout medicines,drug,43026095,TRUE,Allopurinol 200 MG Oral Tablet Box of 28 by Biogaran,RxNorm Extension,M04A_antigout_preparations,reviewed_seed,Imported from master codelists,Drug,standard,M04A_antigout_preparations
antigout_medicines,Antigout medicines,drug,43026096,TRUE,Allopurinol 200 MG Oral Tablet Box of 28 by Sandoz,RxNorm Extension,M04A_antigout_preparations,reviewed_seed,Imported from master codelists,Drug,standard,M04A_antigout_preparations
antigout_medicines,Antigout medicines,drug,43026097,TRUE,Allopurinol 200 MG Oral Tablet Box of 28 by Cristers,RxNorm Extension,M04A_antigout_preparations,reviewed_seed,Imported from master codelists,Drug,standard,M04A_antigout_preparations
antigout_medicines,Antigout medicines,drug,43026098,TRUE,Allopurinol 200 MG Oral Tablet Box of 28 by Zydus,RxNorm Extension,M04A_antigout_preparations,reviewed_seed,Imported from master codelists,Drug,standard,M04A_antigout_preparations
antigout_medicines,Antigout medicines,drug,43026099,TRUE,Allopurinol 200 MG Oral Tablet Box of 28 by Arrow,RxNorm Extension,M04A_antigout_preparations,reviewed_seed,Imported from master codelists,Drug,standard,M04A_antigout_preparations
antigout_medicines,Antigout medicines,drug,43026100,TRUE,Allopurinol 300 MG Oral Tablet Box of 28 by Zentiva,RxNorm Extension,M04A_antigout_preparations,reviewed_seed,Imported from master codelists,Drug,standard,M04A_antigout_preparations
antigout_medicines,Antigout medicines,drug,43026101,TRUE,Allopurinol 300 MG Oral Tablet Box of 28 by Eurogenerics,RxNorm Extension,M04A_antigout_preparations,reviewed_seed,Imported from master codelists,Drug,standard,M04A_antigout_preparations
antigout_medicines,Antigout medicines,drug,43026102,TRUE,Allopurinol 300 MG Oral Tablet Box of 28 by Biogaran,RxNorm Extension,M04A_antigout_preparations,reviewed_seed,Imported from master codelists,Drug,standard,M04A_antigout_preparations
antigout_medicines,Antigout medicines,drug,43026103,TRUE,Allopurinol 300 MG Oral Tablet Box of 28 by Cristers,RxNorm Extension,M04A_antigout_preparations,reviewed_seed,Imported from master codelists,Drug,standard,M04A_antigout_preparations
antigout_medicines,Antigout medicines,drug,43026104,TRUE,Allopurinol 300 MG Oral Tablet Box of 28 by Zydus,RxNorm Extension,M04A_antigout_preparations,reviewed_seed,Imported from master codelists,Drug,standard,M04A_antigout_preparations
antigout_medicines,Antigout medicines,drug,43026105,TRUE,Allopurinol 300 MG Oral Tablet Box of 28 by Arrow,RxNorm Extension,M04A_antigout_preparations,reviewed_seed,Imported from master codelists,Drug,standard,M04A_antigout_preparations
antigout_medicines,Antigout medicines,drug,43026106,TRUE,Allopurinol 100 MG Oral Tablet Box of 28 by Zentiva,RxNorm Extension,M04A_antigout_preparations,reviewed_seed,Imported from master codelists,Drug,standard,M04A_antigout_preparations
antigout_medicines,Antigout medicines,drug,43026107,TRUE,Allopurinol 100 MG Oral Tablet Box of 28 by Eurogenerics,RxNorm Extension,M04A_antigout_preparations,reviewed_seed,Imported from master codelists,Drug,standard,M04A_antigout_preparations
antigout_medicines,Antigout medicines,drug,43026108,TRUE,Allopurinol 100 MG Oral Tablet Box of 28 by Biogaran,RxNorm Extension,M04A_antigout_preparations,reviewed_seed,Imported from master codelists,Drug,standard,M04A_antigout_preparations
antigout_medicines,Antigout medicines,drug,43026109,TRUE,Allopurinol 100 MG Oral Tablet Box of 28 by Cristers,RxNorm Extension,M04A_antigout_preparations,reviewed_seed,Imported from master codelists,Drug,standard,M04A_antigout_preparations
antigout_medicines,Antigout medicines,drug,43026110,TRUE,Allopurinol 100 MG Oral Tablet Box of 28 by Zydus,RxNorm Extension,M04A_antigout_preparations,reviewed_seed,Imported from master codelists,Drug,standard,M04A_antigout_preparations
antigout_medicines,Antigout medicines,drug,43026111,TRUE,Allopurinol 100 MG Oral Tablet Box of 28 by Arrow,RxNorm Extension,M04A_antigout_preparations,reviewed_seed,Imported from master codelists,Drug,standard,M04A_antigout_preparations
antigout_medicines,Antigout medicines,drug,43026112,TRUE,Allopurinol 100 MG Oral Tablet Box of 30 by Arrow,RxNorm Extension,M04A_antigout_preparations,reviewed_seed,Imported from master codelists,Drug,standard,M04A_antigout_preparations
antigout_medicines,Antigout medicines,drug,43040332,TRUE,5 ML Rasburicase 1.5 MG/ML Injectable Solution [Fasturtec] by Sanofi,RxNorm Extension,M04A_antigout_preparations,reviewed_seed,Imported from master codelists,Drug,standard,M04A_antigout_preparations
antigout_medicines,Antigout medicines,drug,43133136,TRUE,Allopurinol Oral Tablet [ALLOPURINOL BIOGARAN],RxNorm Extension,M04A_antigout_preparations,reviewed_seed,Imported from master codelists,Drug,standard,M04A_antigout_preparations
antigout_medicines,Antigout medicines,drug,43133137,TRUE,Allopurinol Oral Tablet [ALLOPURINOL PHR LAB],RxNorm Extension,M04A_antigout_preparations,reviewed_seed,Imported from master codelists,Drug,standard,M04A_antigout_preparations
antigout_medicines,Antigout medicines,drug,43133138,TRUE,Allopurinol 300 MG [ALLOPURINOL ISOMED],RxNorm Extension,M04A_antigout_preparations,reviewed_seed,Imported from master codelists,Drug,standard,M04A_antigout_preparations
antigout_medicines,Antigout medicines,drug,43133139,TRUE,Allopurinol 300 MG [ALLOPURINOL SANDOZ],RxNorm Extension,M04A_antigout_preparations,reviewed_seed,Imported from master codelists,Drug,standard,M04A_antigout_preparations
antigout_medicines,Antigout medicines,drug,43133140,TRUE,Allopurinol 300 MG [ALLOPURINOL SET],RxNorm Extension,M04A_antigout_preparations,reviewed_seed,Imported from master codelists,Drug,standard,M04A_antigout_preparations
antigout_medicines,Antigout medicines,drug,43133141,TRUE,Allopurinol 300 MG Oral Tablet [ALLOPURINOL ISOMED] Box of 28 by Plus,RxNorm Extension,M04A_antigout_preparations,reviewed_seed,Imported from master codelists,Drug,standard,M04A_antigout_preparations
antigout_medicines,Antigout medicines,drug,43133142,TRUE,Allopurinol 300 MG Oral Tablet [ALLOPURINOL MYLAN] Box of 28 by Mylan,RxNorm Extension,M04A_antigout_preparations,reviewed_seed,Imported from master codelists,Drug,standard,M04A_antigout_preparations
antigout_medicines,Antigout medicines,drug,43133143,TRUE,Allopurinol 300 MG Oral Tablet [ALLOPURINOL TEVA] Box of 28 by TEVA,RxNorm Extension,M04A_antigout_preparations,reviewed_seed,Imported from master codelists,Drug,standard,M04A_antigout_preparations
antigout_medicines,Antigout medicines,drug,43133144,TRUE,Allopurinol 300 MG Oral Tablet [ALLOPURINOL ZENTIVA],RxNorm Extension,M04A_antigout_preparations,reviewed_seed,Imported from master codelists,Drug,standard,M04A_antigout_preparations
antigout_medicines,Antigout medicines,drug,43133145,TRUE,Allopurinol 100 MG Oral Tablet [ALLOPURINOL ARROW],RxNorm Extension,M04A_antigout_preparations,reviewed_seed,Imported from master codelists,Drug,standard,M04A_antigout_preparations
antigout_medicines,Antigout medicines,drug,43133146,TRUE,Allopurinol 100 MG Oral Tablet [ALLOPURINOL ARROW] Box of 28,RxNorm Extension,M04A_antigout_preparations,reviewed_seed,Imported from master codelists,Drug,standard,M04A_antigout_preparations
antigout_medicines,Antigout medicines,drug,43133147,TRUE,Allopurinol 100 MG Oral Tablet [ALLOPURINOL ARROW] Box of 30 by Arrow,RxNorm Extension,M04A_antigout_preparations,reviewed_seed,Imported from master codelists,Drug,standard,M04A_antigout_preparations
antigout_medicines,Antigout medicines,drug,43133148,TRUE,Allopurinol 100 MG Oral Tablet [ALLOPURINOL BIOGARAN],RxNorm Extension,M04A_antigout_preparations,reviewed_seed,Imported from master codelists,Drug,standard,M04A_antigout_preparations
antigout_medicines,Antigout medicines,drug,43133149,TRUE,Allopurinol 100 MG Oral Tablet [ALLOPURINOL BIOGARAN] Box of 28 by Biogaran,RxNorm Extension,M04A_antigout_preparations,reviewed_seed,Imported from master codelists,Drug,standard,M04A_antigout_preparations
antigout_medicines,Antigout medicines,drug,43133150,TRUE,Allopurinol 100 MG Oral Tablet [ALLOPURINOL MYLAN] Box of 28,RxNorm Extension,M04A_antigout_preparations,reviewed_seed,Imported from master codelists,Drug,standard,M04A_antigout_preparations
antigout_medicines,Antigout medicines,drug,43133151,TRUE,Allopurinol 100 MG Oral Tablet [ALLOPURINOL PHR LAB] Box of 28,RxNorm Extension,M04A_antigout_preparations,reviewed_seed,Imported from master codelists,Drug,standard,M04A_antigout_preparations
antigout_medicines,Antigout medicines,drug,43133152,TRUE,Allopurinol 100 MG Oral Tablet [ALLOPURINOL SET],RxNorm Extension,M04A_antigout_preparations,reviewed_seed,Imported from master codelists,Drug,standard,M04A_antigout_preparations
antigout_medicines,Antigout medicines,drug,43133153,TRUE,Allopurinol 100 MG Oral Tablet [ALLOPURINOL SET] Box of 28 by Biogaran,RxNorm Extension,M04A_antigout_preparations,reviewed_seed,Imported from master codelists,Drug,standard,M04A_antigout_preparations
antigout_medicines,Antigout medicines,drug,43133154,TRUE,Allopurinol 100 MG Oral Tablet [ALLOPURINOL ZENTIVA],RxNorm Extension,M04A_antigout_preparations,reviewed_seed,Imported from master codelists,Drug,standard,M04A_antigout_preparations
antigout_medicines,Antigout medicines,drug,43133155,TRUE,Allopurinol 200 MG [ALLOPURINOL TEVA],RxNorm Extension,M04A_antigout_preparations,reviewed_seed,Imported from master codelists,Drug,standard,M04A_antigout_preparations
antigout_medicines,Antigout medicines,drug,43133156,TRUE,Allopurinol 200 MG Oral Capsule [ALLOPURINOL RATIOPHARM] Box of 28,RxNorm Extension,M04A_antigout_preparations,reviewed_seed,Imported from master codelists,Drug,standard,M04A_antigout_preparations
antigout_medicines,Antigout medicines,drug,43133157,TRUE,Allopurinol 200 MG Oral Tablet [ALLOPURINOL ARROW],RxNorm Extension,M04A_antigout_preparations,reviewed_seed,Imported from master codelists,Drug,standard,M04A_antigout_preparations
antigout_medicines,Antigout medicines,drug,43133158,TRUE,Allopurinol 200 MG Oral Tablet [ALLOPURINOL EG] Box of 28 by Eurogenerics,RxNorm Extension,M04A_antigout_preparations,reviewed_seed,Imported from master codelists,Drug,standard,M04A_antigout_preparations
antigout_medicines,Antigout medicines,drug,43133159,TRUE,Allopurinol 200 MG Oral Tablet [ALLOPURINOL RANBAXY],RxNorm Extension,M04A_antigout_preparations,reviewed_seed,Imported from master codelists,Drug,standard,M04A_antigout_preparations
antigout_medicines,Antigout medicines,drug,43133160,TRUE,Allopurinol 200 MG Oral Tablet [Zyloric] Box of 28,RxNorm Extension,M04A_antigout_preparations,reviewed_seed,Imported from master codelists,Drug,standard,M04A_antigout_preparations
antigout_medicines,Antigout medicines,drug,43133161,TRUE,Allopurinol 100 MG Oral Tablet [ALLOPURINOL SANDOZ] Box of 28 by Sandoz,RxNorm Extension,M04A_antigout_preparations,reviewed_seed,Imported from master codelists,Drug,standard,M04A_antigout_preparations
antigout_medicines,Antigout medicines,drug,43140744,TRUE,febuxostat 120 MG Delayed Release Oral Tablet,RxNorm Extension,M04A_antigout_preparations,reviewed_seed,Imported from master codelists,Drug,standard,M04A_antigout_preparations
antigout_medicines,Antigout medicines,drug,43144027,TRUE,Allopurinol 300 MG [ALLOPURINOL PHR LAB],RxNorm Extension,M04A_antigout_preparations,reviewed_seed,Imported from master codelists,Drug,standard,M04A_antigout_preparations
antigout_medicines,Antigout medicines,drug,43144028,TRUE,Allopurinol 300 MG [ALLOPURINOL RANBAXY],RxNorm Extension,M04A_antigout_preparations,reviewed_seed,Imported from master codelists,Drug,standard,M04A_antigout_preparations
antigout_medicines,Antigout medicines,drug,43144029,TRUE,Allopurinol 300 MG [ALLOPURINOL ZYDUS],RxNorm Extension,M04A_antigout_preparations,reviewed_seed,Imported from master codelists,Drug,standard,M04A_antigout_preparations
antigout_medicines,Antigout medicines,drug,43144030,TRUE,Allopurinol 300 MG Oral Capsule [ALLOPURINOL RATIOPHARM],RxNorm Extension,M04A_antigout_preparations,reviewed_seed,Imported from master codelists,Drug,standard,M04A_antigout_preparations
antigout_medicines,Antigout medicines,drug,43144031,TRUE,Allopurinol 300 MG Oral Tablet [ALLOPURINOL PHR LAB] Box of 28 by TEVA,RxNorm Extension,M04A_antigout_preparations,reviewed_seed,Imported from master codelists,Drug,standard,M04A_antigout_preparations
antigout_medicines,Antigout medicines,drug,43144032,TRUE,Allopurinol 300 MG Oral Tablet [ALLOPURINOL RANBAXY],RxNorm Extension,M04A_antigout_preparations,reviewed_seed,Imported from master codelists,Drug,standard,M04A_antigout_preparations
antigout_medicines,Antigout medicines,drug,43144033,TRUE,Allopurinol 300 MG Oral Tablet [ALLOPURINOL ZYDUS] Box of 28,RxNorm Extension,M04A_antigout_preparations,reviewed_seed,Imported from master codelists,Drug,standard,M04A_antigout_preparations
antigout_medicines,Antigout medicines,drug,43144034,TRUE,Allopurinol 100 MG [ALLOPURINOL BIOGARAN],RxNorm Extension,M04A_antigout_preparations,reviewed_seed,Imported from master codelists,Drug,standard,M04A_antigout_preparations
antigout_medicines,Antigout medicines,drug,43144035,TRUE,Allopurinol 100 MG Oral Tablet [ALLOPURINOL ARROW] Box of 28 by Arrow,RxNorm Extension,M04A_antigout_preparations,reviewed_seed,Imported from master codelists,Drug,standard,M04A_antigout_preparations
antigout_medicines,Antigout medicines,drug,43144036,TRUE,Allopurinol 100 MG Oral Tablet [ALLOPURINOL CRISTERS] Box of 28 by Cristers,RxNorm Extension,M04A_antigout_preparations,reviewed_seed,Imported from master codelists,Drug,standard,M04A_antigout_preparations
antigout_medicines,Antigout medicines,drug,43144037,TRUE,Allopurinol 100 MG Oral Tablet [ALLOPURINOL EG],RxNorm Extension,M04A_antigout_preparations,reviewed_seed,Imported from master codelists,Drug,standard,M04A_antigout_preparations
antigout_medicines,Antigout medicines,drug,43144038,TRUE,Allopurinol 100 MG Oral Tablet [ALLOPURINOL ISOMED] Box of 28 by TEVA,RxNorm Extension,M04A_antigout_preparations,reviewed_seed,Imported from master codelists,Drug,standard,M04A_antigout_preparations
antigout_medicines,Antigout medicines,drug,43144039,TRUE,Allopurinol 100 MG Oral Tablet [ALLOPURINOL PHR LAB] Box of 28 by TEVA,RxNorm Extension,M04A_antigout_preparations,reviewed_seed,Imported from master codelists,Drug,standard,M04A_antigout_preparations
antigout_medicines,Antigout medicines,drug,43144040,TRUE,Allopurinol 100 MG Oral Tablet [ALLOPURINOL TEVA] Box of 28 by TEVA,RxNorm Extension,M04A_antigout_preparations,reviewed_seed,Imported from master codelists,Drug,standard,M04A_antigout_preparations
antigout_medicines,Antigout medicines,drug,43144041,TRUE,Allopurinol 200 MG [ALLOPURINOL BIOGARAN],RxNorm Extension,M04A_antigout_preparations,reviewed_seed,Imported from master codelists,Drug,standard,M04A_antigout_preparations
antigout_medicines,Antigout medicines,drug,43144042,TRUE,Allopurinol 200 MG [ALLOPURINOL SANDOZ],RxNorm Extension,M04A_antigout_preparations,reviewed_seed,Imported from master codelists,Drug,standard,M04A_antigout_preparations
antigout_medicines,Antigout medicines,drug,43144043,TRUE,Allopurinol 200 MG [ALLOPURINOL SET],RxNorm Extension,M04A_antigout_preparations,reviewed_seed,Imported from master codelists,Drug,standard,M04A_antigout_preparations
antigout_medicines,Antigout medicines,drug,43144044,TRUE,Allopurinol 200 MG Oral Capsule Box of 28,RxNorm Extension,M04A_antigout_preparations,reviewed_seed,Imported from master codelists,Drug,standard,M04A_antigout_preparations
antigout_medicines,Antigout medicines,drug,43144045,TRUE,Allopurinol 200 MG Oral Tablet [ALLOPURINOL BIOGARAN],RxNorm Extension,M04A_antigout_preparations,reviewed_seed,Imported from master codelists,Drug,standard,M04A_antigout_preparations
antigout_medicines,Antigout medicines,drug,43144046,TRUE,Allopurinol 200 MG Oral Tablet [ALLOPURINOL BIOGARAN] Box of 28,RxNorm Extension,M04A_antigout_preparations,reviewed_seed,Imported from master codelists,Drug,standard,M04A_antigout_preparations
antigout_medicines,Antigout medicines,drug,43144047,TRUE,Allopurinol 200 MG Oral Tablet [ALLOPURINOL EG] Box of 28,RxNorm Extension,M04A_antigout_preparations,reviewed_seed,Imported from master codelists,Drug,standard,M04A_antigout_preparations
antigout_medicines,Antigout medicines,drug,43144048,TRUE,Allopurinol 200 MG Oral Tablet [ALLOPURINOL MYLAN] Box of 28 by Mylan,RxNorm Extension,M04A_antigout_preparations,reviewed_seed,Imported from master codelists,Drug,standard,M04A_antigout_preparations
antigout_medicines,Antigout medicines,drug,43144049,TRUE,Allopurinol 200 MG Oral Tablet [ALLOPURINOL PHR LAB],RxNorm Extension,M04A_antigout_preparations,reviewed_seed,Imported from master codelists,Drug,standard,M04A_antigout_preparations
antigout_medicines,Antigout medicines,drug,43144050,TRUE,Allopurinol 200 MG Oral Tablet [ALLOPURINOL ZENTIVA] Box of 28 by Sanofi,RxNorm Extension,M04A_antigout_preparations,reviewed_seed,Imported from master codelists,Drug,standard,M04A_antigout_preparations
antigout_medicines,Antigout medicines,drug,43144051,TRUE,Allopurinol 200 MG Oral Tablet [ALLOPURINOL ZYDUS] Box of 28,RxNorm Extension,M04A_antigout_preparations,reviewed_seed,Imported from master codelists,Drug,standard,M04A_antigout_preparations
antigout_medicines,Antigout medicines,drug,43144052,TRUE,Allopurinol 100 MG Oral Tablet [ALLOPURINOL SANDOZ],RxNorm Extension,M04A_antigout_preparations,reviewed_seed,Imported from master codelists,Drug,standard,M04A_antigout_preparations
antigout_medicines,Antigout medicines,drug,43148625,TRUE,Rasburicase 1.5 MG/ML Prefilled Syringe,RxNorm Extension,M04A_antigout_preparations,reviewed_seed,Imported from master codelists,Drug,standard,M04A_antigout_preparations
antigout_medicines,Antigout medicines,drug,43148626,TRUE,Rasburicase 1.5 MG/ML Prefilled Syringe [Fasturtec],RxNorm Extension,M04A_antigout_preparations,reviewed_seed,Imported from master codelists,Drug,standard,M04A_antigout_preparations
antigout_medicines,Antigout medicines,drug,43148940,TRUE,Colchicine 1 MG [COLCHICINE OPOCALCIUM],RxNorm Extension,M04A_antigout_preparations,reviewed_seed,Imported from master codelists,Drug,standard,M04A_antigout_preparations
antigout_medicines,Antigout medicines,drug,43151760,TRUE,febuxostat 80 MG Delayed Release Oral Tablet [Adenuric] Box of 28,RxNorm Extension,M04A_antigout_preparations,reviewed_seed,Imported from master codelists,Drug,standard,M04A_antigout_preparations
antigout_medicines,Antigout medicines,drug,43152922,TRUE,5 ML Rasburicase 1.5 MG/ML Prefilled Syringe,RxNorm Extension,M04A_antigout_preparations,reviewed_seed,Imported from master codelists,Drug,standard,M04A_antigout_preparations
antigout_medicines,Antigout medicines,drug,43155167,TRUE,Allopurinol Oral Tablet [ALLOPURINOL EG],RxNorm Extension,M04A_antigout_preparations,reviewed_seed,Imported from master codelists,Drug,standard,M04A_antigout_preparations
antigout_medicines,Antigout medicines,drug,43155168,TRUE,Allopurinol Oral Tablet [ALLOPURINOL RANBAXY],RxNorm Extension,M04A_antigout_preparations,reviewed_seed,Imported from master codelists,Drug,standard,M04A_antigout_preparations
antigout_medicines,Antigout medicines,drug,43155169,TRUE,Allopurinol Oral Tablet [ALLOPURINOL SANDOZ],RxNorm Extension,M04A_antigout_preparations,reviewed_seed,Imported from master codelists,Drug,standard,M04A_antigout_preparations
antigout_medicines,Antigout medicines,drug,43155170,TRUE,Allopurinol 300 MG [ALLOPURINOL BIOGARAN],RxNorm Extension,M04A_antigout_preparations,reviewed_seed,Imported from master codelists,Drug,standard,M04A_antigout_preparations
antigout_medicines,Antigout medicines,drug,43155171,TRUE,Allopurinol 300 MG [ALLOPURINOL ZENTIVA],RxNorm Extension,M04A_antigout_preparations,reviewed_seed,Imported from master codelists,Drug,standard,M04A_antigout_preparations
antigout_medicines,Antigout medicines,drug,43155172,TRUE,Allopurinol 300 MG Oral Capsule [ALLOPURINOL RATIOPHARM] Box of 28 by Ratiopharm,RxNorm Extension,M04A_antigout_preparations,reviewed_seed,Imported from master codelists,Drug,standard,M04A_antigout_preparations
antigout_medicines,Antigout medicines,drug,43155173,TRUE,Allopurinol 300 MG Oral Tablet [ALLOPURINOL BIOGARAN],RxNorm Extension,M04A_antigout_preparations,reviewed_seed,Imported from master codelists,Drug,standard,M04A_antigout_preparations
antigout_medicines,Antigout medicines,drug,43155174,TRUE,Allopurinol 300 MG Oral Tablet [ALLOPURINOL MYLAN],RxNorm Extension,M04A_antigout_preparations,reviewed_seed,Imported from master codelists,Drug,standard,M04A_antigout_preparations
antigout_medicines,Antigout medicines,drug,43155175,TRUE,Allopurinol 300 MG Oral Tablet [ALLOPURINOL MYLAN] Box of 28,RxNorm Extension,M04A_antigout_preparations,reviewed_seed,Imported from master codelists,Drug,standard,M04A_antigout_preparations
antigout_medicines,Antigout medicines,drug,43155176,TRUE,Allopurinol 300 MG Oral Tablet [ALLOPURINOL TEVA] Box of 28,RxNorm Extension,M04A_antigout_preparations,reviewed_seed,Imported from master codelists,Drug,standard,M04A_antigout_preparations
antigout_medicines,Antigout medicines,drug,43155177,TRUE,Allopurinol 300 MG Oral Tablet [ALLOPURINOL ZENTIVA] Box of 28 by Sanofi,RxNorm Extension,M04A_antigout_preparations,reviewed_seed,Imported from master codelists,Drug,standard,M04A_antigout_preparations
antigout_medicines,Antigout medicines,drug,43155178,TRUE,Allopurinol 100 MG [ALLOPURINOL ISOMED],RxNorm Extension,M04A_antigout_preparations,reviewed_seed,Imported from master codelists,Drug,standard,M04A_antigout_preparations
antigout_medicines,Antigout medicines,drug,43155179,TRUE,Allopurinol 100 MG [ALLOPURINOL RATIOPHARM],RxNorm Extension,M04A_antigout_preparations,reviewed_seed,Imported from master codelists,Drug,standard,M04A_antigout_preparations
antigout_medicines,Antigout medicines,drug,43155180,TRUE,Allopurinol 100 MG [ALLOPURINOL SET],RxNorm Extension,M04A_antigout_preparations,reviewed_seed,Imported from master codelists,Drug,standard,M04A_antigout_preparations
antigout_medicines,Antigout medicines,drug,43155181,TRUE,Allopurinol 100 MG Oral Capsule [ALLOPURINOL RATIOPHARM],RxNorm Extension,M04A_antigout_preparations,reviewed_seed,Imported from master codelists,Drug,standard,M04A_antigout_preparations
antigout_medicines,Antigout medicines,drug,43155182,TRUE,Allopurinol 100 MG Oral Tablet [ALLOPURINOL BIOGARAN] Box of 28,RxNorm Extension,M04A_antigout_preparations,reviewed_seed,Imported from master codelists,Drug,standard,M04A_antigout_preparations
antigout_medicines,Antigout medicines,drug,43155183,TRUE,Allopurinol 100 MG Oral Tablet [ALLOPURINOL RANBAXY],RxNorm Extension,M04A_antigout_preparations,reviewed_seed,Imported from master codelists,Drug,standard,M04A_antigout_preparations
antigout_medicines,Antigout medicines,drug,43155184,TRUE,Allopurinol 100 MG Oral Tablet [ALLOPURINOL RANBAXY] Box of 28,RxNorm Extension,M04A_antigout_preparations,reviewed_seed,Imported from master codelists,Drug,standard,M04A_antigout_preparations
antigout_medicines,Antigout medicines,drug,43155185,TRUE,Allopurinol 200 MG Oral Tablet [ALLOPURINOL ARROW] Box of 28 by Arrow,RxNorm Extension,M04A_antigout_preparations,reviewed_seed,Imported from master codelists,Drug,standard,M04A_antigout_preparations
antigout_medicines,Antigout medicines,drug,43155186,TRUE,Allopurinol 200 MG Oral Tablet [ALLOPURINOL CRISTERS] Box of 28,RxNorm Extension,M04A_antigout_preparations,reviewed_seed,Imported from master codelists,Drug,standard,M04A_antigout_preparations
antigout_medicines,Antigout medicines,drug,43155187,TRUE,Allopurinol 200 MG Oral Tablet [ALLOPURINOL ISOMED],RxNorm Extension,M04A_antigout_preparations,reviewed_seed,Imported from master codelists,Drug,standard,M04A_antigout_preparations
antigout_medicines,Antigout medicines,drug,43155188,TRUE,Allopurinol 200 MG Oral Tablet [ALLOPURINOL ISOMED] Box of 28 by TEVA,RxNorm Extension,M04A_antigout_preparations,reviewed_seed,Imported from master codelists,Drug,standard,M04A_antigout_preparations
antigout_medicines,Antigout medicines,drug,43155189,TRUE,Allopurinol 200 MG Oral Tablet [ALLOPURINOL SANDOZ] Box of 28,RxNorm Extension,M04A_antigout_preparations,reviewed_seed,Imported from master codelists,Drug,standard,M04A_antigout_preparations
antigout_medicines,Antigout medicines,drug,43155190,TRUE,Allopurinol 200 MG Oral Tablet [ALLOPURINOL SANDOZ] Box of 28 by Sandoz,RxNorm Extension,M04A_antigout_preparations,reviewed_seed,Imported from master codelists,Drug,standard,M04A_antigout_preparations
antigout_medicines,Antigout medicines,drug,43155191,TRUE,Allopurinol 200 MG Oral Tablet [ALLOPURINOL ZYDUS] Box of 28 by Zydus,RxNorm Extension,M04A_antigout_preparations,reviewed_seed,Imported from master codelists,Drug,standard,M04A_antigout_preparations
antigout_medicines,Antigout medicines,drug,43157467,TRUE,Probenecid 500 MG Oral Tablet Box of 30,RxNorm Extension,M04A_antigout_preparations,reviewed_seed,Imported from master codelists,Drug,standard,M04A_antigout_preparations
antigout_medicines,Antigout medicines,drug,43157468,TRUE,Probenecid 500 MG Oral Tablet [Benemid] Box of 30 by Bouchara-Recordati,RxNorm Extension,M04A_antigout_preparations,reviewed_seed,Imported from master codelists,Drug,standard,M04A_antigout_preparations
antigout_medicines,Antigout medicines,drug,43159829,TRUE,Rasburicase 1.5 MG/ML [Fasturtec],RxNorm Extension,M04A_antigout_preparations,reviewed_seed,Imported from master codelists,Drug,standard,M04A_antigout_preparations
antigout_medicines,Antigout medicines,drug,43159830,TRUE,Rasburicase 1.5 MG/ML Prefilled Syringe [Fasturtec] Box of 1,RxNorm Extension,M04A_antigout_preparations,reviewed_seed,Imported from master codelists,Drug,standard,M04A_antigout_preparations
antigout_medicines,Antigout medicines,drug,43159831,TRUE,Rasburicase 1.5 MG/ML Prefilled Syringe [Fasturtec] Box of 3,RxNorm Extension,M04A_antigout_preparations,reviewed_seed,Imported from master codelists,Drug,standard,M04A_antigout_preparations
antigout_medicines,Antigout medicines,drug,43160147,TRUE,Colchicine Oral Tablet [COLCHICINE OPOCALCIUM],RxNorm Extension,M04A_antigout_preparations,reviewed_seed,Imported from master codelists,Drug,standard,M04A_antigout_preparations
antigout_medicines,Antigout medicines,drug,43160148,TRUE,Colchicine 1 MG Oral Tablet [COLCHICINE OPOCALCIUM] Box of 20 by Mayoly Spindler,RxNorm Extension,M04A_antigout_preparations,reviewed_seed,Imported from master codelists,Drug,standard,M04A_antigout_preparations
antigout_medicines,Antigout medicines,drug,43162918,TRUE,febuxostat Delayed Release Oral Tablet,RxNorm Extension,M04A_antigout_preparations,reviewed_seed,Imported from master codelists,Drug,standard,M04A_antigout_preparations
antigout_medicines,Antigout medicines,drug,43162919,TRUE,febuxostat Delayed Release Oral Tablet [Adenuric],RxNorm Extension,M04A_antigout_preparations,reviewed_seed,Imported from master codelists,Drug,standard,M04A_antigout_preparations
antigout_medicines,Antigout medicines,drug,43162920,TRUE,febuxostat 120 MG Delayed Release Oral Tablet Box of 28,RxNorm Extension,M04A_antigout_preparations,reviewed_seed,Imported from master codelists,Drug,standard,M04A_antigout_preparations
antigout_medicines,Antigout medicines,drug,43162921,TRUE,febuxostat 80 MG Delayed Release Oral Tablet [Adenuric] Box of 28 by Menarini,RxNorm Extension,M04A_antigout_preparations,reviewed_seed,Imported from master codelists,Drug,standard,M04A_antigout_preparations
antigout_medicines,Antigout medicines,drug,43166191,TRUE,Allopurinol Oral Tablet [ALLOPURINOL CRISTERS],RxNorm Extension,M04A_antigout_preparations,reviewed_seed,Imported from master codelists,Drug,standard,M04A_antigout_preparations
antigout_medicines,Antigout medicines,drug,43166192,TRUE,Allopurinol Oral Tablet [ALLOPURINOL ISOMED],RxNorm Extension,M04A_antigout_preparations,reviewed_seed,Imported from master codelists,Drug,standard,M04A_antigout_preparations
antigout_medicines,Antigout medicines,drug,43166193,TRUE,Allopurinol 300 MG [ALLOPURINOL ARROW],RxNorm Extension,M04A_antigout_preparations,reviewed_seed,Imported from master codelists,Drug,standard,M04A_antigout_preparations
antigout_medicines,Antigout medicines,drug,43166194,TRUE,Allopurinol 300 MG [ALLOPURINOL MYLAN],RxNorm Extension,M04A_antigout_preparations,reviewed_seed,Imported from master codelists,Drug,standard,M04A_antigout_preparations
antigout_medicines,Antigout medicines,drug,43166195,TRUE,Allopurinol 300 MG [ALLOPURINOL TEVA],RxNorm Extension,M04A_antigout_preparations,reviewed_seed,Imported from master codelists,Drug,standard,M04A_antigout_preparations
antigout_medicines,Antigout medicines,drug,43166196,TRUE,Allopurinol 300 MG Oral Capsule Box of 28,RxNorm Extension,M04A_antigout_preparations,reviewed_seed,Imported from master codelists,Drug,standard,M04A_antigout_preparations
antigout_medicines,Antigout medicines,drug,43166197,TRUE,Allopurinol 300 MG Oral Capsule [ALLOPURINOL RATIOPHARM] Box of 28,RxNorm Extension,M04A_antigout_preparations,reviewed_seed,Imported from master codelists,Drug,standard,M04A_antigout_preparations
antigout_medicines,Antigout medicines,drug,43166198,TRUE,Allopurinol 300 MG Oral Tablet [ALLOPURINOL CRISTERS] Box of 28,RxNorm Extension,M04A_antigout_preparations,reviewed_seed,Imported from master codelists,Drug,standard,M04A_antigout_preparations
antigout_medicines,Antigout medicines,drug,43166199,TRUE,Allopurinol 300 MG Oral Tablet [ALLOPURINOL RANBAXY] Box of 28,RxNorm Extension,M04A_antigout_preparations,reviewed_seed,Imported from master codelists,Drug,standard,M04A_antigout_preparations
antigout_medicines,Antigout medicines,drug,43166200,TRUE,Allopurinol 300 MG Oral Tablet [ALLOPURINOL SET] Box of 28,RxNorm Extension,M04A_antigout_preparations,reviewed_seed,Imported from master codelists,Drug,standard,M04A_antigout_preparations
antigout_medicines,Antigout medicines,drug,43166201,TRUE,Allopurinol 100 MG [ALLOPURINOL ZENTIVA],RxNorm Extension,M04A_antigout_preparations,reviewed_seed,Imported from master codelists,Drug,standard,M04A_antigout_preparations
antigout_medicines,Antigout medicines,drug,43166202,TRUE,Allopurinol 100 MG [ALLOPURINOL ZYDUS],RxNorm Extension,M04A_antigout_preparations,reviewed_seed,Imported from master codelists,Drug,standard,M04A_antigout_preparations
antigout_medicines,Antigout medicines,drug,43166203,TRUE,Allopurinol 100 MG Oral Tablet Box of 30,RxNorm Extension,M04A_antigout_preparations,reviewed_seed,Imported from master codelists,Drug,standard,M04A_antigout_preparations
antigout_medicines,Antigout medicines,drug,43166204,TRUE,Allopurinol 100 MG Oral Tablet [ALLOPURINOL ARROW] Box of 30,RxNorm Extension,M04A_antigout_preparations,reviewed_seed,Imported from master codelists,Drug,standard,M04A_antigout_preparations
antigout_medicines,Antigout medicines,drug,43166205,TRUE,Allopurinol 100 MG Oral Tablet [ALLOPURINOL CRISTERS] Box of 28,RxNorm Extension,M04A_antigout_preparations,reviewed_seed,Imported from master codelists,Drug,standard,M04A_antigout_preparations
antigout_medicines,Antigout medicines,drug,43166206,TRUE,Allopurinol 100 MG Oral Tablet [ALLOPURINOL MYLAN],RxNorm Extension,M04A_antigout_preparations,reviewed_seed,Imported from master codelists,Drug,standard,M04A_antigout_preparations
antigout_medicines,Antigout medicines,drug,43166207,TRUE,Allopurinol 100 MG Oral Tablet [ALLOPURINOL TEVA],RxNorm Extension,M04A_antigout_preparations,reviewed_seed,Imported from master codelists,Drug,standard,M04A_antigout_preparations
antigout_medicines,Antigout medicines,drug,43166208,TRUE,Allopurinol 200 MG [ALLOPURINOL MYLAN],RxNorm Extension,M04A_antigout_preparations,reviewed_seed,Imported from master codelists,Drug,standard,M04A_antigout_preparations
antigout_medicines,Antigout medicines,drug,43166209,TRUE,Allopurinol 200 MG Oral Tablet [Zyloric] Box of 28 by Aspen,RxNorm Extension,M04A_antigout_preparations,reviewed_seed,Imported from master codelists,Drug,standard,M04A_antigout_preparations
antigout_medicines,Antigout medicines,drug,43166210,TRUE,Allopurinol 100 MG [ALLOPURINOL SANDOZ],RxNorm Extension,M04A_antigout_preparations,reviewed_seed,Imported from master codelists,Drug,standard,M04A_antigout_preparations
antigout_medicines,Antigout medicines,drug,43173927,TRUE,febuxostat 120 MG Delayed Release Oral Tablet [Adenuric],RxNorm Extension,M04A_antigout_preparations,reviewed_seed,Imported from master codelists,Drug,standard,M04A_antigout_preparations
antigout_medicines,Antigout medicines,drug,43173928,TRUE,febuxostat 120 MG Delayed Release Oral Tablet [Adenuric] Box of 28,RxNorm Extension,M04A_antigout_preparations,reviewed_seed,Imported from master codelists,Drug,standard,M04A_antigout_preparations
antigout_medicines,Antigout medicines,drug,43174609,TRUE,1 ML Rasburicase 1.5 MG/ML Prefilled Syringe,RxNorm Extension,M04A_antigout_preparations,reviewed_seed,Imported from master codelists,Drug,standard,M04A_antigout_preparations
antigout_medicines,Antigout medicines,drug,43175009,TRUE,5 ML Rasburicase 1.5 MG/ML Prefilled Syringe Box of 1,RxNorm Extension,M04A_antigout_preparations,reviewed_seed,Imported from master codelists,Drug,standard,M04A_antigout_preparations
antigout_medicines,Antigout medicines,drug,43177176,TRUE,Allopurinol Oral Capsule [ALLOPURINOL RATIOPHARM],RxNorm Extension,M04A_antigout_preparations,reviewed_seed,Imported from master codelists,Drug,standard,M04A_antigout_preparations
antigout_medicines,Antigout medicines,drug,43177177,TRUE,Allopurinol Oral Tablet [ALLOPURINOL MYLAN],RxNorm Extension,M04A_antigout_preparations,reviewed_seed,Imported from master codelists,Drug,standard,M04A_antigout_preparations
antigout_medicines,Antigout medicines,drug,43177178,TRUE,Allopurinol 300 MG [ALLOPURINOL EG],RxNorm Extension,M04A_antigout_preparations,reviewed_seed,Imported from master codelists,Drug,standard,M04A_antigout_preparations
antigout_medicines,Antigout medicines,drug,43177179,TRUE,Allopurinol 300 MG Oral Tablet [ALLOPURINOL EG] Box of 28 by Eurogenerics,RxNorm Extension,M04A_antigout_preparations,reviewed_seed,Imported from master codelists,Drug,standard,M04A_antigout_preparations
antigout_medicines,Antigout medicines,drug,43177180,TRUE,Allopurinol 300 MG Oral Tablet [ALLOPURINOL ISOMED] Box of 28,RxNorm Extension,M04A_antigout_preparations,reviewed_seed,Imported from master codelists,Drug,standard,M04A_antigout_preparations
antigout_medicines,Antigout medicines,drug,43177181,TRUE,Allopurinol 300 MG Oral Tablet [ALLOPURINOL PHR LAB] Box of 28,RxNorm Extension,M04A_antigout_preparations,reviewed_seed,Imported from master codelists,Drug,standard,M04A_antigout_preparations
antigout_medicines,Antigout medicines,drug,43177182,TRUE,Allopurinol 300 MG Oral Tablet [ALLOPURINOL SET],RxNorm Extension,M04A_antigout_preparations,reviewed_seed,Imported from master codelists,Drug,standard,M04A_antigout_preparations
antigout_medicines,Antigout medicines,drug,43177183,TRUE,Allopurinol 300 MG Oral Tablet [ALLOPURINOL TEVA],RxNorm Extension,M04A_antigout_preparations,reviewed_seed,Imported from master codelists,Drug,standard,M04A_antigout_preparations
antigout_medicines,Antigout medicines,drug,43177185,TRUE,Allopurinol 100 MG [ALLOPURINOL CRISTERS],RxNorm Extension,M04A_antigout_preparations,reviewed_seed,Imported from master codelists,Drug,standard,M04A_antigout_preparations
antigout_medicines,Antigout medicines,drug,43177186,TRUE,Allopurinol 100 MG [ALLOPURINOL TEVA],RxNorm Extension,M04A_antigout_preparations,reviewed_seed,Imported from master codelists,Drug,standard,M04A_antigout_preparations
antigout_medicines,Antigout medicines,drug,43177187,TRUE,Allopurinol 100 MG Oral Tablet [ALLOPURINOL CRISTERS],RxNorm Extension,M04A_antigout_preparations,reviewed_seed,Imported from master codelists,Drug,standard,M04A_antigout_preparations
antigout_medicines,Antigout medicines,drug,43177188,TRUE,Allopurinol 100 MG Oral Tablet [ALLOPURINOL EG] Box of 28,RxNorm Extension,M04A_antigout_preparations,reviewed_seed,Imported from master codelists,Drug,standard,M04A_antigout_preparations
antigout_medicines,Antigout medicines,drug,43177189,TRUE,Allopurinol 100 MG Oral Tablet [ALLOPURINOL ISOMED],RxNorm Extension,M04A_antigout_preparations,reviewed_seed,Imported from master codelists,Drug,standard,M04A_antigout_preparations
antigout_medicines,Antigout medicines,drug,43177190,TRUE,Allopurinol 100 MG Oral Tablet [ALLOPURINOL MYLAN] Box of 28 by Mylan,RxNorm Extension,M04A_antigout_preparations,reviewed_seed,Imported from master codelists,Drug,standard,M04A_antigout_preparations
antigout_medicines,Antigout medicines,drug,43177191,TRUE,Allopurinol 100 MG Oral Tablet [ALLOPURINOL PHR LAB],RxNorm Extension,M04A_antigout_preparations,reviewed_seed,Imported from master codelists,Drug,standard,M04A_antigout_preparations
antigout_medicines,Antigout medicines,drug,43177192,TRUE,Allopurinol 100 MG Oral Tablet [ALLOPURINOL RANBAXY] Box of 28 by Ranbaxy,RxNorm Extension,M04A_antigout_preparations,reviewed_seed,Imported from master codelists,Drug,standard,M04A_antigout_preparations
antigout_medicines,Antigout medicines,drug,43177193,TRUE,Allopurinol 100 MG Oral Tablet [ALLOPURINOL TEVA] Box of 28,RxNorm Extension,M04A_antigout_preparations,reviewed_seed,Imported from master codelists,Drug,standard,M04A_antigout_preparations
antigout_medicines,Antigout medicines,drug,43177194,TRUE,Allopurinol 100 MG Oral Tablet [ALLOPURINOL ZENTIVA] Box of 28,RxNorm Extension,M04A_antigout_preparations,reviewed_seed,Imported from master codelists,Drug,standard,M04A_antigout_preparations
antigout_medicines,Antigout medicines,drug,43177195,TRUE,Allopurinol 100 MG Oral Tablet [ALLOPURINOL ZYDUS] Box of 28,RxNorm Extension,M04A_antigout_preparations,reviewed_seed,Imported from master codelists,Drug,standard,M04A_antigout_preparations
antigout_medicines,Antigout medicines,drug,43177196,TRUE,Allopurinol 100 MG Oral Tablet [Zyloric] Box of 28,RxNorm Extension,M04A_antigout_preparations,reviewed_seed,Imported from master codelists,Drug,standard,M04A_antigout_preparations
antigout_medicines,Antigout medicines,drug,43177197,TRUE,Allopurinol 200 MG [ALLOPURINOL CRISTERS],RxNorm Extension,M04A_antigout_preparations,reviewed_seed,Imported from master codelists,Drug,standard,M04A_antigout_preparations
antigout_medicines,Antigout medicines,drug,43177198,TRUE,Allopurinol 200 MG [ALLOPURINOL PHR LAB],RxNorm Extension,M04A_antigout_preparations,reviewed_seed,Imported from master codelists,Drug,standard,M04A_antigout_preparations
antigout_medicines,Antigout medicines,drug,43177199,TRUE,Allopurinol 200 MG [ALLOPURINOL RANBAXY],RxNorm Extension,M04A_antigout_preparations,reviewed_seed,Imported from master codelists,Drug,standard,M04A_antigout_preparations
antigout_medicines,Antigout medicines,drug,43177200,TRUE,Allopurinol 200 MG Oral Capsule [ALLOPURINOL RATIOPHARM],RxNorm Extension,M04A_antigout_preparations,reviewed_seed,Imported from master codelists,Drug,standard,M04A_antigout_preparations
antigout_medicines,Antigout medicines,drug,43177201,TRUE,Allopurinol 200 MG Oral Tablet [ALLOPURINOL EG],RxNorm Extension,M04A_antigout_preparations,reviewed_seed,Imported from master codelists,Drug,standard,M04A_antigout_preparations
antigout_medicines,Antigout medicines,drug,43177202,TRUE,Allopurinol 200 MG Oral Tablet [ALLOPURINOL ISOMED] Box of 28,RxNorm Extension,M04A_antigout_preparations,reviewed_seed,Imported from master codelists,Drug,standard,M04A_antigout_preparations
antigout_medicines,Antigout medicines,drug,43177203,TRUE,Allopurinol 200 MG Oral Tablet [ALLOPURINOL PHR LAB] Box of 28,RxNorm Extension,M04A_antigout_preparations,reviewed_seed,Imported from master codelists,Drug,standard,M04A_antigout_preparations
antigout_medicines,Antigout medicines,drug,43177204,TRUE,Allopurinol 200 MG Oral Tablet [ALLOPURINOL RANBAXY] Box of 28,RxNorm Extension,M04A_antigout_preparations,reviewed_seed,Imported from master codelists,Drug,standard,M04A_antigout_preparations
antigout_medicines,Antigout medicines,drug,43177205,TRUE,Allopurinol 200 MG Oral Tablet [ALLOPURINOL SANDOZ],RxNorm Extension,M04A_antigout_preparations,reviewed_seed,Imported from master codelists,Drug,standard,M04A_antigout_preparations
antigout_medicines,Antigout medicines,drug,43177206,TRUE,Allopurinol 200 MG Oral Tablet [ALLOPURINOL SET],RxNorm Extension,M04A_antigout_preparations,reviewed_seed,Imported from master codelists,Drug,standard,M04A_antigout_preparations
antigout_medicines,Antigout medicines,drug,43177207,TRUE,Allopurinol 200 MG Oral Tablet [ALLOPURINOL ZENTIVA],RxNorm Extension,M04A_antigout_preparations,reviewed_seed,Imported from master codelists,Drug,standard,M04A_antigout_preparations
antigout_medicines,Antigout medicines,drug,43177208,TRUE,Allopurinol 100 MG Oral Tablet [ALLOPURINOL SANDOZ] Box of 28,RxNorm Extension,M04A_antigout_preparations,reviewed_seed,Imported from master codelists,Drug,standard,M04A_antigout_preparations
antigout_medicines,Antigout medicines,drug,43181726,TRUE,Rasburicase 1.5 MG/ML Prefilled Syringe Box of 1,RxNorm Extension,M04A_antigout_preparations,reviewed_seed,Imported from master codelists,Drug,standard,M04A_antigout_preparations
antigout_medicines,Antigout medicines,drug,43182050,TRUE,Colchicine 1 MG Oral Tablet [COLCHICINE OPOCALCIUM],RxNorm Extension,M04A_antigout_preparations,reviewed_seed,Imported from master codelists,Drug,standard,M04A_antigout_preparations
antigout_medicines,Antigout medicines,drug,43184771,TRUE,febuxostat 120 MG Delayed Release Oral Tablet [Adenuric] Box of 28 by Menarini,RxNorm Extension,M04A_antigout_preparations,reviewed_seed,Imported from master codelists,Drug,standard,M04A_antigout_preparations
antigout_medicines,Antigout medicines,drug,43185471,TRUE,1 ML Rasburicase 1.5 MG/ML Prefilled Syringe Box of 3,RxNorm Extension,M04A_antigout_preparations,reviewed_seed,Imported from master codelists,Drug,standard,M04A_antigout_preparations
antigout_medicines,Antigout medicines,drug,43185889,TRUE,5 ML Rasburicase 1.5 MG/ML Prefilled Syringe [Fasturtec],RxNorm Extension,M04A_antigout_preparations,reviewed_seed,Imported from master codelists,Drug,standard,M04A_antigout_preparations
antigout_medicines,Antigout medicines,drug,43185890,TRUE,5 ML Rasburicase 1.5 MG/ML Prefilled Syringe [Fasturtec] Box of 1,RxNorm Extension,M04A_antigout_preparations,reviewed_seed,Imported from master codelists,Drug,standard,M04A_antigout_preparations
antigout_medicines,Antigout medicines,drug,43185891,TRUE,5 ML Rasburicase 1.5 MG/ML Prefilled Syringe [Fasturtec] Box of 1 by Sanofi,RxNorm Extension,M04A_antigout_preparations,reviewed_seed,Imported from master codelists,Drug,standard,M04A_antigout_preparations
antigout_medicines,Antigout medicines,drug,43188137,TRUE,Allopurinol Oral Tablet [ALLOPURINOL ARROW],RxNorm Extension,M04A_antigout_preparations,reviewed_seed,Imported from master codelists,Drug,standard,M04A_antigout_preparations
antigout_medicines,Antigout medicines,drug,43188138,TRUE,Allopurinol Oral Tablet [ALLOPURINOL SET],RxNorm Extension,M04A_antigout_preparations,reviewed_seed,Imported from master codelists,Drug,standard,M04A_antigout_preparations
antigout_medicines,Antigout medicines,drug,43188139,TRUE,Allopurinol 300 MG [ALLOPURINOL RATIOPHARM],RxNorm Extension,M04A_antigout_preparations,reviewed_seed,Imported from master codelists,Drug,standard,M04A_antigout_preparations
antigout_medicines,Antigout medicines,drug,43188140,TRUE,Allopurinol 300 MG Oral Tablet [ALLOPURINOL BIOGARAN] Box of 28,RxNorm Extension,M04A_antigout_preparations,reviewed_seed,Imported from master codelists,Drug,standard,M04A_antigout_preparations
antigout_medicines,Antigout medicines,drug,43188141,TRUE,Allopurinol 300 MG Oral Tablet [ALLOPURINOL BIOGARAN] Box of 28 by Biogaran,RxNorm Extension,M04A_antigout_preparations,reviewed_seed,Imported from master codelists,Drug,standard,M04A_antigout_preparations
antigout_medicines,Antigout medicines,drug,43188142,TRUE,Allopurinol 300 MG Oral Tablet [ALLOPURINOL EG],RxNorm Extension,M04A_antigout_preparations,reviewed_seed,Imported from master codelists,Drug,standard,M04A_antigout_preparations
antigout_medicines,Antigout medicines,drug,43188143,TRUE,Allopurinol 300 MG Oral Tablet [ALLOPURINOL EG] Box of 28,RxNorm Extension,M04A_antigout_preparations,reviewed_seed,Imported from master codelists,Drug,standard,M04A_antigout_preparations
antigout_medicines,Antigout medicines,drug,43188144,TRUE,Allopurinol 300 MG Oral Tablet [ALLOPURINOL RANBAXY] Box of 28 by Ranbaxy,RxNorm Extension,M04A_antigout_preparations,reviewed_seed,Imported from master codelists,Drug,standard,M04A_antigout_preparations
antigout_medicines,Antigout medicines,drug,43188145,TRUE,Allopurinol 300 MG Oral Tablet [ALLOPURINOL SANDOZ],RxNorm Extension,M04A_antigout_preparations,reviewed_seed,Imported from master codelists,Drug,standard,M04A_antigout_preparations
antigout_medicines,Antigout medicines,drug,43188146,TRUE,Allopurinol 300 MG Oral Tablet [ALLOPURINOL SANDOZ] Box of 28,RxNorm Extension,M04A_antigout_preparations,reviewed_seed,Imported from master codelists,Drug,standard,M04A_antigout_preparations
antigout_medicines,Antigout medicines,drug,43188147,TRUE,Allopurinol 300 MG Oral Tablet [ALLOPURINOL SET] Box of 28 by Biogaran,RxNorm Extension,M04A_antigout_preparations,reviewed_seed,Imported from master codelists,Drug,standard,M04A_antigout_preparations
antigout_medicines,Antigout medicines,drug,43188148,TRUE,Allopurinol 300 MG Oral Tablet [ALLOPURINOL ZYDUS],RxNorm Extension,M04A_antigout_preparations,reviewed_seed,Imported from master codelists,Drug,standard,M04A_antigout_preparations
antigout_medicines,Antigout medicines,drug,43188149,TRUE,Allopurinol 100 MG [ALLOPURINOL EG],RxNorm Extension,M04A_antigout_preparations,reviewed_seed,Imported from master codelists,Drug,standard,M04A_antigout_preparations
antigout_medicines,Antigout medicines,drug,43188150,TRUE,Allopurinol 100 MG [ALLOPURINOL MYLAN],RxNorm Extension,M04A_antigout_preparations,reviewed_seed,Imported from master codelists,Drug,standard,M04A_antigout_preparations
antigout_medicines,Antigout medicines,drug,43188151,TRUE,Allopurinol 100 MG Oral Capsule [ALLOPURINOL RATIOPHARM] Box of 28,RxNorm Extension,M04A_antigout_preparations,reviewed_seed,Imported from master codelists,Drug,standard,M04A_antigout_preparations
antigout_medicines,Antigout medicines,drug,43188152,TRUE,Allopurinol 100 MG Oral Tablet [ALLOPURINOL ISOMED] Box of 28,RxNorm Extension,M04A_antigout_preparations,reviewed_seed,Imported from master codelists,Drug,standard,M04A_antigout_preparations
antigout_medicines,Antigout medicines,drug,43188153,TRUE,Allopurinol 100 MG Oral Tablet [ALLOPURINOL SET] Box of 28,RxNorm Extension,M04A_antigout_preparations,reviewed_seed,Imported from master codelists,Drug,standard,M04A_antigout_preparations
antigout_medicines,Antigout medicines,drug,43188154,TRUE,Allopurinol 200 MG [ALLOPURINOL ARROW],RxNorm Extension,M04A_antigout_preparations,reviewed_seed,Imported from master codelists,Drug,standard,M04A_antigout_preparations
antigout_medicines,Antigout medicines,drug,43188155,TRUE,Allopurinol 200 MG [ALLOPURINOL RATIOPHARM],RxNorm Extension,M04A_antigout_preparations,reviewed_seed,Imported from master codelists,Drug,standard,M04A_antigout_preparations
antigout_medicines,Antigout medicines,drug,43188156,TRUE,Allopurinol 200 MG [ALLOPURINOL ZYDUS],RxNorm Extension,M04A_antigout_preparations,reviewed_seed,Imported from master codelists,Drug,standard,M04A_antigout_preparations
antigout_medicines,Antigout medicines,drug,43188157,TRUE,Allopurinol 200 MG Oral Tablet [ALLOPURINOL CRISTERS],RxNorm Extension,M04A_antigout_preparations,reviewed_seed,Imported from master codelists,Drug,standard,M04A_antigout_preparations
antigout_medicines,Antigout medicines,drug,43188158,TRUE,Allopurinol 200 MG Oral Tablet [ALLOPURINOL SET] Box of 28,RxNorm Extension,M04A_antigout_preparations,reviewed_seed,Imported from master codelists,Drug,standard,M04A_antigout_preparations
antigout_medicines,Antigout medicines,drug,43188159,TRUE,Allopurinol 200 MG Oral Tablet [ALLOPURINOL ZENTIVA] Box of 28,RxNorm Extension,M04A_antigout_preparations,reviewed_seed,Imported from master codelists,Drug,standard,M04A_antigout_preparations
antigout_medicines,Antigout medicines,drug,43188160,TRUE,Allopurinol 200 MG Oral Tablet [ALLOPURINOL ZYDUS],RxNorm Extension,M04A_antigout_preparations,reviewed_seed,Imported from master codelists,Drug,standard,M04A_antigout_preparations
antigout_medicines,Antigout medicines,drug,43188161,TRUE,Allopurinol 200 MG Oral Tablet [Zyloric] Box of 100 by Aspen,RxNorm Extension,M04A_antigout_preparations,reviewed_seed,Imported from master codelists,Drug,standard,M04A_antigout_preparations
antigout_medicines,Antigout medicines,drug,43192692,TRUE,Rasburicase 1.5 MG/ML Prefilled Syringe Box of 3,RxNorm Extension,M04A_antigout_preparations,reviewed_seed,Imported from master codelists,Drug,standard,M04A_antigout_preparations
antigout_medicines,Antigout medicines,drug,43195781,TRUE,febuxostat 80 MG Delayed Release Oral Tablet,RxNorm Extension,M04A_antigout_preparations,reviewed_seed,Imported from master codelists,Drug,standard,M04A_antigout_preparations
antigout_medicines,Antigout medicines,drug,43196450,TRUE,1 ML Rasburicase 1.5 MG/ML Prefilled Syringe [Fasturtec],RxNorm Extension,M04A_antigout_preparations,reviewed_seed,Imported from master codelists,Drug,standard,M04A_antigout_preparations
antigout_medicines,Antigout medicines,drug,43199186,TRUE,Allopurinol Oral Tablet [ALLOPURINOL ZENTIVA],RxNorm Extension,M04A_antigout_preparations,reviewed_seed,Imported from master codelists,Drug,standard,M04A_antigout_preparations
antigout_medicines,Antigout medicines,drug,43199187,TRUE,Allopurinol 300 MG [ALLOPURINOL CRISTERS],RxNorm Extension,M04A_antigout_preparations,reviewed_seed,Imported from master codelists,Drug,standard,M04A_antigout_preparations
antigout_medicines,Antigout medicines,drug,43199188,TRUE,Allopurinol 300 MG Oral Tablet [ALLOPURINOL ARROW],RxNorm Extension,M04A_antigout_preparations,reviewed_seed,Imported from master codelists,Drug,standard,M04A_antigout_preparations
antigout_medicines,Antigout medicines,drug,43199189,TRUE,Allopurinol 300 MG Oral Tablet [ALLOPURINOL ARROW] Box of 28,RxNorm Extension,M04A_antigout_preparations,reviewed_seed,Imported from master codelists,Drug,standard,M04A_antigout_preparations
antigout_medicines,Antigout medicines,drug,43199190,TRUE,Allopurinol 300 MG Oral Tablet [ALLOPURINOL ARROW] Box of 28 by Arrow,RxNorm Extension,M04A_antigout_preparations,reviewed_seed,Imported from master codelists,Drug,standard,M04A_antigout_preparations
antigout_medicines,Antigout medicines,drug,43199191,TRUE,Allopurinol 300 MG Oral Tablet [ALLOPURINOL CRISTERS],RxNorm Extension,M04A_antigout_preparations,reviewed_seed,Imported from master codelists,Drug,standard,M04A_antigout_preparations
antigout_medicines,Antigout medicines,drug,43199192,TRUE,Allopurinol 300 MG Oral Tablet [ALLOPURINOL CRISTERS] Box of 28 by Cristers,RxNorm Extension,M04A_antigout_preparations,reviewed_seed,Imported from master codelists,Drug,standard,M04A_antigout_preparations
antigout_medicines,Antigout medicines,drug,43199193,TRUE,Allopurinol 300 MG Oral Tablet [ALLOPURINOL ISOMED],RxNorm Extension,M04A_antigout_preparations,reviewed_seed,Imported from master codelists,Drug,standard,M04A_antigout_preparations
antigout_medicines,Antigout medicines,drug,43199194,TRUE,Allopurinol 300 MG Oral Tablet [ALLOPURINOL SANDOZ] Box of 28 by Sandoz,RxNorm Extension,M04A_antigout_preparations,reviewed_seed,Imported from master codelists,Drug,standard,M04A_antigout_preparations
antigout_medicines,Antigout medicines,drug,43199195,TRUE,Allopurinol 300 MG Oral Tablet [ALLOPURINOL ZYDUS] Box of 28 by Zydus,RxNorm Extension,M04A_antigout_preparations,reviewed_seed,Imported from master codelists,Drug,standard,M04A_antigout_preparations
antigout_medicines,Antigout medicines,drug,43199196,TRUE,Allopurinol 100 MG [ALLOPURINOL RANBAXY],RxNorm Extension,M04A_antigout_preparations,reviewed_seed,Imported from master codelists,Drug,standard,M04A_antigout_preparations
antigout_medicines,Antigout medicines,drug,43199197,TRUE,Allopurinol 100 MG Oral Tablet [ALLOPURINOL EG] Box of 28 by Eurogenerics,RxNorm Extension,M04A_antigout_preparations,reviewed_seed,Imported from master codelists,Drug,standard,M04A_antigout_preparations
antigout_medicines,Antigout medicines,drug,43199199,TRUE,Allopurinol 200 MG [ALLOPURINOL EG],RxNorm Extension,M04A_antigout_preparations,reviewed_seed,Imported from master codelists,Drug,standard,M04A_antigout_preparations
antigout_medicines,Antigout medicines,drug,43199200,TRUE,Allopurinol 200 MG Oral Tablet [ALLOPURINOL ARROW] Box of 28,RxNorm Extension,M04A_antigout_preparations,reviewed_seed,Imported from master codelists,Drug,standard,M04A_antigout_preparations
antigout_medicines,Antigout medicines,drug,43199201,TRUE,Allopurinol 200 MG Oral Tablet [ALLOPURINOL BIOGARAN] Box of 28 by Biogaran,RxNorm Extension,M04A_antigout_preparations,reviewed_seed,Imported from master codelists,Drug,standard,M04A_antigout_preparations
antigout_medicines,Antigout medicines,drug,43199202,TRUE,Allopurinol 200 MG Oral Tablet [ALLOPURINOL MYLAN],RxNorm Extension,M04A_antigout_preparations,reviewed_seed,Imported from master codelists,Drug,standard,M04A_antigout_preparations
antigout_medicines,Antigout medicines,drug,43199203,TRUE,Allopurinol 200 MG Oral Tablet [ALLOPURINOL MYLAN] Box of 28,RxNorm Extension,M04A_antigout_preparations,reviewed_seed,Imported from master codelists,Drug,standard,M04A_antigout_preparations
antigout_medicines,Antigout medicines,drug,43199204,TRUE,Allopurinol 200 MG Oral Tablet [ALLOPURINOL PHR LAB] Box of 28 by TEVA,RxNorm Extension,M04A_antigout_preparations,reviewed_seed,Imported from master codelists,Drug,standard,M04A_antigout_preparations
antigout_medicines,Antigout medicines,drug,43199205,TRUE,Allopurinol 200 MG Oral Tablet [ALLOPURINOL RANBAXY] Box of 28 by Ranbaxy,RxNorm Extension,M04A_antigout_preparations,reviewed_seed,Imported from master codelists,Drug,standard,M04A_antigout_preparations
antigout_medicines,Antigout medicines,drug,43199206,TRUE,Allopurinol 200 MG Oral Tablet [ALLOPURINOL TEVA],RxNorm Extension,M04A_antigout_preparations,reviewed_seed,Imported from master codelists,Drug,standard,M04A_antigout_preparations
antigout_medicines,Antigout medicines,drug,43204051,TRUE,Colchicine 1 MG Oral Tablet [COLCHICINE OPOCALCIUM] Box of 20,RxNorm Extension,M04A_antigout_preparations,reviewed_seed,Imported from master codelists,Drug,standard,M04A_antigout_preparations
antigout_medicines,Antigout medicines,drug,43206660,TRUE,febuxostat 80 MG Delayed Release Oral Tablet Box of 28,RxNorm Extension,M04A_antigout_preparations,reviewed_seed,Imported from master codelists,Drug,standard,M04A_antigout_preparations
antigout_medicines,Antigout medicines,drug,43207366,TRUE,1 ML Rasburicase 1.5 MG/ML Prefilled Syringe [Fasturtec] Box of 3 by Sanofi,RxNorm Extension,M04A_antigout_preparations,reviewed_seed,Imported from master codelists,Drug,standard,M04A_antigout_preparations
antigout_medicines,Antigout medicines,drug,43209962,TRUE,Allopurinol Oral Tablet [ALLOPURINOL TEVA],RxNorm Extension,M04A_antigout_preparations,reviewed_seed,Imported from master codelists,Drug,standard,M04A_antigout_preparations
antigout_medicines,Antigout medicines,drug,43209963,TRUE,Allopurinol Oral Tablet [ALLOPURINOL ZYDUS],RxNorm Extension,M04A_antigout_preparations,reviewed_seed,Imported from master codelists,Drug,standard,M04A_antigout_preparations
antigout_medicines,Antigout medicines,drug,43209964,TRUE,Allopurinol 300 MG Oral Tablet [ALLOPURINOL PHR LAB],RxNorm Extension,M04A_antigout_preparations,reviewed_seed,Imported from master codelists,Drug,standard,M04A_antigout_preparations
antigout_medicines,Antigout medicines,drug,43209965,TRUE,Allopurinol 300 MG Oral Tablet [ALLOPURINOL ZENTIVA] Box of 28,RxNorm Extension,M04A_antigout_preparations,reviewed_seed,Imported from master codelists,Drug,standard,M04A_antigout_preparations
antigout_medicines,Antigout medicines,drug,43209967,TRUE,Allopurinol 100 MG [ALLOPURINOL ARROW],RxNorm Extension,M04A_antigout_preparations,reviewed_seed,Imported from master codelists,Drug,standard,M04A_antigout_preparations
antigout_medicines,Antigout medicines,drug,43209968,TRUE,Allopurinol 100 MG [ALLOPURINOL PHR LAB],RxNorm Extension,M04A_antigout_preparations,reviewed_seed,Imported from master codelists,Drug,standard,M04A_antigout_preparations
antigout_medicines,Antigout medicines,drug,43209969,TRUE,Allopurinol 100 MG Oral Capsule Box of 28,RxNorm Extension,M04A_antigout_preparations,reviewed_seed,Imported from master codelists,Drug,standard,M04A_antigout_preparations
antigout_medicines,Antigout medicines,drug,43209970,TRUE,Allopurinol 100 MG Oral Capsule [ALLOPURINOL RATIOPHARM] Box of 28 by Ratiopharm,RxNorm Extension,M04A_antigout_preparations,reviewed_seed,Imported from master codelists,Drug,standard,M04A_antigout_preparations
antigout_medicines,Antigout medicines,drug,43209971,TRUE,Allopurinol 100 MG Oral Tablet [ALLOPURINOL ZENTIVA] Box of 28 by Sanofi,RxNorm Extension,M04A_antigout_preparations,reviewed_seed,Imported from master codelists,Drug,standard,M04A_antigout_preparations
antigout_medicines,Antigout medicines,drug,43209972,TRUE,Allopurinol 100 MG Oral Tablet [ALLOPURINOL ZYDUS],RxNorm Extension,M04A_antigout_preparations,reviewed_seed,Imported from master codelists,Drug,standard,M04A_antigout_preparations
antigout_medicines,Antigout medicines,drug,43209973,TRUE,Allopurinol 100 MG Oral Tablet [ALLOPURINOL ZYDUS] Box of 28 by Zydus,RxNorm Extension,M04A_antigout_preparations,reviewed_seed,Imported from master codelists,Drug,standard,M04A_antigout_preparations
antigout_medicines,Antigout medicines,drug,43209975,TRUE,Allopurinol 200 MG [ALLOPURINOL ISOMED],RxNorm Extension,M04A_antigout_preparations,reviewed_seed,Imported from master codelists,Drug,standard,M04A_antigout_preparations
antigout_medicines,Antigout medicines,drug,43209976,TRUE,Allopurinol 200 MG [ALLOPURINOL ZENTIVA],RxNorm Extension,M04A_antigout_preparations,reviewed_seed,Imported from master codelists,Drug,standard,M04A_antigout_preparations
antigout_medicines,Antigout medicines,drug,43209977,TRUE,Allopurinol 200 MG Oral Capsule [ALLOPURINOL RATIOPHARM] Box of 28 by Ratiopharm,RxNorm Extension,M04A_antigout_preparations,reviewed_seed,Imported from master codelists,Drug,standard,M04A_antigout_preparations
antigout_medicines,Antigout medicines,drug,43209978,TRUE,Allopurinol 200 MG Oral Tablet [ALLOPURINOL CRISTERS] Box of 28 by Cristers,RxNorm Extension,M04A_antigout_preparations,reviewed_seed,Imported from master codelists,Drug,standard,M04A_antigout_preparations
antigout_medicines,Antigout medicines,drug,43209979,TRUE,Allopurinol 200 MG Oral Tablet [ALLOPURINOL SET] Box of 28 by Biogaran,RxNorm Extension,M04A_antigout_preparations,reviewed_seed,Imported from master codelists,Drug,standard,M04A_antigout_preparations
antigout_medicines,Antigout medicines,drug,43209980,TRUE,Allopurinol 200 MG Oral Tablet [ALLOPURINOL TEVA] Box of 28,RxNorm Extension,M04A_antigout_preparations,reviewed_seed,Imported from master codelists,Drug,standard,M04A_antigout_preparations
antigout_medicines,Antigout medicines,drug,43209981,TRUE,Allopurinol 200 MG Oral Tablet [ALLOPURINOL TEVA] Box of 28 by TEVA,RxNorm Extension,M04A_antigout_preparations,reviewed_seed,Imported from master codelists,Drug,standard,M04A_antigout_preparations
antigout_medicines,Antigout medicines,drug,43212164,TRUE,Probenecid 500 MG Oral Tablet [Benemid] Box of 30,RxNorm Extension,M04A_antigout_preparations,reviewed_seed,Imported from master codelists,Drug,standard,M04A_antigout_preparations
antigout_medicines,Antigout medicines,drug,43214598,TRUE,Rasburicase 1.5 MG/ML,RxNorm Extension,M04A_antigout_preparations,reviewed_seed,Imported from master codelists,Drug,standard,M04A_antigout_preparations
antigout_medicines,Antigout medicines,drug,43214911,TRUE,Colchicine 1 MG Oral Tablet Box of 20,RxNorm Extension,M04A_antigout_preparations,reviewed_seed,Imported from master codelists,Drug,standard,M04A_antigout_preparations
antigout_medicines,Antigout medicines,drug,43217666,TRUE,febuxostat 80 MG Delayed Release Oral Tablet [Adenuric],RxNorm Extension,M04A_antigout_preparations,reviewed_seed,Imported from master codelists,Drug,standard,M04A_antigout_preparations
antigout_medicines,Antigout medicines,drug,43218362,TRUE,1 ML Rasburicase 1.5 MG/ML Prefilled Syringe [Fasturtec] Box of 3,RxNorm Extension,M04A_antigout_preparations,reviewed_seed,Imported from master codelists,Drug,standard,M04A_antigout_preparations
antigout_medicines,Antigout medicines,drug,43254713,TRUE,Allopurinol Oral Tablet [Allosig],RxNorm Extension,M04A_antigout_preparations,reviewed_seed,Imported from master codelists,Drug,standard,M04A_antigout_preparations
antigout_medicines,Antigout medicines,drug,43254714,TRUE,Allopurinol 100 MG [Allorin],RxNorm Extension,M04A_antigout_preparations,reviewed_seed,Imported from master codelists,Drug,standard,M04A_antigout_preparations
antigout_medicines,Antigout medicines,drug,43254716,TRUE,Allopurinol 100 MG Oral Tablet by Apotex,RxNorm Extension,M04A_antigout_preparations,reviewed_seed,Imported from master codelists,Drug,standard,M04A_antigout_preparations
antigout_medicines,Antigout medicines,drug,43254717,TRUE,Allopurinol 100 MG Oral Tablet [Allohexal] Box of 200,RxNorm Extension,M04A_antigout_preparations,reviewed_seed,Imported from master codelists,Drug,standard,M04A_antigout_preparations
antigout_medicines,Antigout medicines,drug,43254718,TRUE,Allopurinol 300 MG [Progout],RxNorm Extension,M04A_antigout_preparations,reviewed_seed,Imported from master codelists,Drug,standard,M04A_antigout_preparations
antigout_medicines,Antigout medicines,drug,43254719,TRUE,Allopurinol 300 MG Oral Tablet [Progout],RxNorm Extension,M04A_antigout_preparations,reviewed_seed,Imported from master codelists,Drug,standard,M04A_antigout_preparations
antigout_medicines,Antigout medicines,drug,43254721,TRUE,Allopurinol 300 MG Oral Tablet [Allorin] Box of 60,RxNorm Extension,M04A_antigout_preparations,reviewed_seed,Imported from master codelists,Drug,standard,M04A_antigout_preparations
antigout_medicines,Antigout medicines,drug,43255406,TRUE,Colchicine 0.5 MG Oral Tablet [Lengout],RxNorm Extension,M04A_antigout_preparations,reviewed_seed,Imported from master codelists,Drug,standard,M04A_antigout_preparations
antigout_medicines,Antigout medicines,drug,43257285,TRUE,Probenecid 500 MG Oral Tablet [Pro-Cid],RxNorm Extension,M04A_antigout_preparations,reviewed_seed,Imported from master codelists,Drug,standard,M04A_antigout_preparations
antigout_medicines,Antigout medicines,drug,43257286,TRUE,Probenecid 500 MG Oral Tablet [Pro-Cid] Box of 100,RxNorm Extension,M04A_antigout_preparations,reviewed_seed,Imported from master codelists,Drug,standard,M04A_antigout_preparations
antigout_medicines,Antigout medicines,drug,43260044,TRUE,Allopurinol Oral Tablet [Allorin],RxNorm Extension,M04A_antigout_preparations,reviewed_seed,Imported from master codelists,Drug,standard,M04A_antigout_preparations
antigout_medicines,Antigout medicines,drug,43260045,TRUE,Allopurinol 100 MG [Progout],RxNorm Extension,M04A_antigout_preparations,reviewed_seed,Imported from master codelists,Drug,standard,M04A_antigout_preparations
antigout_medicines,Antigout medicines,drug,43260046,TRUE,Allopurinol 100 MG Oral Tablet by Chemmart,RxNorm Extension,M04A_antigout_preparations,reviewed_seed,Imported from master codelists,Drug,standard,M04A_antigout_preparations
antigout_medicines,Antigout medicines,drug,43260047,TRUE,Allopurinol 100 MG Oral Tablet [Progout] Box of 100,RxNorm Extension,M04A_antigout_preparations,reviewed_seed,Imported from master codelists,Drug,standard,M04A_antigout_preparations
antigout_medicines,Antigout medicines,drug,43260048,TRUE,Allopurinol 300 MG [Allorin],RxNorm Extension,M04A_antigout_preparations,reviewed_seed,Imported from master codelists,Drug,standard,M04A_antigout_preparations
antigout_medicines,Antigout medicines,drug,43260049,TRUE,Allopurinol 300 MG Oral Tablet Box of 60 by Sandoz,RxNorm Extension,M04A_antigout_preparations,reviewed_seed,Imported from master codelists,Drug,standard,M04A_antigout_preparations
antigout_medicines,Antigout medicines,drug,43260050,TRUE,Allopurinol 300 MG Oral Tablet Box of 60 by Apotex,RxNorm Extension,M04A_antigout_preparations,reviewed_seed,Imported from master codelists,Drug,standard,M04A_antigout_preparations
antigout_medicines,Antigout medicines,drug,43260738,TRUE,Colchicine Oral Tablet [Colgout],RxNorm Extension,M04A_antigout_preparations,reviewed_seed,Imported from master codelists,Drug,standard,M04A_antigout_preparations
antigout_medicines,Antigout medicines,drug,43260739,TRUE,Colchicine 0.5 MG Oral Tablet [Colgout] Box of 30,RxNorm Extension,M04A_antigout_preparations,reviewed_seed,Imported from master codelists,Drug,standard,M04A_antigout_preparations
antigout_medicines,Antigout medicines,drug,43265464,TRUE,Allopurinol 100 MG Oral Tablet by Genrx,RxNorm Extension,M04A_antigout_preparations,reviewed_seed,Imported from master codelists,Drug,standard,M04A_antigout_preparations
antigout_medicines,Antigout medicines,drug,43265465,TRUE,Allopurinol 100 MG Oral Tablet [Allorin],RxNorm Extension,M04A_antigout_preparations,reviewed_seed,Imported from master codelists,Drug,standard,M04A_antigout_preparations
antigout_medicines,Antigout medicines,drug,43265466,TRUE,Allopurinol 300 MG Oral Tablet [Allosig],RxNorm Extension,M04A_antigout_preparations,reviewed_seed,Imported from master codelists,Drug,standard,M04A_antigout_preparations
antigout_medicines,Antigout medicines,drug,43266198,TRUE,Colchicine 0.5 MG Oral Tablet Box of 30,RxNorm Extension,M04A_antigout_preparations,reviewed_seed,Imported from master codelists,Drug,standard,M04A_antigout_preparations
antigout_medicines,Antigout medicines,drug,43270960,TRUE,Allopurinol 100 MG Oral Tablet [Zyloprim] Box of 200,RxNorm Extension,M04A_antigout_preparations,reviewed_seed,Imported from master codelists,Drug,standard,M04A_antigout_preparations
antigout_medicines,Antigout medicines,drug,43270961,TRUE,Allopurinol 100 MG Oral Tablet [Allorin] Box of 200,RxNorm Extension,M04A_antigout_preparations,reviewed_seed,Imported from master codelists,Drug,standard,M04A_antigout_preparations
antigout_medicines,Antigout medicines,drug,43270962,TRUE,Allopurinol 300 MG [Allosig],RxNorm Extension,M04A_antigout_preparations,reviewed_seed,Imported from master codelists,Drug,standard,M04A_antigout_preparations
antigout_medicines,Antigout medicines,drug,43270963,TRUE,Allopurinol 300 MG Oral Tablet by Terry White Chemists,RxNorm Extension,M04A_antigout_preparations,reviewed_seed,Imported from master codelists,Drug,standard,M04A_antigout_preparations
antigout_medicines,Antigout medicines,drug,43270964,TRUE,Allopurinol 300 MG Oral Tablet Box of 60 by Genrx,RxNorm Extension,M04A_antigout_preparations,reviewed_seed,Imported from master codelists,Drug,standard,M04A_antigout_preparations
antigout_medicines,Antigout medicines,drug,43270965,TRUE,Allopurinol 300 MG Oral Tablet [Allohexal],RxNorm Extension,M04A_antigout_preparations,reviewed_seed,Imported from master codelists,Drug,standard,M04A_antigout_preparations
antigout_medicines,Antigout medicines,drug,43270966,TRUE,Allopurinol 300 MG Oral Tablet [Allosig] Box of 60,RxNorm Extension,M04A_antigout_preparations,reviewed_seed,Imported from master codelists,Drug,standard,M04A_antigout_preparations
antigout_medicines,Antigout medicines,drug,43270967,TRUE,Allopurinol 300 MG Oral Tablet [Zyloprim] Box of 60,RxNorm Extension,M04A_antigout_preparations,reviewed_seed,Imported from master codelists,Drug,standard,M04A_antigout_preparations
antigout_medicines,Antigout medicines,drug,43276462,TRUE,Allopurinol 100 MG [Allosig],RxNorm Extension,M04A_antigout_preparations,reviewed_seed,Imported from master codelists,Drug,standard,M04A_antigout_preparations
antigout_medicines,Antigout medicines,drug,43276463,TRUE,Allopurinol 100 MG Oral Tablet Box of 200 by Terry White Chemists,RxNorm Extension,M04A_antigout_preparations,reviewed_seed,Imported from master codelists,Drug,standard,M04A_antigout_preparations
antigout_medicines,Antigout medicines,drug,43276464,TRUE,Allopurinol 100 MG Oral Tablet [Allosig] Box of 200,RxNorm Extension,M04A_antigout_preparations,reviewed_seed,Imported from master codelists,Drug,standard,M04A_antigout_preparations
antigout_medicines,Antigout medicines,drug,43276465,TRUE,Allopurinol 300 MG [Allohexal],RxNorm Extension,M04A_antigout_preparations,reviewed_seed,Imported from master codelists,Drug,standard,M04A_antigout_preparations
antigout_medicines,Antigout medicines,drug,43277234,TRUE,Colchicine 0.5 MG Oral Tablet [Colgout],RxNorm Extension,M04A_antigout_preparations,reviewed_seed,Imported from master codelists,Drug,standard,M04A_antigout_preparations
antigout_medicines,Antigout medicines,drug,43281830,TRUE,Allopurinol Oral Tablet [Allohexal],RxNorm Extension,M04A_antigout_preparations,reviewed_seed,Imported from master codelists,Drug,standard,M04A_antigout_preparations
antigout_medicines,Antigout medicines,drug,43281831,TRUE,Allopurinol Oral Tablet [Progout],RxNorm Extension,M04A_antigout_preparations,reviewed_seed,Imported from master codelists,Drug,standard,M04A_antigout_preparations
antigout_medicines,Antigout medicines,drug,43281832,TRUE,Allopurinol 100 MG Oral Tablet by Terry White Chemists,RxNorm Extension,M04A_antigout_preparations,reviewed_seed,Imported from master codelists,Drug,standard,M04A_antigout_preparations
antigout_medicines,Antigout medicines,drug,43281833,TRUE,Allopurinol 100 MG Oral Tablet Box of 200 by Genrx,RxNorm Extension,M04A_antigout_preparations,reviewed_seed,Imported from master codelists,Drug,standard,M04A_antigout_preparations
antigout_medicines,Antigout medicines,drug,43281834,TRUE,Allopurinol 100 MG Oral Tablet [Allosig],RxNorm Extension,M04A_antigout_preparations,reviewed_seed,Imported from master codelists,Drug,standard,M04A_antigout_preparations
antigout_medicines,Antigout medicines,drug,43281835,TRUE,Allopurinol 300 MG Oral Tablet by Chemmart,RxNorm Extension,M04A_antigout_preparations,reviewed_seed,Imported from master codelists,Drug,standard,M04A_antigout_preparations
antigout_medicines,Antigout medicines,drug,43281836,TRUE,Allopurinol 300 MG Oral Tablet by Genrx,RxNorm Extension,M04A_antigout_preparations,reviewed_seed,Imported from master codelists,Drug,standard,M04A_antigout_preparations
antigout_medicines,Antigout medicines,drug,43281837,TRUE,Allopurinol 300 MG Oral Tablet [Allohexal] Box of 60,RxNorm Extension,M04A_antigout_preparations,reviewed_seed,Imported from master codelists,Drug,standard,M04A_antigout_preparations
antigout_medicines,Antigout medicines,drug,43284469,TRUE,Probenecid Oral Tablet [Pro-Cid],RxNorm Extension,M04A_antigout_preparations,reviewed_seed,Imported from master codelists,Drug,standard,M04A_antigout_preparations
antigout_medicines,Antigout medicines,drug,43287295,TRUE,Allopurinol 100 MG [Allohexal],RxNorm Extension,M04A_antigout_preparations,reviewed_seed,Imported from master codelists,Drug,standard,M04A_antigout_preparations
antigout_medicines,Antigout medicines,drug,43287296,TRUE,Allopurinol 100 MG Oral Tablet Box of 200,RxNorm Extension,M04A_antigout_preparations,reviewed_seed,Imported from master codelists,Drug,standard,M04A_antigout_preparations
antigout_medicines,Antigout medicines,drug,43287297,TRUE,Allopurinol 100 MG Oral Tablet Box of 200 by Chemmart,RxNorm Extension,M04A_antigout_preparations,reviewed_seed,Imported from master codelists,Drug,standard,M04A_antigout_preparations
antigout_medicines,Antigout medicines,drug,43287298,TRUE,Allopurinol 100 MG Oral Tablet Box of 200 by Sandoz,RxNorm Extension,M04A_antigout_preparations,reviewed_seed,Imported from master codelists,Drug,standard,M04A_antigout_preparations
antigout_medicines,Antigout medicines,drug,43287299,TRUE,Allopurinol 100 MG Oral Tablet [Allohexal],RxNorm Extension,M04A_antigout_preparations,reviewed_seed,Imported from master codelists,Drug,standard,M04A_antigout_preparations
antigout_medicines,Antigout medicines,drug,43287300,TRUE,Allopurinol 300 MG Oral Tablet Box of 60,RxNorm Extension,M04A_antigout_preparations,reviewed_seed,Imported from master codelists,Drug,standard,M04A_antigout_preparations
antigout_medicines,Antigout medicines,drug,43287301,TRUE,Allopurinol 300 MG Oral Tablet Box of 60 by Terry White Chemists,RxNorm Extension,M04A_antigout_preparations,reviewed_seed,Imported from master codelists,Drug,standard,M04A_antigout_preparations
antigout_medicines,Antigout medicines,drug,43287302,TRUE,Allopurinol 300 MG Oral Tablet [Allorin],RxNorm Extension,M04A_antigout_preparations,reviewed_seed,Imported from master codelists,Drug,standard,M04A_antigout_preparations
antigout_medicines,Antigout medicines,drug,43287973,TRUE,Colchicine Oral Tablet [Lengout],RxNorm Extension,M04A_antigout_preparations,reviewed_seed,Imported from master codelists,Drug,standard,M04A_antigout_preparations
antigout_medicines,Antigout medicines,drug,43287974,TRUE,Colchicine 0.5 MG [Colgout],RxNorm Extension,M04A_antigout_preparations,reviewed_seed,Imported from master codelists,Drug,standard,M04A_antigout_preparations
antigout_medicines,Antigout medicines,drug,43287975,TRUE,Colchicine 0.5 MG [Lengout],RxNorm Extension,M04A_antigout_preparations,reviewed_seed,Imported from master codelists,Drug,standard,M04A_antigout_preparations
antigout_medicines,Antigout medicines,drug,43287976,TRUE,Colchicine 0.5 MG Oral Tablet [Lengout] Box of 30,RxNorm Extension,M04A_antigout_preparations,reviewed_seed,Imported from master codelists,Drug,standard,M04A_antigout_preparations
antigout_medicines,Antigout medicines,drug,43287977,TRUE,Colchicine 0.5 MG Oral Tablet [Lengout] Box of 100,RxNorm Extension,M04A_antigout_preparations,reviewed_seed,Imported from master codelists,Drug,standard,M04A_antigout_preparations
antigout_medicines,Antigout medicines,drug,43289867,TRUE,Probenecid 500 MG [Pro-Cid],RxNorm Extension,M04A_antigout_preparations,reviewed_seed,Imported from master codelists,Drug,standard,M04A_antigout_preparations
antigout_medicines,Antigout medicines,drug,43292674,TRUE,Allopurinol 100 MG Oral Tablet Box of 200 by Apotex,RxNorm Extension,M04A_antigout_preparations,reviewed_seed,Imported from master codelists,Drug,standard,M04A_antigout_preparations
antigout_medicines,Antigout medicines,drug,43292675,TRUE,Allopurinol 100 MG Oral Tablet [Progout],RxNorm Extension,M04A_antigout_preparations,reviewed_seed,Imported from master codelists,Drug,standard,M04A_antigout_preparations
antigout_medicines,Antigout medicines,drug,43292676,TRUE,Allopurinol 300 MG Oral Tablet [Progout] Box of 60,RxNorm Extension,M04A_antigout_preparations,reviewed_seed,Imported from master codelists,Drug,standard,M04A_antigout_preparations
antigout_medicines,Antigout medicines,drug,43292677,TRUE,Allopurinol 300 MG Oral Tablet by Apotex,RxNorm Extension,M04A_antigout_preparations,reviewed_seed,Imported from master codelists,Drug,standard,M04A_antigout_preparations
antigout_medicines,Antigout medicines,drug,43292678,TRUE,Allopurinol 300 MG Oral Tablet Box of 60 by Chemmart,RxNorm Extension,M04A_antigout_preparations,reviewed_seed,Imported from master codelists,Drug,standard,M04A_antigout_preparations
antigout_medicines,Antigout medicines,drug,43293405,TRUE,Colchicine 0.5 MG Oral Tablet [Colgout] Box of 100,RxNorm Extension,M04A_antigout_preparations,reviewed_seed,Imported from master codelists,Drug,standard,M04A_antigout_preparations
antigout_medicines,Antigout medicines,drug,43514927,TRUE,Allopurinol 100 MG Oral Tablet [Progout] Box of 1000,RxNorm Extension,M04A_antigout_preparations,reviewed_seed,Imported from master codelists,Drug,standard,M04A_antigout_preparations
antigout_medicines,Antigout medicines,drug,43514928,TRUE,Allopurinol 100 MG Oral Tablet [Progout] Box of 10,RxNorm Extension,M04A_antigout_preparations,reviewed_seed,Imported from master codelists,Drug,standard,M04A_antigout_preparations
antigout_medicines,Antigout medicines,drug,43517370,TRUE,Allopurinol 100 MG Oral Tablet [Progout] Box of 200,RxNorm Extension,M04A_antigout_preparations,reviewed_seed,Imported from master codelists,Drug,standard,M04A_antigout_preparations
antigout_medicines,Antigout medicines,drug,43583895,TRUE,Allopurinol Oral Tablet [Cellidrin],RxNorm Extension,M04A_antigout_preparations,reviewed_seed,Imported from master codelists,Drug,standard,M04A_antigout_preparations
antigout_medicines,Antigout medicines,drug,43583896,TRUE,Allopurinol Oral Tablet [Allopurinol Acis],RxNorm Extension,M04A_antigout_preparations,reviewed_seed,Imported from master codelists,Drug,standard,M04A_antigout_preparations
antigout_medicines,Antigout medicines,drug,43583897,TRUE,Allopurinol 100 MG [Cellidrin],RxNorm Extension,M04A_antigout_preparations,reviewed_seed,Imported from master codelists,Drug,standard,M04A_antigout_preparations
antigout_medicines,Antigout medicines,drug,43583898,TRUE,Allopurinol 100 MG Oral Tablet [Allopurinol Hexal] by Hexal,RxNorm Extension,M04A_antigout_preparations,reviewed_seed,Imported from master codelists,Drug,standard,M04A_antigout_preparations
antigout_medicines,Antigout medicines,drug,43583899,TRUE,Allopurinol 100 MG Oral Tablet [Allopurinol 1a] by 1 A,RxNorm Extension,M04A_antigout_preparations,reviewed_seed,Imported from master codelists,Drug,standard,M04A_antigout_preparations
antigout_medicines,Antigout medicines,drug,43583902,TRUE,Allopurinol 300 MG [Allopurinol Dura],RxNorm Extension,M04A_antigout_preparations,reviewed_seed,Imported from master codelists,Drug,standard,M04A_antigout_preparations
antigout_medicines,Antigout medicines,drug,43583903,TRUE,Allopurinol 300 MG Oral Tablet [Cellidrin],RxNorm Extension,M04A_antigout_preparations,reviewed_seed,Imported from master codelists,Drug,standard,M04A_antigout_preparations
antigout_medicines,Antigout medicines,drug,43583904,TRUE,Allopurinol 300 MG Oral Tablet [Allopurinol Stada] by Stada,RxNorm Extension,M04A_antigout_preparations,reviewed_seed,Imported from master codelists,Drug,standard,M04A_antigout_preparations
antigout_medicines,Antigout medicines,drug,43583905,TRUE,Allopurinol 300 MG Oral Tablet [Allopurinol Dura] by Mylan,RxNorm Extension,M04A_antigout_preparations,reviewed_seed,Imported from master codelists,Drug,standard,M04A_antigout_preparations
antigout_medicines,Antigout medicines,drug,43584059,TRUE,Benzbromarone 100 MG Delayed Release Oral Tablet [Benzbromaron Al],RxNorm Extension,M04A_antigout_preparations,reviewed_seed,Imported from master codelists,Drug,standard,M04A_antigout_preparations
antigout_medicines,Antigout medicines,drug,43601954,TRUE,Allopurinol Oral Tablet [Epidropal],RxNorm Extension,M04A_antigout_preparations,reviewed_seed,Imported from master codelists,Drug,standard,M04A_antigout_preparations
antigout_medicines,Antigout medicines,drug,43601955,TRUE,Allopurinol 100 MG Oral Tablet [Cellidrin],RxNorm Extension,M04A_antigout_preparations,reviewed_seed,Imported from master codelists,Drug,standard,M04A_antigout_preparations
antigout_medicines,Antigout medicines,drug,43601957,TRUE,Allopurinol 300 MG [Cellidrin],RxNorm Extension,M04A_antigout_preparations,reviewed_seed,Imported from master codelists,Drug,standard,M04A_antigout_preparations
antigout_medicines,Antigout medicines,drug,43601959,TRUE,Allopurinol 100 MG / Benzbromarone 20 MG [ALLOPURINOL RATIOPHARM],RxNorm Extension,M04A_antigout_preparations,reviewed_seed,Imported from master codelists,Drug,standard,M04A_antigout_preparations
antigout_medicines,Antigout medicines,drug,43619945,TRUE,Allopurinol / Benzbromarone Oral Tablet [ALLOPURINOL RATIOPHARM],RxNorm Extension,M04A_antigout_preparations,reviewed_seed,Imported from master codelists,Drug,standard,M04A_antigout_preparations
antigout_medicines,Antigout medicines,drug,43625254,TRUE,Benzbromarone Delayed Release Oral Tablet,RxNorm Extension,M04A_antigout_preparations,reviewed_seed,Imported from master codelists,Drug,standard,M04A_antigout_preparations
antigout_medicines,Antigout medicines,drug,43638044,TRUE,Allopurinol 300 MG Oral Tablet [Allowieb] by Wieb Pharm,RxNorm Extension,M04A_antigout_preparations,reviewed_seed,Imported from master codelists,Drug,standard,M04A_antigout_preparations
antigout_medicines,Antigout medicines,drug,43638046,TRUE,Allopurinol 300 MG Oral Tablet [Allobeta] by Betapharm,RxNorm Extension,M04A_antigout_preparations,reviewed_seed,Imported from master codelists,Drug,standard,M04A_antigout_preparations
antigout_medicines,Antigout medicines,drug,43638047,TRUE,Allopurinol 300 MG Oral Tablet [ALLOPURINOL SANDOZ] by Hexal,RxNorm Extension,M04A_antigout_preparations,reviewed_seed,Imported from master codelists,Drug,standard,M04A_antigout_preparations
antigout_medicines,Antigout medicines,drug,43638048,TRUE,Allopurinol 300 MG Oral Tablet [Allopurinol Hexal] by Hexal,RxNorm Extension,M04A_antigout_preparations,reviewed_seed,Imported from master codelists,Drug,standard,M04A_antigout_preparations
antigout_medicines,Antigout medicines,drug,43656152,TRUE,Allopurinol 100 MG [Jenapurinol],RxNorm Extension,M04A_antigout_preparations,reviewed_seed,Imported from master codelists,Drug,standard,M04A_antigout_preparations
antigout_medicines,Antigout medicines,drug,43656154,TRUE,Allopurinol 100 MG Oral Tablet [Cellidrin] by Hennig,RxNorm Extension,M04A_antigout_preparations,reviewed_seed,Imported from master codelists,Drug,standard,M04A_antigout_preparations
antigout_medicines,Antigout medicines,drug,43656155,TRUE,Allopurinol 100 MG Oral Tablet [Allopurinol Abz],RxNorm Extension,M04A_antigout_preparations,reviewed_seed,Imported from master codelists,Drug,standard,M04A_antigout_preparations
antigout_medicines,Antigout medicines,drug,43656156,TRUE,Allopurinol 100 MG Oral Tablet [Allopurinol Abz] by AbZ-Pharma,RxNorm Extension,M04A_antigout_preparations,reviewed_seed,Imported from master codelists,Drug,standard,M04A_antigout_preparations
antigout_medicines,Antigout medicines,drug,43656157,TRUE,Allopurinol 300 MG [Allopurinol Stada],RxNorm Extension,M04A_antigout_preparations,reviewed_seed,Imported from master codelists,Drug,standard,M04A_antigout_preparations
antigout_medicines,Antigout medicines,drug,43656158,TRUE,Allopurinol 300 MG Oral Tablet [Jenapurinol],RxNorm Extension,M04A_antigout_preparations,reviewed_seed,Imported from master codelists,Drug,standard,M04A_antigout_preparations
antigout_medicines,Antigout medicines,drug,43656159,TRUE,Allopurinol 300 MG Oral Tablet [Jenapurinol] by Mibe,RxNorm Extension,M04A_antigout_preparations,reviewed_seed,Imported from master codelists,Drug,standard,M04A_antigout_preparations
antigout_medicines,Antigout medicines,drug,43656308,TRUE,Benzbromarone Delayed Release Oral Tablet [Benzbromaron Al],RxNorm Extension,M04A_antigout_preparations,reviewed_seed,Imported from master codelists,Drug,standard,M04A_antigout_preparations
antigout_medicines,Antigout medicines,drug,43674298,TRUE,Allopurinol 300 MG [Allopurinol Abz],RxNorm Extension,M04A_antigout_preparations,reviewed_seed,Imported from master codelists,Drug,standard,M04A_antigout_preparations
antigout_medicines,Antigout medicines,drug,43674299,TRUE,Allopurinol 300 MG Oral Tablet [Epidropal] by Teofarma,RxNorm Extension,M04A_antigout_preparations,reviewed_seed,Imported from master codelists,Drug,standard,M04A_antigout_preparations
antigout_medicines,Antigout medicines,drug,43674300,TRUE,Allopurinol 300 MG Oral Tablet [Allopurinol 1a] by 1 A,RxNorm Extension,M04A_antigout_preparations,reviewed_seed,Imported from master codelists,Drug,standard,M04A_antigout_preparations
antigout_medicines,Antigout medicines,drug,43692033,TRUE,Allopurinol Oral Tablet [Jenapurinol],RxNorm Extension,M04A_antigout_preparations,reviewed_seed,Imported from master codelists,Drug,standard,M04A_antigout_preparations
antigout_medicines,Antigout medicines,drug,43692036,TRUE,Allopurinol 100 MG Oral Tablet [ALLOPURINOL SANDOZ] by Hexal,RxNorm Extension,M04A_antigout_preparations,reviewed_seed,Imported from master codelists,Drug,standard,M04A_antigout_preparations
antigout_medicines,Antigout medicines,drug,43692038,TRUE,Allopurinol 300 MG [Allopurinol Acis],RxNorm Extension,M04A_antigout_preparations,reviewed_seed,Imported from master codelists,Drug,standard,M04A_antigout_preparations
antigout_medicines,Antigout medicines,drug,43692039,TRUE,Allopurinol 300 MG Oral Tablet [Allopurinol Heumann] by Heumann,RxNorm Extension,M04A_antigout_preparations,reviewed_seed,Imported from master codelists,Drug,standard,M04A_antigout_preparations
antigout_medicines,Antigout medicines,drug,43692040,TRUE,Allopurinol 300 MG Oral Tablet [Allopurinol Abz],RxNorm Extension,M04A_antigout_preparations,reviewed_seed,Imported from master codelists,Drug,standard,M04A_antigout_preparations
antigout_medicines,Antigout medicines,drug,43692530,TRUE,Probenecid Oral Tablet [Probenecid Biokanol],RxNorm Extension,M04A_antigout_preparations,reviewed_seed,Imported from master codelists,Drug,standard,M04A_antigout_preparations
antigout_medicines,Antigout medicines,drug,43709944,TRUE,Allopurinol Oral Tablet [Allopurinol Dura],RxNorm Extension,M04A_antigout_preparations,reviewed_seed,Imported from master codelists,Drug,standard,M04A_antigout_preparations
antigout_medicines,Antigout medicines,drug,43709945,TRUE,Allopurinol 100 MG Oral Tablet [Zyloric] by Mibe,RxNorm Extension,M04A_antigout_preparations,reviewed_seed,Imported from master codelists,Drug,standard,M04A_antigout_preparations
antigout_medicines,Antigout medicines,drug,43709946,TRUE,Allopurinol 100 MG Oral Tablet [Jenapurinol] by Mibe,RxNorm Extension,M04A_antigout_preparations,reviewed_seed,Imported from master codelists,Drug,standard,M04A_antigout_preparations
antigout_medicines,Antigout medicines,drug,43709947,TRUE,Allopurinol 300 MG Oral Tablet [ALLOPURINOL RATIOPHARM] by Ratiopharm,RxNorm Extension,M04A_antigout_preparations,reviewed_seed,Imported from master codelists,Drug,standard,M04A_antigout_preparations
antigout_medicines,Antigout medicines,drug,43727959,TRUE,Allopurinol 100 MG [Allo-Ct],RxNorm Extension,M04A_antigout_preparations,reviewed_seed,Imported from master codelists,Drug,standard,M04A_antigout_preparations
antigout_medicines,Antigout medicines,drug,43727961,TRUE,Allopurinol 300 MG Oral Tablet [Epidropal],RxNorm Extension,M04A_antigout_preparations,reviewed_seed,Imported from master codelists,Drug,standard,M04A_antigout_preparations
antigout_medicines,Antigout medicines,drug,43728469,TRUE,Probenecid 500 MG Oral Tablet [Probenecid Weimer] by Biokanol,RxNorm Extension,M04A_antigout_preparations,reviewed_seed,Imported from master codelists,Drug,standard,M04A_antigout_preparations
antigout_medicines,Antigout medicines,drug,43746376,TRUE,Probenecid Oral Tablet [Probenecid Weimer],RxNorm Extension,M04A_antigout_preparations,reviewed_seed,Imported from master codelists,Drug,standard,M04A_antigout_preparations
antigout_medicines,Antigout medicines,drug,43746377,TRUE,Probenecid 500 MG [Probenecid Weimer],RxNorm Extension,M04A_antigout_preparations,reviewed_seed,Imported from master codelists,Drug,standard,M04A_antigout_preparations
antigout_medicines,Antigout medicines,drug,43763800,TRUE,Allopurinol Oral Tablet [Allo-Ct],RxNorm Extension,M04A_antigout_preparations,reviewed_seed,Imported from master codelists,Drug,standard,M04A_antigout_preparations
antigout_medicines,Antigout medicines,drug,43763802,TRUE,Allopurinol 300 MG [Allo-Ct],RxNorm Extension,M04A_antigout_preparations,reviewed_seed,Imported from master codelists,Drug,standard,M04A_antigout_preparations
antigout_medicines,Antigout medicines,drug,43763806,TRUE,Allopurinol 300 MG Oral Tablet [Allopurinol Al] by Aliud,RxNorm Extension,M04A_antigout_preparations,reviewed_seed,Imported from master codelists,Drug,standard,M04A_antigout_preparations
antigout_medicines,Antigout medicines,drug,43763807,TRUE,Allopurinol 300 MG Oral Tablet [Allopurinol Stada],RxNorm Extension,M04A_antigout_preparations,reviewed_seed,Imported from master codelists,Drug,standard,M04A_antigout_preparations
antigout_medicines,Antigout medicines,drug,43763808,TRUE,Allopurinol 300 MG Oral Tablet [Allopurinol Dura],RxNorm Extension,M04A_antigout_preparations,reviewed_seed,Imported from master codelists,Drug,standard,M04A_antigout_preparations
antigout_medicines,Antigout medicines,drug,43781916,TRUE,Allopurinol 100 MG Oral Tablet [Allobeta] by Betapharm,RxNorm Extension,M04A_antigout_preparations,reviewed_seed,Imported from master codelists,Drug,standard,M04A_antigout_preparations
antigout_medicines,Antigout medicines,drug,43781917,TRUE,Allopurinol 100 MG Oral Tablet [Jenapurinol],RxNorm Extension,M04A_antigout_preparations,reviewed_seed,Imported from master codelists,Drug,standard,M04A_antigout_preparations
antigout_medicines,Antigout medicines,drug,43781918,TRUE,Allopurinol 100 MG Oral Tablet [Allopurinol Al] by Aliud,RxNorm Extension,M04A_antigout_preparations,reviewed_seed,Imported from master codelists,Drug,standard,M04A_antigout_preparations
antigout_medicines,Antigout medicines,drug,43781919,TRUE,Allopurinol 300 MG [Jenapurinol],RxNorm Extension,M04A_antigout_preparations,reviewed_seed,Imported from master codelists,Drug,standard,M04A_antigout_preparations
antigout_medicines,Antigout medicines,drug,43781920,TRUE,Allopurinol 300 MG Oral Tablet [Cellidrin] by Hennig,RxNorm Extension,M04A_antigout_preparations,reviewed_seed,Imported from master codelists,Drug,standard,M04A_antigout_preparations
antigout_medicines,Antigout medicines,drug,43799799,TRUE,Allopurinol Oral Tablet [Allopurinol Abz],RxNorm Extension,M04A_antigout_preparations,reviewed_seed,Imported from master codelists,Drug,standard,M04A_antigout_preparations
antigout_medicines,Antigout medicines,drug,43817912,TRUE,Allopurinol 300 MG Oral Tablet [Allopurinol Acis],RxNorm Extension,M04A_antigout_preparations,reviewed_seed,Imported from master codelists,Drug,standard,M04A_antigout_preparations
antigout_medicines,Antigout medicines,drug,43817913,TRUE,Allopurinol 300 MG Oral Tablet [Allopurinol Acis] by Acis,RxNorm Extension,M04A_antigout_preparations,reviewed_seed,Imported from master codelists,Drug,standard,M04A_antigout_preparations
antigout_medicines,Antigout medicines,drug,43817914,TRUE,Allopurinol 100 MG / Benzbromarone 20 MG Oral Tablet [ALLOPURINOL RATIOPHARM],RxNorm Extension,M04A_antigout_preparations,reviewed_seed,Imported from master codelists,Drug,standard,M04A_antigout_preparations
antigout_medicines,Antigout medicines,drug,43818073,TRUE,Benzbromarone 50 MG Oral Tablet [Narcaricin] by Sano,RxNorm Extension,M04A_antigout_preparations,reviewed_seed,Imported from master codelists,Drug,standard,M04A_antigout_preparations
antigout_medicines,Antigout medicines,drug,43818074,TRUE,Benzbromarone 100 MG Delayed Release Oral Tablet [Benzbromaron Al] by Aliud,RxNorm Extension,M04A_antigout_preparations,reviewed_seed,Imported from master codelists,Drug,standard,M04A_antigout_preparations
antigout_medicines,Antigout medicines,drug,43818440,TRUE,Probenecid 500 MG [Probenecid Biokanol],RxNorm Extension,M04A_antigout_preparations,reviewed_seed,Imported from master codelists,Drug,standard,M04A_antigout_preparations
antigout_medicines,Antigout medicines,drug,43818441,TRUE,Probenecid 500 MG Oral Tablet [Probenecid Weimer],RxNorm Extension,M04A_antigout_preparations,reviewed_seed,Imported from master codelists,Drug,standard,M04A_antigout_preparations
antigout_medicines,Antigout medicines,drug,43836084,TRUE,Allopurinol 100 MG [Allopurinol Abz],RxNorm Extension,M04A_antigout_preparations,reviewed_seed,Imported from master codelists,Drug,standard,M04A_antigout_preparations
antigout_medicines,Antigout medicines,drug,43836085,TRUE,Allopurinol 100 MG Oral Tablet [ALLOPURINOL RATIOPHARM] by Ratiopharm,RxNorm Extension,M04A_antigout_preparations,reviewed_seed,Imported from master codelists,Drug,standard,M04A_antigout_preparations
antigout_medicines,Antigout medicines,drug,43836087,TRUE,Allopurinol 300 MG [Epidropal],RxNorm Extension,M04A_antigout_preparations,reviewed_seed,Imported from master codelists,Drug,standard,M04A_antigout_preparations
antigout_medicines,Antigout medicines,drug,43836088,TRUE,Allopurinol 300 MG Oral Tablet [Allo-Ct] by AbZ-Pharma,RxNorm Extension,M04A_antigout_preparations,reviewed_seed,Imported from master codelists,Drug,standard,M04A_antigout_preparations
antigout_medicines,Antigout medicines,drug,43836089,TRUE,Allopurinol 100 MG / Benzbromarone 20 MG Oral Tablet [ALLOPURINOL RATIOPHARM] by Ratiopharm,RxNorm Extension,M04A_antigout_preparations,reviewed_seed,Imported from master codelists,Drug,standard,M04A_antigout_preparations
antigout_medicines,Antigout medicines,drug,43836626,TRUE,Probenecid 500 MG Oral Tablet [Probenecid Biokanol],RxNorm Extension,M04A_antigout_preparations,reviewed_seed,Imported from master codelists,Drug,standard,M04A_antigout_preparations
antigout_medicines,Antigout medicines,drug,43836627,TRUE,Probenecid 500 MG Oral Tablet [Probenecid Biokanol] by Biokanol,RxNorm Extension,M04A_antigout_preparations,reviewed_seed,Imported from master codelists,Drug,standard,M04A_antigout_preparations
antigout_medicines,Antigout medicines,drug,43854048,TRUE,Allopurinol Oral Tablet [Allopurinol Stada],RxNorm Extension,M04A_antigout_preparations,reviewed_seed,Imported from master codelists,Drug,standard,M04A_antigout_preparations
antigout_medicines,Antigout medicines,drug,43854049,TRUE,Allopurinol 100 MG Oral Tablet [Allo-Ct],RxNorm Extension,M04A_antigout_preparations,reviewed_seed,Imported from master codelists,Drug,standard,M04A_antigout_preparations
antigout_medicines,Antigout medicines,drug,43854050,TRUE,Allopurinol 100 MG Oral Tablet [Allo-Ct] by AbZ-Pharma,RxNorm Extension,M04A_antigout_preparations,reviewed_seed,Imported from master codelists,Drug,standard,M04A_antigout_preparations
antigout_medicines,Antigout medicines,drug,43854051,TRUE,Allopurinol 100 MG Oral Tablet [Allopurinol Heumann] by Heumann,RxNorm Extension,M04A_antigout_preparations,reviewed_seed,Imported from master codelists,Drug,standard,M04A_antigout_preparations
antigout_medicines,Antigout medicines,drug,43854052,TRUE,Allopurinol 300 MG Oral Tablet [Allo-Ct],RxNorm Extension,M04A_antigout_preparations,reviewed_seed,Imported from master codelists,Drug,standard,M04A_antigout_preparations
antigout_medicines,Antigout medicines,drug,43854053,TRUE,Allopurinol 300 MG Oral Tablet [Allopurinol Abz] by AbZ-Pharma,RxNorm Extension,M04A_antigout_preparations,reviewed_seed,Imported from master codelists,Drug,standard,M04A_antigout_preparations
antigout_medicines,Antigout medicines,drug,43854054,TRUE,Allopurinol 300 MG Oral Tablet [Zyloric] by Mibe,RxNorm Extension,M04A_antigout_preparations,reviewed_seed,Imported from master codelists,Drug,standard,M04A_antigout_preparations
antigout_medicines,Antigout medicines,drug,44025269,TRUE,Allopurinol 200 MG Oral Tablet [Riva Purinol],RxNorm Extension,M04A_antigout_preparations,reviewed_seed,Imported from master codelists,Drug,standard,M04A_antigout_preparations
antigout_medicines,Antigout medicines,drug,44025493,TRUE,Aconitine / Arnica montana Extract / Colchicine / Esculin / Hypericum Perforatum Flower extract / Lead / magnesium phosphate / POISON IVY EXTRACT Oral Solution [Sciatinix Hp],RxNorm Extension,M04A_antigout_preparations,reviewed_seed,Imported from master codelists,Drug,standard,M04A_antigout_preparations
antigout_medicines,Antigout medicines,drug,44025924,TRUE,Probenecid 500 MG Oral Capsule [Pro Biosan Kit] by ICN,RxNorm Extension,M04A_antigout_preparations,reviewed_seed,Imported from master codelists,Drug,standard,M04A_antigout_preparations
antigout_medicines,Antigout medicines,drug,44027774,TRUE,Sulfinpyrazone 100 MG [Novo-Pyrazone],RxNorm Extension,M04A_antigout_preparations,reviewed_seed,Imported from master codelists,Drug,standard,M04A_antigout_preparations
antigout_medicines,Antigout medicines,drug,44029460,TRUE,Allopurinol 300 MG [Novo-Purol],RxNorm Extension,M04A_antigout_preparations,reviewed_seed,Imported from master codelists,Drug,standard,M04A_antigout_preparations
antigout_medicines,Antigout medicines,drug,44029461,TRUE,Allopurinol 100 MG [Ntp-Allopurinol],RxNorm Extension,M04A_antigout_preparations,reviewed_seed,Imported from master codelists,Drug,standard,M04A_antigout_preparations
antigout_medicines,Antigout medicines,drug,44029462,TRUE,Allopurinol 100 MG [Mar-Allopurinol],RxNorm Extension,M04A_antigout_preparations,reviewed_seed,Imported from master codelists,Drug,standard,M04A_antigout_preparations
antigout_medicines,Antigout medicines,drug,44029463,TRUE,Allopurinol 100 MG [Alloprin],RxNorm Extension,M04A_antigout_preparations,reviewed_seed,Imported from master codelists,Drug,standard,M04A_antigout_preparations
antigout_medicines,Antigout medicines,drug,44029464,TRUE,Allopurinol 200 MG [Mar-Allopurinol],RxNorm Extension,M04A_antigout_preparations,reviewed_seed,Imported from master codelists,Drug,standard,M04A_antigout_preparations
antigout_medicines,Antigout medicines,drug,44029513,TRUE,Aconitine 30 X / Arnica montana Extract 30 X / Colchicine 30 X / Esculin 30 X / Hypericum Perforatum Flower extract 30 X / Lead 30 X / magnesium phosphate 30 X / POISON IVY EXTRACT 30 X [Sciatinix Hp],RxNorm Extension,M04A_antigout_preparations,reviewed_seed,Imported from master codelists,Drug,standard,M04A_antigout_preparations
antigout_medicines,Antigout medicines,drug,44030353,TRUE,Aconitine / Arnica montana Extract / Colchicine / Esculin / Hypericum Perforatum Flower extract / Lead / magnesium phosphate / POISON IVY EXTRACT Oral Solution,RxNorm Extension,M04A_antigout_preparations,reviewed_seed,Imported from master codelists,Drug,standard,M04A_antigout_preparations
antigout_medicines,Antigout medicines,drug,44030522,TRUE,Sulfinpyrazone Oral Tablet [Apo Sulfinpyrazone],RxNorm Extension,M04A_antigout_preparations,reviewed_seed,Imported from master codelists,Drug,standard,M04A_antigout_preparations
antigout_medicines,Antigout medicines,drug,44030634,TRUE,Rasburicase Injectable Suspension [Fasturtec],RxNorm Extension,M04A_antigout_preparations,reviewed_seed,Imported from master codelists,Drug,standard,M04A_antigout_preparations
antigout_medicines,Antigout medicines,drug,44031896,TRUE,Allopurinol Oral Tablet [Purinol],RxNorm Extension,M04A_antigout_preparations,reviewed_seed,Imported from master codelists,Drug,standard,M04A_antigout_preparations
antigout_medicines,Antigout medicines,drug,44031897,TRUE,Allopurinol Oral Tablet [Ipg-Allopurinol],RxNorm Extension,M04A_antigout_preparations,reviewed_seed,Imported from master codelists,Drug,standard,M04A_antigout_preparations
antigout_medicines,Antigout medicines,drug,44034901,TRUE,Colchicine 6 X Oral Tablet [Colchicinum],RxNorm Extension,M04A_antigout_preparations,reviewed_seed,Imported from master codelists,Drug,standard,M04A_antigout_preparations
antigout_medicines,Antigout medicines,drug,44035432,TRUE,APIS MELLIFERA VEN PROTEIN 30 X / Bryonia preparation 30 X / Causticum preparation 30 X / Colchicine 30 X / Ledum palustre twig extract 30 X / POISON IVY EXTRACT 30 X / Pulsatilla koreana whole extract 30 X / ... Oral Solution [Art Hp],RxNorm Extension,M04A_antigout_preparations,reviewed_seed,Imported from master codelists,Drug,standard,M04A_antigout_preparations
antigout_medicines,Antigout medicines,drug,44035433,TRUE,APIS MELLIFERA VEN PROTEIN 30 X / Bryonia preparation 30 X / Causticum preparation 30 X / Colchicine 30 X / Ledum palustre twig extract 30 X / POISON IVY EXTRACT 30 X / Pulsatilla koreana whole extract 30 X / ... Oral Solution [Arnix Hp],RxNorm Extension,M04A_antigout_preparations,reviewed_seed,Imported from master codelists,Drug,standard,M04A_antigout_preparations
antigout_medicines,Antigout medicines,drug,44035519,TRUE,Allopurinol 200 MG Oral Tablet [Novo-Purol],RxNorm Extension,M04A_antigout_preparations,reviewed_seed,Imported from master codelists,Drug,standard,M04A_antigout_preparations
antigout_medicines,Antigout medicines,drug,44035553,TRUE,Aconitine 30 X / Arnica montana Extract 30 X / Colchicine 30 X / Esculin 30 X / Hypericum Perforatum Flower extract 30 X / Lead 30 X / magnesium phosphate 30 X / POISON IVY EXTRACT 30 X Oral Solution [Sciatinix Hp],RxNorm Extension,M04A_antigout_preparations,reviewed_seed,Imported from master codelists,Drug,standard,M04A_antigout_preparations
antigout_medicines,Antigout medicines,drug,44035554,TRUE,Aconitine 30 X / Arnica montana Extract 30 X / Colchicine 30 X / Esculin 30 X / Hypericum Perforatum Flower extract 30 X / Lead 30 X / magnesium phosphate 30 X / POISON IVY EXTRACT 30 X Oral Solution [Sciat Hp],RxNorm Extension,M04A_antigout_preparations,reviewed_seed,Imported from master codelists,Drug,standard,M04A_antigout_preparations
antigout_medicines,Antigout medicines,drug,44036061,TRUE,Sulfinpyrazone 200 MG Oral Tablet [Novo-Pyrazone] by Novopharm,RxNorm Extension,M04A_antigout_preparations,reviewed_seed,Imported from master codelists,Drug,standard,M04A_antigout_preparations
antigout_medicines,Antigout medicines,drug,44036451,TRUE,Probenecid 500 MG Oral Tablet [Benuryl] by Valeant,RxNorm Extension,M04A_antigout_preparations,reviewed_seed,Imported from master codelists,Drug,standard,M04A_antigout_preparations
antigout_medicines,Antigout medicines,drug,44037949,TRUE,Colchicine 0.6 MG Oral Tablet [Pms-Colchicine] by Pharmascience,RxNorm Extension,M04A_antigout_preparations,reviewed_seed,Imported from master codelists,Drug,standard,M04A_antigout_preparations
antigout_medicines,Antigout medicines,drug,44037950,TRUE,Colchicine 0.6 MG Oral Tablet by D.C.,RxNorm Extension,M04A_antigout_preparations,reviewed_seed,Imported from master codelists,Drug,standard,M04A_antigout_preparations
antigout_medicines,Antigout medicines,drug,44037951,TRUE,Colchicine 1 MG Oral Tablet [Jamp-Colchicine] by Jamp,RxNorm Extension,M04A_antigout_preparations,reviewed_seed,Imported from master codelists,Drug,standard,M04A_antigout_preparations
antigout_medicines,Antigout medicines,drug,44038423,TRUE,Bryonia preparation 30 X / Colchicine 30 X / kalmia latifolia leaf 30 X / Ledum palustre twig extract 30 X / Lycopodium Clavatum Preparation 30 X / POISON IVY EXTRACT 30 X / ... Oral Solution [Jnt-Nix Hp] by Terra Botanica Products,RxNorm Extension,M04A_antigout_preparations,reviewed_seed,Imported from master codelists,Drug,standard,M04A_antigout_preparations
antigout_medicines,Antigout medicines,drug,44038953,TRUE,Allopurinol 300 MG Oral Tablet [Zyloprim] by AA,RxNorm Extension,M04A_antigout_preparations,reviewed_seed,Imported from master codelists,Drug,standard,M04A_antigout_preparations
antigout_medicines,Antigout medicines,drug,44038954,TRUE,Allopurinol 100 MG Oral Tablet [Zyloprim] by Glaxosmithkline,RxNorm Extension,M04A_antigout_preparations,reviewed_seed,Imported from master codelists,Drug,standard,M04A_antigout_preparations
antigout_medicines,Antigout medicines,drug,44038955,TRUE,Allopurinol 200 MG Oral Tablet [Zyloprim] by AA,RxNorm Extension,M04A_antigout_preparations,reviewed_seed,Imported from master codelists,Drug,standard,M04A_antigout_preparations
antigout_medicines,Antigout medicines,drug,44038956,TRUE,Allopurinol 200 MG Oral Tablet [Ntp-Allopurinol] by TEVA,RxNorm Extension,M04A_antigout_preparations,reviewed_seed,Imported from master codelists,Drug,standard,M04A_antigout_preparations
antigout_medicines,Antigout medicines,drug,44040210,TRUE,Colchicine 30 X,RxNorm Extension,M04A_antigout_preparations,reviewed_seed,Imported from master codelists,Drug,standard,M04A_antigout_preparations
antigout_medicines,Antigout medicines,drug,44040982,TRUE,Probenecid 500 MG [Pro Biosan Kit],RxNorm Extension,M04A_antigout_preparations,reviewed_seed,Imported from master codelists,Drug,standard,M04A_antigout_preparations
antigout_medicines,Antigout medicines,drug,44041856,TRUE,Colchicine 0.6 MG [Pms-Colchicine],RxNorm Extension,M04A_antigout_preparations,reviewed_seed,Imported from master codelists,Drug,standard,M04A_antigout_preparations
antigout_medicines,Antigout medicines,drug,44042374,TRUE,APIS MELLIFERA VEN PROTEIN 30 X / Cinchona officinalis bark extract 30 X / Colchicine 30 X / Ledum palustre twig extract 30 X / Lycopodium Clavatum Preparation 30 X / POISON IVY EXTRACT 30 X / Sambucus nigra whole extract 30 X / ... [Edma],RxNorm Extension,M04A_antigout_preparations,reviewed_seed,Imported from master codelists,Drug,standard,M04A_antigout_preparations
antigout_medicines,Antigout medicines,drug,44042375,TRUE,APIS MELLIFERA VEN PROTEIN 30 X / Cinchona officinalis bark extract 30 X / Colchicine 30 X / Ledum palustre twig extract 30 X / Lycopodium Clavatum Preparation 30 X / POISON IVY EXTRACT 30 X / Sambucus nigra whole extract 30 X / ... [Edemnix],RxNorm Extension,M04A_antigout_preparations,reviewed_seed,Imported from master codelists,Drug,standard,M04A_antigout_preparations
antigout_medicines,Antigout medicines,drug,44042376,TRUE,APIS MELLIFERA VEN PROTEIN 30 X / Bryonia preparation 30 X / Causticum preparation 30 X / Colchicine 30 X / Ledum palustre twig extract 30 X / POISON IVY EXTRACT 30 X / Pulsatilla koreana whole extract 30 X / ... [Art Hp],RxNorm Extension,M04A_antigout_preparations,reviewed_seed,Imported from master codelists,Drug,standard,M04A_antigout_preparations
antigout_medicines,Antigout medicines,drug,44042483,TRUE,Allopurinol 100 MG [Apo-Allopurinol],RxNorm Extension,M04A_antigout_preparations,reviewed_seed,Imported from master codelists,Drug,standard,M04A_antigout_preparations
antigout_medicines,Antigout medicines,drug,44042484,TRUE,Allopurinol 200 MG [Riva Purinol],RxNorm Extension,M04A_antigout_preparations,reviewed_seed,Imported from master codelists,Drug,standard,M04A_antigout_preparations
antigout_medicines,Antigout medicines,drug,44042485,TRUE,Allopurinol 200 MG [Ntp-Allopurinol],RxNorm Extension,M04A_antigout_preparations,reviewed_seed,Imported from master codelists,Drug,standard,M04A_antigout_preparations
antigout_medicines,Antigout medicines,drug,44042486,TRUE,Allopurinol 200 MG [Alloprin],RxNorm Extension,M04A_antigout_preparations,reviewed_seed,Imported from master codelists,Drug,standard,M04A_antigout_preparations
antigout_medicines,Antigout medicines,drug,44043602,TRUE,Sulfinpyrazone Oral Tablet [Antazone],RxNorm Extension,M04A_antigout_preparations,reviewed_seed,Imported from master codelists,Drug,standard,M04A_antigout_preparations
antigout_medicines,Antigout medicines,drug,44044447,TRUE,Colchicine Oral Tablet [Jamp-Colchicine],RxNorm Extension,M04A_antigout_preparations,reviewed_seed,Imported from master codelists,Drug,standard,M04A_antigout_preparations
antigout_medicines,Antigout medicines,drug,44044936,TRUE,Allopurinol Oral Tablet [Riva Purinol],RxNorm Extension,M04A_antigout_preparations,reviewed_seed,Imported from master codelists,Drug,standard,M04A_antigout_preparations
antigout_medicines,Antigout medicines,drug,44044937,TRUE,Allopurinol Oral Tablet [Ntp-Allopurinol],RxNorm Extension,M04A_antigout_preparations,reviewed_seed,Imported from master codelists,Drug,standard,M04A_antigout_preparations
antigout_medicines,Antigout medicines,drug,44044938,TRUE,Allopurinol Oral Tablet [Alloprin],RxNorm Extension,M04A_antigout_preparations,reviewed_seed,Imported from master codelists,Drug,standard,M04A_antigout_preparations
antigout_medicines,Antigout medicines,drug,44046762,TRUE,Sulfinpyrazone 100 MG Oral Tablet [Apo Sulfinpyrazone],RxNorm Extension,M04A_antigout_preparations,reviewed_seed,Imported from master codelists,Drug,standard,M04A_antigout_preparations
antigout_medicines,Antigout medicines,drug,44046763,TRUE,Sulfinpyrazone 100 MG Oral Tablet [Antazone],RxNorm Extension,M04A_antigout_preparations,reviewed_seed,Imported from master codelists,Drug,standard,M04A_antigout_preparations
antigout_medicines,Antigout medicines,drug,44046998,TRUE,Probenecid 500 MG Oral Capsule [Pro Biosan Kit],RxNorm Extension,M04A_antigout_preparations,reviewed_seed,Imported from master codelists,Drug,standard,M04A_antigout_preparations
antigout_medicines,Antigout medicines,drug,44048324,TRUE,Bryonia preparation 30 X / Colchicine 30 X / kalmia latifolia leaf 30 X / Ledum palustre twig extract 30 X / Lycopodium Clavatum Preparation 30 X / POISON IVY EXTRACT 30 X / Rhododendron aureum leaf extract 30 X Oral Solution [Jnt-Nix Hp],RxNorm Extension,M04A_antigout_preparations,reviewed_seed,Imported from master codelists,Drug,standard,M04A_antigout_preparations
antigout_medicines,Antigout medicines,drug,44048552,TRUE,APIS MELLIFERA VEN PROTEIN 30 X / Cinchona officinalis bark extract 30 X / Colchicine 30 X / Ledum palustre twig extract 30 X / Lycopodium Clavatum Preparation 30 X / POISON IVY EXTRACT 30 X / Sambucus nigra whole extract 30 X / ... Oral Solution [Edma],RxNorm Extension,M04A_antigout_preparations,reviewed_seed,Imported from master codelists,Drug,standard,M04A_antigout_preparations
antigout_medicines,Antigout medicines,drug,44048660,TRUE,Allopurinol 100 MG Oral Tablet [Riva Purinol],RxNorm Extension,M04A_antigout_preparations,reviewed_seed,Imported from master codelists,Drug,standard,M04A_antigout_preparations
antigout_medicines,Antigout medicines,drug,44049187,TRUE,Sulfinpyrazone 100 MG Oral Tablet [Antazone] by ICN,RxNorm Extension,M04A_antigout_preparations,reviewed_seed,Imported from master codelists,Drug,standard,M04A_antigout_preparations
antigout_medicines,Antigout medicines,drug,44050691,TRUE,febuxostat 80 MG Oral Tablet [Uloric] by Takeda,RxNorm Extension,M04A_antigout_preparations,reviewed_seed,Imported from master codelists,Drug,standard,M04A_antigout_preparations
antigout_medicines,Antigout medicines,drug,44051088,TRUE,Colchicine 0.6 MG Oral Tablet by Odan,RxNorm Extension,M04A_antigout_preparations,reviewed_seed,Imported from master codelists,Drug,standard,M04A_antigout_preparations
antigout_medicines,Antigout medicines,drug,44051919,TRUE,APIS MELLIFERA VEN PROTEIN 30 X / Cinchona officinalis bark extract 30 X / Colchicine 30 X / Ledum palustre twig extract 30 X / Lycopodium Clavatum Preparation 30 X / POISON IVY EXTRACT 30 X / ... Oral Solution [Edemnix] by Terra Botanica Products,RxNorm Extension,M04A_antigout_preparations,reviewed_seed,Imported from master codelists,Drug,standard,M04A_antigout_preparations
antigout_medicines,Antigout medicines,drug,44051921,TRUE,APIS MELLIFERA VEN PROTEIN 30 X / Bryonia preparation 30 X / Causticum preparation 30 X / Colchicine 30 X / Ledum palustre twig extract 30 X / POISON IVY EXTRACT 30 X / ... Oral Solution [Arnix Hp] by Terra Botanica Products,RxNorm Extension,M04A_antigout_preparations,reviewed_seed,Imported from master codelists,Drug,standard,M04A_antigout_preparations
antigout_medicines,Antigout medicines,drug,44052057,TRUE,Allopurinol 100 MG Oral Tablet [Novo-Purol] by Novopharm,RxNorm Extension,M04A_antigout_preparations,reviewed_seed,Imported from master codelists,Drug,standard,M04A_antigout_preparations
antigout_medicines,Antigout medicines,drug,44052058,TRUE,Allopurinol 100 MG Oral Tablet [Apo-Allopurinol] by Apotex,RxNorm Extension,M04A_antigout_preparations,reviewed_seed,Imported from master codelists,Drug,standard,M04A_antigout_preparations
antigout_medicines,Antigout medicines,drug,44052059,TRUE,Allopurinol 200 MG Oral Tablet [Alloprin] by Valeant,RxNorm Extension,M04A_antigout_preparations,reviewed_seed,Imported from master codelists,Drug,standard,M04A_antigout_preparations
antigout_medicines,Antigout medicines,drug,44053288,TRUE,Colchicine 30 C,RxNorm Extension,M04A_antigout_preparations,reviewed_seed,Imported from master codelists,Drug,standard,M04A_antigout_preparations
antigout_medicines,Antigout medicines,drug,44053813,TRUE,Sulfinpyrazone 200 MG [Nu-Sulfinpyrazone],RxNorm Extension,M04A_antigout_preparations,reviewed_seed,Imported from master codelists,Drug,standard,M04A_antigout_preparations
antigout_medicines,Antigout medicines,drug,44053814,TRUE,Sulfinpyrazone 100 MG [Apo Sulfinpyrazone],RxNorm Extension,M04A_antigout_preparations,reviewed_seed,Imported from master codelists,Drug,standard,M04A_antigout_preparations
antigout_medicines,Antigout medicines,drug,44055427,TRUE,APIS MELLIFERA VEN PROTEIN 3 X / Barberry Extract 2 X / Colchicine 6 X / Convallaria majalis extract 3 X / Nitroglycerin 6 X / Potassium Iodide 1 X / Quinine 3 X / TOXICODENDRON Preparation 4 X [Aribosan],RxNorm Extension,M04A_antigout_preparations,reviewed_seed,Imported from master codelists,Drug,standard,M04A_antigout_preparations
antigout_medicines,Antigout medicines,drug,44055526,TRUE,Allopurinol 300 MG [Riva Purinol],RxNorm Extension,M04A_antigout_preparations,reviewed_seed,Imported from master codelists,Drug,standard,M04A_antigout_preparations
antigout_medicines,Antigout medicines,drug,44055527,TRUE,Allopurinol 300 MG [Purinol],RxNorm Extension,M04A_antigout_preparations,reviewed_seed,Imported from master codelists,Drug,standard,M04A_antigout_preparations
antigout_medicines,Antigout medicines,drug,44055528,TRUE,Allopurinol 300 MG [Ntp-Allopurinol],RxNorm Extension,M04A_antigout_preparations,reviewed_seed,Imported from master codelists,Drug,standard,M04A_antigout_preparations
antigout_medicines,Antigout medicines,drug,44055529,TRUE,Allopurinol 200 MG [Novo-Purol],RxNorm Extension,M04A_antigout_preparations,reviewed_seed,Imported from master codelists,Drug,standard,M04A_antigout_preparations
antigout_medicines,Antigout medicines,drug,44057387,TRUE,Colchicine Oral Tablet [Euro-Colchicine],RxNorm Extension,M04A_antigout_preparations,reviewed_seed,Imported from master codelists,Drug,standard,M04A_antigout_preparations
antigout_medicines,Antigout medicines,drug,44059771,TRUE,Sulfinpyrazone 200 MG Oral Tablet [Novo-Pyrazone],RxNorm Extension,M04A_antigout_preparations,reviewed_seed,Imported from master codelists,Drug,standard,M04A_antigout_preparations
antigout_medicines,Antigout medicines,drug,44059956,TRUE,Rasburicase 1.5 MG Injectable Suspension [Fasturtec],RxNorm Extension,M04A_antigout_preparations,reviewed_seed,Imported from master codelists,Drug,standard,M04A_antigout_preparations
antigout_medicines,Antigout medicines,drug,44061549,TRUE,APIS MELLIFERA VEN PROTEIN 3 X / Barberry Extract 2 X / Colchicine 6 X / Convallaria majalis extract 3 X / Nitroglycerin 6 X / Potassium Iodide 1 X / Quinine 3 X / TOXICODENDRON Preparation 4 X Oral Solution [Aribosan],RxNorm Extension,M04A_antigout_preparations,reviewed_seed,Imported from master codelists,Drug,standard,M04A_antigout_preparations
antigout_medicines,Antigout medicines,drug,44061644,TRUE,Allopurinol 100 MG Oral Tablet [Purinol],RxNorm Extension,M04A_antigout_preparations,reviewed_seed,Imported from master codelists,Drug,standard,M04A_antigout_preparations
antigout_medicines,Antigout medicines,drug,44061645,TRUE,Allopurinol 200 MG Oral Tablet [Jamp-Allopurinol],RxNorm Extension,M04A_antigout_preparations,reviewed_seed,Imported from master codelists,Drug,standard,M04A_antigout_preparations
antigout_medicines,Antigout medicines,drug,44062209,TRUE,Sulfinpyrazone 200 MG Oral Tablet [Nu-Sulfinpyrazone] by Nu-Pharm,RxNorm Extension,M04A_antigout_preparations,reviewed_seed,Imported from master codelists,Drug,standard,M04A_antigout_preparations
antigout_medicines,Antigout medicines,drug,44062210,TRUE,Sulfinpyrazone 100 MG Oral Tablet [Nu-Sulfinpyrazone] by Nu-Pharm,RxNorm Extension,M04A_antigout_preparations,reviewed_seed,Imported from master codelists,Drug,standard,M04A_antigout_preparations
antigout_medicines,Antigout medicines,drug,44064103,TRUE,Colchicine 0.6 MG Oral Tablet by Sandoz,RxNorm Extension,M04A_antigout_preparations,reviewed_seed,Imported from master codelists,Drug,standard,M04A_antigout_preparations
antigout_medicines,Antigout medicines,drug,44064104,TRUE,Colchicine 0.6 MG Oral Tablet by Abbott,RxNorm Extension,M04A_antigout_preparations,reviewed_seed,Imported from master codelists,Drug,standard,M04A_antigout_preparations
antigout_medicines,Antigout medicines,drug,44064105,TRUE,Colchicine 30 C Oral Solution by Total Health Centre,RxNorm Extension,M04A_antigout_preparations,reviewed_seed,Imported from master codelists,Drug,standard,M04A_antigout_preparations
antigout_medicines,Antigout medicines,drug,44064106,TRUE,Colchicine 1 MG Oral Tablet by Euro-Pharm,RxNorm Extension,M04A_antigout_preparations,reviewed_seed,Imported from master codelists,Drug,standard,M04A_antigout_preparations
antigout_medicines,Antigout medicines,drug,44065031,TRUE,Allopurinol 300 MG Oral Tablet [Purinol] by Carter,RxNorm Extension,M04A_antigout_preparations,reviewed_seed,Imported from master codelists,Drug,standard,M04A_antigout_preparations
antigout_medicines,Antigout medicines,drug,44065032,TRUE,Allopurinol 100 MG Oral Tablet [Zyloprim] by AA,RxNorm Extension,M04A_antigout_preparations,reviewed_seed,Imported from master codelists,Drug,standard,M04A_antigout_preparations
antigout_medicines,Antigout medicines,drug,44065033,TRUE,Allopurinol 100 MG Oral Tablet [Ntp-Allopurinol] by TEVA,RxNorm Extension,M04A_antigout_preparations,reviewed_seed,Imported from master codelists,Drug,standard,M04A_antigout_preparations
antigout_medicines,Antigout medicines,drug,44065034,TRUE,Allopurinol 100 MG Oral Tablet [Jamp-Allopurinol] by Jamp,RxNorm Extension,M04A_antigout_preparations,reviewed_seed,Imported from master codelists,Drug,standard,M04A_antigout_preparations
antigout_medicines,Antigout medicines,drug,44065035,TRUE,Allopurinol 100 MG Oral Tablet [Alloprin] by Valeant,RxNorm Extension,M04A_antigout_preparations,reviewed_seed,Imported from master codelists,Drug,standard,M04A_antigout_preparations
antigout_medicines,Antigout medicines,drug,44065036,TRUE,Allopurinol 200 MG Oral Tablet [Jamp-Allopurinol] by Jamp,RxNorm Extension,M04A_antigout_preparations,reviewed_seed,Imported from master codelists,Drug,standard,M04A_antigout_preparations
antigout_medicines,Antigout medicines,drug,44065095,TRUE,Aconitine 30 X / Arnica montana Extract 30 X / Colchicine 30 X / Esculin 30 X / Hypericum Perforatum Flower extract 30 X / Lead 30 X / magnesium phosphate 30 X / POISON IVY EXTRACT 30 X Oral Solution [Sciatinix Hp] by Terra Botanica Products,RxNorm Extension,M04A_antigout_preparations,reviewed_seed,Imported from master codelists,Drug,standard,M04A_antigout_preparations
antigout_medicines,Antigout medicines,drug,44066824,TRUE,Sulfinpyrazone 100 MG [Nu-Sulfinpyrazone],RxNorm Extension,M04A_antigout_preparations,reviewed_seed,Imported from master codelists,Drug,standard,M04A_antigout_preparations
antigout_medicines,Antigout medicines,drug,44067937,TRUE,Colchicine 6 X [Colchicinum],RxNorm Extension,M04A_antigout_preparations,reviewed_seed,Imported from master codelists,Drug,standard,M04A_antigout_preparations
antigout_medicines,Antigout medicines,drug,44067938,TRUE,Colchicine 1 MG [Jamp-Colchicine],RxNorm Extension,M04A_antigout_preparations,reviewed_seed,Imported from master codelists,Drug,standard,M04A_antigout_preparations
antigout_medicines,Antigout medicines,drug,44069092,TRUE,Bryonia preparation / Colchicine / kalmia latifolia leaf / Ledum palustre twig extract / Lycopodium Clavatum Preparation / POISON IVY EXTRACT / Rhododendron aureum leaf extract Oral Solution,RxNorm Extension,M04A_antigout_preparations,reviewed_seed,Imported from master codelists,Drug,standard,M04A_antigout_preparations
antigout_medicines,Antigout medicines,drug,44069245,TRUE,APIS MELLIFERA VEN PROTEIN / Bryonia preparation / Causticum preparation / Colchicine / Ledum palustre twig extract / POISON IVY EXTRACT / Pulsatilla koreana whole extract / Rhododendron aureum leaf extract Oral Solution,RxNorm Extension,M04A_antigout_preparations,reviewed_seed,Imported from master codelists,Drug,standard,M04A_antigout_preparations
antigout_medicines,Antigout medicines,drug,44069482,TRUE,Sulfinpyrazone Oral Tablet [Novo-Pyrazone],RxNorm Extension,M04A_antigout_preparations,reviewed_seed,Imported from master codelists,Drug,standard,M04A_antigout_preparations
antigout_medicines,Antigout medicines,drug,44070496,TRUE,Bryonia preparation / Colchicine / kalmia latifolia leaf / Ledum palustre twig extract / Lycopodium Clavatum Preparation / POISON IVY EXTRACT / Rhododendron aureum leaf extract Oral Solution [Jnt-Nix Hp],RxNorm Extension,M04A_antigout_preparations,reviewed_seed,Imported from master codelists,Drug,standard,M04A_antigout_preparations
antigout_medicines,Antigout medicines,drug,44070712,TRUE,APIS MELLIFERA VEN PROTEIN / Bryonia preparation / Causticum preparation / Colchicine / Ledum palustre twig extract / POISON IVY EXTRACT / Pulsatilla koreana whole extract / Rhododendron aureum leaf extract Oral Solution [Arnix Hp],RxNorm Extension,M04A_antigout_preparations,reviewed_seed,Imported from master codelists,Drug,standard,M04A_antigout_preparations
antigout_medicines,Antigout medicines,drug,44070770,TRUE,Allopurinol Oral Tablet [Novo-Purol],RxNorm Extension,M04A_antigout_preparations,reviewed_seed,Imported from master codelists,Drug,standard,M04A_antigout_preparations
antigout_medicines,Antigout medicines,drug,44071135,TRUE,Rasburicase 1.5 MG Injectable Suspension,RxNorm Extension,M04A_antigout_preparations,reviewed_seed,Imported from master codelists,Drug,standard,M04A_antigout_preparations
antigout_medicines,Antigout medicines,drug,44071720,TRUE,Colchicine 30 C Oral Solution,RxNorm Extension,M04A_antigout_preparations,reviewed_seed,Imported from master codelists,Drug,standard,M04A_antigout_preparations
antigout_medicines,Antigout medicines,drug,44072588,TRUE,Sulfinpyrazone 200 MG Oral Tablet [Nu-Sulfinpyrazone],RxNorm Extension,M04A_antigout_preparations,reviewed_seed,Imported from master codelists,Drug,standard,M04A_antigout_preparations
antigout_medicines,Antigout medicines,drug,44072589,TRUE,Sulfinpyrazone 200 MG Oral Tablet [Antazone],RxNorm Extension,M04A_antigout_preparations,reviewed_seed,Imported from master codelists,Drug,standard,M04A_antigout_preparations
antigout_medicines,Antigout medicines,drug,44073801,TRUE,Colchicine 0.6 MG Oral Tablet [Jamp-Colchicine],RxNorm Extension,M04A_antigout_preparations,reviewed_seed,Imported from master codelists,Drug,standard,M04A_antigout_preparations
antigout_medicines,Antigout medicines,drug,44074399,TRUE,Allopurinol 300 MG Oral Tablet [Alloprin],RxNorm Extension,M04A_antigout_preparations,reviewed_seed,Imported from master codelists,Drug,standard,M04A_antigout_preparations
antigout_medicines,Antigout medicines,drug,44074400,TRUE,Allopurinol 100 MG Oral Tablet [Mar-Allopurinol],RxNorm Extension,M04A_antigout_preparations,reviewed_seed,Imported from master codelists,Drug,standard,M04A_antigout_preparations
antigout_medicines,Antigout medicines,drug,44077755,TRUE,Allopurinol 300 MG Oral Tablet [Riva Purinol] by Laboratoire Riva,RxNorm Extension,M04A_antigout_preparations,reviewed_seed,Imported from master codelists,Drug,standard,M04A_antigout_preparations
antigout_medicines,Antigout medicines,drug,44077756,TRUE,Allopurinol 300 MG Oral Tablet [Ntp-Allopurinol] by TEVA,RxNorm Extension,M04A_antigout_preparations,reviewed_seed,Imported from master codelists,Drug,standard,M04A_antigout_preparations
antigout_medicines,Antigout medicines,drug,44077757,TRUE,Allopurinol 300 MG Oral Tablet [Novo-Purol] by Novopharm,RxNorm Extension,M04A_antigout_preparations,reviewed_seed,Imported from master codelists,Drug,standard,M04A_antigout_preparations
antigout_medicines,Antigout medicines,drug,44077758,TRUE,Allopurinol 300 MG Oral Tablet [Alloprin] by Valeant,RxNorm Extension,M04A_antigout_preparations,reviewed_seed,Imported from master codelists,Drug,standard,M04A_antigout_preparations
antigout_medicines,Antigout medicines,drug,44077759,TRUE,Allopurinol 100 MG Oral Tablet by Pro Doc Limitee,RxNorm Extension,M04A_antigout_preparations,reviewed_seed,Imported from master codelists,Drug,standard,M04A_antigout_preparations
antigout_medicines,Antigout medicines,drug,44079507,TRUE,Sulfinpyrazone 200 MG [Antazone],RxNorm Extension,M04A_antigout_preparations,reviewed_seed,Imported from master codelists,Drug,standard,M04A_antigout_preparations
antigout_medicines,Antigout medicines,drug,44080606,TRUE,Colchicine 0.6 MG [Jamp-Colchicine],RxNorm Extension,M04A_antigout_preparations,reviewed_seed,Imported from master codelists,Drug,standard,M04A_antigout_preparations
antigout_medicines,Antigout medicines,drug,44081114,TRUE,APIS MELLIFERA VEN PROTEIN 30 X / Bryonia preparation 30 X / Causticum preparation 30 X / Colchicine 30 X / Ledum palustre twig extract 30 X / POISON IVY EXTRACT 30 X / Pulsatilla koreana whole extract 30 X / ... [Arnix Hp],RxNorm Extension,M04A_antigout_preparations,reviewed_seed,Imported from master codelists,Drug,standard,M04A_antigout_preparations
antigout_medicines,Antigout medicines,drug,44081201,TRUE,Allopurinol 300 MG [Apo-Allopurinol],RxNorm Extension,M04A_antigout_preparations,reviewed_seed,Imported from master codelists,Drug,standard,M04A_antigout_preparations
antigout_medicines,Antigout medicines,drug,44081202,TRUE,Allopurinol 100 MG [Novo-Purol],RxNorm Extension,M04A_antigout_preparations,reviewed_seed,Imported from master codelists,Drug,standard,M04A_antigout_preparations
antigout_medicines,Antigout medicines,drug,44081203,TRUE,Allopurinol 100 MG [Jamp-Allopurinol],RxNorm Extension,M04A_antigout_preparations,reviewed_seed,Imported from master codelists,Drug,standard,M04A_antigout_preparations
antigout_medicines,Antigout medicines,drug,44081231,TRUE,Aconitine 30 X / Arnica montana Extract 30 X / Colchicine 30 X / Esculin 30 X / Hypericum Perforatum Flower extract 30 X / Lead 30 X / magnesium phosphate 30 X / POISON IVY EXTRACT 30 X [Sciat Hp],RxNorm Extension,M04A_antigout_preparations,reviewed_seed,Imported from master codelists,Drug,standard,M04A_antigout_preparations
antigout_medicines,Antigout medicines,drug,44082290,TRUE,Sulfinpyrazone Oral Tablet [Nu-Sulfinpyrazone],RxNorm Extension,M04A_antigout_preparations,reviewed_seed,Imported from master codelists,Drug,standard,M04A_antigout_preparations
antigout_medicines,Antigout medicines,drug,44082450,TRUE,Probenecid Oral Capsule [Pro Biosan Kit],RxNorm Extension,M04A_antigout_preparations,reviewed_seed,Imported from master codelists,Drug,standard,M04A_antigout_preparations
antigout_medicines,Antigout medicines,drug,44083145,TRUE,Colchicine Oral Tablet [Pms-Colchicine],RxNorm Extension,M04A_antigout_preparations,reviewed_seed,Imported from master codelists,Drug,standard,M04A_antigout_preparations
antigout_medicines,Antigout medicines,drug,44083578,TRUE,APIS MELLIFERA VEN PROTEIN / Cinchona officinalis bark extract / Colchicine / Ledum palustre twig extract / Lycopodium Clavatum Preparation / POISON IVY EXTRACT / Sambucus nigra whole extract / ... Oral Solution [Edma],RxNorm Extension,M04A_antigout_preparations,reviewed_seed,Imported from master codelists,Drug,standard,M04A_antigout_preparations
antigout_medicines,Antigout medicines,drug,44083580,TRUE,APIS MELLIFERA VEN PROTEIN / Bryonia preparation / Causticum preparation / Colchicine / Ledum palustre twig extract / POISON IVY EXTRACT / Pulsatilla koreana whole extract / Rhododendron aureum leaf extract Oral Solution [Art Hp],RxNorm Extension,M04A_antigout_preparations,reviewed_seed,Imported from master codelists,Drug,standard,M04A_antigout_preparations
antigout_medicines,Antigout medicines,drug,44083661,TRUE,Allopurinol Oral Tablet [Mar-Allopurinol],RxNorm Extension,M04A_antigout_preparations,reviewed_seed,Imported from master codelists,Drug,standard,M04A_antigout_preparations
antigout_medicines,Antigout medicines,drug,44084022,TRUE,Probenecid 500 MG Oral Capsule,RxNorm Extension,M04A_antigout_preparations,reviewed_seed,Imported from master codelists,Drug,standard,M04A_antigout_preparations
antigout_medicines,Antigout medicines,drug,44085473,TRUE,Sulfinpyrazone 100 MG Oral Tablet [Nu-Sulfinpyrazone],RxNorm Extension,M04A_antigout_preparations,reviewed_seed,Imported from master codelists,Drug,standard,M04A_antigout_preparations
antigout_medicines,Antigout medicines,drug,44087251,TRUE,Allopurinol 300 MG Oral Tablet [Apo-Allopurinol],RxNorm Extension,M04A_antigout_preparations,reviewed_seed,Imported from master codelists,Drug,standard,M04A_antigout_preparations
antigout_medicines,Antigout medicines,drug,44087252,TRUE,Allopurinol 100 MG Oral Tablet [Jamp-Allopurinol],RxNorm Extension,M04A_antigout_preparations,reviewed_seed,Imported from master codelists,Drug,standard,M04A_antigout_preparations
antigout_medicines,Antigout medicines,drug,44087253,TRUE,Allopurinol 100 MG Oral Tablet [Alloprin],RxNorm Extension,M04A_antigout_preparations,reviewed_seed,Imported from master codelists,Drug,standard,M04A_antigout_preparations
antigout_medicines,Antigout medicines,drug,44087254,TRUE,Allopurinol 200 MG Oral Tablet [Mar-Allopurinol],RxNorm Extension,M04A_antigout_preparations,reviewed_seed,Imported from master codelists,Drug,standard,M04A_antigout_preparations
antigout_medicines,Antigout medicines,drug,44087784,TRUE,Sulfinpyrazone 100 MG Oral Tablet [Novo-Pyrazone] by Novopharm,RxNorm Extension,M04A_antigout_preparations,reviewed_seed,Imported from master codelists,Drug,standard,M04A_antigout_preparations
antigout_medicines,Antigout medicines,drug,44087785,TRUE,Sulfinpyrazone 100 MG Oral Tablet [Apo Sulfinpyrazone] by Apotex,RxNorm Extension,M04A_antigout_preparations,reviewed_seed,Imported from master codelists,Drug,standard,M04A_antigout_preparations
antigout_medicines,Antigout medicines,drug,44088071,TRUE,Rasburicase 1.5 MG Injectable Suspension [Fasturtec] by Sanofi,RxNorm Extension,M04A_antigout_preparations,reviewed_seed,Imported from master codelists,Drug,standard,M04A_antigout_preparations
antigout_medicines,Antigout medicines,drug,44089698,TRUE,Colchicine 6 X Oral Solution by Weleda,RxNorm Extension,M04A_antigout_preparations,reviewed_seed,Imported from master codelists,Drug,standard,M04A_antigout_preparations
antigout_medicines,Antigout medicines,drug,44090548,TRUE,APIS MELLIFERA VEN PROTEIN 30 X / Bryonia preparation 30 X / Causticum preparation 30 X / Colchicine 30 X / Ledum palustre twig extract 30 X / POISON IVY EXTRACT 30 X / Pulsatilla koreana whole extract 30 X / ... Oral Solution [Art Hp] by Bio Active,RxNorm Extension,M04A_antigout_preparations,reviewed_seed,Imported from master codelists,Drug,standard,M04A_antigout_preparations
antigout_medicines,Antigout medicines,drug,44090690,TRUE,Allopurinol 200 MG Oral Tablet [Zyloprim] by Glaxosmithkline,RxNorm Extension,M04A_antigout_preparations,reviewed_seed,Imported from master codelists,Drug,standard,M04A_antigout_preparations
antigout_medicines,Antigout medicines,drug,44092517,TRUE,Sulfinpyrazone 200 MG [Novo-Pyrazone],RxNorm Extension,M04A_antigout_preparations,reviewed_seed,Imported from master codelists,Drug,standard,M04A_antigout_preparations
antigout_medicines,Antigout medicines,drug,44093882,TRUE,Bryonia preparation 30 X / Colchicine 30 X / kalmia latifolia leaf 30 X / Ledum palustre twig extract 30 X / Lycopodium Clavatum Preparation 30 X / POISON IVY EXTRACT 30 X / Rhododendron aureum leaf extract 30 X [Jnt-Nix Hp],RxNorm Extension,M04A_antigout_preparations,reviewed_seed,Imported from master codelists,Drug,standard,M04A_antigout_preparations
antigout_medicines,Antigout medicines,drug,44094197,TRUE,Allopurinol 100 MG [Purinol],RxNorm Extension,M04A_antigout_preparations,reviewed_seed,Imported from master codelists,Drug,standard,M04A_antigout_preparations
antigout_medicines,Antigout medicines,drug,44094411,TRUE,Rasburicase Injectable Suspension,RxNorm Extension,M04A_antigout_preparations,reviewed_seed,Imported from master codelists,Drug,standard,M04A_antigout_preparations
antigout_medicines,Antigout medicines,drug,44095026,TRUE,APIS MELLIFERA VEN PROTEIN / Cinchona officinalis bark extract / Colchicine / Ledum palustre twig extract / Lycopodium Clavatum Preparation / POISON IVY EXTRACT / Sambucus nigra whole extract / Strophanthus hispidus seed extract Oral Solution,RxNorm Extension,M04A_antigout_preparations,reviewed_seed,Imported from master codelists,Drug,standard,M04A_antigout_preparations
antigout_medicines,Antigout medicines,drug,44096512,TRUE,APIS MELLIFERA VEN PROTEIN / Cinchona officinalis bark extract / Colchicine / Ledum palustre twig extract / Lycopodium Clavatum Preparation / POISON IVY EXTRACT / Sambucus nigra whole extract / ... Oral Solution [Edemnix],RxNorm Extension,M04A_antigout_preparations,reviewed_seed,Imported from master codelists,Drug,standard,M04A_antigout_preparations
antigout_medicines,Antigout medicines,drug,44096515,TRUE,APIS MELLIFERA VEN PROTEIN / Barberry Extract / Colchicine / Convallaria majalis extract / Nitroglycerin / Potassium Iodide / Quinine / TOXICODENDRON Preparation Oral Solution [Aribosan],RxNorm Extension,M04A_antigout_preparations,reviewed_seed,Imported from master codelists,Drug,standard,M04A_antigout_preparations
antigout_medicines,Antigout medicines,drug,44096581,TRUE,Allopurinol Oral Tablet [Apo-Allopurinol],RxNorm Extension,M04A_antigout_preparations,reviewed_seed,Imported from master codelists,Drug,standard,M04A_antigout_preparations
antigout_medicines,Antigout medicines,drug,44097535,TRUE,Colchicine 6 X Oral Solution,RxNorm Extension,M04A_antigout_preparations,reviewed_seed,Imported from master codelists,Drug,standard,M04A_antigout_preparations
antigout_medicines,Antigout medicines,drug,44097807,TRUE,Bryonia preparation 30 X / Colchicine 30 X / kalmia latifolia leaf 30 X / Ledum palustre twig extract 30 X / Lycopodium Clavatum Preparation 30 X / POISON IVY EXTRACT 30 X / Rhododendron aureum leaf extract 30 X Oral Solution,RxNorm Extension,M04A_antigout_preparations,reviewed_seed,Imported from master codelists,Drug,standard,M04A_antigout_preparations
antigout_medicines,Antigout medicines,drug,44098044,TRUE,APIS MELLIFERA VEN PROTEIN 30 X / Bryonia preparation 30 X / Causticum preparation 30 X / Colchicine 30 X / Ledum palustre twig extract 30 X / POISON IVY EXTRACT 30 X / Pulsatilla koreana whole extract 30 X / ... Oral Solution,RxNorm Extension,M04A_antigout_preparations,reviewed_seed,Imported from master codelists,Drug,standard,M04A_antigout_preparations
antigout_medicines,Antigout medicines,drug,44098380,TRUE,Sulfinpyrazone 100 MG Oral Tablet [Novo-Pyrazone],RxNorm Extension,M04A_antigout_preparations,reviewed_seed,Imported from master codelists,Drug,standard,M04A_antigout_preparations
antigout_medicines,Antigout medicines,drug,44100291,TRUE,Allopurinol 300 MG Oral Tablet [Riva Purinol],RxNorm Extension,M04A_antigout_preparations,reviewed_seed,Imported from master codelists,Drug,standard,M04A_antigout_preparations
antigout_medicines,Antigout medicines,drug,44100292,TRUE,Allopurinol 100 MG Oral Tablet [Ntp-Allopurinol],RxNorm Extension,M04A_antigout_preparations,reviewed_seed,Imported from master codelists,Drug,standard,M04A_antigout_preparations
antigout_medicines,Antigout medicines,drug,44100802,TRUE,Sulfinpyrazone 200 MG Oral Tablet by Pro Doc Limitee,RxNorm Extension,M04A_antigout_preparations,reviewed_seed,Imported from master codelists,Drug,standard,M04A_antigout_preparations
antigout_medicines,Antigout medicines,drug,44100803,TRUE,Sulfinpyrazone 200 MG Oral Tablet by AA,RxNorm Extension,M04A_antigout_preparations,reviewed_seed,Imported from master codelists,Drug,standard,M04A_antigout_preparations
antigout_medicines,Antigout medicines,drug,44100804,TRUE,Sulfinpyrazone 100 MG Oral Tablet by Pro Doc Limitee,RxNorm Extension,M04A_antigout_preparations,reviewed_seed,Imported from master codelists,Drug,standard,M04A_antigout_preparations
antigout_medicines,Antigout medicines,drug,44103688,TRUE,Allopurinol 300 MG Oral Tablet [Mar-Allopurinol] by Marcan,RxNorm Extension,M04A_antigout_preparations,reviewed_seed,Imported from master codelists,Drug,standard,M04A_antigout_preparations
antigout_medicines,Antigout medicines,drug,44103689,TRUE,Allopurinol 300 MG Oral Tablet [Jamp-Allopurinol] by Jamp,RxNorm Extension,M04A_antigout_preparations,reviewed_seed,Imported from master codelists,Drug,standard,M04A_antigout_preparations
antigout_medicines,Antigout medicines,drug,44103690,TRUE,Allopurinol 300 MG Oral Tablet by Pro Doc Limitee,RxNorm Extension,M04A_antigout_preparations,reviewed_seed,Imported from master codelists,Drug,standard,M04A_antigout_preparations
antigout_medicines,Antigout medicines,drug,44103691,TRUE,Allopurinol 100 MG Oral Tablet [Riva Purinol] by Laboratoire Riva,RxNorm Extension,M04A_antigout_preparations,reviewed_seed,Imported from master codelists,Drug,standard,M04A_antigout_preparations
antigout_medicines,Antigout medicines,drug,44103692,TRUE,Allopurinol 100 MG Oral Tablet [Purinol] by Carter,RxNorm Extension,M04A_antigout_preparations,reviewed_seed,Imported from master codelists,Drug,standard,M04A_antigout_preparations
antigout_medicines,Antigout medicines,drug,44103693,TRUE,Allopurinol 200 MG Oral Tablet [Riva Purinol] by Laboratoire Riva,RxNorm Extension,M04A_antigout_preparations,reviewed_seed,Imported from master codelists,Drug,standard,M04A_antigout_preparations
antigout_medicines,Antigout medicines,drug,44103694,TRUE,Allopurinol 200 MG Oral Tablet [Purinol] by Carter,RxNorm Extension,M04A_antigout_preparations,reviewed_seed,Imported from master codelists,Drug,standard,M04A_antigout_preparations
antigout_medicines,Antigout medicines,drug,44103695,TRUE,Allopurinol 200 MG Oral Tablet [Novo-Purol] by Novopharm,RxNorm Extension,M04A_antigout_preparations,reviewed_seed,Imported from master codelists,Drug,standard,M04A_antigout_preparations
antigout_medicines,Antigout medicines,drug,44107071,TRUE,Allopurinol 300 MG [Mar-Allopurinol],RxNorm Extension,M04A_antigout_preparations,reviewed_seed,Imported from master codelists,Drug,standard,M04A_antigout_preparations
antigout_medicines,Antigout medicines,drug,44107072,TRUE,Allopurinol 300 MG [Jamp-Allopurinol],RxNorm Extension,M04A_antigout_preparations,reviewed_seed,Imported from master codelists,Drug,standard,M04A_antigout_preparations
antigout_medicines,Antigout medicines,drug,44107073,TRUE,Allopurinol 100 MG [Riva Purinol],RxNorm Extension,M04A_antigout_preparations,reviewed_seed,Imported from master codelists,Drug,standard,M04A_antigout_preparations
antigout_medicines,Antigout medicines,drug,44107075,TRUE,Allopurinol 200 MG [Jamp-Allopurinol],RxNorm Extension,M04A_antigout_preparations,reviewed_seed,Imported from master codelists,Drug,standard,M04A_antigout_preparations
antigout_medicines,Antigout medicines,drug,44107923,TRUE,APIS MELLIFERA VEN PROTEIN / Barberry Extract / Colchicine / Convallaria majalis extract / Nitroglycerin / Potassium Iodide / Quinine / TOXICODENDRON Preparation Oral Solution,RxNorm Extension,M04A_antigout_preparations,reviewed_seed,Imported from master codelists,Drug,standard,M04A_antigout_preparations
antigout_medicines,Antigout medicines,drug,44108961,TRUE,Colchicine Oral Tablet [Colchicinum],RxNorm Extension,M04A_antigout_preparations,reviewed_seed,Imported from master codelists,Drug,standard,M04A_antigout_preparations
antigout_medicines,Antigout medicines,drug,44109456,TRUE,Allopurinol Oral Tablet [Nu-Allopurinol],RxNorm Extension,M04A_antigout_preparations,reviewed_seed,Imported from master codelists,Drug,standard,M04A_antigout_preparations
antigout_medicines,Antigout medicines,drug,44109457,TRUE,Allopurinol Oral Tablet [Jamp-Allopurinol],RxNorm Extension,M04A_antigout_preparations,reviewed_seed,Imported from master codelists,Drug,standard,M04A_antigout_preparations
antigout_medicines,Antigout medicines,drug,44110391,TRUE,Colchicine 6 X Oral Tablet,RxNorm Extension,M04A_antigout_preparations,reviewed_seed,Imported from master codelists,Drug,standard,M04A_antigout_preparations
antigout_medicines,Antigout medicines,drug,44110865,TRUE,APIS MELLIFERA VEN PROTEIN 3 X / Barberry Extract 2 X / Colchicine 6 X / Convallaria majalis extract 3 X / Nitroglycerin 6 X / Potassium Iodide 1 X / Quinine 3 X / TOXICODENDRON Preparation 4 X Oral Solution,RxNorm Extension,M04A_antigout_preparations,reviewed_seed,Imported from master codelists,Drug,standard,M04A_antigout_preparations
antigout_medicines,Antigout medicines,drug,44110980,TRUE,Aconitine 30 X / Arnica montana Extract 30 X / Colchicine 30 X / Esculin 30 X / Hypericum Perforatum Flower extract 30 X / Lead 30 X / magnesium phosphate 30 X / POISON IVY EXTRACT 30 X Oral Solution,RxNorm Extension,M04A_antigout_preparations,reviewed_seed,Imported from master codelists,Drug,standard,M04A_antigout_preparations
antigout_medicines,Antigout medicines,drug,44113001,TRUE,APIS MELLIFERA VEN PROTEIN 30 X / Cinchona officinalis bark extract 30 X / Colchicine 30 X / Ledum palustre twig extract 30 X / Lycopodium Clavatum Preparation 30 X / POISON IVY EXTRACT 30 X / ... Oral Solution [Edemnix],RxNorm Extension,M04A_antigout_preparations,reviewed_seed,Imported from master codelists,Drug,standard,M04A_antigout_preparations
antigout_medicines,Antigout medicines,drug,44113129,TRUE,Allopurinol 300 MG Oral Tablet [Purinol],RxNorm Extension,M04A_antigout_preparations,reviewed_seed,Imported from master codelists,Drug,standard,M04A_antigout_preparations
antigout_medicines,Antigout medicines,drug,44113130,TRUE,Allopurinol 300 MG Oral Tablet [Novo-Purol],RxNorm Extension,M04A_antigout_preparations,reviewed_seed,Imported from master codelists,Drug,standard,M04A_antigout_preparations
antigout_medicines,Antigout medicines,drug,44113131,TRUE,Allopurinol 100 MG Oral Tablet [Novo-Purol],RxNorm Extension,M04A_antigout_preparations,reviewed_seed,Imported from master codelists,Drug,standard,M04A_antigout_preparations
antigout_medicines,Antigout medicines,drug,44113132,TRUE,Allopurinol 200 MG Oral Tablet [Purinol],RxNorm Extension,M04A_antigout_preparations,reviewed_seed,Imported from master codelists,Drug,standard,M04A_antigout_preparations
antigout_medicines,Antigout medicines,drug,44113636,TRUE,Sulfinpyrazone 200 MG Oral Tablet [Anturan] by Novartis,RxNorm Extension,M04A_antigout_preparations,reviewed_seed,Imported from master codelists,Drug,standard,M04A_antigout_preparations
antigout_medicines,Antigout medicines,drug,44113637,TRUE,Sulfinpyrazone 200 MG Oral Tablet [Antazone] by ICN,RxNorm Extension,M04A_antigout_preparations,reviewed_seed,Imported from master codelists,Drug,standard,M04A_antigout_preparations
antigout_medicines,Antigout medicines,drug,44113638,TRUE,Sulfinpyrazone 100 MG Oral Tablet [Anturan] by Novartis,RxNorm Extension,M04A_antigout_preparations,reviewed_seed,Imported from master codelists,Drug,standard,M04A_antigout_preparations
antigout_medicines,Antigout medicines,drug,44115533,TRUE,Colchicine 1 MG Oral Tablet by Odan,RxNorm Extension,M04A_antigout_preparations,reviewed_seed,Imported from master codelists,Drug,standard,M04A_antigout_preparations
antigout_medicines,Antigout medicines,drug,44116336,TRUE,APIS MELLIFERA VEN PROTEIN 30 X / Cinchona officinalis bark extract 30 X / Colchicine 30 X / Ledum palustre twig extract 30 X / Lycopodium Clavatum Preparation 30 X / POISON IVY EXTRACT 30 X / ... Oral Solution [Edma] by Bio Active,RxNorm Extension,M04A_antigout_preparations,reviewed_seed,Imported from master codelists,Drug,standard,M04A_antigout_preparations
antigout_medicines,Antigout medicines,drug,44116515,TRUE,Allopurinol 100 MG Oral Tablet [Mar-Allopurinol] by Marcan,RxNorm Extension,M04A_antigout_preparations,reviewed_seed,Imported from master codelists,Drug,standard,M04A_antigout_preparations
antigout_medicines,Antigout medicines,drug,44116516,TRUE,Allopurinol 200 MG Oral Tablet [Apo-Allopurinol] by Apotex,RxNorm Extension,M04A_antigout_preparations,reviewed_seed,Imported from master codelists,Drug,standard,M04A_antigout_preparations
antigout_medicines,Antigout medicines,drug,44116517,TRUE,Allopurinol 200 MG Oral Tablet by Pro Doc Limitee,RxNorm Extension,M04A_antigout_preparations,reviewed_seed,Imported from master codelists,Drug,standard,M04A_antigout_preparations
antigout_medicines,Antigout medicines,drug,44117825,TRUE,Colchicine 6 X,RxNorm Extension,M04A_antigout_preparations,reviewed_seed,Imported from master codelists,Drug,standard,M04A_antigout_preparations
antigout_medicines,Antigout medicines,drug,44118394,TRUE,Sulfinpyrazone 100 MG [Antazone],RxNorm Extension,M04A_antigout_preparations,reviewed_seed,Imported from master codelists,Drug,standard,M04A_antigout_preparations
antigout_medicines,Antigout medicines,drug,44120112,TRUE,Allopurinol 300 MG [Alloprin],RxNorm Extension,M04A_antigout_preparations,reviewed_seed,Imported from master codelists,Drug,standard,M04A_antigout_preparations
antigout_medicines,Antigout medicines,drug,44120113,TRUE,Allopurinol 200 MG [Purinol],RxNorm Extension,M04A_antigout_preparations,reviewed_seed,Imported from master codelists,Drug,standard,M04A_antigout_preparations
antigout_medicines,Antigout medicines,drug,44120114,TRUE,Allopurinol 200 MG [Apo-Allopurinol],RxNorm Extension,M04A_antigout_preparations,reviewed_seed,Imported from master codelists,Drug,standard,M04A_antigout_preparations
antigout_medicines,Antigout medicines,drug,44120333,TRUE,Probenecid Oral Capsule,RxNorm Extension,M04A_antigout_preparations,reviewed_seed,Imported from master codelists,Drug,standard,M04A_antigout_preparations
antigout_medicines,Antigout medicines,drug,44122608,TRUE,Aconitine / Arnica montana Extract / Colchicine / Esculin / Hypericum Perforatum Flower extract / Lead / magnesium phosphate / POISON IVY EXTRACT Oral Solution [Sciat Hp],RxNorm Extension,M04A_antigout_preparations,reviewed_seed,Imported from master codelists,Drug,standard,M04A_antigout_preparations
antigout_medicines,Antigout medicines,drug,44124073,TRUE,APIS MELLIFERA VEN PROTEIN 30 X / Cinchona officinalis bark extract 30 X / Colchicine 30 X / Ledum palustre twig extract 30 X / Lycopodium Clavatum Preparation 30 X / POISON IVY EXTRACT 30 X / Sambucus nigra whole extract 30 X / ... Oral Solution,RxNorm Extension,M04A_antigout_preparations,reviewed_seed,Imported from master codelists,Drug,standard,M04A_antigout_preparations
antigout_medicines,Antigout medicines,drug,44125636,TRUE,Colchicine 0.6 MG Oral Tablet [Pms-Colchicine],RxNorm Extension,M04A_antigout_preparations,reviewed_seed,Imported from master codelists,Drug,standard,M04A_antigout_preparations
antigout_medicines,Antigout medicines,drug,44125637,TRUE,Colchicine 1 MG Oral Tablet [Jamp-Colchicine],RxNorm Extension,M04A_antigout_preparations,reviewed_seed,Imported from master codelists,Drug,standard,M04A_antigout_preparations
antigout_medicines,Antigout medicines,drug,44126280,TRUE,Allopurinol 300 MG Oral Tablet [Ntp-Allopurinol],RxNorm Extension,M04A_antigout_preparations,reviewed_seed,Imported from master codelists,Drug,standard,M04A_antigout_preparations
antigout_medicines,Antigout medicines,drug,44126281,TRUE,Allopurinol 300 MG Oral Tablet [Mar-Allopurinol],RxNorm Extension,M04A_antigout_preparations,reviewed_seed,Imported from master codelists,Drug,standard,M04A_antigout_preparations
antigout_medicines,Antigout medicines,drug,44126282,TRUE,Allopurinol 300 MG Oral Tablet [Jamp-Allopurinol],RxNorm Extension,M04A_antigout_preparations,reviewed_seed,Imported from master codelists,Drug,standard,M04A_antigout_preparations
antigout_medicines,Antigout medicines,drug,44126283,TRUE,Allopurinol 100 MG Oral Tablet [Apo-Allopurinol],RxNorm Extension,M04A_antigout_preparations,reviewed_seed,Imported from master codelists,Drug,standard,M04A_antigout_preparations
antigout_medicines,Antigout medicines,drug,44126284,TRUE,Allopurinol 200 MG Oral Tablet [Ntp-Allopurinol],RxNorm Extension,M04A_antigout_preparations,reviewed_seed,Imported from master codelists,Drug,standard,M04A_antigout_preparations
antigout_medicines,Antigout medicines,drug,44126285,TRUE,Allopurinol 200 MG Oral Tablet [Apo-Allopurinol],RxNorm Extension,M04A_antigout_preparations,reviewed_seed,Imported from master codelists,Drug,standard,M04A_antigout_preparations
antigout_medicines,Antigout medicines,drug,44126286,TRUE,Allopurinol 200 MG Oral Tablet [Alloprin],RxNorm Extension,M04A_antigout_preparations,reviewed_seed,Imported from master codelists,Drug,standard,M04A_antigout_preparations
antigout_medicines,Antigout medicines,drug,44128688,TRUE,Colchicine 0.6 MG Oral Tablet [Jamp-Colchicine] by Jamp,RxNorm Extension,M04A_antigout_preparations,reviewed_seed,Imported from master codelists,Drug,standard,M04A_antigout_preparations
antigout_medicines,Antigout medicines,drug,44128689,TRUE,Colchicine 6 X Oral Tablet [Colchicinum] by Dolisos,RxNorm Extension,M04A_antigout_preparations,reviewed_seed,Imported from master codelists,Drug,standard,M04A_antigout_preparations
antigout_medicines,Antigout medicines,drug,44129535,TRUE,APIS MELLIFERA VEN PROTEIN 3 X / Barberry Extract 2 X / Colchicine 6 X / Convallaria majalis extract 3 X / Nitroglycerin 6 X / Potassium Iodide 1 X / Quinine 3 X / ... Oral Solution [Aribosan] by Professional Health Products,RxNorm Extension,M04A_antigout_preparations,reviewed_seed,Imported from master codelists,Drug,standard,M04A_antigout_preparations
antigout_medicines,Antigout medicines,drug,44129676,TRUE,Allopurinol 300 MG Oral Tablet [Apo-Allopurinol] by Apotex,RxNorm Extension,M04A_antigout_preparations,reviewed_seed,Imported from master codelists,Drug,standard,M04A_antigout_preparations
antigout_medicines,Antigout medicines,drug,44129677,TRUE,Allopurinol 200 MG Oral Tablet [Mar-Allopurinol] by Marcan,RxNorm Extension,M04A_antigout_preparations,reviewed_seed,Imported from master codelists,Drug,standard,M04A_antigout_preparations
antigout_medicines,Antigout medicines,drug,44129737,TRUE,Aconitine 30 X / Arnica montana Extract 30 X / Colchicine 30 X / Esculin 30 X / Hypericum Perforatum Flower extract 30 X / Lead 30 X / magnesium phosphate 30 X / POISON IVY EXTRACT 30 X Oral Solution [Sciat Hp] by Bio Active,RxNorm Extension,M04A_antigout_preparations,reviewed_seed,Imported from master codelists,Drug,standard,M04A_antigout_preparations
antigout_medicines,Antigout medicines,drug,44136686,TRUE,{(Ampicillin 500 MG Oral Tablet) / (Probenecid 500 MG Oral Capsule) } Pack [Pro Biosan Kit],RxNorm Extension,M04A_antigout_preparations,reviewed_seed,Imported from master codelists,Drug,standard,M04A_antigout_preparations
antigout_medicines,Antigout medicines,drug,44136763,TRUE,{(Ampicillin 500 MG Oral Tablet) / (Probenecid 500 MG Oral Capsule) } Pack [Pro Biosan Kit] by ICN,RxNorm Extension,M04A_antigout_preparations,reviewed_seed,Imported from master codelists,Drug,standard,M04A_antigout_preparations
antigout_medicines,Antigout medicines,drug,44160052,TRUE,febuxostat 120 MG Delayed Release Oral Tablet [Adenuric] Box of 84 by Kohlpharma,RxNorm Extension,M04A_antigout_preparations,reviewed_seed,Imported from master codelists,Drug,standard,M04A_antigout_preparations
antigout_medicines,Antigout medicines,drug,44160352,TRUE,Benzbromarone 100 MG Delayed Release Oral Tablet [Benzbromaron Al] Box of 50 by Aliud,RxNorm Extension,M04A_antigout_preparations,reviewed_seed,Imported from master codelists,Drug,standard,M04A_antigout_preparations
antigout_medicines,Antigout medicines,drug,44160466,TRUE,Allopurinol 300 MG Extended Release Oral Tablet [Allopurinol Heumann] Box of 30 by Heumann,RxNorm Extension,M04A_antigout_preparations,reviewed_seed,Imported from master codelists,Drug,standard,M04A_antigout_preparations
antigout_medicines,Antigout medicines,drug,44160467,TRUE,Allopurinol 300 MG Oral Tablet [Dura Al] Box of 30 by Mylan,RxNorm Extension,M04A_antigout_preparations,reviewed_seed,Imported from master codelists,Drug,standard,M04A_antigout_preparations
antigout_medicines,Antigout medicines,drug,44160468,TRUE,Allopurinol 100 MG Oral Tablet [Dura Al] Box of 100 by Mylan,RxNorm Extension,M04A_antigout_preparations,reviewed_seed,Imported from master codelists,Drug,standard,M04A_antigout_preparations
antigout_medicines,Antigout medicines,drug,44161034,TRUE,Rasburicase 7.5 MG Injectable Suspension,RxNorm Extension,M04A_antigout_preparations,reviewed_seed,Imported from master codelists,Drug,standard,M04A_antigout_preparations
antigout_medicines,Antigout medicines,drug,44161336,TRUE,Benzbromarone 0.0167 MG/MG Oral Solution Box of 90,RxNorm Extension,M04A_antigout_preparations,reviewed_seed,Imported from master codelists,Drug,standard,M04A_antigout_preparations
antigout_medicines,Antigout medicines,drug,44163831,TRUE,febuxostat 120 MG Delayed Release Oral Tablet [Adenuric] Box of 84 by Orifarm Leverkus,RxNorm Extension,M04A_antigout_preparations,reviewed_seed,Imported from master codelists,Drug,standard,M04A_antigout_preparations
antigout_medicines,Antigout medicines,drug,44163832,TRUE,febuxostat 120 MG Delayed Release Oral Tablet [Adenuric] Box of 84 by Berlin-Chemie,RxNorm Extension,M04A_antigout_preparations,reviewed_seed,Imported from master codelists,Drug,standard,M04A_antigout_preparations
antigout_medicines,Antigout medicines,drug,44164159,TRUE,Benzbromarone 100 MG Delayed Release Oral Tablet [Narcaricin] Box of 300 by Heumann,RxNorm Extension,M04A_antigout_preparations,reviewed_seed,Imported from master codelists,Drug,standard,M04A_antigout_preparations
antigout_medicines,Antigout medicines,drug,44165538,TRUE,Rasburicase 7.5 MG Injectable Suspension [Fasturtec] Box of 1,RxNorm Extension,M04A_antigout_preparations,reviewed_seed,Imported from master codelists,Drug,standard,M04A_antigout_preparations
antigout_medicines,Antigout medicines,drug,44166480,TRUE,Benzbromarone 100 MG Delayed Release Oral Tablet [Narcaricin] Box of 300,RxNorm Extension,M04A_antigout_preparations,reviewed_seed,Imported from master codelists,Drug,standard,M04A_antigout_preparations
antigout_medicines,Antigout medicines,drug,44166667,TRUE,Allopurinol 100 MG Oral Tablet [Dura Al] Box of 100,RxNorm Extension,M04A_antigout_preparations,reviewed_seed,Imported from master codelists,Drug,standard,M04A_antigout_preparations
antigout_medicines,Antigout medicines,drug,44168553,TRUE,Allopurinol Oral Tablet [Dura Al],RxNorm Extension,M04A_antigout_preparations,reviewed_seed,Imported from master codelists,Drug,standard,M04A_antigout_preparations
antigout_medicines,Antigout medicines,drug,44168985,TRUE,Benzbromarone 100 MG Delayed Release Oral Tablet Box of 300,RxNorm Extension,M04A_antigout_preparations,reviewed_seed,Imported from master codelists,Drug,standard,M04A_antigout_preparations
antigout_medicines,Antigout medicines,drug,44168986,TRUE,Benzbromarone 0.0167 MG/MG Oral Solution,RxNorm Extension,M04A_antigout_preparations,reviewed_seed,Imported from master codelists,Drug,standard,M04A_antigout_preparations
antigout_medicines,Antigout medicines,drug,44170225,TRUE,Benzbromarone 100 MG Delayed Release Oral Tablet [Narcaricin] Box of 30,RxNorm Extension,M04A_antigout_preparations,reviewed_seed,Imported from master codelists,Drug,standard,M04A_antigout_preparations
antigout_medicines,Antigout medicines,drug,44170226,TRUE,Benzbromarone 100 MG Delayed Release Oral Tablet [Benzbromaron Al] Box of 100,RxNorm Extension,M04A_antigout_preparations,reviewed_seed,Imported from master codelists,Drug,standard,M04A_antigout_preparations
antigout_medicines,Antigout medicines,drug,44170722,TRUE,Rasburicase 7.5 MG Injectable Suspension [Fasturtec] Box of 1 by Haematogmbh,RxNorm Extension,M04A_antigout_preparations,reviewed_seed,Imported from master codelists,Drug,standard,M04A_antigout_preparations
antigout_medicines,Antigout medicines,drug,44171808,TRUE,Allopurinol 100 MG Oral Tablet [Dura Al] Box of 50 by Mylan,RxNorm Extension,M04A_antigout_preparations,reviewed_seed,Imported from master codelists,Drug,standard,M04A_antigout_preparations
antigout_medicines,Antigout medicines,drug,44171987,TRUE,Allopurinol 300 MG [Dura Al],RxNorm Extension,M04A_antigout_preparations,reviewed_seed,Imported from master codelists,Drug,standard,M04A_antigout_preparations
antigout_medicines,Antigout medicines,drug,44172275,TRUE,Benzbromarone Oral Solution [Harolan],RxNorm Extension,M04A_antigout_preparations,reviewed_seed,Imported from master codelists,Drug,standard,M04A_antigout_preparations
antigout_medicines,Antigout medicines,drug,44172724,TRUE,Benzbromarone 100 MG Delayed Release Oral Tablet Box of 50,RxNorm Extension,M04A_antigout_preparations,reviewed_seed,Imported from master codelists,Drug,standard,M04A_antigout_preparations
antigout_medicines,Antigout medicines,drug,44172725,TRUE,Benzbromarone 0.0167 MG/MG Oral Solution Box of 30,RxNorm Extension,M04A_antigout_preparations,reviewed_seed,Imported from master codelists,Drug,standard,M04A_antigout_preparations
antigout_medicines,Antigout medicines,drug,44173958,TRUE,Benzbromarone 100 MG Delayed Release Oral Tablet [Narcaricin] Box of 1500,RxNorm Extension,M04A_antigout_preparations,reviewed_seed,Imported from master codelists,Drug,standard,M04A_antigout_preparations
antigout_medicines,Antigout medicines,drug,44173959,TRUE,Benzbromarone 100 MG Delayed Release Oral Tablet [Narcaricin],RxNorm Extension,M04A_antigout_preparations,reviewed_seed,Imported from master codelists,Drug,standard,M04A_antigout_preparations
antigout_medicines,Antigout medicines,drug,44173960,TRUE,Benzbromarone 100 MG Delayed Release Oral Tablet [Benzbromaron Al] Box of 50,RxNorm Extension,M04A_antigout_preparations,reviewed_seed,Imported from master codelists,Drug,standard,M04A_antigout_preparations
antigout_medicines,Antigout medicines,drug,44173961,TRUE,Benzbromarone 0.0167 MG/MG Oral Solution [Harolan],RxNorm Extension,M04A_antigout_preparations,reviewed_seed,Imported from master codelists,Drug,standard,M04A_antigout_preparations
antigout_medicines,Antigout medicines,drug,44174143,TRUE,Allopurinol 300 MG Extended Release Oral Tablet [Remid] Box of 30,RxNorm Extension,M04A_antigout_preparations,reviewed_seed,Imported from master codelists,Drug,standard,M04A_antigout_preparations
antigout_medicines,Antigout medicines,drug,44174144,TRUE,Allopurinol 300 MG Oral Tablet [Dura Al],RxNorm Extension,M04A_antigout_preparations,reviewed_seed,Imported from master codelists,Drug,standard,M04A_antigout_preparations
antigout_medicines,Antigout medicines,drug,44174145,TRUE,Allopurinol 100 MG Extended Release Oral Tablet [Apulonga],RxNorm Extension,M04A_antigout_preparations,reviewed_seed,Imported from master codelists,Drug,standard,M04A_antigout_preparations
antigout_medicines,Antigout medicines,drug,44175526,TRUE,Allopurinol 100 MG Extended Release Oral Tablet [Apulonga] Box of 100 by Dorsch,RxNorm Extension,M04A_antigout_preparations,reviewed_seed,Imported from master codelists,Drug,standard,M04A_antigout_preparations
antigout_medicines,Antigout medicines,drug,44175962,TRUE,Benzbromarone Delayed Release Oral Tablet [Narcaricin],RxNorm Extension,M04A_antigout_preparations,reviewed_seed,Imported from master codelists,Drug,standard,M04A_antigout_preparations
antigout_medicines,Antigout medicines,drug,44176436,TRUE,Benzbromarone 100 MG Delayed Release Oral Tablet Box of 1500,RxNorm Extension,M04A_antigout_preparations,reviewed_seed,Imported from master codelists,Drug,standard,M04A_antigout_preparations
antigout_medicines,Antigout medicines,drug,44177706,TRUE,Benzbromarone 100 MG Delayed Release Oral Tablet [Benzbromaron Al] Box of 30,RxNorm Extension,M04A_antigout_preparations,reviewed_seed,Imported from master codelists,Drug,standard,M04A_antigout_preparations
antigout_medicines,Antigout medicines,drug,44177895,TRUE,Allopurinol 300 MG Oral Tablet [Dura Al] Box of 30,RxNorm Extension,M04A_antigout_preparations,reviewed_seed,Imported from master codelists,Drug,standard,M04A_antigout_preparations
antigout_medicines,Antigout medicines,drug,44177896,TRUE,Allopurinol 100 MG Oral Tablet [Dura Al],RxNorm Extension,M04A_antigout_preparations,reviewed_seed,Imported from master codelists,Drug,standard,M04A_antigout_preparations
antigout_medicines,Antigout medicines,drug,44178874,TRUE,febuxostat 80 MG Delayed Release Oral Tablet [Adenuric] Box of 84 by Berlin-Chemie,RxNorm Extension,M04A_antigout_preparations,reviewed_seed,Imported from master codelists,Drug,standard,M04A_antigout_preparations
antigout_medicines,Antigout medicines,drug,44178875,TRUE,febuxostat 120 MG Oral Tablet [Adenuric] Box of 84 by Abacus Medicine,RxNorm Extension,M04A_antigout_preparations,reviewed_seed,Imported from master codelists,Drug,standard,M04A_antigout_preparations
antigout_medicines,Antigout medicines,drug,44179173,TRUE,Benzbromarone 100 MG Delayed Release Oral Tablet [Narcaricin] Box of 30 by Heumann,RxNorm Extension,M04A_antigout_preparations,reviewed_seed,Imported from master codelists,Drug,standard,M04A_antigout_preparations
antigout_medicines,Antigout medicines,drug,44179571,TRUE,Benzbromarone Oral Solution,RxNorm Extension,M04A_antigout_preparations,reviewed_seed,Imported from master codelists,Drug,standard,M04A_antigout_preparations
antigout_medicines,Antigout medicines,drug,44179781,TRUE,Allopurinol Extended Release Oral Tablet [Apulonga],RxNorm Extension,M04A_antigout_preparations,reviewed_seed,Imported from master codelists,Drug,standard,M04A_antigout_preparations
antigout_medicines,Antigout medicines,drug,44180518,TRUE,Rasburicase 7.5 MG Injectable Suspension [Fasturtec],RxNorm Extension,M04A_antigout_preparations,reviewed_seed,Imported from master codelists,Drug,standard,M04A_antigout_preparations
antigout_medicines,Antigout medicines,drug,44181436,TRUE,Benzbromarone 0.0167 MG/MG Oral Solution [Harolan] Box of 30,RxNorm Extension,M04A_antigout_preparations,reviewed_seed,Imported from master codelists,Drug,standard,M04A_antigout_preparations
antigout_medicines,Antigout medicines,drug,44181603,TRUE,Allopurinol 300 MG Extended Release Oral Tablet [Allopurinol Heumann] Box of 30,RxNorm Extension,M04A_antigout_preparations,reviewed_seed,Imported from master codelists,Drug,standard,M04A_antigout_preparations
antigout_medicines,Antigout medicines,drug,44181604,TRUE,Allopurinol 300 MG Oral Tablet [Dura Al] Box of 1000,RxNorm Extension,M04A_antigout_preparations,reviewed_seed,Imported from master codelists,Drug,standard,M04A_antigout_preparations
antigout_medicines,Antigout medicines,drug,44181605,TRUE,Allopurinol 100 MG Oral Tablet [Dura Al] Box of 500,RxNorm Extension,M04A_antigout_preparations,reviewed_seed,Imported from master codelists,Drug,standard,M04A_antigout_preparations
antigout_medicines,Antigout medicines,drug,44181606,TRUE,Allopurinol 100 MG Oral Tablet [Dura Al] Box of 50,RxNorm Extension,M04A_antigout_preparations,reviewed_seed,Imported from master codelists,Drug,standard,M04A_antigout_preparations
antigout_medicines,Antigout medicines,drug,44183229,TRUE,Allopurinol 100 MG [Dura Al],RxNorm Extension,M04A_antigout_preparations,reviewed_seed,Imported from master codelists,Drug,standard,M04A_antigout_preparations
antigout_medicines,Antigout medicines,drug,44183906,TRUE,Benzbromarone 100 MG Delayed Release Oral Tablet Box of 3000,RxNorm Extension,M04A_antigout_preparations,reviewed_seed,Imported from master codelists,Drug,standard,M04A_antigout_preparations
antigout_medicines,Antigout medicines,drug,44185159,TRUE,Benzbromarone 0.0167 MG/MG Oral Solution [Harolan] Box of 90,RxNorm Extension,M04A_antigout_preparations,reviewed_seed,Imported from master codelists,Drug,standard,M04A_antigout_preparations
antigout_medicines,Antigout medicines,drug,44185330,TRUE,Allopurinol 300 MG Oral Tablet [Dura Al] Box of 500,RxNorm Extension,M04A_antigout_preparations,reviewed_seed,Imported from master codelists,Drug,standard,M04A_antigout_preparations
antigout_medicines,Antigout medicines,drug,44185331,TRUE,Allopurinol 300 MG Oral Tablet [Dura Al] Box of 100,RxNorm Extension,M04A_antigout_preparations,reviewed_seed,Imported from master codelists,Drug,standard,M04A_antigout_preparations
antigout_medicines,Antigout medicines,drug,44185332,TRUE,Allopurinol 100 MG Extended Release Oral Tablet [Apulonga] Box of 100,RxNorm Extension,M04A_antigout_preparations,reviewed_seed,Imported from master codelists,Drug,standard,M04A_antigout_preparations
antigout_medicines,Antigout medicines,drug,44186781,TRUE,Allopurinol 300 MG Extended Release Oral Tablet [Allo Efeka] Box of 100 by Pfizer,RxNorm Extension,M04A_antigout_preparations,reviewed_seed,Imported from master codelists,Drug,standard,M04A_antigout_preparations
antigout_medicines,Antigout medicines,drug,44186782,TRUE,Allopurinol 300 MG Oral Tablet [Dura Al] Box of 100 by Mylan,RxNorm Extension,M04A_antigout_preparations,reviewed_seed,Imported from master codelists,Drug,standard,M04A_antigout_preparations
antigout_medicines,Antigout medicines,drug,44187334,TRUE,Rasburicase 7.5 MG Injectable Suspension Box of 1,RxNorm Extension,M04A_antigout_preparations,reviewed_seed,Imported from master codelists,Drug,standard,M04A_antigout_preparations
antigout_medicines,Antigout medicines,drug,44189020,TRUE,Benzbromarone 100 MG Delayed Release Oral Tablet [Narcaricin] Box of 3000,RxNorm Extension,M04A_antigout_preparations,reviewed_seed,Imported from master codelists,Drug,standard,M04A_antigout_preparations
antigout_medicines,Antigout medicines,drug,44203941,TRUE,2990 MG Benzbromarone 0.0167 MG/MG Oral Solution Box of 30,RxNorm Extension,M04A_antigout_preparations,reviewed_seed,Imported from master codelists,Drug,standard,M04A_antigout_preparations
antigout_medicines,Antigout medicines,drug,44204002,TRUE,2990 MG Benzbromarone 0.0167 MG/MG Oral Solution [Harolan],RxNorm Extension,M04A_antigout_preparations,reviewed_seed,Imported from master codelists,Drug,standard,M04A_antigout_preparations
antigout_medicines,Antigout medicines,drug,44204044,TRUE,2990 MG Benzbromarone 0.0167 MG/MG Oral Solution [Harolan] Box of 90,RxNorm Extension,M04A_antigout_preparations,reviewed_seed,Imported from master codelists,Drug,standard,M04A_antigout_preparations
antigout_medicines,Antigout medicines,drug,44204060,TRUE,2990 MG Benzbromarone 0.0167 MG/MG Oral Solution [Harolan] Box of 30 by Merz,RxNorm Extension,M04A_antigout_preparations,reviewed_seed,Imported from master codelists,Drug,standard,M04A_antigout_preparations
antigout_medicines,Antigout medicines,drug,44204085,TRUE,2990 MG Benzbromarone 0.0167 MG/MG Oral Solution Box of 90,RxNorm Extension,M04A_antigout_preparations,reviewed_seed,Imported from master codelists,Drug,standard,M04A_antigout_preparations
antigout_medicines,Antigout medicines,drug,44204092,TRUE,2990 MG Benzbromarone 0.0167 MG/MG Oral Solution [Harolan] Box of 30,RxNorm Extension,M04A_antigout_preparations,reviewed_seed,Imported from master codelists,Drug,standard,M04A_antigout_preparations
antigout_medicines,Antigout medicines,drug,44204173,TRUE,2990 MG Benzbromarone 0.0167 MG/MG Oral Solution,RxNorm Extension,M04A_antigout_preparations,reviewed_seed,Imported from master codelists,Drug,standard,M04A_antigout_preparations
antigout_medicines,Antigout medicines,drug,44204336,TRUE,3000 MG Benzbromarone 0.0167 MG/MG Oral Solution [Harolan] Box of 30,RxNorm Extension,M04A_antigout_preparations,reviewed_seed,Imported from master codelists,Drug,standard,M04A_antigout_preparations
antigout_medicines,Antigout medicines,drug,44204360,TRUE,3000 MG Benzbromarone 0.0167 MG/MG Oral Solution [Harolan] Box of 90,RxNorm Extension,M04A_antigout_preparations,reviewed_seed,Imported from master codelists,Drug,standard,M04A_antigout_preparations
antigout_medicines,Antigout medicines,drug,44204361,TRUE,3000 MG Benzbromarone 0.0167 MG/MG Oral Solution [Harolan],RxNorm Extension,M04A_antigout_preparations,reviewed_seed,Imported from master codelists,Drug,standard,M04A_antigout_preparations
antigout_medicines,Antigout medicines,drug,44204418,TRUE,3000 MG Benzbromarone 0.0167 MG/MG Oral Solution,RxNorm Extension,M04A_antigout_preparations,reviewed_seed,Imported from master codelists,Drug,standard,M04A_antigout_preparations
antigout_medicines,Antigout medicines,drug,44204430,TRUE,3000 MG Benzbromarone 0.0167 MG/MG Oral Solution [Harolan] Box of 30 by Merz,RxNorm Extension,M04A_antigout_preparations,reviewed_seed,Imported from master codelists,Drug,standard,M04A_antigout_preparations
antigout_medicines,Antigout medicines,drug,44204439,TRUE,3000 MG Benzbromarone 0.0167 MG/MG Oral Solution Box of 30,RxNorm Extension,M04A_antigout_preparations,reviewed_seed,Imported from master codelists,Drug,standard,M04A_antigout_preparations
antigout_medicines,Antigout medicines,drug,44204474,TRUE,3000 MG Benzbromarone 0.0167 MG/MG Oral Solution Box of 90,RxNorm Extension,M04A_antigout_preparations,reviewed_seed,Imported from master codelists,Drug,standard,M04A_antigout_preparations
antigout_medicines,Antigout medicines,drug,44204530,TRUE,3030 MG Benzbromarone 0.0167 MG/MG Oral Solution [Harolan] Box of 30 by Merz,RxNorm Extension,M04A_antigout_preparations,reviewed_seed,Imported from master codelists,Drug,standard,M04A_antigout_preparations
antigout_medicines,Antigout medicines,drug,44204539,TRUE,3030 MG Benzbromarone 0.0167 MG/MG Oral Solution Box of 30,RxNorm Extension,M04A_antigout_preparations,reviewed_seed,Imported from master codelists,Drug,standard,M04A_antigout_preparations
antigout_medicines,Antigout medicines,drug,44204559,TRUE,3030 MG Benzbromarone 0.0167 MG/MG Oral Solution Box of 90,RxNorm Extension,M04A_antigout_preparations,reviewed_seed,Imported from master codelists,Drug,standard,M04A_antigout_preparations
antigout_medicines,Antigout medicines,drug,44204568,TRUE,3030 MG Benzbromarone 0.0167 MG/MG Oral Solution [Harolan] Box of 90,RxNorm Extension,M04A_antigout_preparations,reviewed_seed,Imported from master codelists,Drug,standard,M04A_antigout_preparations
antigout_medicines,Antigout medicines,drug,44204641,TRUE,3030 MG Benzbromarone 0.0167 MG/MG Oral Solution [Harolan] Box of 30,RxNorm Extension,M04A_antigout_preparations,reviewed_seed,Imported from master codelists,Drug,standard,M04A_antigout_preparations
antigout_medicines,Antigout medicines,drug,44204642,TRUE,3030 MG Benzbromarone 0.0167 MG/MG Oral Solution [Harolan],RxNorm Extension,M04A_antigout_preparations,reviewed_seed,Imported from master codelists,Drug,standard,M04A_antigout_preparations
antigout_medicines,Antigout medicines,drug,44204663,TRUE,3030 MG Benzbromarone 0.0167 MG/MG Oral Solution,RxNorm Extension,M04A_antigout_preparations,reviewed_seed,Imported from master codelists,Drug,standard,M04A_antigout_preparations
antigout_medicines,Antigout medicines,drug,45776976,TRUE,colchicine Oral Capsule,RxNorm,M04A_antigout_preparations,reviewed_seed,Imported from master codelists,Drug,standard,M04A_antigout_preparations
antigout_medicines,Antigout medicines,drug,45776977,TRUE,colchicine 0.6 MG Oral Capsule,RxNorm,M04A_antigout_preparations,reviewed_seed,Imported from master codelists,Drug,standard,M04A_antigout_preparations
antigout_medicines,Antigout medicines,drug,45776979,TRUE,colchicine 0.6 MG [Mitigare],RxNorm,M04A_antigout_preparations,reviewed_seed,Imported from master codelists,Drug,standard,M04A_antigout_preparations
antigout_medicines,Antigout medicines,drug,45776980,TRUE,colchicine Oral Capsule [Mitigare],RxNorm,M04A_antigout_preparations,reviewed_seed,Imported from master codelists,Drug,standard,M04A_antigout_preparations
antigout_medicines,Antigout medicines,drug,45776981,TRUE,colchicine 0.6 MG Oral Capsule [Mitigare],RxNorm,M04A_antigout_preparations,reviewed_seed,Imported from master codelists,Drug,standard,M04A_antigout_preparations
