cohort_name,cohort_label,cohort_domain,concept_id,include_descendants,concept_name,vocabulary_id,concept_code,review_status,phenotype_note,domain_id,standard_concept,drug
glp1_receptor_agonists,GLP-1 receptor agonists,drug,741831,TRUE,semaglutide 0.68 MG/ML,RxNorm,A10BJ_glucagon_like_peptide_1_glp_1_analogues,reviewed_seed,Imported from master codelists,Drug,standard,A10BJ_glucagon_like_peptide_1_glp_1_analogues
glp1_receptor_agonists,GLP-1 receptor agonists,drug,741832,TRUE,"0.25 MG, 0.5 MG Dose 3 ML semaglutide 0.68 MG/ML Pen Injector",RxNorm,A10BJ_glucagon_like_peptide_1_glp_1_analogues,reviewed_seed,Imported from master codelists,Drug,standard,A10BJ_glucagon_like_peptide_1_glp_1_analogues
glp1_receptor_agonists,GLP-1 receptor agonists,drug,741833,TRUE,semaglutide 0.68 MG/ML [Ozempic],RxNorm,A10BJ_glucagon_like_peptide_1_glp_1_analogues,reviewed_seed,Imported from master codelists,Drug,standard,A10BJ_glucagon_like_peptide_1_glp_1_analogues
glp1_receptor_agonists,GLP-1 receptor agonists,drug,741834,TRUE,"0.25 MG, 0.5 MG Dose 3 ML semaglutide 0.68 MG/ML Pen Injector [Ozempic]",RxNorm,A10BJ_glucagon_like_peptide_1_glp_1_analogues,reviewed_seed,Imported from master codelists,Drug,standard,A10BJ_glucagon_like_peptide_1_glp_1_analogues
glp1_receptor_agonists,GLP-1 receptor agonists,drug,779478,TRUE,semaglutide 2.68 MG/ML,RxNorm,A10BJ_glucagon_like_peptide_1_glp_1_analogues,reviewed_seed,Imported from master codelists,Drug,standard,A10BJ_glucagon_like_peptide_1_glp_1_analogues
glp1_receptor_agonists,GLP-1 receptor agonists,drug,779479,TRUE,semaglutide 2.68 MG/ML Pen Injector,RxNorm,A10BJ_glucagon_like_peptide_1_glp_1_analogues,reviewed_seed,Imported from master codelists,Drug,standard,A10BJ_glucagon_like_peptide_1_glp_1_analogues
glp1_receptor_agonists,GLP-1 receptor agonists,drug,779480,TRUE,semaglutide 2.68 MG/ML [Ozempic],RxNorm,A10BJ_glucagon_like_peptide_1_glp_1_analogues,reviewed_seed,Imported from master codelists,Drug,standard,A10BJ_glucagon_like_peptide_1_glp_1_analogues
glp1_receptor_agonists,GLP-1 receptor agonists,drug,779481,TRUE,semaglutide 2.68 MG/ML Pen Injector [Ozempic],RxNorm,A10BJ_glucagon_like_peptide_1_glp_1_analogues,reviewed_seed,Imported from master codelists,Drug,standard,A10BJ_glucagon_like_peptide_1_glp_1_analogues
glp1_receptor_agonists,GLP-1 receptor agonists,drug,780248,TRUE,3 ML semaglutide 2.68 MG/ML Pen Injector,RxNorm,A10BJ_glucagon_like_peptide_1_glp_1_analogues,reviewed_seed,Imported from master codelists,Drug,standard,A10BJ_glucagon_like_peptide_1_glp_1_analogues
glp1_receptor_agonists,GLP-1 receptor agonists,drug,780249,TRUE,3 ML semaglutide 2.68 MG/ML Pen Injector [Ozempic],RxNorm,A10BJ_glucagon_like_peptide_1_glp_1_analogues,reviewed_seed,Imported from master codelists,Drug,standard,A10BJ_glucagon_like_peptide_1_glp_1_analogues
glp1_receptor_agonists,GLP-1 receptor agonists,drug,793109,TRUE,exenatide 2.35 MG/ML,RxNorm,A10BJ_glucagon_like_peptide_1_glp_1_analogues,reviewed_seed,Imported from master codelists,Drug,standard,A10BJ_glucagon_like_peptide_1_glp_1_analogues
glp1_receptor_agonists,GLP-1 receptor agonists,drug,793110,TRUE,exenatide Auto-Injector,RxNorm,A10BJ_glucagon_like_peptide_1_glp_1_analogues,reviewed_seed,Imported from master codelists,Drug,standard,A10BJ_glucagon_like_peptide_1_glp_1_analogues
glp1_receptor_agonists,GLP-1 receptor agonists,drug,793111,TRUE,0.85 ML exenatide 2.35 MG/ML Auto-Injector,RxNorm,A10BJ_glucagon_like_peptide_1_glp_1_analogues,reviewed_seed,Imported from master codelists,Drug,standard,A10BJ_glucagon_like_peptide_1_glp_1_analogues
glp1_receptor_agonists,GLP-1 receptor agonists,drug,793112,TRUE,exenatide 2.35 MG/ML [Bydureon],RxNorm,A10BJ_glucagon_like_peptide_1_glp_1_analogues,reviewed_seed,Imported from master codelists,Drug,standard,A10BJ_glucagon_like_peptide_1_glp_1_analogues
glp1_receptor_agonists,GLP-1 receptor agonists,drug,793113,TRUE,exenatide Auto-Injector [Bydureon],RxNorm,A10BJ_glucagon_like_peptide_1_glp_1_analogues,reviewed_seed,Imported from master codelists,Drug,standard,A10BJ_glucagon_like_peptide_1_glp_1_analogues
glp1_receptor_agonists,GLP-1 receptor agonists,drug,793114,TRUE,0.85 ML exenatide 2.35 MG/ML Auto-Injector [Bydureon],RxNorm,A10BJ_glucagon_like_peptide_1_glp_1_analogues,reviewed_seed,Imported from master codelists,Drug,standard,A10BJ_glucagon_like_peptide_1_glp_1_analogues
glp1_receptor_agonists,GLP-1 receptor agonists,drug,793115,TRUE,exenatide 2.35 MG/ML Auto-Injector,RxNorm,A10BJ_glucagon_like_peptide_1_glp_1_analogues,reviewed_seed,Imported from master codelists,Drug,standard,A10BJ_glucagon_like_peptide_1_glp_1_analogues
glp1_receptor_agonists,GLP-1 receptor agonists,drug,793116,TRUE,exenatide 2.35 MG/ML Auto-Injector [Bydureon],RxNorm,A10BJ_glucagon_like_peptide_1_glp_1_analogues,reviewed_seed,Imported from master codelists,Drug,standard,A10BJ_glucagon_like_peptide_1_glp_1_analogues
glp1_receptor_agonists,GLP-1 receptor agonists,drug,793143,TRUE,semaglutide,RxNorm,A10BJ_glucagon_like_peptide_1_glp_1_analogues,reviewed_seed,Imported from master codelists,Drug,standard,A10BJ_glucagon_like_peptide_1_glp_1_analogues
glp1_receptor_agonists,GLP-1 receptor agonists,drug,793144,TRUE,semaglutide 1.34 MG/ML,RxNorm,A10BJ_glucagon_like_peptide_1_glp_1_analogues,reviewed_seed,Imported from master codelists,Drug,standard,A10BJ_glucagon_like_peptide_1_glp_1_analogues
glp1_receptor_agonists,GLP-1 receptor agonists,drug,793146,TRUE,semaglutide Pen Injector,RxNorm,A10BJ_glucagon_like_peptide_1_glp_1_analogues,reviewed_seed,Imported from master codelists,Drug,standard,A10BJ_glucagon_like_peptide_1_glp_1_analogues
glp1_receptor_agonists,GLP-1 receptor agonists,drug,793147,TRUE,"0.25 MG, 0.5 MG Dose 1.5 ML semaglutide 1.34 MG/ML Pen Injector",RxNorm,A10BJ_glucagon_like_peptide_1_glp_1_analogues,reviewed_seed,Imported from master codelists,Drug,standard,A10BJ_glucagon_like_peptide_1_glp_1_analogues
glp1_receptor_agonists,GLP-1 receptor agonists,drug,793149,TRUE,semaglutide 1.34 MG/ML [Ozempic],RxNorm,A10BJ_glucagon_like_peptide_1_glp_1_analogues,reviewed_seed,Imported from master codelists,Drug,standard,A10BJ_glucagon_like_peptide_1_glp_1_analogues
glp1_receptor_agonists,GLP-1 receptor agonists,drug,793150,TRUE,semaglutide Pen Injector [Ozempic],RxNorm,A10BJ_glucagon_like_peptide_1_glp_1_analogues,reviewed_seed,Imported from master codelists,Drug,standard,A10BJ_glucagon_like_peptide_1_glp_1_analogues
glp1_receptor_agonists,GLP-1 receptor agonists,drug,793152,TRUE,"0.25 MG, 0.5 MG Dose 1.5 ML semaglutide 1.34 MG/ML Pen Injector [Ozempic]",RxNorm,A10BJ_glucagon_like_peptide_1_glp_1_analogues,reviewed_seed,Imported from master codelists,Drug,standard,A10BJ_glucagon_like_peptide_1_glp_1_analogues
glp1_receptor_agonists,GLP-1 receptor agonists,drug,793153,TRUE,1 MG Dose 1.5 ML semaglutide 1.34 MG/ML Pen Injector,RxNorm,A10BJ_glucagon_like_peptide_1_glp_1_analogues,reviewed_seed,Imported from master codelists,Drug,standard,A10BJ_glucagon_like_peptide_1_glp_1_analogues
glp1_receptor_agonists,GLP-1 receptor agonists,drug,793154,TRUE,1 MG Dose 1.5 ML semaglutide 1.34 MG/ML Pen Injector [Ozempic],RxNorm,A10BJ_glucagon_like_peptide_1_glp_1_analogues,reviewed_seed,Imported from master codelists,Drug,standard,A10BJ_glucagon_like_peptide_1_glp_1_analogues
glp1_receptor_agonists,GLP-1 receptor agonists,drug,947847,TRUE,beinaglutide; systemic,ATC,A10BJ_glucagon_like_peptide_1_glp_1_analogues,reviewed_seed,Imported from master codelists,Drug,classification,A10BJ_glucagon_like_peptide_1_glp_1_analogues
glp1_receptor_agonists,GLP-1 receptor agonists,drug,994760,TRUE,semaglutide Injectable Solution,RxNorm Extension,A10BJ_glucagon_like_peptide_1_glp_1_analogues,reviewed_seed,Imported from master codelists,Drug,standard,A10BJ_glucagon_like_peptide_1_glp_1_analogues
glp1_receptor_agonists,GLP-1 receptor agonists,drug,994761,TRUE,semaglutide Injectable Solution [Ozempic],RxNorm Extension,A10BJ_glucagon_like_peptide_1_glp_1_analogues,reviewed_seed,Imported from master codelists,Drug,standard,A10BJ_glucagon_like_peptide_1_glp_1_analogues
glp1_receptor_agonists,GLP-1 receptor agonists,drug,994762,TRUE,semaglutide 0.333 MG/ML,RxNorm Extension,A10BJ_glucagon_like_peptide_1_glp_1_analogues,reviewed_seed,Imported from master codelists,Drug,standard,A10BJ_glucagon_like_peptide_1_glp_1_analogues
glp1_receptor_agonists,GLP-1 receptor agonists,drug,994763,TRUE,semaglutide 0.333 MG/ML [Ozempic],RxNorm Extension,A10BJ_glucagon_like_peptide_1_glp_1_analogues,reviewed_seed,Imported from master codelists,Drug,standard,A10BJ_glucagon_like_peptide_1_glp_1_analogues
glp1_receptor_agonists,GLP-1 receptor agonists,drug,994764,TRUE,semaglutide 0.333 MG/ML Injectable Solution,RxNorm Extension,A10BJ_glucagon_like_peptide_1_glp_1_analogues,reviewed_seed,Imported from master codelists,Drug,standard,A10BJ_glucagon_like_peptide_1_glp_1_analogues
glp1_receptor_agonists,GLP-1 receptor agonists,drug,994765,TRUE,semaglutide 0.333 MG/ML Injectable Solution [Ozempic],RxNorm Extension,A10BJ_glucagon_like_peptide_1_glp_1_analogues,reviewed_seed,Imported from master codelists,Drug,standard,A10BJ_glucagon_like_peptide_1_glp_1_analogues
glp1_receptor_agonists,GLP-1 receptor agonists,drug,994917,TRUE,exenatide 2 MG Pen Injector,RxNorm Extension,A10BJ_glucagon_like_peptide_1_glp_1_analogues,reviewed_seed,Imported from master codelists,Drug,standard,A10BJ_glucagon_like_peptide_1_glp_1_analogues
glp1_receptor_agonists,GLP-1 receptor agonists,drug,994918,TRUE,exenatide 2 MG Pen Injector [Bydureon],RxNorm Extension,A10BJ_glucagon_like_peptide_1_glp_1_analogues,reviewed_seed,Imported from master codelists,Drug,standard,A10BJ_glucagon_like_peptide_1_glp_1_analogues
glp1_receptor_agonists,GLP-1 receptor agonists,drug,994919,TRUE,exenatide 2 MG Pen Injector [Bydureon] by Kohlpharma,RxNorm Extension,A10BJ_glucagon_like_peptide_1_glp_1_analogues,reviewed_seed,Imported from master codelists,Drug,standard,A10BJ_glucagon_like_peptide_1_glp_1_analogues
glp1_receptor_agonists,GLP-1 receptor agonists,drug,995313,TRUE,1.5 ML semaglutide 0.333 MG/ML Injectable Solution,RxNorm Extension,A10BJ_glucagon_like_peptide_1_glp_1_analogues,reviewed_seed,Imported from master codelists,Drug,standard,A10BJ_glucagon_like_peptide_1_glp_1_analogues
glp1_receptor_agonists,GLP-1 receptor agonists,drug,995314,TRUE,1.5 ML semaglutide 0.333 MG/ML Injectable Solution [Ozempic],RxNorm Extension,A10BJ_glucagon_like_peptide_1_glp_1_analogues,reviewed_seed,Imported from master codelists,Drug,standard,A10BJ_glucagon_like_peptide_1_glp_1_analogues
glp1_receptor_agonists,GLP-1 receptor agonists,drug,995315,TRUE,1.5 ML semaglutide 0.333 MG/ML Injectable Solution [Ozempic] by Novo Nordisk,RxNorm Extension,A10BJ_glucagon_like_peptide_1_glp_1_analogues,reviewed_seed,Imported from master codelists,Drug,standard,A10BJ_glucagon_like_peptide_1_glp_1_analogues
glp1_receptor_agonists,GLP-1 receptor agonists,drug,1123609,TRUE,lixisenatide; parenteral,ATC,A10BJ_glucagon_like_peptide_1_glp_1_analogues,reviewed_seed,Imported from master codelists,Drug,classification,A10BJ_glucagon_like_peptide_1_glp_1_analogues
glp1_receptor_agonists,GLP-1 receptor agonists,drug,1123611,TRUE,dulaglutide; parenteral,ATC,A10BJ_glucagon_like_peptide_1_glp_1_analogues,reviewed_seed,Imported from master codelists,Drug,classification,A10BJ_glucagon_like_peptide_1_glp_1_analogues
glp1_receptor_agonists,GLP-1 receptor agonists,drug,1123618,TRUE,Glucagon-like peptide-1 (GLP-1) analogues,ATC,A10BJ_glucagon_like_peptide_1_glp_1_analogues,reviewed_seed,Imported from master codelists,Drug,classification,A10BJ_glucagon_like_peptide_1_glp_1_analogues
glp1_receptor_agonists,GLP-1 receptor agonists,drug,1123630,TRUE,liraglutide; parenteral,ATC,A10BJ_glucagon_like_peptide_1_glp_1_analogues,reviewed_seed,Imported from master codelists,Drug,classification,A10BJ_glucagon_like_peptide_1_glp_1_analogues
glp1_receptor_agonists,GLP-1 receptor agonists,drug,1123633,TRUE,exenatide; parenteral,ATC,A10BJ_glucagon_like_peptide_1_glp_1_analogues,reviewed_seed,Imported from master codelists,Drug,classification,A10BJ_glucagon_like_peptide_1_glp_1_analogues
glp1_receptor_agonists,GLP-1 receptor agonists,drug,1123739,TRUE,albiglutide; parenteral,ATC,A10BJ_glucagon_like_peptide_1_glp_1_analogues,reviewed_seed,Imported from master codelists,Drug,classification,A10BJ_glucagon_like_peptide_1_glp_1_analogues
glp1_receptor_agonists,GLP-1 receptor agonists,drug,1465678,TRUE,semaglutide 1.5 MG,RxNorm,A10BJ_glucagon_like_peptide_1_glp_1_analogues,reviewed_seed,Imported from master codelists,Drug,standard,A10BJ_glucagon_like_peptide_1_glp_1_analogues
glp1_receptor_agonists,GLP-1 receptor agonists,drug,1465679,TRUE,semaglutide 1.5 MG Oral Tablet,RxNorm,A10BJ_glucagon_like_peptide_1_glp_1_analogues,reviewed_seed,Imported from master codelists,Drug,standard,A10BJ_glucagon_like_peptide_1_glp_1_analogues
glp1_receptor_agonists,GLP-1 receptor agonists,drug,1465680,TRUE,semaglutide 1.5 MG [Rybelsus],RxNorm,A10BJ_glucagon_like_peptide_1_glp_1_analogues,reviewed_seed,Imported from master codelists,Drug,standard,A10BJ_glucagon_like_peptide_1_glp_1_analogues
glp1_receptor_agonists,GLP-1 receptor agonists,drug,1465681,TRUE,semaglutide 1.5 MG Oral Tablet [Rybelsus],RxNorm,A10BJ_glucagon_like_peptide_1_glp_1_analogues,reviewed_seed,Imported from master codelists,Drug,standard,A10BJ_glucagon_like_peptide_1_glp_1_analogues
glp1_receptor_agonists,GLP-1 receptor agonists,drug,1465682,TRUE,semaglutide 4 MG,RxNorm,A10BJ_glucagon_like_peptide_1_glp_1_analogues,reviewed_seed,Imported from master codelists,Drug,standard,A10BJ_glucagon_like_peptide_1_glp_1_analogues
glp1_receptor_agonists,GLP-1 receptor agonists,drug,1465683,TRUE,semaglutide 4 MG Oral Tablet,RxNorm,A10BJ_glucagon_like_peptide_1_glp_1_analogues,reviewed_seed,Imported from master codelists,Drug,standard,A10BJ_glucagon_like_peptide_1_glp_1_analogues
glp1_receptor_agonists,GLP-1 receptor agonists,drug,1465684,TRUE,semaglutide 4 MG [Rybelsus],RxNorm,A10BJ_glucagon_like_peptide_1_glp_1_analogues,reviewed_seed,Imported from master codelists,Drug,standard,A10BJ_glucagon_like_peptide_1_glp_1_analogues
glp1_receptor_agonists,GLP-1 receptor agonists,drug,1465685,TRUE,semaglutide 4 MG Oral Tablet [Rybelsus],RxNorm,A10BJ_glucagon_like_peptide_1_glp_1_analogues,reviewed_seed,Imported from master codelists,Drug,standard,A10BJ_glucagon_like_peptide_1_glp_1_analogues
glp1_receptor_agonists,GLP-1 receptor agonists,drug,1465686,TRUE,semaglutide 9 MG,RxNorm,A10BJ_glucagon_like_peptide_1_glp_1_analogues,reviewed_seed,Imported from master codelists,Drug,standard,A10BJ_glucagon_like_peptide_1_glp_1_analogues
glp1_receptor_agonists,GLP-1 receptor agonists,drug,1465687,TRUE,semaglutide 9 MG Oral Tablet,RxNorm,A10BJ_glucagon_like_peptide_1_glp_1_analogues,reviewed_seed,Imported from master codelists,Drug,standard,A10BJ_glucagon_like_peptide_1_glp_1_analogues
glp1_receptor_agonists,GLP-1 receptor agonists,drug,1465688,TRUE,semaglutide 9 MG [Rybelsus],RxNorm,A10BJ_glucagon_like_peptide_1_glp_1_analogues,reviewed_seed,Imported from master codelists,Drug,standard,A10BJ_glucagon_like_peptide_1_glp_1_analogues
glp1_receptor_agonists,GLP-1 receptor agonists,drug,1465689,TRUE,semaglutide 9 MG Oral Tablet [Rybelsus],RxNorm,A10BJ_glucagon_like_peptide_1_glp_1_analogues,reviewed_seed,Imported from master codelists,Drug,standard,A10BJ_glucagon_like_peptide_1_glp_1_analogues
glp1_receptor_agonists,GLP-1 receptor agonists,drug,1501778,TRUE,semaglutide; systemic,ATC,A10BJ_glucagon_like_peptide_1_glp_1_analogues,reviewed_seed,Imported from master codelists,Drug,classification,A10BJ_glucagon_like_peptide_1_glp_1_analogues
glp1_receptor_agonists,GLP-1 receptor agonists,drug,1537020,TRUE,semaglutide 0.5 MG/ML,RxNorm,A10BJ_glucagon_like_peptide_1_glp_1_analogues,reviewed_seed,Imported from master codelists,Drug,standard,A10BJ_glucagon_like_peptide_1_glp_1_analogues
glp1_receptor_agonists,GLP-1 receptor agonists,drug,1537021,TRUE,semaglutide Auto-Injector,RxNorm,A10BJ_glucagon_like_peptide_1_glp_1_analogues,reviewed_seed,Imported from master codelists,Drug,standard,A10BJ_glucagon_like_peptide_1_glp_1_analogues
glp1_receptor_agonists,GLP-1 receptor agonists,drug,1537023,TRUE,semaglutide 0.5 MG/ML [Wegovy],RxNorm,A10BJ_glucagon_like_peptide_1_glp_1_analogues,reviewed_seed,Imported from master codelists,Drug,standard,A10BJ_glucagon_like_peptide_1_glp_1_analogues
glp1_receptor_agonists,GLP-1 receptor agonists,drug,1537024,TRUE,semaglutide Auto-Injector [Wegovy],RxNorm,A10BJ_glucagon_like_peptide_1_glp_1_analogues,reviewed_seed,Imported from master codelists,Drug,standard,A10BJ_glucagon_like_peptide_1_glp_1_analogues
glp1_receptor_agonists,GLP-1 receptor agonists,drug,1537026,TRUE,semaglutide 0.5 MG/ML Auto-Injector,RxNorm,A10BJ_glucagon_like_peptide_1_glp_1_analogues,reviewed_seed,Imported from master codelists,Drug,standard,A10BJ_glucagon_like_peptide_1_glp_1_analogues
glp1_receptor_agonists,GLP-1 receptor agonists,drug,1537027,TRUE,semaglutide 0.5 MG/ML Auto-Injector [Wegovy],RxNorm,A10BJ_glucagon_like_peptide_1_glp_1_analogues,reviewed_seed,Imported from master codelists,Drug,standard,A10BJ_glucagon_like_peptide_1_glp_1_analogues
glp1_receptor_agonists,GLP-1 receptor agonists,drug,1537028,TRUE,semaglutide 1 MG/ML,RxNorm,A10BJ_glucagon_like_peptide_1_glp_1_analogues,reviewed_seed,Imported from master codelists,Drug,standard,A10BJ_glucagon_like_peptide_1_glp_1_analogues
glp1_receptor_agonists,GLP-1 receptor agonists,drug,1537029,TRUE,semaglutide 1 MG/ML [Wegovy],RxNorm,A10BJ_glucagon_like_peptide_1_glp_1_analogues,reviewed_seed,Imported from master codelists,Drug,standard,A10BJ_glucagon_like_peptide_1_glp_1_analogues
glp1_receptor_agonists,GLP-1 receptor agonists,drug,1537030,TRUE,semaglutide 1 MG/ML Auto-Injector,RxNorm,A10BJ_glucagon_like_peptide_1_glp_1_analogues,reviewed_seed,Imported from master codelists,Drug,standard,A10BJ_glucagon_like_peptide_1_glp_1_analogues
glp1_receptor_agonists,GLP-1 receptor agonists,drug,1537031,TRUE,semaglutide 1 MG/ML Auto-Injector [Wegovy],RxNorm,A10BJ_glucagon_like_peptide_1_glp_1_analogues,reviewed_seed,Imported from master codelists,Drug,standard,A10BJ_glucagon_like_peptide_1_glp_1_analogues
glp1_receptor_agonists,GLP-1 receptor agonists,drug,1537032,TRUE,semaglutide 2 MG/ML,RxNorm,A10BJ_glucagon_like_peptide_1_glp_1_analogues,reviewed_seed,Imported from master codelists,Drug,standard,A10BJ_glucagon_like_peptide_1_glp_1_analogues
glp1_receptor_agonists,GLP-1 receptor agonists,drug,1537033,TRUE,semaglutide 2 MG/ML Auto-Injector,RxNorm,A10BJ_glucagon_like_peptide_1_glp_1_analogues,reviewed_seed,Imported from master codelists,Drug,standard,A10BJ_glucagon_like_peptide_1_glp_1_analogues
glp1_receptor_agonists,GLP-1 receptor agonists,drug,1537034,TRUE,semaglutide 2 MG/ML [Wegovy],RxNorm,A10BJ_glucagon_like_peptide_1_glp_1_analogues,reviewed_seed,Imported from master codelists,Drug,standard,A10BJ_glucagon_like_peptide_1_glp_1_analogues
glp1_receptor_agonists,GLP-1 receptor agonists,drug,1537035,TRUE,semaglutide 2 MG/ML Auto-Injector [Wegovy],RxNorm,A10BJ_glucagon_like_peptide_1_glp_1_analogues,reviewed_seed,Imported from master codelists,Drug,standard,A10BJ_glucagon_like_peptide_1_glp_1_analogues
glp1_receptor_agonists,GLP-1 receptor agonists,drug,1537036,TRUE,semaglutide 2.27 MG/ML,RxNorm,A10BJ_glucagon_like_peptide_1_glp_1_analogues,reviewed_seed,Imported from master codelists,Drug,standard,A10BJ_glucagon_like_peptide_1_glp_1_analogues
glp1_receptor_agonists,GLP-1 receptor agonists,drug,1537037,TRUE,semaglutide 2.27 MG/ML [Wegovy],RxNorm,A10BJ_glucagon_like_peptide_1_glp_1_analogues,reviewed_seed,Imported from master codelists,Drug,standard,A10BJ_glucagon_like_peptide_1_glp_1_analogues
glp1_receptor_agonists,GLP-1 receptor agonists,drug,1537038,TRUE,semaglutide 2.27 MG/ML Auto-Injector,RxNorm,A10BJ_glucagon_like_peptide_1_glp_1_analogues,reviewed_seed,Imported from master codelists,Drug,standard,A10BJ_glucagon_like_peptide_1_glp_1_analogues
glp1_receptor_agonists,GLP-1 receptor agonists,drug,1537039,TRUE,semaglutide 2.27 MG/ML Auto-Injector [Wegovy],RxNorm,A10BJ_glucagon_like_peptide_1_glp_1_analogues,reviewed_seed,Imported from master codelists,Drug,standard,A10BJ_glucagon_like_peptide_1_glp_1_analogues
glp1_receptor_agonists,GLP-1 receptor agonists,drug,1537040,TRUE,semaglutide 3.2 MG/ML,RxNorm,A10BJ_glucagon_like_peptide_1_glp_1_analogues,reviewed_seed,Imported from master codelists,Drug,standard,A10BJ_glucagon_like_peptide_1_glp_1_analogues
glp1_receptor_agonists,GLP-1 receptor agonists,drug,1537041,TRUE,semaglutide 3.2 MG/ML [Wegovy],RxNorm,A10BJ_glucagon_like_peptide_1_glp_1_analogues,reviewed_seed,Imported from master codelists,Drug,standard,A10BJ_glucagon_like_peptide_1_glp_1_analogues
glp1_receptor_agonists,GLP-1 receptor agonists,drug,1537042,TRUE,semaglutide 3.2 MG/ML Auto-Injector,RxNorm,A10BJ_glucagon_like_peptide_1_glp_1_analogues,reviewed_seed,Imported from master codelists,Drug,standard,A10BJ_glucagon_like_peptide_1_glp_1_analogues
glp1_receptor_agonists,GLP-1 receptor agonists,drug,1537043,TRUE,semaglutide 3.2 MG/ML Auto-Injector [Wegovy],RxNorm,A10BJ_glucagon_like_peptide_1_glp_1_analogues,reviewed_seed,Imported from master codelists,Drug,standard,A10BJ_glucagon_like_peptide_1_glp_1_analogues
glp1_receptor_agonists,GLP-1 receptor agonists,drug,1537596,TRUE,0.5 ML semaglutide 0.5 MG/ML Auto-Injector,RxNorm,A10BJ_glucagon_like_peptide_1_glp_1_analogues,reviewed_seed,Imported from master codelists,Drug,standard,A10BJ_glucagon_like_peptide_1_glp_1_analogues
glp1_receptor_agonists,GLP-1 receptor agonists,drug,1537597,TRUE,0.5 ML semaglutide 0.5 MG/ML Auto-Injector [Wegovy],RxNorm,A10BJ_glucagon_like_peptide_1_glp_1_analogues,reviewed_seed,Imported from master codelists,Drug,standard,A10BJ_glucagon_like_peptide_1_glp_1_analogues
glp1_receptor_agonists,GLP-1 receptor agonists,drug,1537598,TRUE,0.5 ML semaglutide 1 MG/ML Auto-Injector,RxNorm,A10BJ_glucagon_like_peptide_1_glp_1_analogues,reviewed_seed,Imported from master codelists,Drug,standard,A10BJ_glucagon_like_peptide_1_glp_1_analogues
glp1_receptor_agonists,GLP-1 receptor agonists,drug,1537599,TRUE,0.5 ML semaglutide 1 MG/ML Auto-Injector [Wegovy],RxNorm,A10BJ_glucagon_like_peptide_1_glp_1_analogues,reviewed_seed,Imported from master codelists,Drug,standard,A10BJ_glucagon_like_peptide_1_glp_1_analogues
glp1_receptor_agonists,GLP-1 receptor agonists,drug,1537600,TRUE,0.5 ML semaglutide 2 MG/ML Auto-Injector,RxNorm,A10BJ_glucagon_like_peptide_1_glp_1_analogues,reviewed_seed,Imported from master codelists,Drug,standard,A10BJ_glucagon_like_peptide_1_glp_1_analogues
glp1_receptor_agonists,GLP-1 receptor agonists,drug,1537601,TRUE,0.5 ML semaglutide 2 MG/ML Auto-Injector [Wegovy],RxNorm,A10BJ_glucagon_like_peptide_1_glp_1_analogues,reviewed_seed,Imported from master codelists,Drug,standard,A10BJ_glucagon_like_peptide_1_glp_1_analogues
glp1_receptor_agonists,GLP-1 receptor agonists,drug,1537602,TRUE,0.75 ML semaglutide 2.27 MG/ML Auto-Injector,RxNorm,A10BJ_glucagon_like_peptide_1_glp_1_analogues,reviewed_seed,Imported from master codelists,Drug,standard,A10BJ_glucagon_like_peptide_1_glp_1_analogues
glp1_receptor_agonists,GLP-1 receptor agonists,drug,1537603,TRUE,0.75 ML semaglutide 2.27 MG/ML Auto-Injector [Wegovy],RxNorm,A10BJ_glucagon_like_peptide_1_glp_1_analogues,reviewed_seed,Imported from master codelists,Drug,standard,A10BJ_glucagon_like_peptide_1_glp_1_analogues
glp1_receptor_agonists,GLP-1 receptor agonists,drug,1537604,TRUE,0.75 ML semaglutide 3.2 MG/ML Auto-Injector,RxNorm,A10BJ_glucagon_like_peptide_1_glp_1_analogues,reviewed_seed,Imported from master codelists,Drug,standard,A10BJ_glucagon_like_peptide_1_glp_1_analogues
glp1_receptor_agonists,GLP-1 receptor agonists,drug,1537605,TRUE,0.75 ML semaglutide 3.2 MG/ML Auto-Injector [Wegovy],RxNorm,A10BJ_glucagon_like_peptide_1_glp_1_analogues,reviewed_seed,Imported from master codelists,Drug,standard,A10BJ_glucagon_like_peptide_1_glp_1_analogues
glp1_receptor_agonists,GLP-1 receptor agonists,drug,1583722,TRUE,exenatide,RxNorm,A10BJ_glucagon_like_peptide_1_glp_1_analogues,reviewed_seed,Imported from master codelists,Drug,standard,A10BJ_glucagon_like_peptide_1_glp_1_analogues
glp1_receptor_agonists,GLP-1 receptor agonists,drug,1583727,TRUE,60 ACTUAT exenatide 0.01 MG/ACTUAT Pen Injector [Byetta],RxNorm,A10BJ_glucagon_like_peptide_1_glp_1_analogues,reviewed_seed,Imported from master codelists,Drug,standard,A10BJ_glucagon_like_peptide_1_glp_1_analogues
glp1_receptor_agonists,GLP-1 receptor agonists,drug,1583728,TRUE,exenatide 0.005 MG/ACTUAT,RxNorm,A10BJ_glucagon_like_peptide_1_glp_1_analogues,reviewed_seed,Imported from master codelists,Drug,standard,A10BJ_glucagon_like_peptide_1_glp_1_analogues
glp1_receptor_agonists,GLP-1 receptor agonists,drug,1583729,TRUE,60 ACTUAT exenatide 0.005 MG/ACTUAT Pen Injector,RxNorm,A10BJ_glucagon_like_peptide_1_glp_1_analogues,reviewed_seed,Imported from master codelists,Drug,standard,A10BJ_glucagon_like_peptide_1_glp_1_analogues
glp1_receptor_agonists,GLP-1 receptor agonists,drug,1583730,TRUE,60 ACTUAT exenatide 0.005 MG/ACTUAT Pen Injector [Byetta],RxNorm,A10BJ_glucagon_like_peptide_1_glp_1_analogues,reviewed_seed,Imported from master codelists,Drug,standard,A10BJ_glucagon_like_peptide_1_glp_1_analogues
glp1_receptor_agonists,GLP-1 receptor agonists,drug,1831670,TRUE,semaglutide 3 MG Oral Tablet [Rybelsus] Box of 30 by Abacus Medicine,RxNorm Extension,A10BJ_glucagon_like_peptide_1_glp_1_analogues,reviewed_seed,Imported from master codelists,Drug,standard,A10BJ_glucagon_like_peptide_1_glp_1_analogues
glp1_receptor_agonists,GLP-1 receptor agonists,drug,1831671,TRUE,semaglutide 7 MG Oral Tablet [Rybelsus] Box of 30 by Abacus Medicine,RxNorm Extension,A10BJ_glucagon_like_peptide_1_glp_1_analogues,reviewed_seed,Imported from master codelists,Drug,standard,A10BJ_glucagon_like_peptide_1_glp_1_analogues
glp1_receptor_agonists,GLP-1 receptor agonists,drug,1831672,TRUE,semaglutide 14 MG Oral Tablet [Rybelsus] Box of 30 by Abacus Medicine,RxNorm Extension,A10BJ_glucagon_like_peptide_1_glp_1_analogues,reviewed_seed,Imported from master codelists,Drug,standard,A10BJ_glucagon_like_peptide_1_glp_1_analogues
glp1_receptor_agonists,GLP-1 receptor agonists,drug,1832042,TRUE,0.5 ML dulaglutide 3 MG/ML Injectable Solution [Trulicity] Box of 4 by Orifarm,RxNorm Extension,A10BJ_glucagon_like_peptide_1_glp_1_analogues,reviewed_seed,Imported from master codelists,Drug,standard,A10BJ_glucagon_like_peptide_1_glp_1_analogues
glp1_receptor_agonists,GLP-1 receptor agonists,drug,1832043,TRUE,0.5 ML dulaglutide 3 MG/ML Injectable Solution [Trulicity] Box of 4 by Abacus Medicine,RxNorm Extension,A10BJ_glucagon_like_peptide_1_glp_1_analogues,reviewed_seed,Imported from master codelists,Drug,standard,A10BJ_glucagon_like_peptide_1_glp_1_analogues
glp1_receptor_agonists,GLP-1 receptor agonists,drug,1832313,TRUE,3 ML liraglutide 6 MG/ML Injectable Solution [Saxenda] Box of 5 by Abacus Medicine,RxNorm Extension,A10BJ_glucagon_like_peptide_1_glp_1_analogues,reviewed_seed,Imported from master codelists,Drug,standard,A10BJ_glucagon_like_peptide_1_glp_1_analogues
glp1_receptor_agonists,GLP-1 receptor agonists,drug,1832351,TRUE,4 ACTUAT semaglutide 0.25 MG/ACTUAT Injectable Solution [Ozempic] by Abacus Medicine,RxNorm Extension,A10BJ_glucagon_like_peptide_1_glp_1_analogues,reviewed_seed,Imported from master codelists,Drug,standard,A10BJ_glucagon_like_peptide_1_glp_1_analogues
glp1_receptor_agonists,GLP-1 receptor agonists,drug,1832352,TRUE,4 ACTUAT semaglutide 0.5 MG/ACTUAT Injectable Solution [Ozempic] by Abacus Medicine,RxNorm Extension,A10BJ_glucagon_like_peptide_1_glp_1_analogues,reviewed_seed,Imported from master codelists,Drug,standard,A10BJ_glucagon_like_peptide_1_glp_1_analogues
glp1_receptor_agonists,GLP-1 receptor agonists,drug,1970909,TRUE,dulaglutide 6 MG/ML Prefilled Syringe,RxNorm Extension,A10BJ_glucagon_like_peptide_1_glp_1_analogues,reviewed_seed,Imported from master codelists,Drug,standard,A10BJ_glucagon_like_peptide_1_glp_1_analogues
glp1_receptor_agonists,GLP-1 receptor agonists,drug,1970910,TRUE,dulaglutide 6 MG/ML Prefilled Syringe Box of 4,RxNorm Extension,A10BJ_glucagon_like_peptide_1_glp_1_analogues,reviewed_seed,Imported from master codelists,Drug,standard,A10BJ_glucagon_like_peptide_1_glp_1_analogues
glp1_receptor_agonists,GLP-1 receptor agonists,drug,1970911,TRUE,dulaglutide 6 MG/ML Prefilled Syringe [Trulicity],RxNorm Extension,A10BJ_glucagon_like_peptide_1_glp_1_analogues,reviewed_seed,Imported from master codelists,Drug,standard,A10BJ_glucagon_like_peptide_1_glp_1_analogues
glp1_receptor_agonists,GLP-1 receptor agonists,drug,1970912,TRUE,dulaglutide 6 MG/ML Prefilled Syringe [Trulicity] Box of 4,RxNorm Extension,A10BJ_glucagon_like_peptide_1_glp_1_analogues,reviewed_seed,Imported from master codelists,Drug,standard,A10BJ_glucagon_like_peptide_1_glp_1_analogues
glp1_receptor_agonists,GLP-1 receptor agonists,drug,1970913,TRUE,dulaglutide 9 MG/ML Prefilled Syringe,RxNorm Extension,A10BJ_glucagon_like_peptide_1_glp_1_analogues,reviewed_seed,Imported from master codelists,Drug,standard,A10BJ_glucagon_like_peptide_1_glp_1_analogues
glp1_receptor_agonists,GLP-1 receptor agonists,drug,1970914,TRUE,dulaglutide 9 MG/ML Prefilled Syringe Box of 4,RxNorm Extension,A10BJ_glucagon_like_peptide_1_glp_1_analogues,reviewed_seed,Imported from master codelists,Drug,standard,A10BJ_glucagon_like_peptide_1_glp_1_analogues
glp1_receptor_agonists,GLP-1 receptor agonists,drug,1970915,TRUE,dulaglutide 9 MG/ML Prefilled Syringe [Trulicity],RxNorm Extension,A10BJ_glucagon_like_peptide_1_glp_1_analogues,reviewed_seed,Imported from master codelists,Drug,standard,A10BJ_glucagon_like_peptide_1_glp_1_analogues
glp1_receptor_agonists,GLP-1 receptor agonists,drug,1970916,TRUE,dulaglutide 9 MG/ML Prefilled Syringe [Trulicity] Box of 4,RxNorm Extension,A10BJ_glucagon_like_peptide_1_glp_1_analogues,reviewed_seed,Imported from master codelists,Drug,standard,A10BJ_glucagon_like_peptide_1_glp_1_analogues
glp1_receptor_agonists,GLP-1 receptor agonists,drug,1971547,TRUE,exenatide 2.35 MG/ML Auto-Injector Box of 4,RxNorm Extension,A10BJ_glucagon_like_peptide_1_glp_1_analogues,reviewed_seed,Imported from master codelists,Drug,standard,A10BJ_glucagon_like_peptide_1_glp_1_analogues
glp1_receptor_agonists,GLP-1 receptor agonists,drug,1971548,TRUE,exenatide 2.35 MG/ML Auto-Injector Box of 12,RxNorm Extension,A10BJ_glucagon_like_peptide_1_glp_1_analogues,reviewed_seed,Imported from master codelists,Drug,standard,A10BJ_glucagon_like_peptide_1_glp_1_analogues
glp1_receptor_agonists,GLP-1 receptor agonists,drug,1971549,TRUE,exenatide 2.35 MG/ML Auto-Injector [Bydureon] Box of 4,RxNorm Extension,A10BJ_glucagon_like_peptide_1_glp_1_analogues,reviewed_seed,Imported from master codelists,Drug,standard,A10BJ_glucagon_like_peptide_1_glp_1_analogues
glp1_receptor_agonists,GLP-1 receptor agonists,drug,1971550,TRUE,exenatide 2.35 MG/ML Auto-Injector [Bydureon] Box of 12,RxNorm Extension,A10BJ_glucagon_like_peptide_1_glp_1_analogues,reviewed_seed,Imported from master codelists,Drug,standard,A10BJ_glucagon_like_peptide_1_glp_1_analogues
glp1_receptor_agonists,GLP-1 receptor agonists,drug,1971551,TRUE,exenatide 2 MG Pen Injector Box of 4,RxNorm Extension,A10BJ_glucagon_like_peptide_1_glp_1_analogues,reviewed_seed,Imported from master codelists,Drug,standard,A10BJ_glucagon_like_peptide_1_glp_1_analogues
glp1_receptor_agonists,GLP-1 receptor agonists,drug,1971552,TRUE,exenatide 2 MG Pen Injector [Bydureon] Box of 4,RxNorm Extension,A10BJ_glucagon_like_peptide_1_glp_1_analogues,reviewed_seed,Imported from master codelists,Drug,standard,A10BJ_glucagon_like_peptide_1_glp_1_analogues
glp1_receptor_agonists,GLP-1 receptor agonists,drug,1972662,TRUE,0.5 ML dulaglutide 6 MG/ML Prefilled Syringe,RxNorm Extension,A10BJ_glucagon_like_peptide_1_glp_1_analogues,reviewed_seed,Imported from master codelists,Drug,standard,A10BJ_glucagon_like_peptide_1_glp_1_analogues
glp1_receptor_agonists,GLP-1 receptor agonists,drug,1972663,TRUE,0.5 ML dulaglutide 6 MG/ML Prefilled Syringe Box of 4,RxNorm Extension,A10BJ_glucagon_like_peptide_1_glp_1_analogues,reviewed_seed,Imported from master codelists,Drug,standard,A10BJ_glucagon_like_peptide_1_glp_1_analogues
glp1_receptor_agonists,GLP-1 receptor agonists,drug,1972664,TRUE,0.5 ML dulaglutide 6 MG/ML Prefilled Syringe [Trulicity],RxNorm Extension,A10BJ_glucagon_like_peptide_1_glp_1_analogues,reviewed_seed,Imported from master codelists,Drug,standard,A10BJ_glucagon_like_peptide_1_glp_1_analogues
glp1_receptor_agonists,GLP-1 receptor agonists,drug,1972665,TRUE,0.5 ML dulaglutide 6 MG/ML Prefilled Syringe [Trulicity] Box of 4,RxNorm Extension,A10BJ_glucagon_like_peptide_1_glp_1_analogues,reviewed_seed,Imported from master codelists,Drug,standard,A10BJ_glucagon_like_peptide_1_glp_1_analogues
glp1_receptor_agonists,GLP-1 receptor agonists,drug,1972666,TRUE,0.5 ML dulaglutide 6 MG/ML Prefilled Syringe [Trulicity] Box of 4 by Lilly,RxNorm Extension,A10BJ_glucagon_like_peptide_1_glp_1_analogues,reviewed_seed,Imported from master codelists,Drug,standard,A10BJ_glucagon_like_peptide_1_glp_1_analogues
glp1_receptor_agonists,GLP-1 receptor agonists,drug,1972667,TRUE,0.5 ML dulaglutide 9 MG/ML Prefilled Syringe,RxNorm Extension,A10BJ_glucagon_like_peptide_1_glp_1_analogues,reviewed_seed,Imported from master codelists,Drug,standard,A10BJ_glucagon_like_peptide_1_glp_1_analogues
glp1_receptor_agonists,GLP-1 receptor agonists,drug,1972668,TRUE,0.5 ML dulaglutide 9 MG/ML Prefilled Syringe Box of 4,RxNorm Extension,A10BJ_glucagon_like_peptide_1_glp_1_analogues,reviewed_seed,Imported from master codelists,Drug,standard,A10BJ_glucagon_like_peptide_1_glp_1_analogues
glp1_receptor_agonists,GLP-1 receptor agonists,drug,1972669,TRUE,0.5 ML dulaglutide 9 MG/ML Prefilled Syringe [Trulicity],RxNorm Extension,A10BJ_glucagon_like_peptide_1_glp_1_analogues,reviewed_seed,Imported from master codelists,Drug,standard,A10BJ_glucagon_like_peptide_1_glp_1_analogues
glp1_receptor_agonists,GLP-1 receptor agonists,drug,1972670,TRUE,0.5 ML dulaglutide 9 MG/ML Prefilled Syringe [Trulicity] Box of 4,RxNorm Extension,A10BJ_glucagon_like_peptide_1_glp_1_analogues,reviewed_seed,Imported from master codelists,Drug,standard,A10BJ_glucagon_like_peptide_1_glp_1_analogues
glp1_receptor_agonists,GLP-1 receptor agonists,drug,1972671,TRUE,0.5 ML dulaglutide 9 MG/ML Prefilled Syringe [Trulicity] Box of 4 by Lilly,RxNorm Extension,A10BJ_glucagon_like_peptide_1_glp_1_analogues,reviewed_seed,Imported from master codelists,Drug,standard,A10BJ_glucagon_like_peptide_1_glp_1_analogues
glp1_receptor_agonists,GLP-1 receptor agonists,drug,1972784,TRUE,0.85 ML exenatide 2.35 MG/ML Auto-Injector Box of 4,RxNorm Extension,A10BJ_glucagon_like_peptide_1_glp_1_analogues,reviewed_seed,Imported from master codelists,Drug,standard,A10BJ_glucagon_like_peptide_1_glp_1_analogues
glp1_receptor_agonists,GLP-1 receptor agonists,drug,1972785,TRUE,0.85 ML exenatide 2.35 MG/ML Auto-Injector Box of 12,RxNorm Extension,A10BJ_glucagon_like_peptide_1_glp_1_analogues,reviewed_seed,Imported from master codelists,Drug,standard,A10BJ_glucagon_like_peptide_1_glp_1_analogues
glp1_receptor_agonists,GLP-1 receptor agonists,drug,1972786,TRUE,0.85 ML exenatide 2.35 MG/ML Auto-Injector [Bydureon] Box of 4,RxNorm Extension,A10BJ_glucagon_like_peptide_1_glp_1_analogues,reviewed_seed,Imported from master codelists,Drug,standard,A10BJ_glucagon_like_peptide_1_glp_1_analogues
glp1_receptor_agonists,GLP-1 receptor agonists,drug,1972787,TRUE,0.85 ML exenatide 2.35 MG/ML Auto-Injector [Bydureon] Box of 4 by Kohlpharma,RxNorm Extension,A10BJ_glucagon_like_peptide_1_glp_1_analogues,reviewed_seed,Imported from master codelists,Drug,standard,A10BJ_glucagon_like_peptide_1_glp_1_analogues
glp1_receptor_agonists,GLP-1 receptor agonists,drug,1972788,TRUE,0.85 ML exenatide 2.35 MG/ML Auto-Injector [Bydureon] Box of 12,RxNorm Extension,A10BJ_glucagon_like_peptide_1_glp_1_analogues,reviewed_seed,Imported from master codelists,Drug,standard,A10BJ_glucagon_like_peptide_1_glp_1_analogues
glp1_receptor_agonists,GLP-1 receptor agonists,drug,1972789,TRUE,0.85 ML exenatide 2.35 MG/ML Auto-Injector [Bydureon] Box of 12 by Kohlpharma,RxNorm Extension,A10BJ_glucagon_like_peptide_1_glp_1_analogues,reviewed_seed,Imported from master codelists,Drug,standard,A10BJ_glucagon_like_peptide_1_glp_1_analogues
glp1_receptor_agonists,GLP-1 receptor agonists,drug,1972900,TRUE,1.2 ML exenatide 0.00417 MG/ML Injectable Solution [Byetta] by Eurim-Pharm,RxNorm Extension,A10BJ_glucagon_like_peptide_1_glp_1_analogues,reviewed_seed,Imported from master codelists,Drug,standard,A10BJ_glucagon_like_peptide_1_glp_1_analogues
glp1_receptor_agonists,GLP-1 receptor agonists,drug,1972966,TRUE,2.4 ML exenatide 0.00417 MG/ML Injectable Solution [Byetta] Box of 3 by Orifarm Leverkus,RxNorm Extension,A10BJ_glucagon_like_peptide_1_glp_1_analogues,reviewed_seed,Imported from master codelists,Drug,standard,A10BJ_glucagon_like_peptide_1_glp_1_analogues
glp1_receptor_agonists,GLP-1 receptor agonists,drug,1972984,TRUE,3 ML liraglutide 6 MG/ML Injectable Solution [Saxenda] Box of 3 by Eurim-Pharm,RxNorm Extension,A10BJ_glucagon_like_peptide_1_glp_1_analogues,reviewed_seed,Imported from master codelists,Drug,standard,A10BJ_glucagon_like_peptide_1_glp_1_analogues
glp1_receptor_agonists,GLP-1 receptor agonists,drug,1972985,TRUE,3 ML liraglutide 6 MG/ML Injectable Solution [Saxenda] Box of 5 by Eurim-Pharm,RxNorm Extension,A10BJ_glucagon_like_peptide_1_glp_1_analogues,reviewed_seed,Imported from master codelists,Drug,standard,A10BJ_glucagon_like_peptide_1_glp_1_analogues
glp1_receptor_agonists,GLP-1 receptor agonists,drug,1972986,TRUE,3 ML liraglutide 6 MG/ML Injectable Solution [Saxenda] Box of 5 by Kohlpharma,RxNorm Extension,A10BJ_glucagon_like_peptide_1_glp_1_analogues,reviewed_seed,Imported from master codelists,Drug,standard,A10BJ_glucagon_like_peptide_1_glp_1_analogues
glp1_receptor_agonists,GLP-1 receptor agonists,drug,2028910,TRUE,3 ML lixisenatide 0.1 MG/ML Pen Injector [Lyxumia] by Sanofi,RxNorm Extension,A10BJ_glucagon_like_peptide_1_glp_1_analogues,reviewed_seed,Imported from master codelists,Drug,standard,A10BJ_glucagon_like_peptide_1_glp_1_analogues
glp1_receptor_agonists,GLP-1 receptor agonists,drug,2028911,TRUE,3 ML lixisenatide 0.05 MG/ML Pen Injector [Lyxumia] by Sanofi,RxNorm Extension,A10BJ_glucagon_like_peptide_1_glp_1_analogues,reviewed_seed,Imported from master codelists,Drug,standard,A10BJ_glucagon_like_peptide_1_glp_1_analogues
glp1_receptor_agonists,GLP-1 receptor agonists,drug,2029055,TRUE,2.4 ML exenatide 0.25 MG/ML Pen Injector [Byetta] by Astrazeneca,RxNorm Extension,A10BJ_glucagon_like_peptide_1_glp_1_analogues,reviewed_seed,Imported from master codelists,Drug,standard,A10BJ_glucagon_like_peptide_1_glp_1_analogues
glp1_receptor_agonists,GLP-1 receptor agonists,drug,2029056,TRUE,2.4 ML exenatide 0.25 MG/ML Pen Injector [Byetta] by Lilly,RxNorm Extension,A10BJ_glucagon_like_peptide_1_glp_1_analogues,reviewed_seed,Imported from master codelists,Drug,standard,A10BJ_glucagon_like_peptide_1_glp_1_analogues
glp1_receptor_agonists,GLP-1 receptor agonists,drug,2029057,TRUE,2.4 ML exenatide 0.25 MG/ML Pen Injector [Byetta] by BMS,RxNorm Extension,A10BJ_glucagon_like_peptide_1_glp_1_analogues,reviewed_seed,Imported from master codelists,Drug,standard,A10BJ_glucagon_like_peptide_1_glp_1_analogues
glp1_receptor_agonists,GLP-1 receptor agonists,drug,2030060,TRUE,1.2 ML exenatide 0.25 MG/ML Pen Injector [Byetta] by Astrazeneca,RxNorm Extension,A10BJ_glucagon_like_peptide_1_glp_1_analogues,reviewed_seed,Imported from master codelists,Drug,standard,A10BJ_glucagon_like_peptide_1_glp_1_analogues
glp1_receptor_agonists,GLP-1 receptor agonists,drug,2030061,TRUE,1.2 ML exenatide 0.25 MG/ML Pen Injector [Byetta] by Lilly,RxNorm Extension,A10BJ_glucagon_like_peptide_1_glp_1_analogues,reviewed_seed,Imported from master codelists,Drug,standard,A10BJ_glucagon_like_peptide_1_glp_1_analogues
glp1_receptor_agonists,GLP-1 receptor agonists,drug,2030062,TRUE,1.2 ML exenatide 0.25 MG/ML Pen Injector [Byetta] by BMS,RxNorm Extension,A10BJ_glucagon_like_peptide_1_glp_1_analogues,reviewed_seed,Imported from master codelists,Drug,standard,A10BJ_glucagon_like_peptide_1_glp_1_analogues
glp1_receptor_agonists,GLP-1 receptor agonists,drug,2901603,TRUE,0.02 ML exenatide 0.25 MG/ML Injection [Byetta] Box of 60,RxNorm Extension,A10BJ_glucagon_like_peptide_1_glp_1_analogues,reviewed_seed,Imported from master codelists,Drug,standard,A10BJ_glucagon_like_peptide_1_glp_1_analogues
glp1_receptor_agonists,GLP-1 receptor agonists,drug,2901604,TRUE,0.02 ML exenatide 0.25 MG/ML Injection [Byetta],RxNorm Extension,A10BJ_glucagon_like_peptide_1_glp_1_analogues,reviewed_seed,Imported from master codelists,Drug,standard,A10BJ_glucagon_like_peptide_1_glp_1_analogues
glp1_receptor_agonists,GLP-1 receptor agonists,drug,2901605,TRUE,0.02 ML exenatide 0.25 MG/ML Injection Box of 60,RxNorm Extension,A10BJ_glucagon_like_peptide_1_glp_1_analogues,reviewed_seed,Imported from master codelists,Drug,standard,A10BJ_glucagon_like_peptide_1_glp_1_analogues
glp1_receptor_agonists,GLP-1 receptor agonists,drug,2901606,TRUE,0.02 ML exenatide 0.25 MG/ML Injection,RxNorm Extension,A10BJ_glucagon_like_peptide_1_glp_1_analogues,reviewed_seed,Imported from master codelists,Drug,standard,A10BJ_glucagon_like_peptide_1_glp_1_analogues
glp1_receptor_agonists,GLP-1 receptor agonists,drug,2901607,TRUE,0.02 ML exenatide 0.25 MG/ML Pen Injector [Byetta],RxNorm Extension,A10BJ_glucagon_like_peptide_1_glp_1_analogues,reviewed_seed,Imported from master codelists,Drug,standard,A10BJ_glucagon_like_peptide_1_glp_1_analogues
glp1_receptor_agonists,GLP-1 receptor agonists,drug,2901608,TRUE,0.02 ML exenatide 0.25 MG/ML Pen Injector,RxNorm Extension,A10BJ_glucagon_like_peptide_1_glp_1_analogues,reviewed_seed,Imported from master codelists,Drug,standard,A10BJ_glucagon_like_peptide_1_glp_1_analogues
glp1_receptor_agonists,GLP-1 receptor agonists,drug,2901609,TRUE,0.02 ML exenatide 0.25 MG/ML Injectable Solution Box of 60,RxNorm Extension,A10BJ_glucagon_like_peptide_1_glp_1_analogues,reviewed_seed,Imported from master codelists,Drug,standard,A10BJ_glucagon_like_peptide_1_glp_1_analogues
glp1_receptor_agonists,GLP-1 receptor agonists,drug,2901613,TRUE,0.04 ML exenatide 0.25 MG/ML Injection [Byetta] Box of 60,RxNorm Extension,A10BJ_glucagon_like_peptide_1_glp_1_analogues,reviewed_seed,Imported from master codelists,Drug,standard,A10BJ_glucagon_like_peptide_1_glp_1_analogues
glp1_receptor_agonists,GLP-1 receptor agonists,drug,2901614,TRUE,0.04 ML exenatide 0.25 MG/ML Injection [Byetta],RxNorm Extension,A10BJ_glucagon_like_peptide_1_glp_1_analogues,reviewed_seed,Imported from master codelists,Drug,standard,A10BJ_glucagon_like_peptide_1_glp_1_analogues
glp1_receptor_agonists,GLP-1 receptor agonists,drug,2901615,TRUE,0.04 ML exenatide 0.25 MG/ML Injection Box of 60,RxNorm Extension,A10BJ_glucagon_like_peptide_1_glp_1_analogues,reviewed_seed,Imported from master codelists,Drug,standard,A10BJ_glucagon_like_peptide_1_glp_1_analogues
glp1_receptor_agonists,GLP-1 receptor agonists,drug,2901616,TRUE,0.04 ML exenatide 0.25 MG/ML Injection,RxNorm Extension,A10BJ_glucagon_like_peptide_1_glp_1_analogues,reviewed_seed,Imported from master codelists,Drug,standard,A10BJ_glucagon_like_peptide_1_glp_1_analogues
glp1_receptor_agonists,GLP-1 receptor agonists,drug,2901617,TRUE,0.04 ML exenatide 0.25 MG/ML Pen Injector [Byetta],RxNorm Extension,A10BJ_glucagon_like_peptide_1_glp_1_analogues,reviewed_seed,Imported from master codelists,Drug,standard,A10BJ_glucagon_like_peptide_1_glp_1_analogues
glp1_receptor_agonists,GLP-1 receptor agonists,drug,2901618,TRUE,0.04 ML exenatide 0.25 MG/ML Pen Injector,RxNorm Extension,A10BJ_glucagon_like_peptide_1_glp_1_analogues,reviewed_seed,Imported from master codelists,Drug,standard,A10BJ_glucagon_like_peptide_1_glp_1_analogues
glp1_receptor_agonists,GLP-1 receptor agonists,drug,2901619,TRUE,0.04 ML exenatide 0.25 MG/ML Injectable Solution Box of 60,RxNorm Extension,A10BJ_glucagon_like_peptide_1_glp_1_analogues,reviewed_seed,Imported from master codelists,Drug,standard,A10BJ_glucagon_like_peptide_1_glp_1_analogues
glp1_receptor_agonists,GLP-1 receptor agonists,drug,2901691,TRUE,0.2 ML lixisenatide 0.1 MG/ML Injection [Lyxumia] Box of 14,RxNorm Extension,A10BJ_glucagon_like_peptide_1_glp_1_analogues,reviewed_seed,Imported from master codelists,Drug,standard,A10BJ_glucagon_like_peptide_1_glp_1_analogues
glp1_receptor_agonists,GLP-1 receptor agonists,drug,2901692,TRUE,0.2 ML lixisenatide 0.1 MG/ML Injection [Lyxumia] Box of 2,RxNorm Extension,A10BJ_glucagon_like_peptide_1_glp_1_analogues,reviewed_seed,Imported from master codelists,Drug,standard,A10BJ_glucagon_like_peptide_1_glp_1_analogues
glp1_receptor_agonists,GLP-1 receptor agonists,drug,2901693,TRUE,0.2 ML lixisenatide 0.1 MG/ML Injection [Lyxumia],RxNorm Extension,A10BJ_glucagon_like_peptide_1_glp_1_analogues,reviewed_seed,Imported from master codelists,Drug,standard,A10BJ_glucagon_like_peptide_1_glp_1_analogues
glp1_receptor_agonists,GLP-1 receptor agonists,drug,2901694,TRUE,0.2 ML lixisenatide 0.1 MG/ML Injection Box of 14,RxNorm Extension,A10BJ_glucagon_like_peptide_1_glp_1_analogues,reviewed_seed,Imported from master codelists,Drug,standard,A10BJ_glucagon_like_peptide_1_glp_1_analogues
glp1_receptor_agonists,GLP-1 receptor agonists,drug,2901695,TRUE,0.2 ML lixisenatide 0.1 MG/ML Injection Box of 2,RxNorm Extension,A10BJ_glucagon_like_peptide_1_glp_1_analogues,reviewed_seed,Imported from master codelists,Drug,standard,A10BJ_glucagon_like_peptide_1_glp_1_analogues
glp1_receptor_agonists,GLP-1 receptor agonists,drug,2901696,TRUE,0.2 ML lixisenatide 0.1 MG/ML Injection,RxNorm Extension,A10BJ_glucagon_like_peptide_1_glp_1_analogues,reviewed_seed,Imported from master codelists,Drug,standard,A10BJ_glucagon_like_peptide_1_glp_1_analogues
glp1_receptor_agonists,GLP-1 receptor agonists,drug,2901697,TRUE,0.2 ML lixisenatide 0.1 MG/ML Pen Injector [Lyxumia] Box of 6,RxNorm Extension,A10BJ_glucagon_like_peptide_1_glp_1_analogues,reviewed_seed,Imported from master codelists,Drug,standard,A10BJ_glucagon_like_peptide_1_glp_1_analogues
glp1_receptor_agonists,GLP-1 receptor agonists,drug,2901698,TRUE,0.2 ML lixisenatide 0.1 MG/ML Pen Injector [Lyxumia] Box of 2,RxNorm Extension,A10BJ_glucagon_like_peptide_1_glp_1_analogues,reviewed_seed,Imported from master codelists,Drug,standard,A10BJ_glucagon_like_peptide_1_glp_1_analogues
glp1_receptor_agonists,GLP-1 receptor agonists,drug,2901699,TRUE,0.2 ML lixisenatide 0.1 MG/ML Pen Injector [Lyxumia],RxNorm Extension,A10BJ_glucagon_like_peptide_1_glp_1_analogues,reviewed_seed,Imported from master codelists,Drug,standard,A10BJ_glucagon_like_peptide_1_glp_1_analogues
glp1_receptor_agonists,GLP-1 receptor agonists,drug,2901700,TRUE,0.2 ML lixisenatide 0.1 MG/ML Pen Injector Box of 6,RxNorm Extension,A10BJ_glucagon_like_peptide_1_glp_1_analogues,reviewed_seed,Imported from master codelists,Drug,standard,A10BJ_glucagon_like_peptide_1_glp_1_analogues
glp1_receptor_agonists,GLP-1 receptor agonists,drug,2901701,TRUE,0.2 ML lixisenatide 0.1 MG/ML Pen Injector Box of 2,RxNorm Extension,A10BJ_glucagon_like_peptide_1_glp_1_analogues,reviewed_seed,Imported from master codelists,Drug,standard,A10BJ_glucagon_like_peptide_1_glp_1_analogues
glp1_receptor_agonists,GLP-1 receptor agonists,drug,2901702,TRUE,0.2 ML lixisenatide 0.1 MG/ML Pen Injector,RxNorm Extension,A10BJ_glucagon_like_peptide_1_glp_1_analogues,reviewed_seed,Imported from master codelists,Drug,standard,A10BJ_glucagon_like_peptide_1_glp_1_analogues
glp1_receptor_agonists,GLP-1 receptor agonists,drug,2901703,TRUE,0.2 ML lixisenatide 0.1 MG/ML Injectable Solution Box of 14,RxNorm Extension,A10BJ_glucagon_like_peptide_1_glp_1_analogues,reviewed_seed,Imported from master codelists,Drug,standard,A10BJ_glucagon_like_peptide_1_glp_1_analogues
glp1_receptor_agonists,GLP-1 receptor agonists,drug,2901704,TRUE,0.2 ML lixisenatide 0.05 MG/ML Injection [Lyxumia] Box of 14,RxNorm Extension,A10BJ_glucagon_like_peptide_1_glp_1_analogues,reviewed_seed,Imported from master codelists,Drug,standard,A10BJ_glucagon_like_peptide_1_glp_1_analogues
glp1_receptor_agonists,GLP-1 receptor agonists,drug,2901705,TRUE,0.2 ML lixisenatide 0.05 MG/ML Injection [Lyxumia],RxNorm Extension,A10BJ_glucagon_like_peptide_1_glp_1_analogues,reviewed_seed,Imported from master codelists,Drug,standard,A10BJ_glucagon_like_peptide_1_glp_1_analogues
glp1_receptor_agonists,GLP-1 receptor agonists,drug,2901706,TRUE,0.2 ML lixisenatide 0.05 MG/ML Injection Box of 14,RxNorm Extension,A10BJ_glucagon_like_peptide_1_glp_1_analogues,reviewed_seed,Imported from master codelists,Drug,standard,A10BJ_glucagon_like_peptide_1_glp_1_analogues
glp1_receptor_agonists,GLP-1 receptor agonists,drug,2901707,TRUE,0.2 ML lixisenatide 0.05 MG/ML Injection,RxNorm Extension,A10BJ_glucagon_like_peptide_1_glp_1_analogues,reviewed_seed,Imported from master codelists,Drug,standard,A10BJ_glucagon_like_peptide_1_glp_1_analogues
glp1_receptor_agonists,GLP-1 receptor agonists,drug,2901708,TRUE,0.2 ML lixisenatide 0.05 MG/ML Pen Injector [Lyxumia],RxNorm Extension,A10BJ_glucagon_like_peptide_1_glp_1_analogues,reviewed_seed,Imported from master codelists,Drug,standard,A10BJ_glucagon_like_peptide_1_glp_1_analogues
glp1_receptor_agonists,GLP-1 receptor agonists,drug,2901709,TRUE,0.2 ML lixisenatide 0.05 MG/ML Pen Injector,RxNorm Extension,A10BJ_glucagon_like_peptide_1_glp_1_analogues,reviewed_seed,Imported from master codelists,Drug,standard,A10BJ_glucagon_like_peptide_1_glp_1_analogues
glp1_receptor_agonists,GLP-1 receptor agonists,drug,2901710,TRUE,0.2 ML lixisenatide 0.05 MG/ML Injectable Solution Box of 14,RxNorm Extension,A10BJ_glucagon_like_peptide_1_glp_1_analogues,reviewed_seed,Imported from master codelists,Drug,standard,A10BJ_glucagon_like_peptide_1_glp_1_analogues
glp1_receptor_agonists,GLP-1 receptor agonists,drug,2902024,TRUE,0.5 ML dulaglutide 3 MG/ML Injection [Trulicity] Box of 2,RxNorm Extension,A10BJ_glucagon_like_peptide_1_glp_1_analogues,reviewed_seed,Imported from master codelists,Drug,standard,A10BJ_glucagon_like_peptide_1_glp_1_analogues
glp1_receptor_agonists,GLP-1 receptor agonists,drug,2902025,TRUE,0.5 ML dulaglutide 3 MG/ML Injection Box of 2,RxNorm Extension,A10BJ_glucagon_like_peptide_1_glp_1_analogues,reviewed_seed,Imported from master codelists,Drug,standard,A10BJ_glucagon_like_peptide_1_glp_1_analogues
glp1_receptor_agonists,GLP-1 receptor agonists,drug,2902026,TRUE,0.5 ML dulaglutide 3 MG/ML Pen Injector [Trulicity] Box of 4,RxNorm Extension,A10BJ_glucagon_like_peptide_1_glp_1_analogues,reviewed_seed,Imported from master codelists,Drug,standard,A10BJ_glucagon_like_peptide_1_glp_1_analogues
glp1_receptor_agonists,GLP-1 receptor agonists,drug,2902027,TRUE,0.5 ML dulaglutide 3 MG/ML Pen Injector [Trulicity] Box of 2,RxNorm Extension,A10BJ_glucagon_like_peptide_1_glp_1_analogues,reviewed_seed,Imported from master codelists,Drug,standard,A10BJ_glucagon_like_peptide_1_glp_1_analogues
glp1_receptor_agonists,GLP-1 receptor agonists,drug,2902028,TRUE,0.5 ML dulaglutide 3 MG/ML Pen Injector Box of 4,RxNorm Extension,A10BJ_glucagon_like_peptide_1_glp_1_analogues,reviewed_seed,Imported from master codelists,Drug,standard,A10BJ_glucagon_like_peptide_1_glp_1_analogues
glp1_receptor_agonists,GLP-1 receptor agonists,drug,2902029,TRUE,0.5 ML dulaglutide 3 MG/ML Pen Injector Box of 2,RxNorm Extension,A10BJ_glucagon_like_peptide_1_glp_1_analogues,reviewed_seed,Imported from master codelists,Drug,standard,A10BJ_glucagon_like_peptide_1_glp_1_analogues
glp1_receptor_agonists,GLP-1 receptor agonists,drug,2902225,TRUE,0.85 ML exenatide 2.35 MG/ML Injection [Bydureon] Box of 4,RxNorm Extension,A10BJ_glucagon_like_peptide_1_glp_1_analogues,reviewed_seed,Imported from master codelists,Drug,standard,A10BJ_glucagon_like_peptide_1_glp_1_analogues
glp1_receptor_agonists,GLP-1 receptor agonists,drug,2902226,TRUE,0.85 ML exenatide 2.35 MG/ML Injection [Bydureon],RxNorm Extension,A10BJ_glucagon_like_peptide_1_glp_1_analogues,reviewed_seed,Imported from master codelists,Drug,standard,A10BJ_glucagon_like_peptide_1_glp_1_analogues
glp1_receptor_agonists,GLP-1 receptor agonists,drug,2902227,TRUE,0.85 ML exenatide 2.35 MG/ML Injection Box of 4,RxNorm Extension,A10BJ_glucagon_like_peptide_1_glp_1_analogues,reviewed_seed,Imported from master codelists,Drug,standard,A10BJ_glucagon_like_peptide_1_glp_1_analogues
glp1_receptor_agonists,GLP-1 receptor agonists,drug,2902228,TRUE,0.85 ML exenatide 2.35 MG/ML Injection,RxNorm Extension,A10BJ_glucagon_like_peptide_1_glp_1_analogues,reviewed_seed,Imported from master codelists,Drug,standard,A10BJ_glucagon_like_peptide_1_glp_1_analogues
glp1_receptor_agonists,GLP-1 receptor agonists,drug,2902229,TRUE,0.85 ML exenatide 2.35 MG/ML Pen Injector [Bydureon],RxNorm Extension,A10BJ_glucagon_like_peptide_1_glp_1_analogues,reviewed_seed,Imported from master codelists,Drug,standard,A10BJ_glucagon_like_peptide_1_glp_1_analogues
glp1_receptor_agonists,GLP-1 receptor agonists,drug,2902230,TRUE,0.85 ML exenatide 2.35 MG/ML Pen Injector,RxNorm Extension,A10BJ_glucagon_like_peptide_1_glp_1_analogues,reviewed_seed,Imported from master codelists,Drug,standard,A10BJ_glucagon_like_peptide_1_glp_1_analogues
glp1_receptor_agonists,GLP-1 receptor agonists,drug,2903932,TRUE,1.5 ML semaglutide 1.34 MG/ML Pen Injector [Ozempic],RxNorm Extension,A10BJ_glucagon_like_peptide_1_glp_1_analogues,reviewed_seed,Imported from master codelists,Drug,standard,A10BJ_glucagon_like_peptide_1_glp_1_analogues
glp1_receptor_agonists,GLP-1 receptor agonists,drug,2903933,TRUE,1.5 ML semaglutide 1.34 MG/ML Pen Injector,RxNorm Extension,A10BJ_glucagon_like_peptide_1_glp_1_analogues,reviewed_seed,Imported from master codelists,Drug,standard,A10BJ_glucagon_like_peptide_1_glp_1_analogues
glp1_receptor_agonists,GLP-1 receptor agonists,drug,2906405,TRUE,3 ML liraglutide 6 MG/ML Cartridge [Victoza],RxNorm Extension,A10BJ_glucagon_like_peptide_1_glp_1_analogues,reviewed_seed,Imported from master codelists,Drug,standard,A10BJ_glucagon_like_peptide_1_glp_1_analogues
glp1_receptor_agonists,GLP-1 receptor agonists,drug,2906406,TRUE,3 ML liraglutide 6 MG/ML Cartridge Box of 3,RxNorm Extension,A10BJ_glucagon_like_peptide_1_glp_1_analogues,reviewed_seed,Imported from master codelists,Drug,standard,A10BJ_glucagon_like_peptide_1_glp_1_analogues
glp1_receptor_agonists,GLP-1 receptor agonists,drug,2906407,TRUE,3 ML liraglutide 6 MG/ML Cartridge Box of 2,RxNorm Extension,A10BJ_glucagon_like_peptide_1_glp_1_analogues,reviewed_seed,Imported from master codelists,Drug,standard,A10BJ_glucagon_like_peptide_1_glp_1_analogues
glp1_receptor_agonists,GLP-1 receptor agonists,drug,2906408,TRUE,3 ML liraglutide 6 MG/ML Cartridge,RxNorm Extension,A10BJ_glucagon_like_peptide_1_glp_1_analogues,reviewed_seed,Imported from master codelists,Drug,standard,A10BJ_glucagon_like_peptide_1_glp_1_analogues
glp1_receptor_agonists,GLP-1 receptor agonists,drug,2906409,TRUE,3 ML liraglutide 6 MG/ML Pen Injector [Saxenda] Box of 5,RxNorm Extension,A10BJ_glucagon_like_peptide_1_glp_1_analogues,reviewed_seed,Imported from master codelists,Drug,standard,A10BJ_glucagon_like_peptide_1_glp_1_analogues
glp1_receptor_agonists,GLP-1 receptor agonists,drug,2906410,TRUE,3 ML liraglutide 6 MG/ML Pen Injector [Saxenda] Box of 3,RxNorm Extension,A10BJ_glucagon_like_peptide_1_glp_1_analogues,reviewed_seed,Imported from master codelists,Drug,standard,A10BJ_glucagon_like_peptide_1_glp_1_analogues
glp1_receptor_agonists,GLP-1 receptor agonists,drug,2906411,TRUE,3 ML liraglutide 6 MG/ML Pen Injector [Victoza] Box of 3,RxNorm Extension,A10BJ_glucagon_like_peptide_1_glp_1_analogues,reviewed_seed,Imported from master codelists,Drug,standard,A10BJ_glucagon_like_peptide_1_glp_1_analogues
glp1_receptor_agonists,GLP-1 receptor agonists,drug,2906412,TRUE,3 ML liraglutide 6 MG/ML Pen Injector [Victoza] Box of 2,RxNorm Extension,A10BJ_glucagon_like_peptide_1_glp_1_analogues,reviewed_seed,Imported from master codelists,Drug,standard,A10BJ_glucagon_like_peptide_1_glp_1_analogues
glp1_receptor_agonists,GLP-1 receptor agonists,drug,2909333,TRUE,liraglutide 6 MG/ML Cartridge [Victoza],RxNorm Extension,A10BJ_glucagon_like_peptide_1_glp_1_analogues,reviewed_seed,Imported from master codelists,Drug,standard,A10BJ_glucagon_like_peptide_1_glp_1_analogues
glp1_receptor_agonists,GLP-1 receptor agonists,drug,2909334,TRUE,liraglutide 6 MG/ML Cartridge Box of 3,RxNorm Extension,A10BJ_glucagon_like_peptide_1_glp_1_analogues,reviewed_seed,Imported from master codelists,Drug,standard,A10BJ_glucagon_like_peptide_1_glp_1_analogues
glp1_receptor_agonists,GLP-1 receptor agonists,drug,2909335,TRUE,liraglutide 6 MG/ML Cartridge Box of 2,RxNorm Extension,A10BJ_glucagon_like_peptide_1_glp_1_analogues,reviewed_seed,Imported from master codelists,Drug,standard,A10BJ_glucagon_like_peptide_1_glp_1_analogues
glp1_receptor_agonists,GLP-1 receptor agonists,drug,2909336,TRUE,liraglutide 6 MG/ML Cartridge,RxNorm Extension,A10BJ_glucagon_like_peptide_1_glp_1_analogues,reviewed_seed,Imported from master codelists,Drug,standard,A10BJ_glucagon_like_peptide_1_glp_1_analogues
glp1_receptor_agonists,GLP-1 receptor agonists,drug,2909337,TRUE,liraglutide 6 MG/ML Pen Injector [Saxenda] Box of 5,RxNorm Extension,A10BJ_glucagon_like_peptide_1_glp_1_analogues,reviewed_seed,Imported from master codelists,Drug,standard,A10BJ_glucagon_like_peptide_1_glp_1_analogues
glp1_receptor_agonists,GLP-1 receptor agonists,drug,2909338,TRUE,liraglutide 6 MG/ML Pen Injector [Saxenda] Box of 3,RxNorm Extension,A10BJ_glucagon_like_peptide_1_glp_1_analogues,reviewed_seed,Imported from master codelists,Drug,standard,A10BJ_glucagon_like_peptide_1_glp_1_analogues
glp1_receptor_agonists,GLP-1 receptor agonists,drug,2909339,TRUE,liraglutide 6 MG/ML Pen Injector [Victoza] Box of 3,RxNorm Extension,A10BJ_glucagon_like_peptide_1_glp_1_analogues,reviewed_seed,Imported from master codelists,Drug,standard,A10BJ_glucagon_like_peptide_1_glp_1_analogues
glp1_receptor_agonists,GLP-1 receptor agonists,drug,2909340,TRUE,liraglutide 6 MG/ML Pen Injector [Victoza] Box of 2,RxNorm Extension,A10BJ_glucagon_like_peptide_1_glp_1_analogues,reviewed_seed,Imported from master codelists,Drug,standard,A10BJ_glucagon_like_peptide_1_glp_1_analogues
glp1_receptor_agonists,GLP-1 receptor agonists,drug,2909341,TRUE,liraglutide Cartridge [Victoza],RxNorm Extension,A10BJ_glucagon_like_peptide_1_glp_1_analogues,reviewed_seed,Imported from master codelists,Drug,standard,A10BJ_glucagon_like_peptide_1_glp_1_analogues
glp1_receptor_agonists,GLP-1 receptor agonists,drug,2909342,TRUE,liraglutide Cartridge,RxNorm Extension,A10BJ_glucagon_like_peptide_1_glp_1_analogues,reviewed_seed,Imported from master codelists,Drug,standard,A10BJ_glucagon_like_peptide_1_glp_1_analogues
glp1_receptor_agonists,GLP-1 receptor agonists,drug,2918412,TRUE,exenatide 0.25 MG/ML Injection,RxNorm Extension,A10BJ_glucagon_like_peptide_1_glp_1_analogues,reviewed_seed,Imported from master codelists,Drug,standard,A10BJ_glucagon_like_peptide_1_glp_1_analogues
glp1_receptor_agonists,GLP-1 receptor agonists,drug,2919062,TRUE,exenatide 2 MG Cartridge [Bydureon],RxNorm Extension,A10BJ_glucagon_like_peptide_1_glp_1_analogues,reviewed_seed,Imported from master codelists,Drug,standard,A10BJ_glucagon_like_peptide_1_glp_1_analogues
glp1_receptor_agonists,GLP-1 receptor agonists,drug,2919063,TRUE,exenatide 2 MG Cartridge,RxNorm Extension,A10BJ_glucagon_like_peptide_1_glp_1_analogues,reviewed_seed,Imported from master codelists,Drug,standard,A10BJ_glucagon_like_peptide_1_glp_1_analogues
glp1_receptor_agonists,GLP-1 receptor agonists,drug,2919064,TRUE,exenatide 2.35 MG/ML Injection [Bydureon] Box of 4,RxNorm Extension,A10BJ_glucagon_like_peptide_1_glp_1_analogues,reviewed_seed,Imported from master codelists,Drug,standard,A10BJ_glucagon_like_peptide_1_glp_1_analogues
glp1_receptor_agonists,GLP-1 receptor agonists,drug,2919065,TRUE,exenatide 2.35 MG/ML Injection [Bydureon],RxNorm Extension,A10BJ_glucagon_like_peptide_1_glp_1_analogues,reviewed_seed,Imported from master codelists,Drug,standard,A10BJ_glucagon_like_peptide_1_glp_1_analogues
glp1_receptor_agonists,GLP-1 receptor agonists,drug,2919066,TRUE,exenatide 2.35 MG/ML Injection Box of 4,RxNorm Extension,A10BJ_glucagon_like_peptide_1_glp_1_analogues,reviewed_seed,Imported from master codelists,Drug,standard,A10BJ_glucagon_like_peptide_1_glp_1_analogues
glp1_receptor_agonists,GLP-1 receptor agonists,drug,2919067,TRUE,exenatide 2.35 MG/ML Injection,RxNorm Extension,A10BJ_glucagon_like_peptide_1_glp_1_analogues,reviewed_seed,Imported from master codelists,Drug,standard,A10BJ_glucagon_like_peptide_1_glp_1_analogues
glp1_receptor_agonists,GLP-1 receptor agonists,drug,2919068,TRUE,exenatide 2.35 MG/ML Pen Injector [Bydureon],RxNorm Extension,A10BJ_glucagon_like_peptide_1_glp_1_analogues,reviewed_seed,Imported from master codelists,Drug,standard,A10BJ_glucagon_like_peptide_1_glp_1_analogues
glp1_receptor_agonists,GLP-1 receptor agonists,drug,2919069,TRUE,exenatide 2.35 MG/ML Pen Injector,RxNorm Extension,A10BJ_glucagon_like_peptide_1_glp_1_analogues,reviewed_seed,Imported from master codelists,Drug,standard,A10BJ_glucagon_like_peptide_1_glp_1_analogues
glp1_receptor_agonists,GLP-1 receptor agonists,drug,2919070,TRUE,exenatide 0.25 MG/ML Injection [Byetta] Box of 60,RxNorm Extension,A10BJ_glucagon_like_peptide_1_glp_1_analogues,reviewed_seed,Imported from master codelists,Drug,standard,A10BJ_glucagon_like_peptide_1_glp_1_analogues
glp1_receptor_agonists,GLP-1 receptor agonists,drug,2919071,TRUE,exenatide 0.25 MG/ML Injection [Byetta],RxNorm Extension,A10BJ_glucagon_like_peptide_1_glp_1_analogues,reviewed_seed,Imported from master codelists,Drug,standard,A10BJ_glucagon_like_peptide_1_glp_1_analogues
glp1_receptor_agonists,GLP-1 receptor agonists,drug,2919072,TRUE,exenatide 0.25 MG/ML Injection Box of 60,RxNorm Extension,A10BJ_glucagon_like_peptide_1_glp_1_analogues,reviewed_seed,Imported from master codelists,Drug,standard,A10BJ_glucagon_like_peptide_1_glp_1_analogues
glp1_receptor_agonists,GLP-1 receptor agonists,drug,2919073,TRUE,exenatide 0.25 MG/ML Injectable Solution Box of 60,RxNorm Extension,A10BJ_glucagon_like_peptide_1_glp_1_analogues,reviewed_seed,Imported from master codelists,Drug,standard,A10BJ_glucagon_like_peptide_1_glp_1_analogues
glp1_receptor_agonists,GLP-1 receptor agonists,drug,2919074,TRUE,exenatide Cartridge [Bydureon],RxNorm Extension,A10BJ_glucagon_like_peptide_1_glp_1_analogues,reviewed_seed,Imported from master codelists,Drug,standard,A10BJ_glucagon_like_peptide_1_glp_1_analogues
glp1_receptor_agonists,GLP-1 receptor agonists,drug,2919075,TRUE,exenatide Cartridge,RxNorm Extension,A10BJ_glucagon_like_peptide_1_glp_1_analogues,reviewed_seed,Imported from master codelists,Drug,standard,A10BJ_glucagon_like_peptide_1_glp_1_analogues
glp1_receptor_agonists,GLP-1 receptor agonists,drug,2926575,TRUE,dulaglutide 3 MG/ML Injection [Trulicity] Box of 2,RxNorm Extension,A10BJ_glucagon_like_peptide_1_glp_1_analogues,reviewed_seed,Imported from master codelists,Drug,standard,A10BJ_glucagon_like_peptide_1_glp_1_analogues
glp1_receptor_agonists,GLP-1 receptor agonists,drug,2926576,TRUE,dulaglutide 3 MG/ML Injection Box of 2,RxNorm Extension,A10BJ_glucagon_like_peptide_1_glp_1_analogues,reviewed_seed,Imported from master codelists,Drug,standard,A10BJ_glucagon_like_peptide_1_glp_1_analogues
glp1_receptor_agonists,GLP-1 receptor agonists,drug,2926577,TRUE,dulaglutide 3 MG/ML Pen Injector [Trulicity] Box of 4,RxNorm Extension,A10BJ_glucagon_like_peptide_1_glp_1_analogues,reviewed_seed,Imported from master codelists,Drug,standard,A10BJ_glucagon_like_peptide_1_glp_1_analogues
glp1_receptor_agonists,GLP-1 receptor agonists,drug,2926579,TRUE,dulaglutide 3 MG/ML Pen Injector [Trulicity] Box of 2,RxNorm Extension,A10BJ_glucagon_like_peptide_1_glp_1_analogues,reviewed_seed,Imported from master codelists,Drug,standard,A10BJ_glucagon_like_peptide_1_glp_1_analogues
glp1_receptor_agonists,GLP-1 receptor agonists,drug,2926580,TRUE,dulaglutide 3 MG/ML Pen Injector Box of 4,RxNorm Extension,A10BJ_glucagon_like_peptide_1_glp_1_analogues,reviewed_seed,Imported from master codelists,Drug,standard,A10BJ_glucagon_like_peptide_1_glp_1_analogues
glp1_receptor_agonists,GLP-1 receptor agonists,drug,2926581,TRUE,dulaglutide 3 MG/ML Pen Injector Box of 2,RxNorm Extension,A10BJ_glucagon_like_peptide_1_glp_1_analogues,reviewed_seed,Imported from master codelists,Drug,standard,A10BJ_glucagon_like_peptide_1_glp_1_analogues
glp1_receptor_agonists,GLP-1 receptor agonists,drug,2927677,TRUE,lixisenatide 0.1 MG/ML Injection [Lyxumia] Box of 14,RxNorm Extension,A10BJ_glucagon_like_peptide_1_glp_1_analogues,reviewed_seed,Imported from master codelists,Drug,standard,A10BJ_glucagon_like_peptide_1_glp_1_analogues
glp1_receptor_agonists,GLP-1 receptor agonists,drug,2927678,TRUE,lixisenatide 0.1 MG/ML Injection [Lyxumia] Box of 2,RxNorm Extension,A10BJ_glucagon_like_peptide_1_glp_1_analogues,reviewed_seed,Imported from master codelists,Drug,standard,A10BJ_glucagon_like_peptide_1_glp_1_analogues
glp1_receptor_agonists,GLP-1 receptor agonists,drug,2927679,TRUE,lixisenatide 0.1 MG/ML Injection [Lyxumia],RxNorm Extension,A10BJ_glucagon_like_peptide_1_glp_1_analogues,reviewed_seed,Imported from master codelists,Drug,standard,A10BJ_glucagon_like_peptide_1_glp_1_analogues
glp1_receptor_agonists,GLP-1 receptor agonists,drug,2927680,TRUE,lixisenatide 0.1 MG/ML Injection Box of 14,RxNorm Extension,A10BJ_glucagon_like_peptide_1_glp_1_analogues,reviewed_seed,Imported from master codelists,Drug,standard,A10BJ_glucagon_like_peptide_1_glp_1_analogues
glp1_receptor_agonists,GLP-1 receptor agonists,drug,2927681,TRUE,lixisenatide 0.1 MG/ML Injection Box of 2,RxNorm Extension,A10BJ_glucagon_like_peptide_1_glp_1_analogues,reviewed_seed,Imported from master codelists,Drug,standard,A10BJ_glucagon_like_peptide_1_glp_1_analogues
glp1_receptor_agonists,GLP-1 receptor agonists,drug,2927682,TRUE,lixisenatide 0.1 MG/ML Injection,RxNorm Extension,A10BJ_glucagon_like_peptide_1_glp_1_analogues,reviewed_seed,Imported from master codelists,Drug,standard,A10BJ_glucagon_like_peptide_1_glp_1_analogues
glp1_receptor_agonists,GLP-1 receptor agonists,drug,2927683,TRUE,lixisenatide 0.1 MG/ML Pen Injector [Lyxumia] Box of 6,RxNorm Extension,A10BJ_glucagon_like_peptide_1_glp_1_analogues,reviewed_seed,Imported from master codelists,Drug,standard,A10BJ_glucagon_like_peptide_1_glp_1_analogues
glp1_receptor_agonists,GLP-1 receptor agonists,drug,2927684,TRUE,lixisenatide 0.1 MG/ML Pen Injector [Lyxumia] Box of 2,RxNorm Extension,A10BJ_glucagon_like_peptide_1_glp_1_analogues,reviewed_seed,Imported from master codelists,Drug,standard,A10BJ_glucagon_like_peptide_1_glp_1_analogues
glp1_receptor_agonists,GLP-1 receptor agonists,drug,2927685,TRUE,lixisenatide 0.1 MG/ML Pen Injector Box of 6,RxNorm Extension,A10BJ_glucagon_like_peptide_1_glp_1_analogues,reviewed_seed,Imported from master codelists,Drug,standard,A10BJ_glucagon_like_peptide_1_glp_1_analogues
glp1_receptor_agonists,GLP-1 receptor agonists,drug,2927686,TRUE,lixisenatide 0.1 MG/ML Pen Injector Box of 2,RxNorm Extension,A10BJ_glucagon_like_peptide_1_glp_1_analogues,reviewed_seed,Imported from master codelists,Drug,standard,A10BJ_glucagon_like_peptide_1_glp_1_analogues
glp1_receptor_agonists,GLP-1 receptor agonists,drug,2927687,TRUE,lixisenatide 0.1 MG/ML Injectable Solution Box of 14,RxNorm Extension,A10BJ_glucagon_like_peptide_1_glp_1_analogues,reviewed_seed,Imported from master codelists,Drug,standard,A10BJ_glucagon_like_peptide_1_glp_1_analogues
glp1_receptor_agonists,GLP-1 receptor agonists,drug,2927688,TRUE,lixisenatide 0.05 MG/ML Injection [Lyxumia] Box of 14,RxNorm Extension,A10BJ_glucagon_like_peptide_1_glp_1_analogues,reviewed_seed,Imported from master codelists,Drug,standard,A10BJ_glucagon_like_peptide_1_glp_1_analogues
glp1_receptor_agonists,GLP-1 receptor agonists,drug,2927689,TRUE,lixisenatide 0.05 MG/ML Injection [Lyxumia],RxNorm Extension,A10BJ_glucagon_like_peptide_1_glp_1_analogues,reviewed_seed,Imported from master codelists,Drug,standard,A10BJ_glucagon_like_peptide_1_glp_1_analogues
glp1_receptor_agonists,GLP-1 receptor agonists,drug,2927690,TRUE,lixisenatide 0.05 MG/ML Injection Box of 14,RxNorm Extension,A10BJ_glucagon_like_peptide_1_glp_1_analogues,reviewed_seed,Imported from master codelists,Drug,standard,A10BJ_glucagon_like_peptide_1_glp_1_analogues
glp1_receptor_agonists,GLP-1 receptor agonists,drug,2927691,TRUE,lixisenatide 0.05 MG/ML Injection,RxNorm Extension,A10BJ_glucagon_like_peptide_1_glp_1_analogues,reviewed_seed,Imported from master codelists,Drug,standard,A10BJ_glucagon_like_peptide_1_glp_1_analogues
glp1_receptor_agonists,GLP-1 receptor agonists,drug,2927692,TRUE,lixisenatide 0.05 MG/ML Injectable Solution Box of 14,RxNorm Extension,A10BJ_glucagon_like_peptide_1_glp_1_analogues,reviewed_seed,Imported from master codelists,Drug,standard,A10BJ_glucagon_like_peptide_1_glp_1_analogues
glp1_receptor_agonists,GLP-1 receptor agonists,drug,2937977,TRUE,{14 (0.2 ML lixisenatide 0.05 MG/ML Injection) / 14 (0.2 ML lixisenatide 0.1 MG/ML Injection) } Pack [Lyxumia],RxNorm Extension,A10BJ_glucagon_like_peptide_1_glp_1_analogues,reviewed_seed,Imported from master codelists,Drug,standard,A10BJ_glucagon_like_peptide_1_glp_1_analogues
glp1_receptor_agonists,GLP-1 receptor agonists,drug,2938037,TRUE,{14 (0.2 ML lixisenatide 0.05 MG/ML Injection) / 14 (0.2 ML lixisenatide 0.1 MG/ML Injection) } Pack,RxNorm Extension,A10BJ_glucagon_like_peptide_1_glp_1_analogues,reviewed_seed,Imported from master codelists,Drug,standard,A10BJ_glucagon_like_peptide_1_glp_1_analogues
glp1_receptor_agonists,GLP-1 receptor agonists,drug,2938038,TRUE,{14 (0.2 ML lixisenatide 0.05 MG/ML Injection) / 14 (0.2 ML Lixisenatide 0.1 MG/ML Injectable Solution) } Pack,RxNorm Extension,A10BJ_glucagon_like_peptide_1_glp_1_analogues,reviewed_seed,Imported from master codelists,Drug,standard,A10BJ_glucagon_like_peptide_1_glp_1_analogues
glp1_receptor_agonists,GLP-1 receptor agonists,drug,2938137,TRUE,{1 (0.2 ML lixisenatide 0.05 MG/ML Pen Injector) / 1 (0.2 ML lixisenatide 0.1 MG/ML Pen Injector) } Pack [Lyxumia],RxNorm Extension,A10BJ_glucagon_like_peptide_1_glp_1_analogues,reviewed_seed,Imported from master codelists,Drug,standard,A10BJ_glucagon_like_peptide_1_glp_1_analogues
glp1_receptor_agonists,GLP-1 receptor agonists,drug,2938138,TRUE,{1 (0.2 ML lixisenatide 0.05 MG/ML Pen Injector) / 1 (0.2 ML lixisenatide 0.1 MG/ML Pen Injector) } Pack,RxNorm Extension,A10BJ_glucagon_like_peptide_1_glp_1_analogues,reviewed_seed,Imported from master codelists,Drug,standard,A10BJ_glucagon_like_peptide_1_glp_1_analogues
glp1_receptor_agonists,GLP-1 receptor agonists,drug,19083253,TRUE,exenatide 0.01 MG/ACTUAT [Byetta],RxNorm,A10BJ_glucagon_like_peptide_1_glp_1_analogues,reviewed_seed,Imported from master codelists,Drug,standard,A10BJ_glucagon_like_peptide_1_glp_1_analogues
glp1_receptor_agonists,GLP-1 receptor agonists,drug,19083254,TRUE,exenatide 0.005 MG/ACTUAT [Byetta],RxNorm,A10BJ_glucagon_like_peptide_1_glp_1_analogues,reviewed_seed,Imported from master codelists,Drug,standard,A10BJ_glucagon_like_peptide_1_glp_1_analogues
glp1_receptor_agonists,GLP-1 receptor agonists,drug,19135404,TRUE,exenatide 0.01 MG/ACTUAT,RxNorm,A10BJ_glucagon_like_peptide_1_glp_1_analogues,reviewed_seed,Imported from master codelists,Drug,standard,A10BJ_glucagon_like_peptide_1_glp_1_analogues
glp1_receptor_agonists,GLP-1 receptor agonists,drug,19135405,TRUE,60 ACTUAT exenatide 0.01 MG/ACTUAT Pen Injector,RxNorm,A10BJ_glucagon_like_peptide_1_glp_1_analogues,reviewed_seed,Imported from master codelists,Drug,standard,A10BJ_glucagon_like_peptide_1_glp_1_analogues
glp1_receptor_agonists,GLP-1 receptor agonists,drug,21027240,TRUE,albiglutide 30 MG,RxNorm Extension,A10BJ_glucagon_like_peptide_1_glp_1_analogues,reviewed_seed,Imported from master codelists,Drug,standard,A10BJ_glucagon_like_peptide_1_glp_1_analogues
glp1_receptor_agonists,GLP-1 receptor agonists,drug,21027241,TRUE,albiglutide 50 MG Injection [Eperzan],RxNorm Extension,A10BJ_glucagon_like_peptide_1_glp_1_analogues,reviewed_seed,Imported from master codelists,Drug,standard,A10BJ_glucagon_like_peptide_1_glp_1_analogues
glp1_receptor_agonists,GLP-1 receptor agonists,drug,21028842,TRUE,3 ML liraglutide 6 MG/ML Prefilled Syringe Box of 2 by DE,RxNorm Extension,A10BJ_glucagon_like_peptide_1_glp_1_analogues,reviewed_seed,Imported from master codelists,Drug,standard,A10BJ_glucagon_like_peptide_1_glp_1_analogues
glp1_receptor_agonists,GLP-1 receptor agonists,drug,21028843,TRUE,3 ML liraglutide 6 MG/ML Prefilled Syringe [Victoza] by Waymade,RxNorm Extension,A10BJ_glucagon_like_peptide_1_glp_1_analogues,reviewed_seed,Imported from master codelists,Drug,standard,A10BJ_glucagon_like_peptide_1_glp_1_analogues
glp1_receptor_agonists,GLP-1 receptor agonists,drug,21029637,TRUE,0.2 ML Lixisenatide 0.1 MG/ML Prefilled Syringe Box of 1,RxNorm Extension,A10BJ_glucagon_like_peptide_1_glp_1_analogues,reviewed_seed,Imported from master codelists,Drug,standard,A10BJ_glucagon_like_peptide_1_glp_1_analogues
glp1_receptor_agonists,GLP-1 receptor agonists,drug,21029638,TRUE,0.2 ML Lixisenatide 0.1 MG/ML Prefilled Syringe [Lyxumia] Box of 2,RxNorm Extension,A10BJ_glucagon_like_peptide_1_glp_1_analogues,reviewed_seed,Imported from master codelists,Drug,standard,A10BJ_glucagon_like_peptide_1_glp_1_analogues
glp1_receptor_agonists,GLP-1 receptor agonists,drug,21036255,TRUE,exenatide 2 MG Injection [Bydureon] by Astrazeneca,RxNorm Extension,A10BJ_glucagon_like_peptide_1_glp_1_analogues,reviewed_seed,Imported from master codelists,Drug,standard,A10BJ_glucagon_like_peptide_1_glp_1_analogues
glp1_receptor_agonists,GLP-1 receptor agonists,drug,21036594,TRUE,liraglutide 6 MG/ML Prefilled Syringe Box of 2,RxNorm Extension,A10BJ_glucagon_like_peptide_1_glp_1_analogues,reviewed_seed,Imported from master codelists,Drug,standard,A10BJ_glucagon_like_peptide_1_glp_1_analogues
glp1_receptor_agonists,GLP-1 receptor agonists,drug,21037025,TRUE,albiglutide Injection [Eperzan],RxNorm Extension,A10BJ_glucagon_like_peptide_1_glp_1_analogues,reviewed_seed,Imported from master codelists,Drug,standard,A10BJ_glucagon_like_peptide_1_glp_1_analogues
glp1_receptor_agonists,GLP-1 receptor agonists,drug,21041604,TRUE,dulaglutide 1.5 MG/ML Prefilled Syringe Box of 4,RxNorm Extension,A10BJ_glucagon_like_peptide_1_glp_1_analogues,reviewed_seed,Imported from master codelists,Drug,standard,A10BJ_glucagon_like_peptide_1_glp_1_analogues
glp1_receptor_agonists,GLP-1 receptor agonists,drug,21046456,TRUE,liraglutide 6 MG/ML Prefilled Syringe [Victoza] Box of 3,RxNorm Extension,A10BJ_glucagon_like_peptide_1_glp_1_analogues,reviewed_seed,Imported from master codelists,Drug,standard,A10BJ_glucagon_like_peptide_1_glp_1_analogues
glp1_receptor_agonists,GLP-1 receptor agonists,drug,21048468,TRUE,3 ML liraglutide 6 MG/ML Prefilled Syringe,RxNorm Extension,A10BJ_glucagon_like_peptide_1_glp_1_analogues,reviewed_seed,Imported from master codelists,Drug,standard,A10BJ_glucagon_like_peptide_1_glp_1_analogues
glp1_receptor_agonists,GLP-1 receptor agonists,drug,21048469,TRUE,3 ML liraglutide 6 MG/ML Prefilled Syringe by Niche,RxNorm Extension,A10BJ_glucagon_like_peptide_1_glp_1_analogues,reviewed_seed,Imported from master codelists,Drug,standard,A10BJ_glucagon_like_peptide_1_glp_1_analogues
glp1_receptor_agonists,GLP-1 receptor agonists,drug,21048470,TRUE,3 ML liraglutide 6 MG/ML Prefilled Syringe [Victoza] by Novo Nordisk,RxNorm Extension,A10BJ_glucagon_like_peptide_1_glp_1_analogues,reviewed_seed,Imported from master codelists,Drug,standard,A10BJ_glucagon_like_peptide_1_glp_1_analogues
glp1_receptor_agonists,GLP-1 receptor agonists,drug,21049318,TRUE,0.2 ML Lixisenatide 0.05 MG/ML Prefilled Syringe,RxNorm Extension,A10BJ_glucagon_like_peptide_1_glp_1_analogues,reviewed_seed,Imported from master codelists,Drug,standard,A10BJ_glucagon_like_peptide_1_glp_1_analogues
glp1_receptor_agonists,GLP-1 receptor agonists,drug,21049370,TRUE,0.5 ML dulaglutide 1.5 MG/ML Prefilled Syringe,RxNorm Extension,A10BJ_glucagon_like_peptide_1_glp_1_analogues,reviewed_seed,Imported from master codelists,Drug,standard,A10BJ_glucagon_like_peptide_1_glp_1_analogues
glp1_receptor_agonists,GLP-1 receptor agonists,drug,21056224,TRUE,liraglutide 6 MG/ML Prefilled Syringe Box of 3,RxNorm Extension,A10BJ_glucagon_like_peptide_1_glp_1_analogues,reviewed_seed,Imported from master codelists,Drug,standard,A10BJ_glucagon_like_peptide_1_glp_1_analogues
glp1_receptor_agonists,GLP-1 receptor agonists,drug,21056741,TRUE,Lixisenatide 0.1 MG/ML [Lyxumia],RxNorm Extension,A10BJ_glucagon_like_peptide_1_glp_1_analogues,reviewed_seed,Imported from master codelists,Drug,standard,A10BJ_glucagon_like_peptide_1_glp_1_analogues
glp1_receptor_agonists,GLP-1 receptor agonists,drug,21061182,TRUE,dulaglutide 3 MG/ML Prefilled Syringe Box of 4,RxNorm Extension,A10BJ_glucagon_like_peptide_1_glp_1_analogues,reviewed_seed,Imported from master codelists,Drug,standard,A10BJ_glucagon_like_peptide_1_glp_1_analogues
glp1_receptor_agonists,GLP-1 receptor agonists,drug,21066500,TRUE,albiglutide 30 MG Injection,RxNorm Extension,A10BJ_glucagon_like_peptide_1_glp_1_analogues,reviewed_seed,Imported from master codelists,Drug,standard,A10BJ_glucagon_like_peptide_1_glp_1_analogues
glp1_receptor_agonists,GLP-1 receptor agonists,drug,21066501,TRUE,albiglutide 50 MG [Eperzan],RxNorm Extension,A10BJ_glucagon_like_peptide_1_glp_1_analogues,reviewed_seed,Imported from master codelists,Drug,standard,A10BJ_glucagon_like_peptide_1_glp_1_analogues
glp1_receptor_agonists,GLP-1 receptor agonists,drug,21068155,TRUE,3 ML liraglutide 6 MG/ML Prefilled Syringe Box of 2,RxNorm Extension,A10BJ_glucagon_like_peptide_1_glp_1_analogues,reviewed_seed,Imported from master codelists,Drug,standard,A10BJ_glucagon_like_peptide_1_glp_1_analogues
glp1_receptor_agonists,GLP-1 receptor agonists,drug,21069050,TRUE,0.5 ML dulaglutide 1.5 MG/ML Prefilled Syringe [Trulicity],RxNorm Extension,A10BJ_glucagon_like_peptide_1_glp_1_analogues,reviewed_seed,Imported from master codelists,Drug,standard,A10BJ_glucagon_like_peptide_1_glp_1_analogues
glp1_receptor_agonists,GLP-1 receptor agonists,drug,21075648,TRUE,exenatide 0.25 MG/ML,RxNorm Extension,A10BJ_glucagon_like_peptide_1_glp_1_analogues,reviewed_seed,Imported from master codelists,Drug,standard,A10BJ_glucagon_like_peptide_1_glp_1_analogues
glp1_receptor_agonists,GLP-1 receptor agonists,drug,21076494,TRUE,Lixisenatide 0.05 MG/ML Prefilled Syringe [Lyxumia] Box of 1,RxNorm Extension,A10BJ_glucagon_like_peptide_1_glp_1_analogues,reviewed_seed,Imported from master codelists,Drug,standard,A10BJ_glucagon_like_peptide_1_glp_1_analogues
glp1_receptor_agonists,GLP-1 receptor agonists,drug,21077979,TRUE,3 ML liraglutide 6 MG/ML Prefilled Syringe [Victoza] Box of 3 by Novo Nordisk,RxNorm Extension,A10BJ_glucagon_like_peptide_1_glp_1_analogues,reviewed_seed,Imported from master codelists,Drug,standard,A10BJ_glucagon_like_peptide_1_glp_1_analogues
glp1_receptor_agonists,GLP-1 receptor agonists,drug,21078825,TRUE,0.5 ML dulaglutide 3 MG/ML Prefilled Syringe [Trulicity],RxNorm Extension,A10BJ_glucagon_like_peptide_1_glp_1_analogues,reviewed_seed,Imported from master codelists,Drug,standard,A10BJ_glucagon_like_peptide_1_glp_1_analogues
glp1_receptor_agonists,GLP-1 receptor agonists,drug,21085348,TRUE,exenatide 2 MG Injection Box of 4,RxNorm Extension,A10BJ_glucagon_like_peptide_1_glp_1_analogues,reviewed_seed,Imported from master codelists,Drug,standard,A10BJ_glucagon_like_peptide_1_glp_1_analogues
glp1_receptor_agonists,GLP-1 receptor agonists,drug,21086140,TRUE,albiglutide 50 MG Injection [Eperzan] Box of 4,RxNorm Extension,A10BJ_glucagon_like_peptide_1_glp_1_analogues,reviewed_seed,Imported from master codelists,Drug,standard,A10BJ_glucagon_like_peptide_1_glp_1_analogues
glp1_receptor_agonists,GLP-1 receptor agonists,drug,21086223,TRUE,Lixisenatide 0.1 MG/ML Prefilled Syringe [Lyxumia],RxNorm Extension,A10BJ_glucagon_like_peptide_1_glp_1_analogues,reviewed_seed,Imported from master codelists,Drug,standard,A10BJ_glucagon_like_peptide_1_glp_1_analogues
glp1_receptor_agonists,GLP-1 receptor agonists,drug,21087724,TRUE,3 ML liraglutide 6 MG/ML Prefilled Syringe by J M McGill,RxNorm Extension,A10BJ_glucagon_like_peptide_1_glp_1_analogues,reviewed_seed,Imported from master codelists,Drug,standard,A10BJ_glucagon_like_peptide_1_glp_1_analogues
glp1_receptor_agonists,GLP-1 receptor agonists,drug,21087725,TRUE,3 ML liraglutide 6 MG/ML Prefilled Syringe Box of 3 by DE,RxNorm Extension,A10BJ_glucagon_like_peptide_1_glp_1_analogues,reviewed_seed,Imported from master codelists,Drug,standard,A10BJ_glucagon_like_peptide_1_glp_1_analogues
glp1_receptor_agonists,GLP-1 receptor agonists,drug,21087726,TRUE,3 ML liraglutide 6 MG/ML Prefilled Syringe [Victoza] Box of 2 by Waymade,RxNorm Extension,A10BJ_glucagon_like_peptide_1_glp_1_analogues,reviewed_seed,Imported from master codelists,Drug,standard,A10BJ_glucagon_like_peptide_1_glp_1_analogues
glp1_receptor_agonists,GLP-1 receptor agonists,drug,21087727,TRUE,3 ML liraglutide 6 MG/ML Prefilled Syringe [Victoza] Box of 3,RxNorm Extension,A10BJ_glucagon_like_peptide_1_glp_1_analogues,reviewed_seed,Imported from master codelists,Drug,standard,A10BJ_glucagon_like_peptide_1_glp_1_analogues
glp1_receptor_agonists,GLP-1 receptor agonists,drug,21088503,TRUE,0.2 ML Lixisenatide 0.05 MG/ML Prefilled Syringe [Lyxumia] by Sanofi,RxNorm Extension,A10BJ_glucagon_like_peptide_1_glp_1_analogues,reviewed_seed,Imported from master codelists,Drug,standard,A10BJ_glucagon_like_peptide_1_glp_1_analogues
glp1_receptor_agonists,GLP-1 receptor agonists,drug,21088504,TRUE,0.2 ML Lixisenatide 0.1 MG/ML Prefilled Syringe [Lyxumia] Box of 2 by Sanofi,RxNorm Extension,A10BJ_glucagon_like_peptide_1_glp_1_analogues,reviewed_seed,Imported from master codelists,Drug,standard,A10BJ_glucagon_like_peptide_1_glp_1_analogues
glp1_receptor_agonists,GLP-1 receptor agonists,drug,21095151,TRUE,exenatide 2 MG Injection [Bydureon] Box of 4 by Lexon,RxNorm Extension,A10BJ_glucagon_like_peptide_1_glp_1_analogues,reviewed_seed,Imported from master codelists,Drug,standard,A10BJ_glucagon_like_peptide_1_glp_1_analogues
glp1_receptor_agonists,GLP-1 receptor agonists,drug,21095937,TRUE,albiglutide 50 MG,RxNorm Extension,A10BJ_glucagon_like_peptide_1_glp_1_analogues,reviewed_seed,Imported from master codelists,Drug,standard,A10BJ_glucagon_like_peptide_1_glp_1_analogues
glp1_receptor_agonists,GLP-1 receptor agonists,drug,21097518,TRUE,3 ML liraglutide 6 MG/ML Prefilled Syringe [Victoza] Box of 2,RxNorm Extension,A10BJ_glucagon_like_peptide_1_glp_1_analogues,reviewed_seed,Imported from master codelists,Drug,standard,A10BJ_glucagon_like_peptide_1_glp_1_analogues
glp1_receptor_agonists,GLP-1 receptor agonists,drug,21097519,TRUE,3 ML liraglutide 6 MG/ML Prefilled Syringe [Victoza] Box of 3 by Waymade,RxNorm Extension,A10BJ_glucagon_like_peptide_1_glp_1_analogues,reviewed_seed,Imported from master codelists,Drug,standard,A10BJ_glucagon_like_peptide_1_glp_1_analogues
glp1_receptor_agonists,GLP-1 receptor agonists,drug,21098380,TRUE,0.2 ML Lixisenatide 0.05 MG/ML Prefilled Syringe Box of 1,RxNorm Extension,A10BJ_glucagon_like_peptide_1_glp_1_analogues,reviewed_seed,Imported from master codelists,Drug,standard,A10BJ_glucagon_like_peptide_1_glp_1_analogues
glp1_receptor_agonists,GLP-1 receptor agonists,drug,21098381,TRUE,0.2 ML Lixisenatide 0.1 MG/ML Prefilled Syringe [Lyxumia] Box of 1,RxNorm Extension,A10BJ_glucagon_like_peptide_1_glp_1_analogues,reviewed_seed,Imported from master codelists,Drug,standard,A10BJ_glucagon_like_peptide_1_glp_1_analogues
glp1_receptor_agonists,GLP-1 receptor agonists,drug,21105003,TRUE,exenatide 0.25 MG/ML [Byetta],RxNorm Extension,A10BJ_glucagon_like_peptide_1_glp_1_analogues,reviewed_seed,Imported from master codelists,Drug,standard,A10BJ_glucagon_like_peptide_1_glp_1_analogues
glp1_receptor_agonists,GLP-1 receptor agonists,drug,21105004,TRUE,exenatide 2 MG Injection [Bydureon] by Lexon,RxNorm Extension,A10BJ_glucagon_like_peptide_1_glp_1_analogues,reviewed_seed,Imported from master codelists,Drug,standard,A10BJ_glucagon_like_peptide_1_glp_1_analogues
glp1_receptor_agonists,GLP-1 receptor agonists,drug,21105334,TRUE,liraglutide 6 MG/ML Prefilled Syringe [Victoza] Box of 2,RxNorm Extension,A10BJ_glucagon_like_peptide_1_glp_1_analogues,reviewed_seed,Imported from master codelists,Drug,standard,A10BJ_glucagon_like_peptide_1_glp_1_analogues
glp1_receptor_agonists,GLP-1 receptor agonists,drug,21107378,TRUE,3 ML liraglutide 6 MG/ML Prefilled Syringe by Colorama,RxNorm Extension,A10BJ_glucagon_like_peptide_1_glp_1_analogues,reviewed_seed,Imported from master codelists,Drug,standard,A10BJ_glucagon_like_peptide_1_glp_1_analogues
glp1_receptor_agonists,GLP-1 receptor agonists,drug,21107379,TRUE,3 ML liraglutide 6 MG/ML Prefilled Syringe [Victoza],RxNorm Extension,A10BJ_glucagon_like_peptide_1_glp_1_analogues,reviewed_seed,Imported from master codelists,Drug,standard,A10BJ_glucagon_like_peptide_1_glp_1_analogues
glp1_receptor_agonists,GLP-1 receptor agonists,drug,21114821,TRUE,exenatide 0.25 MG/ML Prefilled Syringe,RxNorm Extension,A10BJ_glucagon_like_peptide_1_glp_1_analogues,reviewed_seed,Imported from master codelists,Drug,standard,A10BJ_glucagon_like_peptide_1_glp_1_analogues
glp1_receptor_agonists,GLP-1 receptor agonists,drug,21115586,TRUE,albiglutide 30 MG Injection [Eperzan] by Glaxosmithkline,RxNorm Extension,A10BJ_glucagon_like_peptide_1_glp_1_analogues,reviewed_seed,Imported from master codelists,Drug,standard,A10BJ_glucagon_like_peptide_1_glp_1_analogues
glp1_receptor_agonists,GLP-1 receptor agonists,drug,21115587,TRUE,albiglutide 50 MG Injection,RxNorm Extension,A10BJ_glucagon_like_peptide_1_glp_1_analogues,reviewed_seed,Imported from master codelists,Drug,standard,A10BJ_glucagon_like_peptide_1_glp_1_analogues
glp1_receptor_agonists,GLP-1 receptor agonists,drug,21117127,TRUE,3 ML liraglutide 6 MG/ML Prefilled Syringe by DE,RxNorm Extension,A10BJ_glucagon_like_peptide_1_glp_1_analogues,reviewed_seed,Imported from master codelists,Drug,standard,A10BJ_glucagon_like_peptide_1_glp_1_analogues
glp1_receptor_agonists,GLP-1 receptor agonists,drug,21118000,TRUE,0.5 ML dulaglutide 3 MG/ML Prefilled Syringe [Trulicity] by Lilly,RxNorm Extension,A10BJ_glucagon_like_peptide_1_glp_1_analogues,reviewed_seed,Imported from master codelists,Drug,standard,A10BJ_glucagon_like_peptide_1_glp_1_analogues
glp1_receptor_agonists,GLP-1 receptor agonists,drug,21125207,TRUE,albiglutide 30 MG Injection [Eperzan] Box of 4 by Glaxosmithkline,RxNorm Extension,A10BJ_glucagon_like_peptide_1_glp_1_analogues,reviewed_seed,Imported from master codelists,Drug,standard,A10BJ_glucagon_like_peptide_1_glp_1_analogues
glp1_receptor_agonists,GLP-1 receptor agonists,drug,21125208,TRUE,albiglutide 50 MG Injection [Eperzan] by Glaxosmithkline,RxNorm Extension,A10BJ_glucagon_like_peptide_1_glp_1_analogues,reviewed_seed,Imported from master codelists,Drug,standard,A10BJ_glucagon_like_peptide_1_glp_1_analogues
glp1_receptor_agonists,GLP-1 receptor agonists,drug,21125304,TRUE,Lixisenatide 0.1 MG/ML Prefilled Syringe Box of 1,RxNorm Extension,A10BJ_glucagon_like_peptide_1_glp_1_analogues,reviewed_seed,Imported from master codelists,Drug,standard,A10BJ_glucagon_like_peptide_1_glp_1_analogues
glp1_receptor_agonists,GLP-1 receptor agonists,drug,21127718,TRUE,0.2 ML Lixisenatide 0.05 MG/ML Prefilled Syringe [Lyxumia],RxNorm Extension,A10BJ_glucagon_like_peptide_1_glp_1_analogues,reviewed_seed,Imported from master codelists,Drug,standard,A10BJ_glucagon_like_peptide_1_glp_1_analogues
glp1_receptor_agonists,GLP-1 receptor agonists,drug,21127719,TRUE,0.2 ML Lixisenatide 0.1 MG/ML Prefilled Syringe,RxNorm Extension,A10BJ_glucagon_like_peptide_1_glp_1_analogues,reviewed_seed,Imported from master codelists,Drug,standard,A10BJ_glucagon_like_peptide_1_glp_1_analogues
glp1_receptor_agonists,GLP-1 receptor agonists,drug,21127720,TRUE,0.2 ML Lixisenatide 0.1 MG/ML Prefilled Syringe Box of 2,RxNorm Extension,A10BJ_glucagon_like_peptide_1_glp_1_analogues,reviewed_seed,Imported from master codelists,Drug,standard,A10BJ_glucagon_like_peptide_1_glp_1_analogues
glp1_receptor_agonists,GLP-1 receptor agonists,drug,21127764,TRUE,0.5 ML dulaglutide 1.5 MG/ML Prefilled Syringe [Trulicity] Box of 4,RxNorm Extension,A10BJ_glucagon_like_peptide_1_glp_1_analogues,reviewed_seed,Imported from master codelists,Drug,standard,A10BJ_glucagon_like_peptide_1_glp_1_analogues
glp1_receptor_agonists,GLP-1 receptor agonists,drug,21134325,TRUE,exenatide 0.25 MG/ML Prefilled Syringe [Byetta],RxNorm Extension,A10BJ_glucagon_like_peptide_1_glp_1_analogues,reviewed_seed,Imported from master codelists,Drug,standard,A10BJ_glucagon_like_peptide_1_glp_1_analogues
glp1_receptor_agonists,GLP-1 receptor agonists,drug,21135110,TRUE,albiglutide 30 MG [Eperzan],RxNorm Extension,A10BJ_glucagon_like_peptide_1_glp_1_analogues,reviewed_seed,Imported from master codelists,Drug,standard,A10BJ_glucagon_like_peptide_1_glp_1_analogues
glp1_receptor_agonists,GLP-1 receptor agonists,drug,21135191,TRUE,Lixisenatide 0.1 MG/ML Prefilled Syringe [Lyxumia] Box of 1,RxNorm Extension,A10BJ_glucagon_like_peptide_1_glp_1_analogues,reviewed_seed,Imported from master codelists,Drug,standard,A10BJ_glucagon_like_peptide_1_glp_1_analogues
glp1_receptor_agonists,GLP-1 receptor agonists,drug,21135192,TRUE,Lixisenatide 0.1 MG/ML Prefilled Syringe [Lyxumia] Box of 2,RxNorm Extension,A10BJ_glucagon_like_peptide_1_glp_1_analogues,reviewed_seed,Imported from master codelists,Drug,standard,A10BJ_glucagon_like_peptide_1_glp_1_analogues
glp1_receptor_agonists,GLP-1 receptor agonists,drug,21136743,TRUE,3 ML liraglutide 6 MG/ML Prefilled Syringe Box of 2 by Niche,RxNorm Extension,A10BJ_glucagon_like_peptide_1_glp_1_analogues,reviewed_seed,Imported from master codelists,Drug,standard,A10BJ_glucagon_like_peptide_1_glp_1_analogues
glp1_receptor_agonists,GLP-1 receptor agonists,drug,21137586,TRUE,0.2 ML Lixisenatide 0.05 MG/ML Prefilled Syringe [Lyxumia] Box of 1,RxNorm Extension,A10BJ_glucagon_like_peptide_1_glp_1_analogues,reviewed_seed,Imported from master codelists,Drug,standard,A10BJ_glucagon_like_peptide_1_glp_1_analogues
glp1_receptor_agonists,GLP-1 receptor agonists,drug,21137643,TRUE,0.5 ML dulaglutide 3 MG/ML Prefilled Syringe Box of 4,RxNorm Extension,A10BJ_glucagon_like_peptide_1_glp_1_analogues,reviewed_seed,Imported from master codelists,Drug,standard,A10BJ_glucagon_like_peptide_1_glp_1_analogues
glp1_receptor_agonists,GLP-1 receptor agonists,drug,21139712,TRUE,dulaglutide 3 MG/ML Prefilled Syringe [Trulicity] Box of 4,RxNorm Extension,A10BJ_glucagon_like_peptide_1_glp_1_analogues,reviewed_seed,Imported from master codelists,Drug,standard,A10BJ_glucagon_like_peptide_1_glp_1_analogues
glp1_receptor_agonists,GLP-1 receptor agonists,drug,21144237,TRUE,exenatide 0.25 MG/ML Prefilled Syringe [Byetta] Box of 1,RxNorm Extension,A10BJ_glucagon_like_peptide_1_glp_1_analogues,reviewed_seed,Imported from master codelists,Drug,standard,A10BJ_glucagon_like_peptide_1_glp_1_analogues
glp1_receptor_agonists,GLP-1 receptor agonists,drug,21144238,TRUE,exenatide 2 MG Injection [Bydureon] Box of 4,RxNorm Extension,A10BJ_glucagon_like_peptide_1_glp_1_analogues,reviewed_seed,Imported from master codelists,Drug,standard,A10BJ_glucagon_like_peptide_1_glp_1_analogues
glp1_receptor_agonists,GLP-1 receptor agonists,drug,21144239,TRUE,exenatide 2 MG Injection [Bydureon] Box of 4 by Astrazeneca,RxNorm Extension,A10BJ_glucagon_like_peptide_1_glp_1_analogues,reviewed_seed,Imported from master codelists,Drug,standard,A10BJ_glucagon_like_peptide_1_glp_1_analogues
glp1_receptor_agonists,GLP-1 receptor agonists,drug,21145008,TRUE,albiglutide 30 MG Injection Box of 4,RxNorm Extension,A10BJ_glucagon_like_peptide_1_glp_1_analogues,reviewed_seed,Imported from master codelists,Drug,standard,A10BJ_glucagon_like_peptide_1_glp_1_analogues
glp1_receptor_agonists,GLP-1 receptor agonists,drug,21145084,TRUE,Lixisenatide Prefilled Syringe [Lyxumia],RxNorm Extension,A10BJ_glucagon_like_peptide_1_glp_1_analogues,reviewed_seed,Imported from master codelists,Drug,standard,A10BJ_glucagon_like_peptide_1_glp_1_analogues
glp1_receptor_agonists,GLP-1 receptor agonists,drug,21145085,TRUE,Lixisenatide 0.05 MG/ML Prefilled Syringe Box of 1,RxNorm Extension,A10BJ_glucagon_like_peptide_1_glp_1_analogues,reviewed_seed,Imported from master codelists,Drug,standard,A10BJ_glucagon_like_peptide_1_glp_1_analogues
glp1_receptor_agonists,GLP-1 receptor agonists,drug,21145086,TRUE,Lixisenatide 0.05 MG/ML Prefilled Syringe [Lyxumia],RxNorm Extension,A10BJ_glucagon_like_peptide_1_glp_1_analogues,reviewed_seed,Imported from master codelists,Drug,standard,A10BJ_glucagon_like_peptide_1_glp_1_analogues
glp1_receptor_agonists,GLP-1 receptor agonists,drug,21146597,TRUE,3 ML liraglutide 6 MG/ML Prefilled Syringe Box of 3,RxNorm Extension,A10BJ_glucagon_like_peptide_1_glp_1_analogues,reviewed_seed,Imported from master codelists,Drug,standard,A10BJ_glucagon_like_peptide_1_glp_1_analogues
glp1_receptor_agonists,GLP-1 receptor agonists,drug,21147416,TRUE,0.2 ML Lixisenatide 0.05 MG/ML Prefilled Syringe [Lyxumia] Box of 1 by Sanofi,RxNorm Extension,A10BJ_glucagon_like_peptide_1_glp_1_analogues,reviewed_seed,Imported from master codelists,Drug,standard,A10BJ_glucagon_like_peptide_1_glp_1_analogues
glp1_receptor_agonists,GLP-1 receptor agonists,drug,21147417,TRUE,0.2 ML Lixisenatide 0.1 MG/ML Prefilled Syringe [Lyxumia] Box of 1 by Sanofi,RxNorm Extension,A10BJ_glucagon_like_peptide_1_glp_1_analogues,reviewed_seed,Imported from master codelists,Drug,standard,A10BJ_glucagon_like_peptide_1_glp_1_analogues
glp1_receptor_agonists,GLP-1 receptor agonists,drug,21149564,TRUE,dulaglutide 1.5 MG/ML Prefilled Syringe [Trulicity] Box of 4,RxNorm Extension,A10BJ_glucagon_like_peptide_1_glp_1_analogues,reviewed_seed,Imported from master codelists,Drug,standard,A10BJ_glucagon_like_peptide_1_glp_1_analogues
glp1_receptor_agonists,GLP-1 receptor agonists,drug,21154179,TRUE,exenatide 0.25 MG/ML Prefilled Syringe Box of 1,RxNorm Extension,A10BJ_glucagon_like_peptide_1_glp_1_analogues,reviewed_seed,Imported from master codelists,Drug,standard,A10BJ_glucagon_like_peptide_1_glp_1_analogues
glp1_receptor_agonists,GLP-1 receptor agonists,drug,21154942,TRUE,albiglutide 50 MG Injection [Eperzan] Box of 4 by Glaxosmithkline,RxNorm Extension,A10BJ_glucagon_like_peptide_1_glp_1_analogues,reviewed_seed,Imported from master codelists,Drug,standard,A10BJ_glucagon_like_peptide_1_glp_1_analogues
glp1_receptor_agonists,GLP-1 receptor agonists,drug,21155024,TRUE,Lixisenatide 0.1 MG/ML Prefilled Syringe Box of 2,RxNorm Extension,A10BJ_glucagon_like_peptide_1_glp_1_analogues,reviewed_seed,Imported from master codelists,Drug,standard,A10BJ_glucagon_like_peptide_1_glp_1_analogues
glp1_receptor_agonists,GLP-1 receptor agonists,drug,21156568,TRUE,3 ML liraglutide 6 MG/ML Prefilled Syringe Box of 2 by J M McGill,RxNorm Extension,A10BJ_glucagon_like_peptide_1_glp_1_analogues,reviewed_seed,Imported from master codelists,Drug,standard,A10BJ_glucagon_like_peptide_1_glp_1_analogues
glp1_receptor_agonists,GLP-1 receptor agonists,drug,21156569,TRUE,3 ML liraglutide 6 MG/ML Prefilled Syringe Box of 3 by Colorama,RxNorm Extension,A10BJ_glucagon_like_peptide_1_glp_1_analogues,reviewed_seed,Imported from master codelists,Drug,standard,A10BJ_glucagon_like_peptide_1_glp_1_analogues
glp1_receptor_agonists,GLP-1 receptor agonists,drug,21157455,TRUE,0.5 ML dulaglutide 1.5 MG/ML Prefilled Syringe [Trulicity] by Lilly,RxNorm Extension,A10BJ_glucagon_like_peptide_1_glp_1_analogues,reviewed_seed,Imported from master codelists,Drug,standard,A10BJ_glucagon_like_peptide_1_glp_1_analogues
glp1_receptor_agonists,GLP-1 receptor agonists,drug,21164776,TRUE,albiglutide 30 MG Injection [Eperzan],RxNorm Extension,A10BJ_glucagon_like_peptide_1_glp_1_analogues,reviewed_seed,Imported from master codelists,Drug,standard,A10BJ_glucagon_like_peptide_1_glp_1_analogues
glp1_receptor_agonists,GLP-1 receptor agonists,drug,21164856,TRUE,Lixisenatide 0.05 MG/ML [Lyxumia],RxNorm Extension,A10BJ_glucagon_like_peptide_1_glp_1_analogues,reviewed_seed,Imported from master codelists,Drug,standard,A10BJ_glucagon_like_peptide_1_glp_1_analogues
glp1_receptor_agonists,GLP-1 receptor agonists,drug,21166315,TRUE,3 ML liraglutide 6 MG/ML Prefilled Syringe [Victoza] Box of 2 by Novo Nordisk,RxNorm Extension,A10BJ_glucagon_like_peptide_1_glp_1_analogues,reviewed_seed,Imported from master codelists,Drug,standard,A10BJ_glucagon_like_peptide_1_glp_1_analogues
glp1_receptor_agonists,GLP-1 receptor agonists,drug,21167145,TRUE,0.2 ML Lixisenatide 0.1 MG/ML Prefilled Syringe [Lyxumia],RxNorm Extension,A10BJ_glucagon_like_peptide_1_glp_1_analogues,reviewed_seed,Imported from master codelists,Drug,standard,A10BJ_glucagon_like_peptide_1_glp_1_analogues
glp1_receptor_agonists,GLP-1 receptor agonists,drug,21167204,TRUE,0.5 ML dulaglutide 1.5 MG/ML Prefilled Syringe Box of 4,RxNorm Extension,A10BJ_glucagon_like_peptide_1_glp_1_analogues,reviewed_seed,Imported from master codelists,Drug,standard,A10BJ_glucagon_like_peptide_1_glp_1_analogues
glp1_receptor_agonists,GLP-1 receptor agonists,drug,21167205,TRUE,0.5 ML dulaglutide 3 MG/ML Prefilled Syringe,RxNorm Extension,A10BJ_glucagon_like_peptide_1_glp_1_analogues,reviewed_seed,Imported from master codelists,Drug,standard,A10BJ_glucagon_like_peptide_1_glp_1_analogues
glp1_receptor_agonists,GLP-1 receptor agonists,drug,21174504,TRUE,albiglutide 30 MG Injection [Eperzan] Box of 4,RxNorm Extension,A10BJ_glucagon_like_peptide_1_glp_1_analogues,reviewed_seed,Imported from master codelists,Drug,standard,A10BJ_glucagon_like_peptide_1_glp_1_analogues
glp1_receptor_agonists,GLP-1 receptor agonists,drug,21174505,TRUE,albiglutide 50 MG Injection Box of 4,RxNorm Extension,A10BJ_glucagon_like_peptide_1_glp_1_analogues,reviewed_seed,Imported from master codelists,Drug,standard,A10BJ_glucagon_like_peptide_1_glp_1_analogues
glp1_receptor_agonists,GLP-1 receptor agonists,drug,21176095,TRUE,3 ML liraglutide 6 MG/ML Prefilled Syringe Box of 2 by Colorama,RxNorm Extension,A10BJ_glucagon_like_peptide_1_glp_1_analogues,reviewed_seed,Imported from master codelists,Drug,standard,A10BJ_glucagon_like_peptide_1_glp_1_analogues
glp1_receptor_agonists,GLP-1 receptor agonists,drug,21176937,TRUE,0.2 ML Lixisenatide 0.1 MG/ML Prefilled Syringe [Lyxumia] by Sanofi,RxNorm Extension,A10BJ_glucagon_like_peptide_1_glp_1_analogues,reviewed_seed,Imported from master codelists,Drug,standard,A10BJ_glucagon_like_peptide_1_glp_1_analogues
glp1_receptor_agonists,GLP-1 receptor agonists,drug,21176994,TRUE,0.5 ML dulaglutide 3 MG/ML Prefilled Syringe [Trulicity] Box of 4,RxNorm Extension,A10BJ_glucagon_like_peptide_1_glp_1_analogues,reviewed_seed,Imported from master codelists,Drug,standard,A10BJ_glucagon_like_peptide_1_glp_1_analogues
glp1_receptor_agonists,GLP-1 receptor agonists,drug,21177831,TRUE,{(0.2 ML Lixisenatide 0.05 MG/ML Prefilled Syringe) / (0.2 ML Lixisenatide 0.1 MG/ML Prefilled Syringe) } Pack [Lyxumia] by Sanofi,RxNorm Extension,A10BJ_glucagon_like_peptide_1_glp_1_analogues,reviewed_seed,Imported from master codelists,Drug,standard,A10BJ_glucagon_like_peptide_1_glp_1_analogues
glp1_receptor_agonists,GLP-1 receptor agonists,drug,21177911,TRUE,{1 (0.2 ML Lixisenatide 0.05 MG/ML Prefilled Syringe) / 1 (0.2 ML Lixisenatide 0.1 MG/ML Prefilled Syringe) } Pack [Lyxumia] by Sanofi,RxNorm Extension,A10BJ_glucagon_like_peptide_1_glp_1_analogues,reviewed_seed,Imported from master codelists,Drug,standard,A10BJ_glucagon_like_peptide_1_glp_1_analogues
glp1_receptor_agonists,GLP-1 receptor agonists,drug,21178105,TRUE,{(0.2 ML Lixisenatide 0.05 MG/ML Prefilled Syringe) / (0.2 ML Lixisenatide 0.1 MG/ML Prefilled Syringe) } Pack,RxNorm Extension,A10BJ_glucagon_like_peptide_1_glp_1_analogues,reviewed_seed,Imported from master codelists,Drug,standard,A10BJ_glucagon_like_peptide_1_glp_1_analogues
glp1_receptor_agonists,GLP-1 receptor agonists,drug,21178177,TRUE,{1 (0.2 ML Lixisenatide 0.05 MG/ML Prefilled Syringe) / 1 (0.2 ML Lixisenatide 0.1 MG/ML Prefilled Syringe) } Pack,RxNorm Extension,A10BJ_glucagon_like_peptide_1_glp_1_analogues,reviewed_seed,Imported from master codelists,Drug,standard,A10BJ_glucagon_like_peptide_1_glp_1_analogues
glp1_receptor_agonists,GLP-1 receptor agonists,drug,35136109,TRUE,30 ACTUAT exenatide 0.01 MG/ACTUAT Prefilled Syringe [Byetta],RxNorm Extension,A10BJ_glucagon_like_peptide_1_glp_1_analogues,reviewed_seed,Imported from master codelists,Drug,standard,A10BJ_glucagon_like_peptide_1_glp_1_analogues
glp1_receptor_agonists,GLP-1 receptor agonists,drug,35157409,TRUE,30 ACTUAT exenatide 0.01 MG/ACTUAT Prefilled Syringe,RxNorm Extension,A10BJ_glucagon_like_peptide_1_glp_1_analogues,reviewed_seed,Imported from master codelists,Drug,standard,A10BJ_glucagon_like_peptide_1_glp_1_analogues
glp1_receptor_agonists,GLP-1 receptor agonists,drug,35408233,TRUE,liraglutide 6 MG/ML Prefilled Syringe,RxNorm Extension,A10BJ_glucagon_like_peptide_1_glp_1_analogues,reviewed_seed,Imported from master codelists,Drug,standard,A10BJ_glucagon_like_peptide_1_glp_1_analogues
glp1_receptor_agonists,GLP-1 receptor agonists,drug,35408695,TRUE,exenatide 2 MG Injectable Suspension [Bydureon] Box of 4 by Astrazeneca,RxNorm Extension,A10BJ_glucagon_like_peptide_1_glp_1_analogues,reviewed_seed,Imported from master codelists,Drug,standard,A10BJ_glucagon_like_peptide_1_glp_1_analogues
glp1_receptor_agonists,GLP-1 receptor agonists,drug,35409202,TRUE,dulaglutide 3 MG/ML Prefilled Syringe [Trulicity],RxNorm Extension,A10BJ_glucagon_like_peptide_1_glp_1_analogues,reviewed_seed,Imported from master codelists,Drug,standard,A10BJ_glucagon_like_peptide_1_glp_1_analogues
glp1_receptor_agonists,GLP-1 receptor agonists,drug,35409947,TRUE,dulaglutide 1.5 MG/ML Prefilled Syringe [Trulicity],RxNorm Extension,A10BJ_glucagon_like_peptide_1_glp_1_analogues,reviewed_seed,Imported from master codelists,Drug,standard,A10BJ_glucagon_like_peptide_1_glp_1_analogues
glp1_receptor_agonists,GLP-1 receptor agonists,drug,35411551,TRUE,liraglutide 6 MG/ML Prefilled Syringe [Victoza],RxNorm Extension,A10BJ_glucagon_like_peptide_1_glp_1_analogues,reviewed_seed,Imported from master codelists,Drug,standard,A10BJ_glucagon_like_peptide_1_glp_1_analogues
glp1_receptor_agonists,GLP-1 receptor agonists,drug,35412102,TRUE,dulaglutide 3 MG/ML Prefilled Syringe,RxNorm Extension,A10BJ_glucagon_like_peptide_1_glp_1_analogues,reviewed_seed,Imported from master codelists,Drug,standard,A10BJ_glucagon_like_peptide_1_glp_1_analogues
glp1_receptor_agonists,GLP-1 receptor agonists,drug,35412890,TRUE,dulaglutide 1.5 MG/ML Prefilled Syringe,RxNorm Extension,A10BJ_glucagon_like_peptide_1_glp_1_analogues,reviewed_seed,Imported from master codelists,Drug,standard,A10BJ_glucagon_like_peptide_1_glp_1_analogues
glp1_receptor_agonists,GLP-1 receptor agonists,drug,35742089,TRUE,albiglutide 50 MG Prefilled Syringe [Eperzan] by Glaxosmithkline,RxNorm Extension,A10BJ_glucagon_like_peptide_1_glp_1_analogues,reviewed_seed,Imported from master codelists,Drug,standard,A10BJ_glucagon_like_peptide_1_glp_1_analogues
glp1_receptor_agonists,GLP-1 receptor agonists,drug,35754218,TRUE,Lixisenatide 0.1 MG/ML Injectable Solution [Lyxumia] Box of 1,RxNorm Extension,A10BJ_glucagon_like_peptide_1_glp_1_analogues,reviewed_seed,Imported from master codelists,Drug,standard,A10BJ_glucagon_like_peptide_1_glp_1_analogues
glp1_receptor_agonists,GLP-1 receptor agonists,drug,35758342,TRUE,Lixisenatide 0.05 MG/ML Injectable Solution [Lyxumia] Box of 1,RxNorm Extension,A10BJ_glucagon_like_peptide_1_glp_1_analogues,reviewed_seed,Imported from master codelists,Drug,standard,A10BJ_glucagon_like_peptide_1_glp_1_analogues
glp1_receptor_agonists,GLP-1 receptor agonists,drug,35763336,TRUE,albiglutide 30 MG Prefilled Syringe [Eperzan] Box of 4 by Glaxosmithkline,RxNorm Extension,A10BJ_glucagon_like_peptide_1_glp_1_analogues,reviewed_seed,Imported from master codelists,Drug,standard,A10BJ_glucagon_like_peptide_1_glp_1_analogues
glp1_receptor_agonists,GLP-1 receptor agonists,drug,35763337,TRUE,albiglutide 30 MG Prefilled Syringe [Eperzan] by Glaxosmithkline,RxNorm Extension,A10BJ_glucagon_like_peptide_1_glp_1_analogues,reviewed_seed,Imported from master codelists,Drug,standard,A10BJ_glucagon_like_peptide_1_glp_1_analogues
glp1_receptor_agonists,GLP-1 receptor agonists,drug,35766701,TRUE,liraglutide 6 MG/ML Injectable Solution [Victoza] Box of 3,RxNorm Extension,A10BJ_glucagon_like_peptide_1_glp_1_analogues,reviewed_seed,Imported from master codelists,Drug,standard,A10BJ_glucagon_like_peptide_1_glp_1_analogues
glp1_receptor_agonists,GLP-1 receptor agonists,drug,35770692,TRUE,liraglutide 6 MG/ML Injectable Solution Box of 3,RxNorm Extension,A10BJ_glucagon_like_peptide_1_glp_1_analogues,reviewed_seed,Imported from master codelists,Drug,standard,A10BJ_glucagon_like_peptide_1_glp_1_analogues
glp1_receptor_agonists,GLP-1 receptor agonists,drug,35770960,TRUE,Lixisenatide 0.05 MG/ML Injectable Solution [Lyxumia],RxNorm Extension,A10BJ_glucagon_like_peptide_1_glp_1_analogues,reviewed_seed,Imported from master codelists,Drug,standard,A10BJ_glucagon_like_peptide_1_glp_1_analogues
glp1_receptor_agonists,GLP-1 receptor agonists,drug,35771788,TRUE,albiglutide 50 MG Prefilled Syringe [Eperzan] Box of 4 by Glaxosmithkline,RxNorm Extension,A10BJ_glucagon_like_peptide_1_glp_1_analogues,reviewed_seed,Imported from master codelists,Drug,standard,A10BJ_glucagon_like_peptide_1_glp_1_analogues
glp1_receptor_agonists,GLP-1 receptor agonists,drug,35779304,TRUE,3 ML liraglutide 6 MG/ML Injectable Solution [Victoza] Box of 3,RxNorm Extension,A10BJ_glucagon_like_peptide_1_glp_1_analogues,reviewed_seed,Imported from master codelists,Drug,standard,A10BJ_glucagon_like_peptide_1_glp_1_analogues
glp1_receptor_agonists,GLP-1 receptor agonists,drug,35779328,TRUE,3 ML liraglutide 6 MG/ML Injectable Solution [Victoza] by Novo Nordisk,RxNorm Extension,A10BJ_glucagon_like_peptide_1_glp_1_analogues,reviewed_seed,Imported from master codelists,Drug,standard,A10BJ_glucagon_like_peptide_1_glp_1_analogues
glp1_receptor_agonists,GLP-1 receptor agonists,drug,35779329,TRUE,3 ML liraglutide 6 MG/ML Injectable Solution Box of 3 by DE,RxNorm Extension,A10BJ_glucagon_like_peptide_1_glp_1_analogues,reviewed_seed,Imported from master codelists,Drug,standard,A10BJ_glucagon_like_peptide_1_glp_1_analogues
glp1_receptor_agonists,GLP-1 receptor agonists,drug,35779330,TRUE,3 ML liraglutide 6 MG/ML Injectable Solution Box of 2 by Niche,RxNorm Extension,A10BJ_glucagon_like_peptide_1_glp_1_analogues,reviewed_seed,Imported from master codelists,Drug,standard,A10BJ_glucagon_like_peptide_1_glp_1_analogues
glp1_receptor_agonists,GLP-1 receptor agonists,drug,35779390,TRUE,3 ML liraglutide 6 MG/ML Injectable Solution [Victoza] Box of 3 by Novo Nordisk,RxNorm Extension,A10BJ_glucagon_like_peptide_1_glp_1_analogues,reviewed_seed,Imported from master codelists,Drug,standard,A10BJ_glucagon_like_peptide_1_glp_1_analogues
glp1_receptor_agonists,GLP-1 receptor agonists,drug,35779391,TRUE,3 ML liraglutide 6 MG/ML Injectable Solution by Niche,RxNorm Extension,A10BJ_glucagon_like_peptide_1_glp_1_analogues,reviewed_seed,Imported from master codelists,Drug,standard,A10BJ_glucagon_like_peptide_1_glp_1_analogues
glp1_receptor_agonists,GLP-1 receptor agonists,drug,35779569,TRUE,3 ML liraglutide 6 MG/ML Injectable Solution Box of 2 by Colorama,RxNorm Extension,A10BJ_glucagon_like_peptide_1_glp_1_analogues,reviewed_seed,Imported from master codelists,Drug,standard,A10BJ_glucagon_like_peptide_1_glp_1_analogues
glp1_receptor_agonists,GLP-1 receptor agonists,drug,35779570,TRUE,3 ML liraglutide 6 MG/ML Injectable Solution by Colorama,RxNorm Extension,A10BJ_glucagon_like_peptide_1_glp_1_analogues,reviewed_seed,Imported from master codelists,Drug,standard,A10BJ_glucagon_like_peptide_1_glp_1_analogues
glp1_receptor_agonists,GLP-1 receptor agonists,drug,35779601,TRUE,3 ML liraglutide 6 MG/ML Injectable Solution Box of 3,RxNorm Extension,A10BJ_glucagon_like_peptide_1_glp_1_analogues,reviewed_seed,Imported from master codelists,Drug,standard,A10BJ_glucagon_like_peptide_1_glp_1_analogues
glp1_receptor_agonists,GLP-1 receptor agonists,drug,35779633,TRUE,3 ML liraglutide 6 MG/ML Injectable Solution Box of 3 by Colorama,RxNorm Extension,A10BJ_glucagon_like_peptide_1_glp_1_analogues,reviewed_seed,Imported from master codelists,Drug,standard,A10BJ_glucagon_like_peptide_1_glp_1_analogues
glp1_receptor_agonists,GLP-1 receptor agonists,drug,35779634,TRUE,3 ML liraglutide 6 MG/ML Injectable Solution by DE,RxNorm Extension,A10BJ_glucagon_like_peptide_1_glp_1_analogues,reviewed_seed,Imported from master codelists,Drug,standard,A10BJ_glucagon_like_peptide_1_glp_1_analogues
glp1_receptor_agonists,GLP-1 receptor agonists,drug,35779706,TRUE,3 ML liraglutide 6 MG/ML Injectable Solution Box of 2 by J M McGill,RxNorm Extension,A10BJ_glucagon_like_peptide_1_glp_1_analogues,reviewed_seed,Imported from master codelists,Drug,standard,A10BJ_glucagon_like_peptide_1_glp_1_analogues
glp1_receptor_agonists,GLP-1 receptor agonists,drug,35779765,TRUE,3 ML liraglutide 6 MG/ML Injectable Solution [Victoza] Box of 3 by Waymade,RxNorm Extension,A10BJ_glucagon_like_peptide_1_glp_1_analogues,reviewed_seed,Imported from master codelists,Drug,standard,A10BJ_glucagon_like_peptide_1_glp_1_analogues
glp1_receptor_agonists,GLP-1 receptor agonists,drug,35779766,TRUE,3 ML liraglutide 6 MG/ML Injectable Solution [Victoza] Box of 2 by Waymade,RxNorm Extension,A10BJ_glucagon_like_peptide_1_glp_1_analogues,reviewed_seed,Imported from master codelists,Drug,standard,A10BJ_glucagon_like_peptide_1_glp_1_analogues
glp1_receptor_agonists,GLP-1 receptor agonists,drug,35779767,TRUE,3 ML liraglutide 6 MG/ML Injectable Solution [Victoza] by Waymade,RxNorm Extension,A10BJ_glucagon_like_peptide_1_glp_1_analogues,reviewed_seed,Imported from master codelists,Drug,standard,A10BJ_glucagon_like_peptide_1_glp_1_analogues
glp1_receptor_agonists,GLP-1 receptor agonists,drug,35779768,TRUE,3 ML liraglutide 6 MG/ML Injectable Solution Box of 2 by DE,RxNorm Extension,A10BJ_glucagon_like_peptide_1_glp_1_analogues,reviewed_seed,Imported from master codelists,Drug,standard,A10BJ_glucagon_like_peptide_1_glp_1_analogues
glp1_receptor_agonists,GLP-1 receptor agonists,drug,35779769,TRUE,3 ML liraglutide 6 MG/ML Injectable Solution by J M McGill,RxNorm Extension,A10BJ_glucagon_like_peptide_1_glp_1_analogues,reviewed_seed,Imported from master codelists,Drug,standard,A10BJ_glucagon_like_peptide_1_glp_1_analogues
glp1_receptor_agonists,GLP-1 receptor agonists,drug,35785048,TRUE,0.2 ML Lixisenatide 0.1 MG/ML Injectable Solution Box of 2,RxNorm Extension,A10BJ_glucagon_like_peptide_1_glp_1_analogues,reviewed_seed,Imported from master codelists,Drug,standard,A10BJ_glucagon_like_peptide_1_glp_1_analogues
glp1_receptor_agonists,GLP-1 receptor agonists,drug,35785049,TRUE,0.2 ML Lixisenatide 0.05 MG/ML Injectable Solution Box of 1,RxNorm Extension,A10BJ_glucagon_like_peptide_1_glp_1_analogues,reviewed_seed,Imported from master codelists,Drug,standard,A10BJ_glucagon_like_peptide_1_glp_1_analogues
glp1_receptor_agonists,GLP-1 receptor agonists,drug,35785059,TRUE,0.2 ML Lixisenatide 0.1 MG/ML Injectable Solution [Lyxumia] Box of 1,RxNorm Extension,A10BJ_glucagon_like_peptide_1_glp_1_analogues,reviewed_seed,Imported from master codelists,Drug,standard,A10BJ_glucagon_like_peptide_1_glp_1_analogues
glp1_receptor_agonists,GLP-1 receptor agonists,drug,35785073,TRUE,0.2 ML Lixisenatide 0.1 MG/ML Injectable Solution [Lyxumia] Box of 2,RxNorm Extension,A10BJ_glucagon_like_peptide_1_glp_1_analogues,reviewed_seed,Imported from master codelists,Drug,standard,A10BJ_glucagon_like_peptide_1_glp_1_analogues
glp1_receptor_agonists,GLP-1 receptor agonists,drug,35785074,TRUE,0.2 ML Lixisenatide 0.1 MG/ML Injectable Solution [Lyxumia] Box of 1 by Sanofi,RxNorm Extension,A10BJ_glucagon_like_peptide_1_glp_1_analogues,reviewed_seed,Imported from master codelists,Drug,standard,A10BJ_glucagon_like_peptide_1_glp_1_analogues
glp1_receptor_agonists,GLP-1 receptor agonists,drug,35785086,TRUE,0.2 ML Lixisenatide 0.05 MG/ML Injectable Solution [Lyxumia] Box of 1 by Sanofi,RxNorm Extension,A10BJ_glucagon_like_peptide_1_glp_1_analogues,reviewed_seed,Imported from master codelists,Drug,standard,A10BJ_glucagon_like_peptide_1_glp_1_analogues
glp1_receptor_agonists,GLP-1 receptor agonists,drug,35785088,TRUE,0.2 ML Lixisenatide 0.1 MG/ML Injectable Solution,RxNorm Extension,A10BJ_glucagon_like_peptide_1_glp_1_analogues,reviewed_seed,Imported from master codelists,Drug,standard,A10BJ_glucagon_like_peptide_1_glp_1_analogues
glp1_receptor_agonists,GLP-1 receptor agonists,drug,35785089,TRUE,0.2 ML Lixisenatide 0.05 MG/ML Injectable Solution,RxNorm Extension,A10BJ_glucagon_like_peptide_1_glp_1_analogues,reviewed_seed,Imported from master codelists,Drug,standard,A10BJ_glucagon_like_peptide_1_glp_1_analogues
glp1_receptor_agonists,GLP-1 receptor agonists,drug,35785090,TRUE,0.2 ML Lixisenatide 0.1 MG/ML Injectable Solution [Lyxumia],RxNorm Extension,A10BJ_glucagon_like_peptide_1_glp_1_analogues,reviewed_seed,Imported from master codelists,Drug,standard,A10BJ_glucagon_like_peptide_1_glp_1_analogues
glp1_receptor_agonists,GLP-1 receptor agonists,drug,35785091,TRUE,0.2 ML Lixisenatide 0.05 MG/ML Injectable Solution [Lyxumia] Box of 1,RxNorm Extension,A10BJ_glucagon_like_peptide_1_glp_1_analogues,reviewed_seed,Imported from master codelists,Drug,standard,A10BJ_glucagon_like_peptide_1_glp_1_analogues
glp1_receptor_agonists,GLP-1 receptor agonists,drug,35785097,TRUE,0.2 ML Lixisenatide 0.1 MG/ML Injectable Solution [Lyxumia] by Sanofi,RxNorm Extension,A10BJ_glucagon_like_peptide_1_glp_1_analogues,reviewed_seed,Imported from master codelists,Drug,standard,A10BJ_glucagon_like_peptide_1_glp_1_analogues
glp1_receptor_agonists,GLP-1 receptor agonists,drug,35785110,TRUE,0.2 ML Lixisenatide 0.1 MG/ML Injectable Solution Box of 1,RxNorm Extension,A10BJ_glucagon_like_peptide_1_glp_1_analogues,reviewed_seed,Imported from master codelists,Drug,standard,A10BJ_glucagon_like_peptide_1_glp_1_analogues
glp1_receptor_agonists,GLP-1 receptor agonists,drug,35785118,TRUE,0.2 ML Lixisenatide 0.1 MG/ML Injectable Solution [Lyxumia] Box of 2 by Sanofi,RxNorm Extension,A10BJ_glucagon_like_peptide_1_glp_1_analogues,reviewed_seed,Imported from master codelists,Drug,standard,A10BJ_glucagon_like_peptide_1_glp_1_analogues
glp1_receptor_agonists,GLP-1 receptor agonists,drug,35785119,TRUE,0.2 ML Lixisenatide 0.05 MG/ML Injectable Solution [Lyxumia] by Sanofi,RxNorm Extension,A10BJ_glucagon_like_peptide_1_glp_1_analogues,reviewed_seed,Imported from master codelists,Drug,standard,A10BJ_glucagon_like_peptide_1_glp_1_analogues
glp1_receptor_agonists,GLP-1 receptor agonists,drug,35785132,TRUE,0.2 ML Lixisenatide 0.05 MG/ML Injectable Solution [Lyxumia],RxNorm Extension,A10BJ_glucagon_like_peptide_1_glp_1_analogues,reviewed_seed,Imported from master codelists,Drug,standard,A10BJ_glucagon_like_peptide_1_glp_1_analogues
glp1_receptor_agonists,GLP-1 receptor agonists,drug,35789600,TRUE,0.02 ML exenatide 0.25 MG/ML Prefilled Syringe Box of 1,RxNorm Extension,A10BJ_glucagon_like_peptide_1_glp_1_analogues,reviewed_seed,Imported from master codelists,Drug,standard,A10BJ_glucagon_like_peptide_1_glp_1_analogues
glp1_receptor_agonists,GLP-1 receptor agonists,drug,35789601,TRUE,0.02 ML exenatide 0.25 MG/ML Injectable Solution,RxNorm Extension,A10BJ_glucagon_like_peptide_1_glp_1_analogues,reviewed_seed,Imported from master codelists,Drug,standard,A10BJ_glucagon_like_peptide_1_glp_1_analogues
glp1_receptor_agonists,GLP-1 receptor agonists,drug,35789602,TRUE,0.02 ML exenatide 0.25 MG/ML Prefilled Syringe [Byetta] by Mawdsley-Brooks,RxNorm Extension,A10BJ_glucagon_like_peptide_1_glp_1_analogues,reviewed_seed,Imported from master codelists,Drug,standard,A10BJ_glucagon_like_peptide_1_glp_1_analogues
glp1_receptor_agonists,GLP-1 receptor agonists,drug,35789603,TRUE,0.02 ML exenatide 0.25 MG/ML Injectable Solution Box of 1,RxNorm Extension,A10BJ_glucagon_like_peptide_1_glp_1_analogues,reviewed_seed,Imported from master codelists,Drug,standard,A10BJ_glucagon_like_peptide_1_glp_1_analogues
glp1_receptor_agonists,GLP-1 receptor agonists,drug,35789604,TRUE,0.02 ML exenatide 0.25 MG/ML Prefilled Syringe [Byetta] Box of 1,RxNorm Extension,A10BJ_glucagon_like_peptide_1_glp_1_analogues,reviewed_seed,Imported from master codelists,Drug,standard,A10BJ_glucagon_like_peptide_1_glp_1_analogues
glp1_receptor_agonists,GLP-1 receptor agonists,drug,35789605,TRUE,0.02 ML exenatide 0.25 MG/ML Injectable Solution [Byetta] by Astrazeneca,RxNorm Extension,A10BJ_glucagon_like_peptide_1_glp_1_analogues,reviewed_seed,Imported from master codelists,Drug,standard,A10BJ_glucagon_like_peptide_1_glp_1_analogues
glp1_receptor_agonists,GLP-1 receptor agonists,drug,35789606,TRUE,0.02 ML exenatide 0.25 MG/ML Prefilled Syringe [Byetta],RxNorm Extension,A10BJ_glucagon_like_peptide_1_glp_1_analogues,reviewed_seed,Imported from master codelists,Drug,standard,A10BJ_glucagon_like_peptide_1_glp_1_analogues
glp1_receptor_agonists,GLP-1 receptor agonists,drug,35789607,TRUE,0.02 ML exenatide 0.25 MG/ML Injectable Solution [Byetta] Box of 1 by Astrazeneca,RxNorm Extension,A10BJ_glucagon_like_peptide_1_glp_1_analogues,reviewed_seed,Imported from master codelists,Drug,standard,A10BJ_glucagon_like_peptide_1_glp_1_analogues
glp1_receptor_agonists,GLP-1 receptor agonists,drug,35789608,TRUE,0.02 ML exenatide 0.25 MG/ML Injectable Solution [Byetta] Box of 1 by Mawdsley-Brooks,RxNorm Extension,A10BJ_glucagon_like_peptide_1_glp_1_analogues,reviewed_seed,Imported from master codelists,Drug,standard,A10BJ_glucagon_like_peptide_1_glp_1_analogues
glp1_receptor_agonists,GLP-1 receptor agonists,drug,35789609,TRUE,0.02 ML exenatide 0.25 MG/ML Injectable Solution [Byetta] by Mawdsley-Brooks,RxNorm Extension,A10BJ_glucagon_like_peptide_1_glp_1_analogues,reviewed_seed,Imported from master codelists,Drug,standard,A10BJ_glucagon_like_peptide_1_glp_1_analogues
glp1_receptor_agonists,GLP-1 receptor agonists,drug,35789610,TRUE,0.02 ML exenatide 0.25 MG/ML Injectable Solution [Byetta] Box of 1,RxNorm Extension,A10BJ_glucagon_like_peptide_1_glp_1_analogues,reviewed_seed,Imported from master codelists,Drug,standard,A10BJ_glucagon_like_peptide_1_glp_1_analogues
glp1_receptor_agonists,GLP-1 receptor agonists,drug,35789611,TRUE,0.02 ML exenatide 0.25 MG/ML Injectable Solution [Byetta],RxNorm Extension,A10BJ_glucagon_like_peptide_1_glp_1_analogues,reviewed_seed,Imported from master codelists,Drug,standard,A10BJ_glucagon_like_peptide_1_glp_1_analogues
glp1_receptor_agonists,GLP-1 receptor agonists,drug,35789612,TRUE,0.02 ML exenatide 0.25 MG/ML Injectable Solution [Byetta] by Waymade,RxNorm Extension,A10BJ_glucagon_like_peptide_1_glp_1_analogues,reviewed_seed,Imported from master codelists,Drug,standard,A10BJ_glucagon_like_peptide_1_glp_1_analogues
glp1_receptor_agonists,GLP-1 receptor agonists,drug,35789613,TRUE,0.02 ML exenatide 0.25 MG/ML Prefilled Syringe,RxNorm Extension,A10BJ_glucagon_like_peptide_1_glp_1_analogues,reviewed_seed,Imported from master codelists,Drug,standard,A10BJ_glucagon_like_peptide_1_glp_1_analogues
glp1_receptor_agonists,GLP-1 receptor agonists,drug,35789614,TRUE,0.02 ML exenatide 0.25 MG/ML Prefilled Syringe [Byetta] Box of 1 by Astrazeneca,RxNorm Extension,A10BJ_glucagon_like_peptide_1_glp_1_analogues,reviewed_seed,Imported from master codelists,Drug,standard,A10BJ_glucagon_like_peptide_1_glp_1_analogues
glp1_receptor_agonists,GLP-1 receptor agonists,drug,35789615,TRUE,0.02 ML exenatide 0.25 MG/ML Prefilled Syringe [Byetta] Box of 1 by Waymade,RxNorm Extension,A10BJ_glucagon_like_peptide_1_glp_1_analogues,reviewed_seed,Imported from master codelists,Drug,standard,A10BJ_glucagon_like_peptide_1_glp_1_analogues
glp1_receptor_agonists,GLP-1 receptor agonists,drug,35789616,TRUE,0.02 ML exenatide 0.25 MG/ML Injectable Solution [Byetta] Box of 1 by Waymade,RxNorm Extension,A10BJ_glucagon_like_peptide_1_glp_1_analogues,reviewed_seed,Imported from master codelists,Drug,standard,A10BJ_glucagon_like_peptide_1_glp_1_analogues
glp1_receptor_agonists,GLP-1 receptor agonists,drug,35789617,TRUE,0.02 ML exenatide 0.25 MG/ML Prefilled Syringe [Byetta] Box of 1 by Mawdsley-Brooks,RxNorm Extension,A10BJ_glucagon_like_peptide_1_glp_1_analogues,reviewed_seed,Imported from master codelists,Drug,standard,A10BJ_glucagon_like_peptide_1_glp_1_analogues
glp1_receptor_agonists,GLP-1 receptor agonists,drug,35789618,TRUE,0.02 ML exenatide 0.25 MG/ML Prefilled Syringe [Byetta] by Astrazeneca,RxNorm Extension,A10BJ_glucagon_like_peptide_1_glp_1_analogues,reviewed_seed,Imported from master codelists,Drug,standard,A10BJ_glucagon_like_peptide_1_glp_1_analogues
glp1_receptor_agonists,GLP-1 receptor agonists,drug,35789619,TRUE,0.02 ML exenatide 0.25 MG/ML Prefilled Syringe [Byetta] by Waymade,RxNorm Extension,A10BJ_glucagon_like_peptide_1_glp_1_analogues,reviewed_seed,Imported from master codelists,Drug,standard,A10BJ_glucagon_like_peptide_1_glp_1_analogues
glp1_receptor_agonists,GLP-1 receptor agonists,drug,35789620,TRUE,0.04 ML exenatide 0.25 MG/ML Injectable Solution [Byetta],RxNorm Extension,A10BJ_glucagon_like_peptide_1_glp_1_analogues,reviewed_seed,Imported from master codelists,Drug,standard,A10BJ_glucagon_like_peptide_1_glp_1_analogues
glp1_receptor_agonists,GLP-1 receptor agonists,drug,35789621,TRUE,0.04 ML exenatide 0.25 MG/ML Injectable Solution [Byetta] Box of 1 by Astrazeneca,RxNorm Extension,A10BJ_glucagon_like_peptide_1_glp_1_analogues,reviewed_seed,Imported from master codelists,Drug,standard,A10BJ_glucagon_like_peptide_1_glp_1_analogues
glp1_receptor_agonists,GLP-1 receptor agonists,drug,35789622,TRUE,0.04 ML exenatide 0.25 MG/ML Prefilled Syringe [Byetta] Box of 1 by Lexon,RxNorm Extension,A10BJ_glucagon_like_peptide_1_glp_1_analogues,reviewed_seed,Imported from master codelists,Drug,standard,A10BJ_glucagon_like_peptide_1_glp_1_analogues
glp1_receptor_agonists,GLP-1 receptor agonists,drug,35789623,TRUE,0.04 ML exenatide 0.25 MG/ML Prefilled Syringe Box of 1,RxNorm Extension,A10BJ_glucagon_like_peptide_1_glp_1_analogues,reviewed_seed,Imported from master codelists,Drug,standard,A10BJ_glucagon_like_peptide_1_glp_1_analogues
glp1_receptor_agonists,GLP-1 receptor agonists,drug,35789624,TRUE,0.04 ML exenatide 0.25 MG/ML Prefilled Syringe,RxNorm Extension,A10BJ_glucagon_like_peptide_1_glp_1_analogues,reviewed_seed,Imported from master codelists,Drug,standard,A10BJ_glucagon_like_peptide_1_glp_1_analogues
glp1_receptor_agonists,GLP-1 receptor agonists,drug,35789625,TRUE,0.04 ML exenatide 0.25 MG/ML Prefilled Syringe [Byetta] Box of 1,RxNorm Extension,A10BJ_glucagon_like_peptide_1_glp_1_analogues,reviewed_seed,Imported from master codelists,Drug,standard,A10BJ_glucagon_like_peptide_1_glp_1_analogues
glp1_receptor_agonists,GLP-1 receptor agonists,drug,35789626,TRUE,0.04 ML exenatide 0.25 MG/ML Prefilled Syringe [Byetta] Box of 1 by Astrazeneca,RxNorm Extension,A10BJ_glucagon_like_peptide_1_glp_1_analogues,reviewed_seed,Imported from master codelists,Drug,standard,A10BJ_glucagon_like_peptide_1_glp_1_analogues
glp1_receptor_agonists,GLP-1 receptor agonists,drug,35789627,TRUE,0.04 ML exenatide 0.25 MG/ML Injectable Solution [Byetta] by Lexon,RxNorm Extension,A10BJ_glucagon_like_peptide_1_glp_1_analogues,reviewed_seed,Imported from master codelists,Drug,standard,A10BJ_glucagon_like_peptide_1_glp_1_analogues
glp1_receptor_agonists,GLP-1 receptor agonists,drug,35789628,TRUE,0.04 ML exenatide 0.25 MG/ML Prefilled Syringe [Byetta],RxNorm Extension,A10BJ_glucagon_like_peptide_1_glp_1_analogues,reviewed_seed,Imported from master codelists,Drug,standard,A10BJ_glucagon_like_peptide_1_glp_1_analogues
glp1_receptor_agonists,GLP-1 receptor agonists,drug,35789629,TRUE,0.04 ML exenatide 0.25 MG/ML Prefilled Syringe [Byetta] by Astrazeneca,RxNorm Extension,A10BJ_glucagon_like_peptide_1_glp_1_analogues,reviewed_seed,Imported from master codelists,Drug,standard,A10BJ_glucagon_like_peptide_1_glp_1_analogues
glp1_receptor_agonists,GLP-1 receptor agonists,drug,35789630,TRUE,0.04 ML exenatide 0.25 MG/ML Prefilled Syringe [Byetta] by Lexon,RxNorm Extension,A10BJ_glucagon_like_peptide_1_glp_1_analogues,reviewed_seed,Imported from master codelists,Drug,standard,A10BJ_glucagon_like_peptide_1_glp_1_analogues
glp1_receptor_agonists,GLP-1 receptor agonists,drug,35789631,TRUE,0.04 ML exenatide 0.25 MG/ML Injectable Solution [Byetta] Box of 1 by Lexon,RxNorm Extension,A10BJ_glucagon_like_peptide_1_glp_1_analogues,reviewed_seed,Imported from master codelists,Drug,standard,A10BJ_glucagon_like_peptide_1_glp_1_analogues
glp1_receptor_agonists,GLP-1 receptor agonists,drug,35789632,TRUE,0.04 ML exenatide 0.25 MG/ML Injectable Solution Box of 1,RxNorm Extension,A10BJ_glucagon_like_peptide_1_glp_1_analogues,reviewed_seed,Imported from master codelists,Drug,standard,A10BJ_glucagon_like_peptide_1_glp_1_analogues
glp1_receptor_agonists,GLP-1 receptor agonists,drug,35789633,TRUE,0.04 ML exenatide 0.25 MG/ML Injectable Solution,RxNorm Extension,A10BJ_glucagon_like_peptide_1_glp_1_analogues,reviewed_seed,Imported from master codelists,Drug,standard,A10BJ_glucagon_like_peptide_1_glp_1_analogues
glp1_receptor_agonists,GLP-1 receptor agonists,drug,35789634,TRUE,0.04 ML exenatide 0.25 MG/ML Injectable Solution [Byetta] Box of 1,RxNorm Extension,A10BJ_glucagon_like_peptide_1_glp_1_analogues,reviewed_seed,Imported from master codelists,Drug,standard,A10BJ_glucagon_like_peptide_1_glp_1_analogues
glp1_receptor_agonists,GLP-1 receptor agonists,drug,35789635,TRUE,0.04 ML exenatide 0.25 MG/ML Injectable Solution [Byetta] by Astrazeneca,RxNorm Extension,A10BJ_glucagon_like_peptide_1_glp_1_analogues,reviewed_seed,Imported from master codelists,Drug,standard,A10BJ_glucagon_like_peptide_1_glp_1_analogues
glp1_receptor_agonists,GLP-1 receptor agonists,drug,35863044,TRUE,exenatide 0.25 MG/ML Injectable Solution [Baimida],RxNorm Extension,A10BJ_glucagon_like_peptide_1_glp_1_analogues,reviewed_seed,Imported from master codelists,Drug,standard,A10BJ_glucagon_like_peptide_1_glp_1_analogues
glp1_receptor_agonists,GLP-1 receptor agonists,drug,35863045,TRUE,exenatide 0.25 MG/ML [Baimida],RxNorm Extension,A10BJ_glucagon_like_peptide_1_glp_1_analogues,reviewed_seed,Imported from master codelists,Drug,standard,A10BJ_glucagon_like_peptide_1_glp_1_analogues
glp1_receptor_agonists,GLP-1 receptor agonists,drug,35863046,TRUE,exenatide Injectable Solution [Baimida],RxNorm Extension,A10BJ_glucagon_like_peptide_1_glp_1_analogues,reviewed_seed,Imported from master codelists,Drug,standard,A10BJ_glucagon_like_peptide_1_glp_1_analogues
glp1_receptor_agonists,GLP-1 receptor agonists,drug,35884583,TRUE,semaglutide 7 MG Oral Tablet [Rybelsus] by Novo Nordisk,RxNorm Extension,A10BJ_glucagon_like_peptide_1_glp_1_analogues,reviewed_seed,Imported from master codelists,Drug,standard,A10BJ_glucagon_like_peptide_1_glp_1_analogues
glp1_receptor_agonists,GLP-1 receptor agonists,drug,35884584,TRUE,semaglutide 7 MG Oral Tablet Box of 30,RxNorm Extension,A10BJ_glucagon_like_peptide_1_glp_1_analogues,reviewed_seed,Imported from master codelists,Drug,standard,A10BJ_glucagon_like_peptide_1_glp_1_analogues
glp1_receptor_agonists,GLP-1 receptor agonists,drug,35884585,TRUE,semaglutide 3 MG Oral Tablet [Rybelsus] Box of 30 by Novo Nordisk,RxNorm Extension,A10BJ_glucagon_like_peptide_1_glp_1_analogues,reviewed_seed,Imported from master codelists,Drug,standard,A10BJ_glucagon_like_peptide_1_glp_1_analogues
glp1_receptor_agonists,GLP-1 receptor agonists,drug,35884586,TRUE,semaglutide 3 MG Oral Tablet [Rybelsus] Box of 30,RxNorm Extension,A10BJ_glucagon_like_peptide_1_glp_1_analogues,reviewed_seed,Imported from master codelists,Drug,standard,A10BJ_glucagon_like_peptide_1_glp_1_analogues
glp1_receptor_agonists,GLP-1 receptor agonists,drug,35884587,TRUE,semaglutide 3 MG Oral Tablet [Rybelsus] by Novo Nordisk,RxNorm Extension,A10BJ_glucagon_like_peptide_1_glp_1_analogues,reviewed_seed,Imported from master codelists,Drug,standard,A10BJ_glucagon_like_peptide_1_glp_1_analogues
glp1_receptor_agonists,GLP-1 receptor agonists,drug,35884588,TRUE,semaglutide 3 MG Oral Tablet Box of 30,RxNorm Extension,A10BJ_glucagon_like_peptide_1_glp_1_analogues,reviewed_seed,Imported from master codelists,Drug,standard,A10BJ_glucagon_like_peptide_1_glp_1_analogues
glp1_receptor_agonists,GLP-1 receptor agonists,drug,35886130,TRUE,semaglutide 14 MG Oral Tablet [Rybelsus] Box of 30 by Novo Nordisk,RxNorm Extension,A10BJ_glucagon_like_peptide_1_glp_1_analogues,reviewed_seed,Imported from master codelists,Drug,standard,A10BJ_glucagon_like_peptide_1_glp_1_analogues
glp1_receptor_agonists,GLP-1 receptor agonists,drug,35886131,TRUE,semaglutide 14 MG Oral Tablet [Rybelsus] Box of 30,RxNorm Extension,A10BJ_glucagon_like_peptide_1_glp_1_analogues,reviewed_seed,Imported from master codelists,Drug,standard,A10BJ_glucagon_like_peptide_1_glp_1_analogues
glp1_receptor_agonists,GLP-1 receptor agonists,drug,35886132,TRUE,semaglutide 14 MG Oral Tablet [Rybelsus] by Novo Nordisk,RxNorm Extension,A10BJ_glucagon_like_peptide_1_glp_1_analogues,reviewed_seed,Imported from master codelists,Drug,standard,A10BJ_glucagon_like_peptide_1_glp_1_analogues
glp1_receptor_agonists,GLP-1 receptor agonists,drug,35886133,TRUE,semaglutide 14 MG Oral Tablet Box of 30,RxNorm Extension,A10BJ_glucagon_like_peptide_1_glp_1_analogues,reviewed_seed,Imported from master codelists,Drug,standard,A10BJ_glucagon_like_peptide_1_glp_1_analogues
glp1_receptor_agonists,GLP-1 receptor agonists,drug,35886134,TRUE,semaglutide 7 MG Oral Tablet [Rybelsus] Box of 30 by Novo Nordisk,RxNorm Extension,A10BJ_glucagon_like_peptide_1_glp_1_analogues,reviewed_seed,Imported from master codelists,Drug,standard,A10BJ_glucagon_like_peptide_1_glp_1_analogues
glp1_receptor_agonists,GLP-1 receptor agonists,drug,35886135,TRUE,semaglutide 7 MG Oral Tablet [Rybelsus] Box of 30,RxNorm Extension,A10BJ_glucagon_like_peptide_1_glp_1_analogues,reviewed_seed,Imported from master codelists,Drug,standard,A10BJ_glucagon_like_peptide_1_glp_1_analogues
glp1_receptor_agonists,GLP-1 receptor agonists,drug,35895336,TRUE,0.5 ML dulaglutide 9 MG/ML Injectable Solution [Trulicity] Box of 4 by Eli Lilly,RxNorm Extension,A10BJ_glucagon_like_peptide_1_glp_1_analogues,reviewed_seed,Imported from master codelists,Drug,standard,A10BJ_glucagon_like_peptide_1_glp_1_analogues
glp1_receptor_agonists,GLP-1 receptor agonists,drug,35895337,TRUE,0.5 ML dulaglutide 9 MG/ML Injectable Solution [Trulicity] Box of 4,RxNorm Extension,A10BJ_glucagon_like_peptide_1_glp_1_analogues,reviewed_seed,Imported from master codelists,Drug,standard,A10BJ_glucagon_like_peptide_1_glp_1_analogues
glp1_receptor_agonists,GLP-1 receptor agonists,drug,35895338,TRUE,0.5 ML dulaglutide 9 MG/ML Injectable Solution [Trulicity] by Eli Lilly,RxNorm Extension,A10BJ_glucagon_like_peptide_1_glp_1_analogues,reviewed_seed,Imported from master codelists,Drug,standard,A10BJ_glucagon_like_peptide_1_glp_1_analogues
glp1_receptor_agonists,GLP-1 receptor agonists,drug,35895339,TRUE,0.5 ML dulaglutide 9 MG/ML Injectable Solution [Trulicity],RxNorm Extension,A10BJ_glucagon_like_peptide_1_glp_1_analogues,reviewed_seed,Imported from master codelists,Drug,standard,A10BJ_glucagon_like_peptide_1_glp_1_analogues
glp1_receptor_agonists,GLP-1 receptor agonists,drug,35895340,TRUE,0.5 ML dulaglutide 9 MG/ML Injectable Solution Box of 4,RxNorm Extension,A10BJ_glucagon_like_peptide_1_glp_1_analogues,reviewed_seed,Imported from master codelists,Drug,standard,A10BJ_glucagon_like_peptide_1_glp_1_analogues
glp1_receptor_agonists,GLP-1 receptor agonists,drug,35895341,TRUE,0.5 ML dulaglutide 9 MG/ML Injectable Solution,RxNorm Extension,A10BJ_glucagon_like_peptide_1_glp_1_analogues,reviewed_seed,Imported from master codelists,Drug,standard,A10BJ_glucagon_like_peptide_1_glp_1_analogues
glp1_receptor_agonists,GLP-1 receptor agonists,drug,35895342,TRUE,0.5 ML dulaglutide 6 MG/ML Injectable Solution [Trulicity] Box of 4 by Eli Lilly,RxNorm Extension,A10BJ_glucagon_like_peptide_1_glp_1_analogues,reviewed_seed,Imported from master codelists,Drug,standard,A10BJ_glucagon_like_peptide_1_glp_1_analogues
glp1_receptor_agonists,GLP-1 receptor agonists,drug,35895343,TRUE,0.5 ML dulaglutide 6 MG/ML Injectable Solution [Trulicity] Box of 4,RxNorm Extension,A10BJ_glucagon_like_peptide_1_glp_1_analogues,reviewed_seed,Imported from master codelists,Drug,standard,A10BJ_glucagon_like_peptide_1_glp_1_analogues
glp1_receptor_agonists,GLP-1 receptor agonists,drug,35895344,TRUE,0.5 ML dulaglutide 6 MG/ML Injectable Solution [Trulicity] by Eli Lilly,RxNorm Extension,A10BJ_glucagon_like_peptide_1_glp_1_analogues,reviewed_seed,Imported from master codelists,Drug,standard,A10BJ_glucagon_like_peptide_1_glp_1_analogues
glp1_receptor_agonists,GLP-1 receptor agonists,drug,35895345,TRUE,0.5 ML dulaglutide 6 MG/ML Injectable Solution [Trulicity],RxNorm Extension,A10BJ_glucagon_like_peptide_1_glp_1_analogues,reviewed_seed,Imported from master codelists,Drug,standard,A10BJ_glucagon_like_peptide_1_glp_1_analogues
glp1_receptor_agonists,GLP-1 receptor agonists,drug,35895346,TRUE,0.5 ML dulaglutide 6 MG/ML Injectable Solution Box of 4,RxNorm Extension,A10BJ_glucagon_like_peptide_1_glp_1_analogues,reviewed_seed,Imported from master codelists,Drug,standard,A10BJ_glucagon_like_peptide_1_glp_1_analogues
glp1_receptor_agonists,GLP-1 receptor agonists,drug,35895347,TRUE,0.5 ML dulaglutide 6 MG/ML Injectable Solution,RxNorm Extension,A10BJ_glucagon_like_peptide_1_glp_1_analogues,reviewed_seed,Imported from master codelists,Drug,standard,A10BJ_glucagon_like_peptide_1_glp_1_analogues
glp1_receptor_agonists,GLP-1 receptor agonists,drug,35898074,TRUE,dulaglutide 9 MG/ML Injectable Solution [Trulicity] Box of 4,RxNorm Extension,A10BJ_glucagon_like_peptide_1_glp_1_analogues,reviewed_seed,Imported from master codelists,Drug,standard,A10BJ_glucagon_like_peptide_1_glp_1_analogues
glp1_receptor_agonists,GLP-1 receptor agonists,drug,35898075,TRUE,dulaglutide 9 MG/ML Injectable Solution [Trulicity],RxNorm Extension,A10BJ_glucagon_like_peptide_1_glp_1_analogues,reviewed_seed,Imported from master codelists,Drug,standard,A10BJ_glucagon_like_peptide_1_glp_1_analogues
glp1_receptor_agonists,GLP-1 receptor agonists,drug,35898076,TRUE,dulaglutide 9 MG/ML Injectable Solution Box of 4,RxNorm Extension,A10BJ_glucagon_like_peptide_1_glp_1_analogues,reviewed_seed,Imported from master codelists,Drug,standard,A10BJ_glucagon_like_peptide_1_glp_1_analogues
glp1_receptor_agonists,GLP-1 receptor agonists,drug,35898077,TRUE,dulaglutide 9 MG/ML Injectable Solution,RxNorm Extension,A10BJ_glucagon_like_peptide_1_glp_1_analogues,reviewed_seed,Imported from master codelists,Drug,standard,A10BJ_glucagon_like_peptide_1_glp_1_analogues
glp1_receptor_agonists,GLP-1 receptor agonists,drug,35898078,TRUE,dulaglutide 6 MG/ML Injectable Solution [Trulicity] Box of 4,RxNorm Extension,A10BJ_glucagon_like_peptide_1_glp_1_analogues,reviewed_seed,Imported from master codelists,Drug,standard,A10BJ_glucagon_like_peptide_1_glp_1_analogues
glp1_receptor_agonists,GLP-1 receptor agonists,drug,35898079,TRUE,dulaglutide 6 MG/ML Injectable Solution [Trulicity],RxNorm Extension,A10BJ_glucagon_like_peptide_1_glp_1_analogues,reviewed_seed,Imported from master codelists,Drug,standard,A10BJ_glucagon_like_peptide_1_glp_1_analogues
glp1_receptor_agonists,GLP-1 receptor agonists,drug,35898080,TRUE,dulaglutide 6 MG/ML Injectable Solution Box of 4,RxNorm Extension,A10BJ_glucagon_like_peptide_1_glp_1_analogues,reviewed_seed,Imported from master codelists,Drug,standard,A10BJ_glucagon_like_peptide_1_glp_1_analogues
glp1_receptor_agonists,GLP-1 receptor agonists,drug,35898081,TRUE,dulaglutide 6 MG/ML Injectable Solution,RxNorm Extension,A10BJ_glucagon_like_peptide_1_glp_1_analogues,reviewed_seed,Imported from master codelists,Drug,standard,A10BJ_glucagon_like_peptide_1_glp_1_analogues
glp1_receptor_agonists,GLP-1 receptor agonists,drug,36036063,TRUE,exenatide 2 MG Pen Injector Box of 12,RxNorm Extension,A10BJ_glucagon_like_peptide_1_glp_1_analogues,reviewed_seed,Imported from master codelists,Drug,standard,A10BJ_glucagon_like_peptide_1_glp_1_analogues
glp1_receptor_agonists,GLP-1 receptor agonists,drug,36036064,TRUE,exenatide 2 MG Pen Injector [Bydureon] Box of 12,RxNorm Extension,A10BJ_glucagon_like_peptide_1_glp_1_analogues,reviewed_seed,Imported from master codelists,Drug,standard,A10BJ_glucagon_like_peptide_1_glp_1_analogues
glp1_receptor_agonists,GLP-1 receptor agonists,drug,36036065,TRUE,exenatide 2 MG Pen Injector [Bydureon] Box of 12 by Axicorp,RxNorm Extension,A10BJ_glucagon_like_peptide_1_glp_1_analogues,reviewed_seed,Imported from master codelists,Drug,standard,A10BJ_glucagon_like_peptide_1_glp_1_analogues
glp1_receptor_agonists,GLP-1 receptor agonists,drug,36037343,TRUE,1.2 ML exenatide 0.00417 MG/ML Injectable Solution [Byetta] by Orifarm Leverkus,RxNorm Extension,A10BJ_glucagon_like_peptide_1_glp_1_analogues,reviewed_seed,Imported from master codelists,Drug,standard,A10BJ_glucagon_like_peptide_1_glp_1_analogues
glp1_receptor_agonists,GLP-1 receptor agonists,drug,36037344,TRUE,1.2 ML exenatide 0.00417 MG/ML Injectable Solution [Byetta] by Haematogmbh,RxNorm Extension,A10BJ_glucagon_like_peptide_1_glp_1_analogues,reviewed_seed,Imported from master codelists,Drug,standard,A10BJ_glucagon_like_peptide_1_glp_1_analogues
glp1_receptor_agonists,GLP-1 receptor agonists,drug,36037417,TRUE,3 ML liraglutide 6 MG/ML Injectable Solution [Saxenda] Box of 5 by Paranova Pack,RxNorm Extension,A10BJ_glucagon_like_peptide_1_glp_1_analogues,reviewed_seed,Imported from master codelists,Drug,standard,A10BJ_glucagon_like_peptide_1_glp_1_analogues
glp1_receptor_agonists,GLP-1 receptor agonists,drug,36052551,TRUE,0.85 ML exenatide 2.35 MG/ML Injectable Suspension [Bydureon] Box of 4 by Astrazeneca,RxNorm Extension,A10BJ_glucagon_like_peptide_1_glp_1_analogues,reviewed_seed,Imported from master codelists,Drug,standard,A10BJ_glucagon_like_peptide_1_glp_1_analogues
glp1_receptor_agonists,GLP-1 receptor agonists,drug,36052552,TRUE,0.85 ML exenatide 2.35 MG/ML Injectable Suspension [Bydureon] Box of 4,RxNorm Extension,A10BJ_glucagon_like_peptide_1_glp_1_analogues,reviewed_seed,Imported from master codelists,Drug,standard,A10BJ_glucagon_like_peptide_1_glp_1_analogues
glp1_receptor_agonists,GLP-1 receptor agonists,drug,36052553,TRUE,0.85 ML exenatide 2.35 MG/ML Injectable Suspension [Bydureon] by Astrazeneca,RxNorm Extension,A10BJ_glucagon_like_peptide_1_glp_1_analogues,reviewed_seed,Imported from master codelists,Drug,standard,A10BJ_glucagon_like_peptide_1_glp_1_analogues
glp1_receptor_agonists,GLP-1 receptor agonists,drug,36052554,TRUE,0.85 ML exenatide 2.35 MG/ML Injectable Suspension [Bydureon],RxNorm Extension,A10BJ_glucagon_like_peptide_1_glp_1_analogues,reviewed_seed,Imported from master codelists,Drug,standard,A10BJ_glucagon_like_peptide_1_glp_1_analogues
glp1_receptor_agonists,GLP-1 receptor agonists,drug,36052555,TRUE,0.85 ML exenatide 2.35 MG/ML Injectable Suspension Box of 4,RxNorm Extension,A10BJ_glucagon_like_peptide_1_glp_1_analogues,reviewed_seed,Imported from master codelists,Drug,standard,A10BJ_glucagon_like_peptide_1_glp_1_analogues
glp1_receptor_agonists,GLP-1 receptor agonists,drug,36052556,TRUE,0.85 ML exenatide 2.35 MG/ML Injectable Suspension,RxNorm Extension,A10BJ_glucagon_like_peptide_1_glp_1_analogues,reviewed_seed,Imported from master codelists,Drug,standard,A10BJ_glucagon_like_peptide_1_glp_1_analogues
glp1_receptor_agonists,GLP-1 receptor agonists,drug,36053779,TRUE,1.2 ML exenatide 0.25 MG/ML Injectable Solution [Byetta] Box of 1 by DE,RxNorm Extension,A10BJ_glucagon_like_peptide_1_glp_1_analogues,reviewed_seed,Imported from master codelists,Drug,standard,A10BJ_glucagon_like_peptide_1_glp_1_analogues
glp1_receptor_agonists,GLP-1 receptor agonists,drug,36053780,TRUE,1.2 ML exenatide 0.25 MG/ML Injectable Solution [Byetta] by DE,RxNorm Extension,A10BJ_glucagon_like_peptide_1_glp_1_analogues,reviewed_seed,Imported from master codelists,Drug,standard,A10BJ_glucagon_like_peptide_1_glp_1_analogues
glp1_receptor_agonists,GLP-1 receptor agonists,drug,36054048,TRUE,1.5 ML semaglutide 1.34 MG/ML Injectable Solution [Ozempic] Box of 1 by Pharmaram,RxNorm Extension,A10BJ_glucagon_like_peptide_1_glp_1_analogues,reviewed_seed,Imported from master codelists,Drug,standard,A10BJ_glucagon_like_peptide_1_glp_1_analogues
glp1_receptor_agonists,GLP-1 receptor agonists,drug,36054049,TRUE,1.5 ML semaglutide 1.34 MG/ML Injectable Solution [Ozempic] by Pharmaram,RxNorm Extension,A10BJ_glucagon_like_peptide_1_glp_1_analogues,reviewed_seed,Imported from master codelists,Drug,standard,A10BJ_glucagon_like_peptide_1_glp_1_analogues
glp1_receptor_agonists,GLP-1 receptor agonists,drug,36055143,TRUE,2.4 ML exenatide 0.25 MG/ML Injectable Solution [Byetta] Box of 1 by Mawdsley-Brooks,RxNorm Extension,A10BJ_glucagon_like_peptide_1_glp_1_analogues,reviewed_seed,Imported from master codelists,Drug,standard,A10BJ_glucagon_like_peptide_1_glp_1_analogues
glp1_receptor_agonists,GLP-1 receptor agonists,drug,36055144,TRUE,2.4 ML exenatide 0.25 MG/ML Injectable Solution [Byetta] Box of 1 by DE,RxNorm Extension,A10BJ_glucagon_like_peptide_1_glp_1_analogues,reviewed_seed,Imported from master codelists,Drug,standard,A10BJ_glucagon_like_peptide_1_glp_1_analogues
glp1_receptor_agonists,GLP-1 receptor agonists,drug,36055145,TRUE,2.4 ML exenatide 0.25 MG/ML Injectable Solution [Byetta] Box of 1 by CST,RxNorm Extension,A10BJ_glucagon_like_peptide_1_glp_1_analogues,reviewed_seed,Imported from master codelists,Drug,standard,A10BJ_glucagon_like_peptide_1_glp_1_analogues
glp1_receptor_agonists,GLP-1 receptor agonists,drug,36055146,TRUE,2.4 ML exenatide 0.25 MG/ML Injectable Solution [Byetta] Box of 1 by Ethigen,RxNorm Extension,A10BJ_glucagon_like_peptide_1_glp_1_analogues,reviewed_seed,Imported from master codelists,Drug,standard,A10BJ_glucagon_like_peptide_1_glp_1_analogues
glp1_receptor_agonists,GLP-1 receptor agonists,drug,36055147,TRUE,2.4 ML exenatide 0.25 MG/ML Injectable Solution [Byetta] Box of 1 by Originalis B.V.,RxNorm Extension,A10BJ_glucagon_like_peptide_1_glp_1_analogues,reviewed_seed,Imported from master codelists,Drug,standard,A10BJ_glucagon_like_peptide_1_glp_1_analogues
glp1_receptor_agonists,GLP-1 receptor agonists,drug,36055148,TRUE,2.4 ML exenatide 0.25 MG/ML Injectable Solution [Byetta] Box of 1 by Pharmaram,RxNorm Extension,A10BJ_glucagon_like_peptide_1_glp_1_analogues,reviewed_seed,Imported from master codelists,Drug,standard,A10BJ_glucagon_like_peptide_1_glp_1_analogues
glp1_receptor_agonists,GLP-1 receptor agonists,drug,36055149,TRUE,2.4 ML exenatide 0.25 MG/ML Injectable Solution [Byetta] by Mawdsley-Brooks,RxNorm Extension,A10BJ_glucagon_like_peptide_1_glp_1_analogues,reviewed_seed,Imported from master codelists,Drug,standard,A10BJ_glucagon_like_peptide_1_glp_1_analogues
glp1_receptor_agonists,GLP-1 receptor agonists,drug,36055150,TRUE,2.4 ML exenatide 0.25 MG/ML Injectable Solution [Byetta] by DE,RxNorm Extension,A10BJ_glucagon_like_peptide_1_glp_1_analogues,reviewed_seed,Imported from master codelists,Drug,standard,A10BJ_glucagon_like_peptide_1_glp_1_analogues
glp1_receptor_agonists,GLP-1 receptor agonists,drug,36055151,TRUE,2.4 ML exenatide 0.25 MG/ML Injectable Solution [Byetta] by CST,RxNorm Extension,A10BJ_glucagon_like_peptide_1_glp_1_analogues,reviewed_seed,Imported from master codelists,Drug,standard,A10BJ_glucagon_like_peptide_1_glp_1_analogues
glp1_receptor_agonists,GLP-1 receptor agonists,drug,36055152,TRUE,2.4 ML exenatide 0.25 MG/ML Injectable Solution [Byetta] by Ethigen,RxNorm Extension,A10BJ_glucagon_like_peptide_1_glp_1_analogues,reviewed_seed,Imported from master codelists,Drug,standard,A10BJ_glucagon_like_peptide_1_glp_1_analogues
glp1_receptor_agonists,GLP-1 receptor agonists,drug,36055153,TRUE,2.4 ML exenatide 0.25 MG/ML Injectable Solution [Byetta] by Originalis B.V.,RxNorm Extension,A10BJ_glucagon_like_peptide_1_glp_1_analogues,reviewed_seed,Imported from master codelists,Drug,standard,A10BJ_glucagon_like_peptide_1_glp_1_analogues
glp1_receptor_agonists,GLP-1 receptor agonists,drug,36055154,TRUE,2.4 ML exenatide 0.25 MG/ML Injectable Solution [Byetta] by Pharmaram,RxNorm Extension,A10BJ_glucagon_like_peptide_1_glp_1_analogues,reviewed_seed,Imported from master codelists,Drug,standard,A10BJ_glucagon_like_peptide_1_glp_1_analogues
glp1_receptor_agonists,GLP-1 receptor agonists,drug,36055834,TRUE,3 ML liraglutide 6 MG/ML Injectable Solution [Saxenda] Box of 5 by CST,RxNorm Extension,A10BJ_glucagon_like_peptide_1_glp_1_analogues,reviewed_seed,Imported from master codelists,Drug,standard,A10BJ_glucagon_like_peptide_1_glp_1_analogues
glp1_receptor_agonists,GLP-1 receptor agonists,drug,36055835,TRUE,3 ML liraglutide 6 MG/ML Injectable Solution [Saxenda] Box of 3 by Novo Nordisk,RxNorm Extension,A10BJ_glucagon_like_peptide_1_glp_1_analogues,reviewed_seed,Imported from master codelists,Drug,standard,A10BJ_glucagon_like_peptide_1_glp_1_analogues
glp1_receptor_agonists,GLP-1 receptor agonists,drug,36055836,TRUE,3 ML liraglutide 6 MG/ML Injectable Solution [Saxenda] by CST,RxNorm Extension,A10BJ_glucagon_like_peptide_1_glp_1_analogues,reviewed_seed,Imported from master codelists,Drug,standard,A10BJ_glucagon_like_peptide_1_glp_1_analogues
glp1_receptor_agonists,GLP-1 receptor agonists,drug,36055837,TRUE,3 ML liraglutide 6 MG/ML Injectable Solution [Victoza] Box of 3 by Mawdsley-Brooks,RxNorm Extension,A10BJ_glucagon_like_peptide_1_glp_1_analogues,reviewed_seed,Imported from master codelists,Drug,standard,A10BJ_glucagon_like_peptide_1_glp_1_analogues
glp1_receptor_agonists,GLP-1 receptor agonists,drug,36055838,TRUE,3 ML liraglutide 6 MG/ML Injectable Solution [Victoza] Box of 3 by Originalis B.V.,RxNorm Extension,A10BJ_glucagon_like_peptide_1_glp_1_analogues,reviewed_seed,Imported from master codelists,Drug,standard,A10BJ_glucagon_like_peptide_1_glp_1_analogues
glp1_receptor_agonists,GLP-1 receptor agonists,drug,36055839,TRUE,3 ML liraglutide 6 MG/ML Injectable Solution [Victoza] Box of 2 by Mawdsley-Brooks,RxNorm Extension,A10BJ_glucagon_like_peptide_1_glp_1_analogues,reviewed_seed,Imported from master codelists,Drug,standard,A10BJ_glucagon_like_peptide_1_glp_1_analogues
glp1_receptor_agonists,GLP-1 receptor agonists,drug,36055840,TRUE,3 ML liraglutide 6 MG/ML Injectable Solution [Victoza] Box of 2 by Pilsco,RxNorm Extension,A10BJ_glucagon_like_peptide_1_glp_1_analogues,reviewed_seed,Imported from master codelists,Drug,standard,A10BJ_glucagon_like_peptide_1_glp_1_analogues
glp1_receptor_agonists,GLP-1 receptor agonists,drug,36055841,TRUE,3 ML liraglutide 6 MG/ML Injectable Solution [Victoza] by Mawdsley-Brooks,RxNorm Extension,A10BJ_glucagon_like_peptide_1_glp_1_analogues,reviewed_seed,Imported from master codelists,Drug,standard,A10BJ_glucagon_like_peptide_1_glp_1_analogues
glp1_receptor_agonists,GLP-1 receptor agonists,drug,36055842,TRUE,3 ML liraglutide 6 MG/ML Injectable Solution [Victoza] by Originalis B.V.,RxNorm Extension,A10BJ_glucagon_like_peptide_1_glp_1_analogues,reviewed_seed,Imported from master codelists,Drug,standard,A10BJ_glucagon_like_peptide_1_glp_1_analogues
glp1_receptor_agonists,GLP-1 receptor agonists,drug,36055843,TRUE,3 ML liraglutide 6 MG/ML Injectable Solution [Victoza] by Pilsco,RxNorm Extension,A10BJ_glucagon_like_peptide_1_glp_1_analogues,reviewed_seed,Imported from master codelists,Drug,standard,A10BJ_glucagon_like_peptide_1_glp_1_analogues
glp1_receptor_agonists,GLP-1 receptor agonists,drug,36055864,TRUE,3 ML semaglutide 1.34 MG/ML Injectable Solution [Ozempic] Box of 1 by Pharmaram,RxNorm Extension,A10BJ_glucagon_like_peptide_1_glp_1_analogues,reviewed_seed,Imported from master codelists,Drug,standard,A10BJ_glucagon_like_peptide_1_glp_1_analogues
glp1_receptor_agonists,GLP-1 receptor agonists,drug,36055865,TRUE,3 ML semaglutide 1.34 MG/ML Injectable Solution [Ozempic] by Pharmaram,RxNorm Extension,A10BJ_glucagon_like_peptide_1_glp_1_analogues,reviewed_seed,Imported from master codelists,Drug,standard,A10BJ_glucagon_like_peptide_1_glp_1_analogues
glp1_receptor_agonists,GLP-1 receptor agonists,drug,36062852,TRUE,exenatide 2 MG Injectable Suspension [Bydureon] Box of 4 by CST,RxNorm Extension,A10BJ_glucagon_like_peptide_1_glp_1_analogues,reviewed_seed,Imported from master codelists,Drug,standard,A10BJ_glucagon_like_peptide_1_glp_1_analogues
glp1_receptor_agonists,GLP-1 receptor agonists,drug,36062853,TRUE,exenatide 2 MG Injectable Suspension [Bydureon] by CST,RxNorm Extension,A10BJ_glucagon_like_peptide_1_glp_1_analogues,reviewed_seed,Imported from master codelists,Drug,standard,A10BJ_glucagon_like_peptide_1_glp_1_analogues
glp1_receptor_agonists,GLP-1 receptor agonists,drug,36062854,TRUE,exenatide 2.35 MG/ML Injectable Suspension [Bydureon] Box of 4,RxNorm Extension,A10BJ_glucagon_like_peptide_1_glp_1_analogues,reviewed_seed,Imported from master codelists,Drug,standard,A10BJ_glucagon_like_peptide_1_glp_1_analogues
glp1_receptor_agonists,GLP-1 receptor agonists,drug,36062855,TRUE,exenatide 2.35 MG/ML Injectable Suspension [Bydureon],RxNorm Extension,A10BJ_glucagon_like_peptide_1_glp_1_analogues,reviewed_seed,Imported from master codelists,Drug,standard,A10BJ_glucagon_like_peptide_1_glp_1_analogues
glp1_receptor_agonists,GLP-1 receptor agonists,drug,36062856,TRUE,exenatide 2.35 MG/ML Injectable Suspension Box of 4,RxNorm Extension,A10BJ_glucagon_like_peptide_1_glp_1_analogues,reviewed_seed,Imported from master codelists,Drug,standard,A10BJ_glucagon_like_peptide_1_glp_1_analogues
glp1_receptor_agonists,GLP-1 receptor agonists,drug,36062857,TRUE,exenatide 2.35 MG/ML Injectable Suspension,RxNorm Extension,A10BJ_glucagon_like_peptide_1_glp_1_analogues,reviewed_seed,Imported from master codelists,Drug,standard,A10BJ_glucagon_like_peptide_1_glp_1_analogues
glp1_receptor_agonists,GLP-1 receptor agonists,drug,36257019,TRUE,albiglutide 60 MG/ML Pen Injector Box of 4,RxNorm Extension,A10BJ_glucagon_like_peptide_1_glp_1_analogues,reviewed_seed,Imported from master codelists,Drug,standard,A10BJ_glucagon_like_peptide_1_glp_1_analogues
glp1_receptor_agonists,GLP-1 receptor agonists,drug,36257331,TRUE,albiglutide 60 MG/ML Pen Injector [Eperzan] Box of 4,RxNorm Extension,A10BJ_glucagon_like_peptide_1_glp_1_analogues,reviewed_seed,Imported from master codelists,Drug,standard,A10BJ_glucagon_like_peptide_1_glp_1_analogues
glp1_receptor_agonists,GLP-1 receptor agonists,drug,36257332,TRUE,albiglutide 60 MG/ML Pen Injector [Eperzan],RxNorm Extension,A10BJ_glucagon_like_peptide_1_glp_1_analogues,reviewed_seed,Imported from master codelists,Drug,standard,A10BJ_glucagon_like_peptide_1_glp_1_analogues
glp1_receptor_agonists,GLP-1 receptor agonists,drug,36257722,TRUE,Lixisenatide 0.01 MG/ACTUAT Injectable Solution [Lyxumia],RxNorm Extension,A10BJ_glucagon_like_peptide_1_glp_1_analogues,reviewed_seed,Imported from master codelists,Drug,standard,A10BJ_glucagon_like_peptide_1_glp_1_analogues
glp1_receptor_agonists,GLP-1 receptor agonists,drug,36257910,TRUE,exenatide 0.01 MG/ACTUAT Injectable Solution [Byetta],RxNorm Extension,A10BJ_glucagon_like_peptide_1_glp_1_analogues,reviewed_seed,Imported from master codelists,Drug,standard,A10BJ_glucagon_like_peptide_1_glp_1_analogues
glp1_receptor_agonists,GLP-1 receptor agonists,drug,36259066,TRUE,Lixisenatide 0.01 MG/ACTUAT [Lyxumia],RxNorm Extension,A10BJ_glucagon_like_peptide_1_glp_1_analogues,reviewed_seed,Imported from master codelists,Drug,standard,A10BJ_glucagon_like_peptide_1_glp_1_analogues
glp1_receptor_agonists,GLP-1 receptor agonists,drug,36260449,TRUE,exenatide 3.08 MG/ML Injectable Suspension [Bydureon] Box of 4,RxNorm Extension,A10BJ_glucagon_like_peptide_1_glp_1_analogues,reviewed_seed,Imported from master codelists,Drug,standard,A10BJ_glucagon_like_peptide_1_glp_1_analogues
glp1_receptor_agonists,GLP-1 receptor agonists,drug,36260450,TRUE,exenatide 3.08 MG/ML Injectable Suspension [Bydureon],RxNorm Extension,A10BJ_glucagon_like_peptide_1_glp_1_analogues,reviewed_seed,Imported from master codelists,Drug,standard,A10BJ_glucagon_like_peptide_1_glp_1_analogues
glp1_receptor_agonists,GLP-1 receptor agonists,drug,36261529,TRUE,albiglutide 100 MG/ML [Eperzan],RxNorm Extension,A10BJ_glucagon_like_peptide_1_glp_1_analogues,reviewed_seed,Imported from master codelists,Drug,standard,A10BJ_glucagon_like_peptide_1_glp_1_analogues
glp1_receptor_agonists,GLP-1 receptor agonists,drug,36261606,TRUE,Lixisenatide 0.02 MG/ACTUAT [Lyxumia],RxNorm Extension,A10BJ_glucagon_like_peptide_1_glp_1_analogues,reviewed_seed,Imported from master codelists,Drug,standard,A10BJ_glucagon_like_peptide_1_glp_1_analogues
glp1_receptor_agonists,GLP-1 receptor agonists,drug,36262254,TRUE,exenatide 3.08 MG/ML Injectable Suspension Box of 4,RxNorm Extension,A10BJ_glucagon_like_peptide_1_glp_1_analogues,reviewed_seed,Imported from master codelists,Drug,standard,A10BJ_glucagon_like_peptide_1_glp_1_analogues
glp1_receptor_agonists,GLP-1 receptor agonists,drug,36263010,TRUE,exenatide 0.005 MG/ACTUAT Injectable Solution [Byetta],RxNorm Extension,A10BJ_glucagon_like_peptide_1_glp_1_analogues,reviewed_seed,Imported from master codelists,Drug,standard,A10BJ_glucagon_like_peptide_1_glp_1_analogues
glp1_receptor_agonists,GLP-1 receptor agonists,drug,36264995,TRUE,albiglutide 100 MG/ML Pen Injector [Eperzan],RxNorm Extension,A10BJ_glucagon_like_peptide_1_glp_1_analogues,reviewed_seed,Imported from master codelists,Drug,standard,A10BJ_glucagon_like_peptide_1_glp_1_analogues
glp1_receptor_agonists,GLP-1 receptor agonists,drug,36266651,TRUE,Lixisenatide 0.02 MG/ACTUAT,RxNorm Extension,A10BJ_glucagon_like_peptide_1_glp_1_analogues,reviewed_seed,Imported from master codelists,Drug,standard,A10BJ_glucagon_like_peptide_1_glp_1_analogues
glp1_receptor_agonists,GLP-1 receptor agonists,drug,36266953,TRUE,albiglutide Pen Injector [Eperzan],RxNorm Extension,A10BJ_glucagon_like_peptide_1_glp_1_analogues,reviewed_seed,Imported from master codelists,Drug,standard,A10BJ_glucagon_like_peptide_1_glp_1_analogues
glp1_receptor_agonists,GLP-1 receptor agonists,drug,36267325,TRUE,Lixisenatide 0.02 MG/ACTUAT Injectable Solution,RxNorm Extension,A10BJ_glucagon_like_peptide_1_glp_1_analogues,reviewed_seed,Imported from master codelists,Drug,standard,A10BJ_glucagon_like_peptide_1_glp_1_analogues
glp1_receptor_agonists,GLP-1 receptor agonists,drug,36267396,TRUE,exenatide 0.01 MG/ACTUAT Injectable Solution,RxNorm Extension,A10BJ_glucagon_like_peptide_1_glp_1_analogues,reviewed_seed,Imported from master codelists,Drug,standard,A10BJ_glucagon_like_peptide_1_glp_1_analogues
glp1_receptor_agonists,GLP-1 receptor agonists,drug,36267952,TRUE,Lixisenatide 0.02 MG/ACTUAT Injectable Solution [Lyxumia] Box of 2,RxNorm Extension,A10BJ_glucagon_like_peptide_1_glp_1_analogues,reviewed_seed,Imported from master codelists,Drug,standard,A10BJ_glucagon_like_peptide_1_glp_1_analogues
glp1_receptor_agonists,GLP-1 receptor agonists,drug,36269857,TRUE,Lixisenatide 0.01 MG/ACTUAT Injectable Solution,RxNorm Extension,A10BJ_glucagon_like_peptide_1_glp_1_analogues,reviewed_seed,Imported from master codelists,Drug,standard,A10BJ_glucagon_like_peptide_1_glp_1_analogues
glp1_receptor_agonists,GLP-1 receptor agonists,drug,36269923,TRUE,exenatide 3.08 MG/ML Injectable Suspension,RxNorm Extension,A10BJ_glucagon_like_peptide_1_glp_1_analogues,reviewed_seed,Imported from master codelists,Drug,standard,A10BJ_glucagon_like_peptide_1_glp_1_analogues
glp1_receptor_agonists,GLP-1 receptor agonists,drug,36270071,TRUE,albiglutide 100 MG/ML Pen Injector [Eperzan] Box of 4,RxNorm Extension,A10BJ_glucagon_like_peptide_1_glp_1_analogues,reviewed_seed,Imported from master codelists,Drug,standard,A10BJ_glucagon_like_peptide_1_glp_1_analogues
glp1_receptor_agonists,GLP-1 receptor agonists,drug,36271737,TRUE,albiglutide 60 MG/ML [Eperzan],RxNorm Extension,A10BJ_glucagon_like_peptide_1_glp_1_analogues,reviewed_seed,Imported from master codelists,Drug,standard,A10BJ_glucagon_like_peptide_1_glp_1_analogues
glp1_receptor_agonists,GLP-1 receptor agonists,drug,36272453,TRUE,exenatide 0.005 MG/ACTUAT Injectable Solution,RxNorm Extension,A10BJ_glucagon_like_peptide_1_glp_1_analogues,reviewed_seed,Imported from master codelists,Drug,standard,A10BJ_glucagon_like_peptide_1_glp_1_analogues
glp1_receptor_agonists,GLP-1 receptor agonists,drug,36274845,TRUE,albiglutide 100 MG/ML Pen Injector Box of 4,RxNorm Extension,A10BJ_glucagon_like_peptide_1_glp_1_analogues,reviewed_seed,Imported from master codelists,Drug,standard,A10BJ_glucagon_like_peptide_1_glp_1_analogues
glp1_receptor_agonists,GLP-1 receptor agonists,drug,36275614,TRUE,Lixisenatide 0.02 MG/ACTUAT Injectable Solution [Lyxumia],RxNorm Extension,A10BJ_glucagon_like_peptide_1_glp_1_analogues,reviewed_seed,Imported from master codelists,Drug,standard,A10BJ_glucagon_like_peptide_1_glp_1_analogues
glp1_receptor_agonists,GLP-1 receptor agonists,drug,36276827,TRUE,Lixisenatide 0.01 MG/ACTUAT,RxNorm Extension,A10BJ_glucagon_like_peptide_1_glp_1_analogues,reviewed_seed,Imported from master codelists,Drug,standard,A10BJ_glucagon_like_peptide_1_glp_1_analogues
glp1_receptor_agonists,GLP-1 receptor agonists,drug,36277539,TRUE,Lixisenatide 0.02 MG/ACTUAT Injectable Solution Box of 2,RxNorm Extension,A10BJ_glucagon_like_peptide_1_glp_1_analogues,reviewed_seed,Imported from master codelists,Drug,standard,A10BJ_glucagon_like_peptide_1_glp_1_analogues
glp1_receptor_agonists,GLP-1 receptor agonists,drug,36281012,TRUE,0.5 ML albiglutide 60 MG/ML Pen Injector [Eperzan],RxNorm Extension,A10BJ_glucagon_like_peptide_1_glp_1_analogues,reviewed_seed,Imported from master codelists,Drug,standard,A10BJ_glucagon_like_peptide_1_glp_1_analogues
glp1_receptor_agonists,GLP-1 receptor agonists,drug,36281031,TRUE,0.5 ML albiglutide 60 MG/ML Pen Injector [Eperzan] Box of 4 by GSK,RxNorm Extension,A10BJ_glucagon_like_peptide_1_glp_1_analogues,reviewed_seed,Imported from master codelists,Drug,standard,A10BJ_glucagon_like_peptide_1_glp_1_analogues
glp1_receptor_agonists,GLP-1 receptor agonists,drug,36281056,TRUE,0.5 ML dulaglutide 1.5 MG/ML Injectable Solution [Trulicity] Box of 4 by Eli Lilly,RxNorm Extension,A10BJ_glucagon_like_peptide_1_glp_1_analogues,reviewed_seed,Imported from master codelists,Drug,standard,A10BJ_glucagon_like_peptide_1_glp_1_analogues
glp1_receptor_agonists,GLP-1 receptor agonists,drug,36281086,TRUE,0.5 ML dulaglutide 3 MG/ML Injectable Solution [Trulicity] Box of 4 by Eli Lilly,RxNorm Extension,A10BJ_glucagon_like_peptide_1_glp_1_analogues,reviewed_seed,Imported from master codelists,Drug,standard,A10BJ_glucagon_like_peptide_1_glp_1_analogues
glp1_receptor_agonists,GLP-1 receptor agonists,drug,36281093,TRUE,0.5 ML albiglutide 100 MG/ML Pen Injector Box of 4,RxNorm Extension,A10BJ_glucagon_like_peptide_1_glp_1_analogues,reviewed_seed,Imported from master codelists,Drug,standard,A10BJ_glucagon_like_peptide_1_glp_1_analogues
glp1_receptor_agonists,GLP-1 receptor agonists,drug,36281121,TRUE,0.5 ML albiglutide 60 MG/ML Pen Injector Box of 4,RxNorm Extension,A10BJ_glucagon_like_peptide_1_glp_1_analogues,reviewed_seed,Imported from master codelists,Drug,standard,A10BJ_glucagon_like_peptide_1_glp_1_analogues
glp1_receptor_agonists,GLP-1 receptor agonists,drug,36281127,TRUE,0.5 ML albiglutide 100 MG/ML Pen Injector [Eperzan] Box of 4,RxNorm Extension,A10BJ_glucagon_like_peptide_1_glp_1_analogues,reviewed_seed,Imported from master codelists,Drug,standard,A10BJ_glucagon_like_peptide_1_glp_1_analogues
glp1_receptor_agonists,GLP-1 receptor agonists,drug,36281155,TRUE,0.5 ML albiglutide 100 MG/ML Pen Injector [Eperzan],RxNorm Extension,A10BJ_glucagon_like_peptide_1_glp_1_analogues,reviewed_seed,Imported from master codelists,Drug,standard,A10BJ_glucagon_like_peptide_1_glp_1_analogues
glp1_receptor_agonists,GLP-1 receptor agonists,drug,36281213,TRUE,0.5 ML albiglutide 60 MG/ML Pen Injector [Eperzan] Box of 4,RxNorm Extension,A10BJ_glucagon_like_peptide_1_glp_1_analogues,reviewed_seed,Imported from master codelists,Drug,standard,A10BJ_glucagon_like_peptide_1_glp_1_analogues
glp1_receptor_agonists,GLP-1 receptor agonists,drug,36281221,TRUE,0.5 ML albiglutide 100 MG/ML Pen Injector [Eperzan] Box of 4 by GSK,RxNorm Extension,A10BJ_glucagon_like_peptide_1_glp_1_analogues,reviewed_seed,Imported from master codelists,Drug,standard,A10BJ_glucagon_like_peptide_1_glp_1_analogues
glp1_receptor_agonists,GLP-1 receptor agonists,drug,36282263,TRUE,0.65 ML exenatide 3.08 MG/ML Injectable Suspension [Bydureon] Box of 4 by Astrazeneca,RxNorm Extension,A10BJ_glucagon_like_peptide_1_glp_1_analogues,reviewed_seed,Imported from master codelists,Drug,standard,A10BJ_glucagon_like_peptide_1_glp_1_analogues
glp1_receptor_agonists,GLP-1 receptor agonists,drug,36282265,TRUE,0.65 ML exenatide 3.08 MG/ML Injectable Suspension [Bydureon],RxNorm Extension,A10BJ_glucagon_like_peptide_1_glp_1_analogues,reviewed_seed,Imported from master codelists,Drug,standard,A10BJ_glucagon_like_peptide_1_glp_1_analogues
glp1_receptor_agonists,GLP-1 receptor agonists,drug,36282266,TRUE,0.65 ML exenatide 3.08 MG/ML Injectable Suspension Box of 4,RxNorm Extension,A10BJ_glucagon_like_peptide_1_glp_1_analogues,reviewed_seed,Imported from master codelists,Drug,standard,A10BJ_glucagon_like_peptide_1_glp_1_analogues
glp1_receptor_agonists,GLP-1 receptor agonists,drug,36282267,TRUE,0.65 ML exenatide 3.08 MG/ML Injectable Suspension [Bydureon] Box of 4,RxNorm Extension,A10BJ_glucagon_like_peptide_1_glp_1_analogues,reviewed_seed,Imported from master codelists,Drug,standard,A10BJ_glucagon_like_peptide_1_glp_1_analogues
glp1_receptor_agonists,GLP-1 receptor agonists,drug,36282268,TRUE,0.65 ML exenatide 3.08 MG/ML Injectable Suspension,RxNorm Extension,A10BJ_glucagon_like_peptide_1_glp_1_analogues,reviewed_seed,Imported from master codelists,Drug,standard,A10BJ_glucagon_like_peptide_1_glp_1_analogues
glp1_receptor_agonists,GLP-1 receptor agonists,drug,36283722,TRUE,14 ACTUAT Lixisenatide 0.02 MG/ACTUAT Injectable Solution,RxNorm Extension,A10BJ_glucagon_like_peptide_1_glp_1_analogues,reviewed_seed,Imported from master codelists,Drug,standard,A10BJ_glucagon_like_peptide_1_glp_1_analogues
glp1_receptor_agonists,GLP-1 receptor agonists,drug,36283725,TRUE,14 ACTUAT Lixisenatide 0.02 MG/ACTUAT Injectable Solution [Lyxumia] Box of 2,RxNorm Extension,A10BJ_glucagon_like_peptide_1_glp_1_analogues,reviewed_seed,Imported from master codelists,Drug,standard,A10BJ_glucagon_like_peptide_1_glp_1_analogues
glp1_receptor_agonists,GLP-1 receptor agonists,drug,36283726,TRUE,14 ACTUAT Lixisenatide 0.01 MG/ACTUAT Injectable Solution [Lyxumia],RxNorm Extension,A10BJ_glucagon_like_peptide_1_glp_1_analogues,reviewed_seed,Imported from master codelists,Drug,standard,A10BJ_glucagon_like_peptide_1_glp_1_analogues
glp1_receptor_agonists,GLP-1 receptor agonists,drug,36283727,TRUE,14 ACTUAT Lixisenatide 0.02 MG/ACTUAT Injectable Solution Box of 2,RxNorm Extension,A10BJ_glucagon_like_peptide_1_glp_1_analogues,reviewed_seed,Imported from master codelists,Drug,standard,A10BJ_glucagon_like_peptide_1_glp_1_analogues
glp1_receptor_agonists,GLP-1 receptor agonists,drug,36283728,TRUE,14 ACTUAT Lixisenatide 0.01 MG/ACTUAT Injectable Solution,RxNorm Extension,A10BJ_glucagon_like_peptide_1_glp_1_analogues,reviewed_seed,Imported from master codelists,Drug,standard,A10BJ_glucagon_like_peptide_1_glp_1_analogues
glp1_receptor_agonists,GLP-1 receptor agonists,drug,36283729,TRUE,14 ACTUAT Lixisenatide 0.01 MG/ACTUAT Injectable Solution [Lyxumia] by Sanofi,RxNorm Extension,A10BJ_glucagon_like_peptide_1_glp_1_analogues,reviewed_seed,Imported from master codelists,Drug,standard,A10BJ_glucagon_like_peptide_1_glp_1_analogues
glp1_receptor_agonists,GLP-1 receptor agonists,drug,36283730,TRUE,14 ACTUAT Lixisenatide 0.02 MG/ACTUAT Injectable Solution [Lyxumia],RxNorm Extension,A10BJ_glucagon_like_peptide_1_glp_1_analogues,reviewed_seed,Imported from master codelists,Drug,standard,A10BJ_glucagon_like_peptide_1_glp_1_analogues
glp1_receptor_agonists,GLP-1 receptor agonists,drug,36283731,TRUE,14 ACTUAT Lixisenatide 0.02 MG/ACTUAT Injectable Solution [Lyxumia] Box of 2 by Sanofi,RxNorm Extension,A10BJ_glucagon_like_peptide_1_glp_1_analogues,reviewed_seed,Imported from master codelists,Drug,standard,A10BJ_glucagon_like_peptide_1_glp_1_analogues
glp1_receptor_agonists,GLP-1 receptor agonists,drug,36283820,TRUE,60 ACTUAT exenatide 0.005 MG/ACTUAT Injectable Solution [Byetta],RxNorm Extension,A10BJ_glucagon_like_peptide_1_glp_1_analogues,reviewed_seed,Imported from master codelists,Drug,standard,A10BJ_glucagon_like_peptide_1_glp_1_analogues
glp1_receptor_agonists,GLP-1 receptor agonists,drug,36283825,TRUE,60 ACTUAT exenatide 0.01 MG/ACTUAT Injectable Solution,RxNorm Extension,A10BJ_glucagon_like_peptide_1_glp_1_analogues,reviewed_seed,Imported from master codelists,Drug,standard,A10BJ_glucagon_like_peptide_1_glp_1_analogues
glp1_receptor_agonists,GLP-1 receptor agonists,drug,36283826,TRUE,60 ACTUAT exenatide 0.01 MG/ACTUAT Injectable Solution [Byetta],RxNorm Extension,A10BJ_glucagon_like_peptide_1_glp_1_analogues,reviewed_seed,Imported from master codelists,Drug,standard,A10BJ_glucagon_like_peptide_1_glp_1_analogues
glp1_receptor_agonists,GLP-1 receptor agonists,drug,36283830,TRUE,60 ACTUAT exenatide 0.005 MG/ACTUAT Injectable Solution,RxNorm Extension,A10BJ_glucagon_like_peptide_1_glp_1_analogues,reviewed_seed,Imported from master codelists,Drug,standard,A10BJ_glucagon_like_peptide_1_glp_1_analogues
glp1_receptor_agonists,GLP-1 receptor agonists,drug,36283834,TRUE,60 ACTUAT exenatide 0.01 MG/ACTUAT Injectable Solution [Byetta] by Astrazeneca,RxNorm Extension,A10BJ_glucagon_like_peptide_1_glp_1_analogues,reviewed_seed,Imported from master codelists,Drug,standard,A10BJ_glucagon_like_peptide_1_glp_1_analogues
glp1_receptor_agonists,GLP-1 receptor agonists,drug,36283850,TRUE,60 ACTUAT exenatide 0.005 MG/ACTUAT Injectable Solution [Byetta] by Astrazeneca,RxNorm Extension,A10BJ_glucagon_like_peptide_1_glp_1_analogues,reviewed_seed,Imported from master codelists,Drug,standard,A10BJ_glucagon_like_peptide_1_glp_1_analogues
glp1_receptor_agonists,GLP-1 receptor agonists,drug,36403507,TRUE,albiglutide 50 MG Injectable Solution,RxNorm Extension,A10BJ_glucagon_like_peptide_1_glp_1_analogues,reviewed_seed,Imported from master codelists,Drug,standard,A10BJ_glucagon_like_peptide_1_glp_1_analogues
glp1_receptor_agonists,GLP-1 receptor agonists,drug,36403508,TRUE,albiglutide 30 MG Injectable Solution Box of 4,RxNorm Extension,A10BJ_glucagon_like_peptide_1_glp_1_analogues,reviewed_seed,Imported from master codelists,Drug,standard,A10BJ_glucagon_like_peptide_1_glp_1_analogues
glp1_receptor_agonists,GLP-1 receptor agonists,drug,36403509,TRUE,albiglutide 30 MG Injectable Solution,RxNorm Extension,A10BJ_glucagon_like_peptide_1_glp_1_analogues,reviewed_seed,Imported from master codelists,Drug,standard,A10BJ_glucagon_like_peptide_1_glp_1_analogues
glp1_receptor_agonists,GLP-1 receptor agonists,drug,36403680,TRUE,albiglutide 50 MG Injectable Solution [Eperzan] Box of 4,RxNorm Extension,A10BJ_glucagon_like_peptide_1_glp_1_analogues,reviewed_seed,Imported from master codelists,Drug,standard,A10BJ_glucagon_like_peptide_1_glp_1_analogues
glp1_receptor_agonists,GLP-1 receptor agonists,drug,36403869,TRUE,albiglutide 30 MG Injectable Solution [Eperzan] Box of 4 by Glaxosmithkline,RxNorm Extension,A10BJ_glucagon_like_peptide_1_glp_1_analogues,reviewed_seed,Imported from master codelists,Drug,standard,A10BJ_glucagon_like_peptide_1_glp_1_analogues
glp1_receptor_agonists,GLP-1 receptor agonists,drug,36406172,TRUE,albiglutide 50 MG Injectable Solution [Eperzan] Box of 4 by Glaxosmithkline,RxNorm Extension,A10BJ_glucagon_like_peptide_1_glp_1_analogues,reviewed_seed,Imported from master codelists,Drug,standard,A10BJ_glucagon_like_peptide_1_glp_1_analogues
glp1_receptor_agonists,GLP-1 receptor agonists,drug,36406786,TRUE,albiglutide 30 MG Injectable Solution [Eperzan],RxNorm Extension,A10BJ_glucagon_like_peptide_1_glp_1_analogues,reviewed_seed,Imported from master codelists,Drug,standard,A10BJ_glucagon_like_peptide_1_glp_1_analogues
glp1_receptor_agonists,GLP-1 receptor agonists,drug,36406992,TRUE,albiglutide 50 MG Injectable Solution [Eperzan] by Glaxosmithkline,RxNorm Extension,A10BJ_glucagon_like_peptide_1_glp_1_analogues,reviewed_seed,Imported from master codelists,Drug,standard,A10BJ_glucagon_like_peptide_1_glp_1_analogues
glp1_receptor_agonists,GLP-1 receptor agonists,drug,36407569,TRUE,albiglutide 50 MG Injectable Solution [Eperzan],RxNorm Extension,A10BJ_glucagon_like_peptide_1_glp_1_analogues,reviewed_seed,Imported from master codelists,Drug,standard,A10BJ_glucagon_like_peptide_1_glp_1_analogues
glp1_receptor_agonists,GLP-1 receptor agonists,drug,36408866,TRUE,albiglutide 50 MG Injectable Solution Box of 4,RxNorm Extension,A10BJ_glucagon_like_peptide_1_glp_1_analogues,reviewed_seed,Imported from master codelists,Drug,standard,A10BJ_glucagon_like_peptide_1_glp_1_analogues
glp1_receptor_agonists,GLP-1 receptor agonists,drug,36409059,TRUE,albiglutide 30 MG Injectable Solution [Eperzan] Box of 4,RxNorm Extension,A10BJ_glucagon_like_peptide_1_glp_1_analogues,reviewed_seed,Imported from master codelists,Drug,standard,A10BJ_glucagon_like_peptide_1_glp_1_analogues
glp1_receptor_agonists,GLP-1 receptor agonists,drug,36409254,TRUE,albiglutide 30 MG Injectable Solution [Eperzan] by Glaxosmithkline,RxNorm Extension,A10BJ_glucagon_like_peptide_1_glp_1_analogues,reviewed_seed,Imported from master codelists,Drug,standard,A10BJ_glucagon_like_peptide_1_glp_1_analogues
glp1_receptor_agonists,GLP-1 receptor agonists,drug,36409559,TRUE,albiglutide Injectable Solution,RxNorm Extension,A10BJ_glucagon_like_peptide_1_glp_1_analogues,reviewed_seed,Imported from master codelists,Drug,standard,A10BJ_glucagon_like_peptide_1_glp_1_analogues
glp1_receptor_agonists,GLP-1 receptor agonists,drug,36409596,TRUE,albiglutide Injectable Solution [Eperzan],RxNorm Extension,A10BJ_glucagon_like_peptide_1_glp_1_analogues,reviewed_seed,Imported from master codelists,Drug,standard,A10BJ_glucagon_like_peptide_1_glp_1_analogues
glp1_receptor_agonists,GLP-1 receptor agonists,drug,36420482,TRUE,exenatide 2 MG Injectable Solution [Bydureon] Box of 4,RxNorm Extension,A10BJ_glucagon_like_peptide_1_glp_1_analogues,reviewed_seed,Imported from master codelists,Drug,standard,A10BJ_glucagon_like_peptide_1_glp_1_analogues
glp1_receptor_agonists,GLP-1 receptor agonists,drug,36420483,TRUE,exenatide 2 MG Injectable Solution [Bydureon],RxNorm Extension,A10BJ_glucagon_like_peptide_1_glp_1_analogues,reviewed_seed,Imported from master codelists,Drug,standard,A10BJ_glucagon_like_peptide_1_glp_1_analogues
glp1_receptor_agonists,GLP-1 receptor agonists,drug,36420484,TRUE,exenatide Injectable Solution [Bydureon],RxNorm Extension,A10BJ_glucagon_like_peptide_1_glp_1_analogues,reviewed_seed,Imported from master codelists,Drug,standard,A10BJ_glucagon_like_peptide_1_glp_1_analogues
glp1_receptor_agonists,GLP-1 receptor agonists,drug,36505413,TRUE,1.5 ML semaglutide 0.667 MG/ML Pen Injector [Ozempic],RxNorm Extension,A10BJ_glucagon_like_peptide_1_glp_1_analogues,reviewed_seed,Imported from master codelists,Drug,standard,A10BJ_glucagon_like_peptide_1_glp_1_analogues
glp1_receptor_agonists,GLP-1 receptor agonists,drug,36505741,TRUE,semaglutide 0.667 MG/ML,RxNorm Extension,A10BJ_glucagon_like_peptide_1_glp_1_analogues,reviewed_seed,Imported from master codelists,Drug,standard,A10BJ_glucagon_like_peptide_1_glp_1_analogues
glp1_receptor_agonists,GLP-1 receptor agonists,drug,36505873,TRUE,semaglutide 0.167 MG/ML Pen Injector [Ozempic],RxNorm Extension,A10BJ_glucagon_like_peptide_1_glp_1_analogues,reviewed_seed,Imported from master codelists,Drug,standard,A10BJ_glucagon_like_peptide_1_glp_1_analogues
glp1_receptor_agonists,GLP-1 receptor agonists,drug,36505976,TRUE,1.5 ML semaglutide 0.167 MG/ML Pen Injector [Ozempic],RxNorm Extension,A10BJ_glucagon_like_peptide_1_glp_1_analogues,reviewed_seed,Imported from master codelists,Drug,standard,A10BJ_glucagon_like_peptide_1_glp_1_analogues
glp1_receptor_agonists,GLP-1 receptor agonists,drug,36506190,TRUE,semaglutide 0.167 MG/ML,RxNorm Extension,A10BJ_glucagon_like_peptide_1_glp_1_analogues,reviewed_seed,Imported from master codelists,Drug,standard,A10BJ_glucagon_like_peptide_1_glp_1_analogues
glp1_receptor_agonists,GLP-1 receptor agonists,drug,36506271,TRUE,1.5 ML semaglutide 0.667 MG/ML Pen Injector [Ozempic] by Novo Nordisk,RxNorm Extension,A10BJ_glucagon_like_peptide_1_glp_1_analogues,reviewed_seed,Imported from master codelists,Drug,standard,A10BJ_glucagon_like_peptide_1_glp_1_analogues
glp1_receptor_agonists,GLP-1 receptor agonists,drug,36506956,TRUE,semaglutide 0.167 MG/ML [Ozempic],RxNorm Extension,A10BJ_glucagon_like_peptide_1_glp_1_analogues,reviewed_seed,Imported from master codelists,Drug,standard,A10BJ_glucagon_like_peptide_1_glp_1_analogues
glp1_receptor_agonists,GLP-1 receptor agonists,drug,36507819,TRUE,semaglutide 0.667 MG/ML Pen Injector [Ozempic],RxNorm Extension,A10BJ_glucagon_like_peptide_1_glp_1_analogues,reviewed_seed,Imported from master codelists,Drug,standard,A10BJ_glucagon_like_peptide_1_glp_1_analogues
glp1_receptor_agonists,GLP-1 receptor agonists,drug,36508201,TRUE,1.5 ML semaglutide 0.667 MG/ML Pen Injector,RxNorm Extension,A10BJ_glucagon_like_peptide_1_glp_1_analogues,reviewed_seed,Imported from master codelists,Drug,standard,A10BJ_glucagon_like_peptide_1_glp_1_analogues
glp1_receptor_agonists,GLP-1 receptor agonists,drug,36508364,TRUE,semaglutide 0.167 MG/ML Pen Injector,RxNorm Extension,A10BJ_glucagon_like_peptide_1_glp_1_analogues,reviewed_seed,Imported from master codelists,Drug,standard,A10BJ_glucagon_like_peptide_1_glp_1_analogues
glp1_receptor_agonists,GLP-1 receptor agonists,drug,36508748,TRUE,exenatide 2 MG Pen Injector [Bydureon] by Eurim-Pharm,RxNorm Extension,A10BJ_glucagon_like_peptide_1_glp_1_analogues,reviewed_seed,Imported from master codelists,Drug,standard,A10BJ_glucagon_like_peptide_1_glp_1_analogues
glp1_receptor_agonists,GLP-1 receptor agonists,drug,36508756,TRUE,semaglutide 0.667 MG/ML Pen Injector,RxNorm Extension,A10BJ_glucagon_like_peptide_1_glp_1_analogues,reviewed_seed,Imported from master codelists,Drug,standard,A10BJ_glucagon_like_peptide_1_glp_1_analogues
glp1_receptor_agonists,GLP-1 receptor agonists,drug,36508978,TRUE,semaglutide 0.667 MG/ML [Ozempic],RxNorm Extension,A10BJ_glucagon_like_peptide_1_glp_1_analogues,reviewed_seed,Imported from master codelists,Drug,standard,A10BJ_glucagon_like_peptide_1_glp_1_analogues
glp1_receptor_agonists,GLP-1 receptor agonists,drug,36509032,TRUE,1.5 ML semaglutide 0.167 MG/ML Pen Injector,RxNorm Extension,A10BJ_glucagon_like_peptide_1_glp_1_analogues,reviewed_seed,Imported from master codelists,Drug,standard,A10BJ_glucagon_like_peptide_1_glp_1_analogues
glp1_receptor_agonists,GLP-1 receptor agonists,drug,36509857,TRUE,1.5 ML semaglutide 0.167 MG/ML Pen Injector [Ozempic] by Novo Nordisk,RxNorm Extension,A10BJ_glucagon_like_peptide_1_glp_1_analogues,reviewed_seed,Imported from master codelists,Drug,standard,A10BJ_glucagon_like_peptide_1_glp_1_analogues
glp1_receptor_agonists,GLP-1 receptor agonists,drug,36778933,TRUE,60 ACTUAT exenatide 0.01 MG/ACTUAT Prefilled Syringe [Byetta] Box of 1 by Astrazeneca,RxNorm Extension,A10BJ_glucagon_like_peptide_1_glp_1_analogues,reviewed_seed,Imported from master codelists,Drug,standard,A10BJ_glucagon_like_peptide_1_glp_1_analogues
glp1_receptor_agonists,GLP-1 receptor agonists,drug,36778934,TRUE,60 ACTUAT exenatide 0.01 MG/ACTUAT Prefilled Syringe [Byetta] Box of 1,RxNorm Extension,A10BJ_glucagon_like_peptide_1_glp_1_analogues,reviewed_seed,Imported from master codelists,Drug,standard,A10BJ_glucagon_like_peptide_1_glp_1_analogues
glp1_receptor_agonists,GLP-1 receptor agonists,drug,36778935,TRUE,60 ACTUAT exenatide 0.01 MG/ACTUAT Prefilled Syringe [Byetta],RxNorm Extension,A10BJ_glucagon_like_peptide_1_glp_1_analogues,reviewed_seed,Imported from master codelists,Drug,standard,A10BJ_glucagon_like_peptide_1_glp_1_analogues
glp1_receptor_agonists,GLP-1 receptor agonists,drug,36778936,TRUE,60 ACTUAT exenatide 0.01 MG/ACTUAT Prefilled Syringe Box of 1,RxNorm Extension,A10BJ_glucagon_like_peptide_1_glp_1_analogues,reviewed_seed,Imported from master codelists,Drug,standard,A10BJ_glucagon_like_peptide_1_glp_1_analogues
glp1_receptor_agonists,GLP-1 receptor agonists,drug,36778937,TRUE,60 ACTUAT exenatide 0.01 MG/ACTUAT Prefilled Syringe,RxNorm Extension,A10BJ_glucagon_like_peptide_1_glp_1_analogues,reviewed_seed,Imported from master codelists,Drug,standard,A10BJ_glucagon_like_peptide_1_glp_1_analogues
glp1_receptor_agonists,GLP-1 receptor agonists,drug,36778938,TRUE,60 ACTUAT exenatide 0.01 MG/ACTUAT Injectable Solution [Byetta] Box of 1 by Astrazeneca,RxNorm Extension,A10BJ_glucagon_like_peptide_1_glp_1_analogues,reviewed_seed,Imported from master codelists,Drug,standard,A10BJ_glucagon_like_peptide_1_glp_1_analogues
glp1_receptor_agonists,GLP-1 receptor agonists,drug,36778939,TRUE,60 ACTUAT exenatide 0.01 MG/ACTUAT Injectable Solution [Byetta] Box of 1,RxNorm Extension,A10BJ_glucagon_like_peptide_1_glp_1_analogues,reviewed_seed,Imported from master codelists,Drug,standard,A10BJ_glucagon_like_peptide_1_glp_1_analogues
glp1_receptor_agonists,GLP-1 receptor agonists,drug,36778940,TRUE,60 ACTUAT exenatide 0.01 MG/ACTUAT Injectable Solution Box of 1,RxNorm Extension,A10BJ_glucagon_like_peptide_1_glp_1_analogues,reviewed_seed,Imported from master codelists,Drug,standard,A10BJ_glucagon_like_peptide_1_glp_1_analogues
glp1_receptor_agonists,GLP-1 receptor agonists,drug,36778941,TRUE,60 ACTUAT exenatide 0.005 MG/ACTUAT Prefilled Syringe [Byetta] Box of 1 by Astrazeneca,RxNorm Extension,A10BJ_glucagon_like_peptide_1_glp_1_analogues,reviewed_seed,Imported from master codelists,Drug,standard,A10BJ_glucagon_like_peptide_1_glp_1_analogues
glp1_receptor_agonists,GLP-1 receptor agonists,drug,36778942,TRUE,60 ACTUAT exenatide 0.005 MG/ACTUAT Prefilled Syringe [Byetta] Box of 1,RxNorm Extension,A10BJ_glucagon_like_peptide_1_glp_1_analogues,reviewed_seed,Imported from master codelists,Drug,standard,A10BJ_glucagon_like_peptide_1_glp_1_analogues
glp1_receptor_agonists,GLP-1 receptor agonists,drug,36778943,TRUE,60 ACTUAT exenatide 0.005 MG/ACTUAT Prefilled Syringe [Byetta],RxNorm Extension,A10BJ_glucagon_like_peptide_1_glp_1_analogues,reviewed_seed,Imported from master codelists,Drug,standard,A10BJ_glucagon_like_peptide_1_glp_1_analogues
glp1_receptor_agonists,GLP-1 receptor agonists,drug,36778944,TRUE,60 ACTUAT exenatide 0.005 MG/ACTUAT Prefilled Syringe Box of 1,RxNorm Extension,A10BJ_glucagon_like_peptide_1_glp_1_analogues,reviewed_seed,Imported from master codelists,Drug,standard,A10BJ_glucagon_like_peptide_1_glp_1_analogues
glp1_receptor_agonists,GLP-1 receptor agonists,drug,36778945,TRUE,60 ACTUAT exenatide 0.005 MG/ACTUAT Prefilled Syringe,RxNorm Extension,A10BJ_glucagon_like_peptide_1_glp_1_analogues,reviewed_seed,Imported from master codelists,Drug,standard,A10BJ_glucagon_like_peptide_1_glp_1_analogues
glp1_receptor_agonists,GLP-1 receptor agonists,drug,36778946,TRUE,60 ACTUAT exenatide 0.005 MG/ACTUAT Injectable Solution [Byetta] Box of 1 by Astrazeneca,RxNorm Extension,A10BJ_glucagon_like_peptide_1_glp_1_analogues,reviewed_seed,Imported from master codelists,Drug,standard,A10BJ_glucagon_like_peptide_1_glp_1_analogues
glp1_receptor_agonists,GLP-1 receptor agonists,drug,36778947,TRUE,60 ACTUAT exenatide 0.005 MG/ACTUAT Injectable Solution [Byetta] Box of 1,RxNorm Extension,A10BJ_glucagon_like_peptide_1_glp_1_analogues,reviewed_seed,Imported from master codelists,Drug,standard,A10BJ_glucagon_like_peptide_1_glp_1_analogues
glp1_receptor_agonists,GLP-1 receptor agonists,drug,36778948,TRUE,60 ACTUAT exenatide 0.005 MG/ACTUAT Injectable Solution Box of 1,RxNorm Extension,A10BJ_glucagon_like_peptide_1_glp_1_analogues,reviewed_seed,Imported from master codelists,Drug,standard,A10BJ_glucagon_like_peptide_1_glp_1_analogues
glp1_receptor_agonists,GLP-1 receptor agonists,drug,36779967,TRUE,14 ACTUAT Lixisenatide 0.01 MG/ACTUAT Prefilled Syringe [Lyxumia] Box of 1 by Sanofi,RxNorm Extension,A10BJ_glucagon_like_peptide_1_glp_1_analogues,reviewed_seed,Imported from master codelists,Drug,standard,A10BJ_glucagon_like_peptide_1_glp_1_analogues
glp1_receptor_agonists,GLP-1 receptor agonists,drug,36779968,TRUE,14 ACTUAT Lixisenatide 0.01 MG/ACTUAT Prefilled Syringe [Lyxumia] Box of 1,RxNorm Extension,A10BJ_glucagon_like_peptide_1_glp_1_analogues,reviewed_seed,Imported from master codelists,Drug,standard,A10BJ_glucagon_like_peptide_1_glp_1_analogues
glp1_receptor_agonists,GLP-1 receptor agonists,drug,36779969,TRUE,14 ACTUAT Lixisenatide 0.01 MG/ACTUAT Prefilled Syringe [Lyxumia],RxNorm Extension,A10BJ_glucagon_like_peptide_1_glp_1_analogues,reviewed_seed,Imported from master codelists,Drug,standard,A10BJ_glucagon_like_peptide_1_glp_1_analogues
glp1_receptor_agonists,GLP-1 receptor agonists,drug,36779971,TRUE,14 ACTUAT Lixisenatide 0.01 MG/ACTUAT Prefilled Syringe Box of 1,RxNorm Extension,A10BJ_glucagon_like_peptide_1_glp_1_analogues,reviewed_seed,Imported from master codelists,Drug,standard,A10BJ_glucagon_like_peptide_1_glp_1_analogues
glp1_receptor_agonists,GLP-1 receptor agonists,drug,36779972,TRUE,14 ACTUAT Lixisenatide 0.01 MG/ACTUAT Prefilled Syringe,RxNorm Extension,A10BJ_glucagon_like_peptide_1_glp_1_analogues,reviewed_seed,Imported from master codelists,Drug,standard,A10BJ_glucagon_like_peptide_1_glp_1_analogues
glp1_receptor_agonists,GLP-1 receptor agonists,drug,36779973,TRUE,14 ACTUAT Lixisenatide 0.01 MG/ACTUAT Injectable Solution [Lyxumia] Box of 1 by Sanofi,RxNorm Extension,A10BJ_glucagon_like_peptide_1_glp_1_analogues,reviewed_seed,Imported from master codelists,Drug,standard,A10BJ_glucagon_like_peptide_1_glp_1_analogues
glp1_receptor_agonists,GLP-1 receptor agonists,drug,36779974,TRUE,14 ACTUAT Lixisenatide 0.01 MG/ACTUAT Injectable Solution [Lyxumia] Box of 1,RxNorm Extension,A10BJ_glucagon_like_peptide_1_glp_1_analogues,reviewed_seed,Imported from master codelists,Drug,standard,A10BJ_glucagon_like_peptide_1_glp_1_analogues
glp1_receptor_agonists,GLP-1 receptor agonists,drug,36779975,TRUE,14 ACTUAT Lixisenatide 0.01 MG/ACTUAT Injectable Solution Box of 1,RxNorm Extension,A10BJ_glucagon_like_peptide_1_glp_1_analogues,reviewed_seed,Imported from master codelists,Drug,standard,A10BJ_glucagon_like_peptide_1_glp_1_analogues
glp1_receptor_agonists,GLP-1 receptor agonists,drug,36779976,TRUE,14 ACTUAT Lixisenatide 0.02 MG/ACTUAT Prefilled Syringe [Lyxumia] Box of 2 by Sanofi,RxNorm Extension,A10BJ_glucagon_like_peptide_1_glp_1_analogues,reviewed_seed,Imported from master codelists,Drug,standard,A10BJ_glucagon_like_peptide_1_glp_1_analogues
glp1_receptor_agonists,GLP-1 receptor agonists,drug,36779977,TRUE,14 ACTUAT Lixisenatide 0.02 MG/ACTUAT Prefilled Syringe [Lyxumia] Box of 2,RxNorm Extension,A10BJ_glucagon_like_peptide_1_glp_1_analogues,reviewed_seed,Imported from master codelists,Drug,standard,A10BJ_glucagon_like_peptide_1_glp_1_analogues
glp1_receptor_agonists,GLP-1 receptor agonists,drug,36779978,TRUE,14 ACTUAT Lixisenatide 0.02 MG/ACTUAT Prefilled Syringe [Lyxumia],RxNorm Extension,A10BJ_glucagon_like_peptide_1_glp_1_analogues,reviewed_seed,Imported from master codelists,Drug,standard,A10BJ_glucagon_like_peptide_1_glp_1_analogues
glp1_receptor_agonists,GLP-1 receptor agonists,drug,36779979,TRUE,14 ACTUAT Lixisenatide 0.02 MG/ACTUAT Prefilled Syringe Box of 2,RxNorm Extension,A10BJ_glucagon_like_peptide_1_glp_1_analogues,reviewed_seed,Imported from master codelists,Drug,standard,A10BJ_glucagon_like_peptide_1_glp_1_analogues
glp1_receptor_agonists,GLP-1 receptor agonists,drug,36779980,TRUE,14 ACTUAT Lixisenatide 0.02 MG/ACTUAT Prefilled Syringe,RxNorm Extension,A10BJ_glucagon_like_peptide_1_glp_1_analogues,reviewed_seed,Imported from master codelists,Drug,standard,A10BJ_glucagon_like_peptide_1_glp_1_analogues
glp1_receptor_agonists,GLP-1 receptor agonists,drug,36781837,TRUE,0.5 ML dulaglutide 3 MG/ML Prefilled Syringe [Trulicity] Box of 4 by Eli Lilly,RxNorm Extension,A10BJ_glucagon_like_peptide_1_glp_1_analogues,reviewed_seed,Imported from master codelists,Drug,standard,A10BJ_glucagon_like_peptide_1_glp_1_analogues
glp1_receptor_agonists,GLP-1 receptor agonists,drug,36781838,TRUE,0.5 ML dulaglutide 1.5 MG/ML Prefilled Syringe [Trulicity] Box of 4 by Eli Lilly,RxNorm Extension,A10BJ_glucagon_like_peptide_1_glp_1_analogues,reviewed_seed,Imported from master codelists,Drug,standard,A10BJ_glucagon_like_peptide_1_glp_1_analogues
glp1_receptor_agonists,GLP-1 receptor agonists,drug,36782710,TRUE,Lixisenatide 0.01 MG/ACTUAT Prefilled Syringe [Lyxumia] Box of 1,RxNorm Extension,A10BJ_glucagon_like_peptide_1_glp_1_analogues,reviewed_seed,Imported from master codelists,Drug,standard,A10BJ_glucagon_like_peptide_1_glp_1_analogues
glp1_receptor_agonists,GLP-1 receptor agonists,drug,36782711,TRUE,Lixisenatide 0.01 MG/ACTUAT Prefilled Syringe [Lyxumia],RxNorm Extension,A10BJ_glucagon_like_peptide_1_glp_1_analogues,reviewed_seed,Imported from master codelists,Drug,standard,A10BJ_glucagon_like_peptide_1_glp_1_analogues
glp1_receptor_agonists,GLP-1 receptor agonists,drug,36782712,TRUE,Lixisenatide 0.01 MG/ACTUAT Prefilled Syringe Box of 1,RxNorm Extension,A10BJ_glucagon_like_peptide_1_glp_1_analogues,reviewed_seed,Imported from master codelists,Drug,standard,A10BJ_glucagon_like_peptide_1_glp_1_analogues
glp1_receptor_agonists,GLP-1 receptor agonists,drug,36782713,TRUE,Lixisenatide 0.01 MG/ACTUAT Prefilled Syringe,RxNorm Extension,A10BJ_glucagon_like_peptide_1_glp_1_analogues,reviewed_seed,Imported from master codelists,Drug,standard,A10BJ_glucagon_like_peptide_1_glp_1_analogues
glp1_receptor_agonists,GLP-1 receptor agonists,drug,36782714,TRUE,Lixisenatide 0.01 MG/ACTUAT Injectable Solution [Lyxumia] Box of 1,RxNorm Extension,A10BJ_glucagon_like_peptide_1_glp_1_analogues,reviewed_seed,Imported from master codelists,Drug,standard,A10BJ_glucagon_like_peptide_1_glp_1_analogues
glp1_receptor_agonists,GLP-1 receptor agonists,drug,36782715,TRUE,Lixisenatide 0.01 MG/ACTUAT Injectable Solution Box of 1,RxNorm Extension,A10BJ_glucagon_like_peptide_1_glp_1_analogues,reviewed_seed,Imported from master codelists,Drug,standard,A10BJ_glucagon_like_peptide_1_glp_1_analogues
glp1_receptor_agonists,GLP-1 receptor agonists,drug,36782716,TRUE,Lixisenatide 0.02 MG/ACTUAT Prefilled Syringe [Lyxumia] Box of 2,RxNorm Extension,A10BJ_glucagon_like_peptide_1_glp_1_analogues,reviewed_seed,Imported from master codelists,Drug,standard,A10BJ_glucagon_like_peptide_1_glp_1_analogues
glp1_receptor_agonists,GLP-1 receptor agonists,drug,36782717,TRUE,Lixisenatide 0.02 MG/ACTUAT Prefilled Syringe [Lyxumia],RxNorm Extension,A10BJ_glucagon_like_peptide_1_glp_1_analogues,reviewed_seed,Imported from master codelists,Drug,standard,A10BJ_glucagon_like_peptide_1_glp_1_analogues
glp1_receptor_agonists,GLP-1 receptor agonists,drug,36782718,TRUE,Lixisenatide 0.02 MG/ACTUAT Prefilled Syringe Box of 2,RxNorm Extension,A10BJ_glucagon_like_peptide_1_glp_1_analogues,reviewed_seed,Imported from master codelists,Drug,standard,A10BJ_glucagon_like_peptide_1_glp_1_analogues
glp1_receptor_agonists,GLP-1 receptor agonists,drug,36782719,TRUE,Lixisenatide 0.02 MG/ACTUAT Prefilled Syringe,RxNorm Extension,A10BJ_glucagon_like_peptide_1_glp_1_analogues,reviewed_seed,Imported from master codelists,Drug,standard,A10BJ_glucagon_like_peptide_1_glp_1_analogues
glp1_receptor_agonists,GLP-1 receptor agonists,drug,36785904,TRUE,exenatide 0.01 MG/ACTUAT Prefilled Syringe [Byetta] Box of 1,RxNorm Extension,A10BJ_glucagon_like_peptide_1_glp_1_analogues,reviewed_seed,Imported from master codelists,Drug,standard,A10BJ_glucagon_like_peptide_1_glp_1_analogues
glp1_receptor_agonists,GLP-1 receptor agonists,drug,36785905,TRUE,exenatide 0.01 MG/ACTUAT Prefilled Syringe [Byetta],RxNorm Extension,A10BJ_glucagon_like_peptide_1_glp_1_analogues,reviewed_seed,Imported from master codelists,Drug,standard,A10BJ_glucagon_like_peptide_1_glp_1_analogues
glp1_receptor_agonists,GLP-1 receptor agonists,drug,36785906,TRUE,exenatide 0.01 MG/ACTUAT Prefilled Syringe Box of 1,RxNorm Extension,A10BJ_glucagon_like_peptide_1_glp_1_analogues,reviewed_seed,Imported from master codelists,Drug,standard,A10BJ_glucagon_like_peptide_1_glp_1_analogues
glp1_receptor_agonists,GLP-1 receptor agonists,drug,36785907,TRUE,exenatide 0.01 MG/ACTUAT Prefilled Syringe,RxNorm Extension,A10BJ_glucagon_like_peptide_1_glp_1_analogues,reviewed_seed,Imported from master codelists,Drug,standard,A10BJ_glucagon_like_peptide_1_glp_1_analogues
glp1_receptor_agonists,GLP-1 receptor agonists,drug,36785908,TRUE,exenatide 0.01 MG/ACTUAT Injectable Solution [Byetta] Box of 1,RxNorm Extension,A10BJ_glucagon_like_peptide_1_glp_1_analogues,reviewed_seed,Imported from master codelists,Drug,standard,A10BJ_glucagon_like_peptide_1_glp_1_analogues
glp1_receptor_agonists,GLP-1 receptor agonists,drug,36785909,TRUE,exenatide 0.01 MG/ACTUAT Injectable Solution Box of 1,RxNorm Extension,A10BJ_glucagon_like_peptide_1_glp_1_analogues,reviewed_seed,Imported from master codelists,Drug,standard,A10BJ_glucagon_like_peptide_1_glp_1_analogues
glp1_receptor_agonists,GLP-1 receptor agonists,drug,36785910,TRUE,exenatide 0.005 MG/ACTUAT Prefilled Syringe [Byetta] Box of 1,RxNorm Extension,A10BJ_glucagon_like_peptide_1_glp_1_analogues,reviewed_seed,Imported from master codelists,Drug,standard,A10BJ_glucagon_like_peptide_1_glp_1_analogues
glp1_receptor_agonists,GLP-1 receptor agonists,drug,36785911,TRUE,exenatide 0.005 MG/ACTUAT Prefilled Syringe [Byetta],RxNorm Extension,A10BJ_glucagon_like_peptide_1_glp_1_analogues,reviewed_seed,Imported from master codelists,Drug,standard,A10BJ_glucagon_like_peptide_1_glp_1_analogues
glp1_receptor_agonists,GLP-1 receptor agonists,drug,36785912,TRUE,exenatide 0.005 MG/ACTUAT Prefilled Syringe Box of 1,RxNorm Extension,A10BJ_glucagon_like_peptide_1_glp_1_analogues,reviewed_seed,Imported from master codelists,Drug,standard,A10BJ_glucagon_like_peptide_1_glp_1_analogues
glp1_receptor_agonists,GLP-1 receptor agonists,drug,36785913,TRUE,exenatide 0.005 MG/ACTUAT Prefilled Syringe,RxNorm Extension,A10BJ_glucagon_like_peptide_1_glp_1_analogues,reviewed_seed,Imported from master codelists,Drug,standard,A10BJ_glucagon_like_peptide_1_glp_1_analogues
glp1_receptor_agonists,GLP-1 receptor agonists,drug,36785914,TRUE,exenatide 0.005 MG/ACTUAT Injectable Solution [Byetta] Box of 1,RxNorm Extension,A10BJ_glucagon_like_peptide_1_glp_1_analogues,reviewed_seed,Imported from master codelists,Drug,standard,A10BJ_glucagon_like_peptide_1_glp_1_analogues
glp1_receptor_agonists,GLP-1 receptor agonists,drug,36785915,TRUE,exenatide 0.005 MG/ACTUAT Injectable Solution Box of 1,RxNorm Extension,A10BJ_glucagon_like_peptide_1_glp_1_analogues,reviewed_seed,Imported from master codelists,Drug,standard,A10BJ_glucagon_like_peptide_1_glp_1_analogues
glp1_receptor_agonists,GLP-1 receptor agonists,drug,36809144,TRUE,1.5 ML semaglutide 1.34 MG/ML Injectable Solution [Ozempic] Box of 1,RxNorm Extension,A10BJ_glucagon_like_peptide_1_glp_1_analogues,reviewed_seed,Imported from master codelists,Drug,standard,A10BJ_glucagon_like_peptide_1_glp_1_analogues
glp1_receptor_agonists,GLP-1 receptor agonists,drug,36809145,TRUE,1.5 ML semaglutide 1.34 MG/ML Injectable Solution [Ozempic] Box of 1 by Novo Nordisk,RxNorm Extension,A10BJ_glucagon_like_peptide_1_glp_1_analogues,reviewed_seed,Imported from master codelists,Drug,standard,A10BJ_glucagon_like_peptide_1_glp_1_analogues
glp1_receptor_agonists,GLP-1 receptor agonists,drug,36809146,TRUE,1.5 ML semaglutide 1.34 MG/ML Injectable Solution Box of 1,RxNorm Extension,A10BJ_glucagon_like_peptide_1_glp_1_analogues,reviewed_seed,Imported from master codelists,Drug,standard,A10BJ_glucagon_like_peptide_1_glp_1_analogues
glp1_receptor_agonists,GLP-1 receptor agonists,drug,36809147,TRUE,1.5 ML semaglutide 1.34 MG/ML Injectable Solution [Ozempic] by Novo Nordisk,RxNorm Extension,A10BJ_glucagon_like_peptide_1_glp_1_analogues,reviewed_seed,Imported from master codelists,Drug,standard,A10BJ_glucagon_like_peptide_1_glp_1_analogues
glp1_receptor_agonists,GLP-1 receptor agonists,drug,36809148,TRUE,1.5 ML semaglutide 1.34 MG/ML Injectable Solution,RxNorm Extension,A10BJ_glucagon_like_peptide_1_glp_1_analogues,reviewed_seed,Imported from master codelists,Drug,standard,A10BJ_glucagon_like_peptide_1_glp_1_analogues
glp1_receptor_agonists,GLP-1 receptor agonists,drug,36809149,TRUE,1.5 ML semaglutide 1.34 MG/ML Injectable Solution [Ozempic],RxNorm Extension,A10BJ_glucagon_like_peptide_1_glp_1_analogues,reviewed_seed,Imported from master codelists,Drug,standard,A10BJ_glucagon_like_peptide_1_glp_1_analogues
glp1_receptor_agonists,GLP-1 receptor agonists,drug,36809742,TRUE,3 ML semaglutide 1.34 MG/ML Injectable Solution Box of 1,RxNorm Extension,A10BJ_glucagon_like_peptide_1_glp_1_analogues,reviewed_seed,Imported from master codelists,Drug,standard,A10BJ_glucagon_like_peptide_1_glp_1_analogues
glp1_receptor_agonists,GLP-1 receptor agonists,drug,36809750,TRUE,3 ML semaglutide 1.34 MG/ML Injectable Solution [Ozempic] Box of 1 by Novo Nordisk,RxNorm Extension,A10BJ_glucagon_like_peptide_1_glp_1_analogues,reviewed_seed,Imported from master codelists,Drug,standard,A10BJ_glucagon_like_peptide_1_glp_1_analogues
glp1_receptor_agonists,GLP-1 receptor agonists,drug,36809751,TRUE,3 ML semaglutide 1.34 MG/ML Injectable Solution [Ozempic] Box of 1,RxNorm Extension,A10BJ_glucagon_like_peptide_1_glp_1_analogues,reviewed_seed,Imported from master codelists,Drug,standard,A10BJ_glucagon_like_peptide_1_glp_1_analogues
glp1_receptor_agonists,GLP-1 receptor agonists,drug,36809754,TRUE,3 ML semaglutide 1.34 MG/ML Injectable Solution [Ozempic],RxNorm Extension,A10BJ_glucagon_like_peptide_1_glp_1_analogues,reviewed_seed,Imported from master codelists,Drug,standard,A10BJ_glucagon_like_peptide_1_glp_1_analogues
glp1_receptor_agonists,GLP-1 receptor agonists,drug,36809755,TRUE,3 ML semaglutide 1.34 MG/ML Injectable Solution,RxNorm Extension,A10BJ_glucagon_like_peptide_1_glp_1_analogues,reviewed_seed,Imported from master codelists,Drug,standard,A10BJ_glucagon_like_peptide_1_glp_1_analogues
glp1_receptor_agonists,GLP-1 receptor agonists,drug,36809756,TRUE,3 ML semaglutide 1.34 MG/ML Injectable Solution [Ozempic] by Novo Nordisk,RxNorm Extension,A10BJ_glucagon_like_peptide_1_glp_1_analogues,reviewed_seed,Imported from master codelists,Drug,standard,A10BJ_glucagon_like_peptide_1_glp_1_analogues
glp1_receptor_agonists,GLP-1 receptor agonists,drug,36810550,TRUE,semaglutide 1.34 MG/ML Injectable Solution [Ozempic] Box of 1,RxNorm Extension,A10BJ_glucagon_like_peptide_1_glp_1_analogues,reviewed_seed,Imported from master codelists,Drug,standard,A10BJ_glucagon_like_peptide_1_glp_1_analogues
glp1_receptor_agonists,GLP-1 receptor agonists,drug,36810763,TRUE,semaglutide 1.34 MG/ML Injectable Solution,RxNorm Extension,A10BJ_glucagon_like_peptide_1_glp_1_analogues,reviewed_seed,Imported from master codelists,Drug,standard,A10BJ_glucagon_like_peptide_1_glp_1_analogues
glp1_receptor_agonists,GLP-1 receptor agonists,drug,36812262,TRUE,semaglutide 1.34 MG/ML Injectable Solution Box of 1,RxNorm Extension,A10BJ_glucagon_like_peptide_1_glp_1_analogues,reviewed_seed,Imported from master codelists,Drug,standard,A10BJ_glucagon_like_peptide_1_glp_1_analogues
glp1_receptor_agonists,GLP-1 receptor agonists,drug,36814565,TRUE,semaglutide 1.34 MG/ML Injectable Solution [Ozempic],RxNorm Extension,A10BJ_glucagon_like_peptide_1_glp_1_analogues,reviewed_seed,Imported from master codelists,Drug,standard,A10BJ_glucagon_like_peptide_1_glp_1_analogues
glp1_receptor_agonists,GLP-1 receptor agonists,drug,36881279,TRUE,liraglutide 6 MG/ML Auto-Injector [Saxenda],RxNorm Extension,A10BJ_glucagon_like_peptide_1_glp_1_analogues,reviewed_seed,Imported from master codelists,Drug,standard,A10BJ_glucagon_like_peptide_1_glp_1_analogues
glp1_receptor_agonists,GLP-1 receptor agonists,drug,36881835,TRUE,exenatide Injectable Suspension [Bydureon],RxNorm Extension,A10BJ_glucagon_like_peptide_1_glp_1_analogues,reviewed_seed,Imported from master codelists,Drug,standard,A10BJ_glucagon_like_peptide_1_glp_1_analogues
glp1_receptor_agonists,GLP-1 receptor agonists,drug,36882861,TRUE,exenatide 2 MG Injectable Suspension Box of 4,RxNorm Extension,A10BJ_glucagon_like_peptide_1_glp_1_analogues,reviewed_seed,Imported from master codelists,Drug,standard,A10BJ_glucagon_like_peptide_1_glp_1_analogues
glp1_receptor_agonists,GLP-1 receptor agonists,drug,36889744,TRUE,liraglutide 6 MG/ML Auto-Injector,RxNorm Extension,A10BJ_glucagon_like_peptide_1_glp_1_analogues,reviewed_seed,Imported from master codelists,Drug,standard,A10BJ_glucagon_like_peptide_1_glp_1_analogues
glp1_receptor_agonists,GLP-1 receptor agonists,drug,36890939,TRUE,exenatide 2 MG Injectable Suspension [Bydureon] Box of 4,RxNorm Extension,A10BJ_glucagon_like_peptide_1_glp_1_analogues,reviewed_seed,Imported from master codelists,Drug,standard,A10BJ_glucagon_like_peptide_1_glp_1_analogues
glp1_receptor_agonists,GLP-1 receptor agonists,drug,36892499,TRUE,liraglutide Auto-Injector,RxNorm Extension,A10BJ_glucagon_like_peptide_1_glp_1_analogues,reviewed_seed,Imported from master codelists,Drug,standard,A10BJ_glucagon_like_peptide_1_glp_1_analogues
glp1_receptor_agonists,GLP-1 receptor agonists,drug,36893532,TRUE,liraglutide Auto-Injector [Saxenda],RxNorm Extension,A10BJ_glucagon_like_peptide_1_glp_1_analogues,reviewed_seed,Imported from master codelists,Drug,standard,A10BJ_glucagon_like_peptide_1_glp_1_analogues
glp1_receptor_agonists,GLP-1 receptor agonists,drug,36895267,TRUE,3 ML liraglutide 6 MG/ML Auto-Injector,RxNorm Extension,A10BJ_glucagon_like_peptide_1_glp_1_analogues,reviewed_seed,Imported from master codelists,Drug,standard,A10BJ_glucagon_like_peptide_1_glp_1_analogues
glp1_receptor_agonists,GLP-1 receptor agonists,drug,36897581,TRUE,{1 (Lixisenatide 0.01 MG Injection) / 1 (Lixisenatide 0.02 MG Injection) } Pack box of 1,RxNorm Extension,A10BJ_glucagon_like_peptide_1_glp_1_analogues,reviewed_seed,Imported from master codelists,Drug,standard,A10BJ_glucagon_like_peptide_1_glp_1_analogues
glp1_receptor_agonists,GLP-1 receptor agonists,drug,36897884,TRUE,{1 (0.2 ML Lixisenatide 0.05 MG/ML Prefilled Syringe) / 1 (0.2 ML Lixisenatide 0.1 MG/ML Prefilled Syringe) } Pack [Lyxumia],RxNorm Extension,A10BJ_glucagon_like_peptide_1_glp_1_analogues,reviewed_seed,Imported from master codelists,Drug,standard,A10BJ_glucagon_like_peptide_1_glp_1_analogues
glp1_receptor_agonists,GLP-1 receptor agonists,drug,36897900,TRUE,{1 (Lixisenatide 0.01 MG Injection) / 1 (Lixisenatide 0.02 MG Injection) } Pack [Lyxumia],RxNorm Extension,A10BJ_glucagon_like_peptide_1_glp_1_analogues,reviewed_seed,Imported from master codelists,Drug,standard,A10BJ_glucagon_like_peptide_1_glp_1_analogues
glp1_receptor_agonists,GLP-1 receptor agonists,drug,36898011,TRUE,{(0.2 ML Lixisenatide 0.05 MG/ML Prefilled Syringe) / (0.2 ML Lixisenatide 0.1 MG/ML Prefilled Syringe) } Pack [Lyxumia],RxNorm Extension,A10BJ_glucagon_like_peptide_1_glp_1_analogues,reviewed_seed,Imported from master codelists,Drug,standard,A10BJ_glucagon_like_peptide_1_glp_1_analogues
glp1_receptor_agonists,GLP-1 receptor agonists,drug,36924219,TRUE,{(3 ML Lixisenatide 0.05 MG/ML Injectable Solution) / (3 ML Lixisenatide 0.1 MG/ML Injectable Solution) } Pack [Lyxumia],RxNorm Extension,A10BJ_glucagon_like_peptide_1_glp_1_analogues,reviewed_seed,Imported from master codelists,Drug,standard,A10BJ_glucagon_like_peptide_1_glp_1_analogues
glp1_receptor_agonists,GLP-1 receptor agonists,drug,36926237,TRUE,{1 (3 ML Lixisenatide 0.05 MG/ML Injectable Solution) / 1 (3 ML Lixisenatide 0.1 MG/ML Injectable Solution) } Pack [Lyxumia],RxNorm Extension,A10BJ_glucagon_like_peptide_1_glp_1_analogues,reviewed_seed,Imported from master codelists,Drug,standard,A10BJ_glucagon_like_peptide_1_glp_1_analogues
glp1_receptor_agonists,GLP-1 receptor agonists,drug,36929601,TRUE,3 ML lixisenatide 0.1 MG/ML Injectable Solution [Lyxumia] Box of 2 by Sanofi,RxNorm Extension,A10BJ_glucagon_like_peptide_1_glp_1_analogues,reviewed_seed,Imported from master codelists,Drug,standard,A10BJ_glucagon_like_peptide_1_glp_1_analogues
glp1_receptor_agonists,GLP-1 receptor agonists,drug,36933425,TRUE,{1 (3 ML Lixisenatide 0.05 MG/ML Injectable Solution) / 1 (3 ML Lixisenatide 0.1 MG/ML Injectable Solution) } Pack,RxNorm Extension,A10BJ_glucagon_like_peptide_1_glp_1_analogues,reviewed_seed,Imported from master codelists,Drug,standard,A10BJ_glucagon_like_peptide_1_glp_1_analogues
glp1_receptor_agonists,GLP-1 receptor agonists,drug,36940541,TRUE,3 ML lixisenatide 0.1 MG/ML Injectable Solution [Lyxumia] by Sanofi,RxNorm Extension,A10BJ_glucagon_like_peptide_1_glp_1_analogues,reviewed_seed,Imported from master codelists,Drug,standard,A10BJ_glucagon_like_peptide_1_glp_1_analogues
glp1_receptor_agonists,GLP-1 receptor agonists,drug,36941288,TRUE,{(3 ML Lixisenatide 0.05 MG/ML Injectable Solution) / (3 ML Lixisenatide 0.1 MG/ML Injectable Solution) } Pack [Lyxumia] by Sanofi,RxNorm Extension,A10BJ_glucagon_like_peptide_1_glp_1_analogues,reviewed_seed,Imported from master codelists,Drug,standard,A10BJ_glucagon_like_peptide_1_glp_1_analogues
glp1_receptor_agonists,GLP-1 receptor agonists,drug,36951368,TRUE,{1 (3 ML Lixisenatide 0.05 MG/ML Injectable Solution) / 1 (3 ML Lixisenatide 0.1 MG/ML Injectable Solution) } Pack [Lyxumia] by Sanofi,RxNorm Extension,A10BJ_glucagon_like_peptide_1_glp_1_analogues,reviewed_seed,Imported from master codelists,Drug,standard,A10BJ_glucagon_like_peptide_1_glp_1_analogues
glp1_receptor_agonists,GLP-1 receptor agonists,drug,36955624,TRUE,3 ML lixisenatide 0.05 MG/ML Injectable Solution [Lyxumia] by Sanofi,RxNorm Extension,A10BJ_glucagon_like_peptide_1_glp_1_analogues,reviewed_seed,Imported from master codelists,Drug,standard,A10BJ_glucagon_like_peptide_1_glp_1_analogues
glp1_receptor_agonists,GLP-1 receptor agonists,drug,36963409,TRUE,{(3 ML Lixisenatide 0.05 MG/ML Injectable Solution) / (3 ML Lixisenatide 0.1 MG/ML Injectable Solution) } Pack,RxNorm Extension,A10BJ_glucagon_like_peptide_1_glp_1_analogues,reviewed_seed,Imported from master codelists,Drug,standard,A10BJ_glucagon_like_peptide_1_glp_1_analogues
glp1_receptor_agonists,GLP-1 receptor agonists,drug,37002813,TRUE,dulaglutide 6 MG/ML,RxNorm,A10BJ_glucagon_like_peptide_1_glp_1_analogues,reviewed_seed,Imported from master codelists,Drug,standard,A10BJ_glucagon_like_peptide_1_glp_1_analogues
glp1_receptor_agonists,GLP-1 receptor agonists,drug,37002814,TRUE,dulaglutide 6 MG/ML [Trulicity],RxNorm,A10BJ_glucagon_like_peptide_1_glp_1_analogues,reviewed_seed,Imported from master codelists,Drug,standard,A10BJ_glucagon_like_peptide_1_glp_1_analogues
glp1_receptor_agonists,GLP-1 receptor agonists,drug,37002815,TRUE,dulaglutide 6 MG/ML Auto-Injector,RxNorm,A10BJ_glucagon_like_peptide_1_glp_1_analogues,reviewed_seed,Imported from master codelists,Drug,standard,A10BJ_glucagon_like_peptide_1_glp_1_analogues
glp1_receptor_agonists,GLP-1 receptor agonists,drug,37002816,TRUE,dulaglutide 6 MG/ML Auto-Injector [Trulicity],RxNorm,A10BJ_glucagon_like_peptide_1_glp_1_analogues,reviewed_seed,Imported from master codelists,Drug,standard,A10BJ_glucagon_like_peptide_1_glp_1_analogues
glp1_receptor_agonists,GLP-1 receptor agonists,drug,37002817,TRUE,dulaglutide 9 MG/ML,RxNorm,A10BJ_glucagon_like_peptide_1_glp_1_analogues,reviewed_seed,Imported from master codelists,Drug,standard,A10BJ_glucagon_like_peptide_1_glp_1_analogues
glp1_receptor_agonists,GLP-1 receptor agonists,drug,37002818,TRUE,dulaglutide 9 MG/ML [Trulicity],RxNorm,A10BJ_glucagon_like_peptide_1_glp_1_analogues,reviewed_seed,Imported from master codelists,Drug,standard,A10BJ_glucagon_like_peptide_1_glp_1_analogues
glp1_receptor_agonists,GLP-1 receptor agonists,drug,37002819,TRUE,dulaglutide 9 MG/ML Auto-Injector,RxNorm,A10BJ_glucagon_like_peptide_1_glp_1_analogues,reviewed_seed,Imported from master codelists,Drug,standard,A10BJ_glucagon_like_peptide_1_glp_1_analogues
glp1_receptor_agonists,GLP-1 receptor agonists,drug,37002820,TRUE,dulaglutide 9 MG/ML Auto-Injector [Trulicity],RxNorm,A10BJ_glucagon_like_peptide_1_glp_1_analogues,reviewed_seed,Imported from master codelists,Drug,standard,A10BJ_glucagon_like_peptide_1_glp_1_analogues
glp1_receptor_agonists,GLP-1 receptor agonists,drug,37003015,TRUE,semaglutide 1.34 MG/ML Pen Injector,RxNorm,A10BJ_glucagon_like_peptide_1_glp_1_analogues,reviewed_seed,Imported from master codelists,Drug,standard,A10BJ_glucagon_like_peptide_1_glp_1_analogues
glp1_receptor_agonists,GLP-1 receptor agonists,drug,37003016,TRUE,semaglutide 1.34 MG/ML Pen Injector [Ozempic],RxNorm,A10BJ_glucagon_like_peptide_1_glp_1_analogues,reviewed_seed,Imported from master codelists,Drug,standard,A10BJ_glucagon_like_peptide_1_glp_1_analogues
glp1_receptor_agonists,GLP-1 receptor agonists,drug,37003606,TRUE,0.5 ML dulaglutide 6 MG/ML Auto-Injector,RxNorm,A10BJ_glucagon_like_peptide_1_glp_1_analogues,reviewed_seed,Imported from master codelists,Drug,standard,A10BJ_glucagon_like_peptide_1_glp_1_analogues
glp1_receptor_agonists,GLP-1 receptor agonists,drug,37003607,TRUE,0.5 ML dulaglutide 6 MG/ML Auto-Injector [Trulicity],RxNorm,A10BJ_glucagon_like_peptide_1_glp_1_analogues,reviewed_seed,Imported from master codelists,Drug,standard,A10BJ_glucagon_like_peptide_1_glp_1_analogues
glp1_receptor_agonists,GLP-1 receptor agonists,drug,37003608,TRUE,0.5 ML dulaglutide 9 MG/ML Auto-Injector,RxNorm,A10BJ_glucagon_like_peptide_1_glp_1_analogues,reviewed_seed,Imported from master codelists,Drug,standard,A10BJ_glucagon_like_peptide_1_glp_1_analogues
glp1_receptor_agonists,GLP-1 receptor agonists,drug,37003609,TRUE,0.5 ML dulaglutide 9 MG/ML Auto-Injector [Trulicity],RxNorm,A10BJ_glucagon_like_peptide_1_glp_1_analogues,reviewed_seed,Imported from master codelists,Drug,standard,A10BJ_glucagon_like_peptide_1_glp_1_analogues
glp1_receptor_agonists,GLP-1 receptor agonists,drug,37003616,TRUE,3 ML semaglutide 1.34 MG/ML Pen Injector,RxNorm,A10BJ_glucagon_like_peptide_1_glp_1_analogues,reviewed_seed,Imported from master codelists,Drug,standard,A10BJ_glucagon_like_peptide_1_glp_1_analogues
glp1_receptor_agonists,GLP-1 receptor agonists,drug,37003617,TRUE,3 ML semaglutide 1.34 MG/ML Pen Injector [Ozempic],RxNorm,A10BJ_glucagon_like_peptide_1_glp_1_analogues,reviewed_seed,Imported from master codelists,Drug,standard,A10BJ_glucagon_like_peptide_1_glp_1_analogues
glp1_receptor_agonists,GLP-1 receptor agonists,drug,37496746,TRUE,semaglutide 7 MG Oral Tablet [Rybelsus],RxNorm,A10BJ_glucagon_like_peptide_1_glp_1_analogues,reviewed_seed,Imported from master codelists,Drug,standard,A10BJ_glucagon_like_peptide_1_glp_1_analogues
glp1_receptor_agonists,GLP-1 receptor agonists,drug,37496828,TRUE,semaglutide 14 MG,RxNorm,A10BJ_glucagon_like_peptide_1_glp_1_analogues,reviewed_seed,Imported from master codelists,Drug,standard,A10BJ_glucagon_like_peptide_1_glp_1_analogues
glp1_receptor_agonists,GLP-1 receptor agonists,drug,37496831,TRUE,semaglutide Oral Tablet,RxNorm,A10BJ_glucagon_like_peptide_1_glp_1_analogues,reviewed_seed,Imported from master codelists,Drug,standard,A10BJ_glucagon_like_peptide_1_glp_1_analogues
glp1_receptor_agonists,GLP-1 receptor agonists,drug,37496832,TRUE,semaglutide 14 MG Oral Tablet,RxNorm,A10BJ_glucagon_like_peptide_1_glp_1_analogues,reviewed_seed,Imported from master codelists,Drug,standard,A10BJ_glucagon_like_peptide_1_glp_1_analogues
glp1_receptor_agonists,GLP-1 receptor agonists,drug,37496834,TRUE,semaglutide 14 MG [Rybelsus],RxNorm,A10BJ_glucagon_like_peptide_1_glp_1_analogues,reviewed_seed,Imported from master codelists,Drug,standard,A10BJ_glucagon_like_peptide_1_glp_1_analogues
glp1_receptor_agonists,GLP-1 receptor agonists,drug,37496835,TRUE,semaglutide Oral Tablet [Rybelsus],RxNorm,A10BJ_glucagon_like_peptide_1_glp_1_analogues,reviewed_seed,Imported from master codelists,Drug,standard,A10BJ_glucagon_like_peptide_1_glp_1_analogues
glp1_receptor_agonists,GLP-1 receptor agonists,drug,37496838,TRUE,semaglutide 14 MG Oral Tablet [Rybelsus],RxNorm,A10BJ_glucagon_like_peptide_1_glp_1_analogues,reviewed_seed,Imported from master codelists,Drug,standard,A10BJ_glucagon_like_peptide_1_glp_1_analogues
glp1_receptor_agonists,GLP-1 receptor agonists,drug,37496839,TRUE,semaglutide 3 MG,RxNorm,A10BJ_glucagon_like_peptide_1_glp_1_analogues,reviewed_seed,Imported from master codelists,Drug,standard,A10BJ_glucagon_like_peptide_1_glp_1_analogues
glp1_receptor_agonists,GLP-1 receptor agonists,drug,37496840,TRUE,semaglutide 3 MG Oral Tablet,RxNorm,A10BJ_glucagon_like_peptide_1_glp_1_analogues,reviewed_seed,Imported from master codelists,Drug,standard,A10BJ_glucagon_like_peptide_1_glp_1_analogues
glp1_receptor_agonists,GLP-1 receptor agonists,drug,37496841,TRUE,semaglutide 3 MG [Rybelsus],RxNorm,A10BJ_glucagon_like_peptide_1_glp_1_analogues,reviewed_seed,Imported from master codelists,Drug,standard,A10BJ_glucagon_like_peptide_1_glp_1_analogues
glp1_receptor_agonists,GLP-1 receptor agonists,drug,37496842,TRUE,semaglutide 3 MG Oral Tablet [Rybelsus],RxNorm,A10BJ_glucagon_like_peptide_1_glp_1_analogues,reviewed_seed,Imported from master codelists,Drug,standard,A10BJ_glucagon_like_peptide_1_glp_1_analogues
glp1_receptor_agonists,GLP-1 receptor agonists,drug,37496843,TRUE,semaglutide 7 MG,RxNorm,A10BJ_glucagon_like_peptide_1_glp_1_analogues,reviewed_seed,Imported from master codelists,Drug,standard,A10BJ_glucagon_like_peptide_1_glp_1_analogues
glp1_receptor_agonists,GLP-1 receptor agonists,drug,37496844,TRUE,semaglutide 7 MG Oral Tablet,RxNorm,A10BJ_glucagon_like_peptide_1_glp_1_analogues,reviewed_seed,Imported from master codelists,Drug,standard,A10BJ_glucagon_like_peptide_1_glp_1_analogues
glp1_receptor_agonists,GLP-1 receptor agonists,drug,37496845,TRUE,semaglutide 7 MG [Rybelsus],RxNorm,A10BJ_glucagon_like_peptide_1_glp_1_analogues,reviewed_seed,Imported from master codelists,Drug,standard,A10BJ_glucagon_like_peptide_1_glp_1_analogues
glp1_receptor_agonists,GLP-1 receptor agonists,drug,37593853,TRUE,2.4 ML exenatide 0.00417 MG/ML Injectable Solution [Byetta] by Emra-Med,RxNorm Extension,A10BJ_glucagon_like_peptide_1_glp_1_analogues,reviewed_seed,Imported from master codelists,Drug,standard,A10BJ_glucagon_like_peptide_1_glp_1_analogues
glp1_receptor_agonists,GLP-1 receptor agonists,drug,40169222,TRUE,3 ML liraglutide 6 MG/ML Pen Injector,RxNorm,A10BJ_glucagon_like_peptide_1_glp_1_analogues,reviewed_seed,Imported from master codelists,Drug,standard,A10BJ_glucagon_like_peptide_1_glp_1_analogues
glp1_receptor_agonists,GLP-1 receptor agonists,drug,40169223,TRUE,3 ML liraglutide 6 MG/ML Pen Injector [Victoza],RxNorm,A10BJ_glucagon_like_peptide_1_glp_1_analogues,reviewed_seed,Imported from master codelists,Drug,standard,A10BJ_glucagon_like_peptide_1_glp_1_analogues
glp1_receptor_agonists,GLP-1 receptor agonists,drug,40170911,TRUE,liraglutide,RxNorm,A10BJ_glucagon_like_peptide_1_glp_1_analogues,reviewed_seed,Imported from master codelists,Drug,standard,A10BJ_glucagon_like_peptide_1_glp_1_analogues
glp1_receptor_agonists,GLP-1 receptor agonists,drug,40170912,TRUE,liraglutide 6 MG/ML,RxNorm,A10BJ_glucagon_like_peptide_1_glp_1_analogues,reviewed_seed,Imported from master codelists,Drug,standard,A10BJ_glucagon_like_peptide_1_glp_1_analogues
glp1_receptor_agonists,GLP-1 receptor agonists,drug,40170913,TRUE,liraglutide 6 MG/ML [Victoza],RxNorm,A10BJ_glucagon_like_peptide_1_glp_1_analogues,reviewed_seed,Imported from master codelists,Drug,standard,A10BJ_glucagon_like_peptide_1_glp_1_analogues
glp1_receptor_agonists,GLP-1 receptor agonists,drug,40220770,TRUE,{1 (3 ML lixisenatide 0.05 MG/ML Pen Injector [Adlyxin]) / 1 (3 ML lixisenatide 0.1 MG/ML Pen Injector [Adlyxin]) } Pack [Adlyxin Starter Kit],RxNorm,A10BJ_glucagon_like_peptide_1_glp_1_analogues,reviewed_seed,Imported from master codelists,Drug,standard,A10BJ_glucagon_like_peptide_1_glp_1_analogues
glp1_receptor_agonists,GLP-1 receptor agonists,drug,40220851,TRUE,lixisenatide Pen Injector,RxNorm,A10BJ_glucagon_like_peptide_1_glp_1_analogues,reviewed_seed,Imported from master codelists,Drug,standard,A10BJ_glucagon_like_peptide_1_glp_1_analogues
glp1_receptor_agonists,GLP-1 receptor agonists,drug,40220852,TRUE,lixisenatide 0.05 MG/ML Pen Injector,RxNorm,A10BJ_glucagon_like_peptide_1_glp_1_analogues,reviewed_seed,Imported from master codelists,Drug,standard,A10BJ_glucagon_like_peptide_1_glp_1_analogues
glp1_receptor_agonists,GLP-1 receptor agonists,drug,40220854,TRUE,lixisenatide 0.05 MG/ML [Adlyxin],RxNorm,A10BJ_glucagon_like_peptide_1_glp_1_analogues,reviewed_seed,Imported from master codelists,Drug,standard,A10BJ_glucagon_like_peptide_1_glp_1_analogues
glp1_receptor_agonists,GLP-1 receptor agonists,drug,40220855,TRUE,lixisenatide Pen Injector [Adlyxin],RxNorm,A10BJ_glucagon_like_peptide_1_glp_1_analogues,reviewed_seed,Imported from master codelists,Drug,standard,A10BJ_glucagon_like_peptide_1_glp_1_analogues
glp1_receptor_agonists,GLP-1 receptor agonists,drug,40220857,TRUE,lixisenatide 0.05 MG/ML Pen Injector [Adlyxin],RxNorm,A10BJ_glucagon_like_peptide_1_glp_1_analogues,reviewed_seed,Imported from master codelists,Drug,standard,A10BJ_glucagon_like_peptide_1_glp_1_analogues
glp1_receptor_agonists,GLP-1 receptor agonists,drug,40220858,TRUE,3 ML lixisenatide 0.05 MG/ML Pen Injector,RxNorm,A10BJ_glucagon_like_peptide_1_glp_1_analogues,reviewed_seed,Imported from master codelists,Drug,standard,A10BJ_glucagon_like_peptide_1_glp_1_analogues
glp1_receptor_agonists,GLP-1 receptor agonists,drug,40220859,TRUE,3 ML lixisenatide 0.05 MG/ML Pen Injector [Adlyxin],RxNorm,A10BJ_glucagon_like_peptide_1_glp_1_analogues,reviewed_seed,Imported from master codelists,Drug,standard,A10BJ_glucagon_like_peptide_1_glp_1_analogues
glp1_receptor_agonists,GLP-1 receptor agonists,drug,40220860,TRUE,3 ML lixisenatide 0.1 MG/ML Pen Injector,RxNorm,A10BJ_glucagon_like_peptide_1_glp_1_analogues,reviewed_seed,Imported from master codelists,Drug,standard,A10BJ_glucagon_like_peptide_1_glp_1_analogues
glp1_receptor_agonists,GLP-1 receptor agonists,drug,40220861,TRUE,lixisenatide 0.1 MG/ML [Adlyxin],RxNorm,A10BJ_glucagon_like_peptide_1_glp_1_analogues,reviewed_seed,Imported from master codelists,Drug,standard,A10BJ_glucagon_like_peptide_1_glp_1_analogues
glp1_receptor_agonists,GLP-1 receptor agonists,drug,40220862,TRUE,3 ML lixisenatide 0.1 MG/ML Pen Injector [Adlyxin],RxNorm,A10BJ_glucagon_like_peptide_1_glp_1_analogues,reviewed_seed,Imported from master codelists,Drug,standard,A10BJ_glucagon_like_peptide_1_glp_1_analogues
glp1_receptor_agonists,GLP-1 receptor agonists,drug,40220863,TRUE,lixisenatide 0.1 MG/ML Pen Injector,RxNorm,A10BJ_glucagon_like_peptide_1_glp_1_analogues,reviewed_seed,Imported from master codelists,Drug,standard,A10BJ_glucagon_like_peptide_1_glp_1_analogues
glp1_receptor_agonists,GLP-1 receptor agonists,drug,40220864,TRUE,lixisenatide 0.1 MG/ML Pen Injector [Adlyxin],RxNorm,A10BJ_glucagon_like_peptide_1_glp_1_analogues,reviewed_seed,Imported from master codelists,Drug,standard,A10BJ_glucagon_like_peptide_1_glp_1_analogues
glp1_receptor_agonists,GLP-1 receptor agonists,drug,40221118,TRUE,{1 (3 ML lixisenatide 0.05 MG/ML Pen Injector) / 1 (3 ML lixisenatide 0.1 MG/ML Pen Injector) } Pack,RxNorm,A10BJ_glucagon_like_peptide_1_glp_1_analogues,reviewed_seed,Imported from master codelists,Drug,standard,A10BJ_glucagon_like_peptide_1_glp_1_analogues
glp1_receptor_agonists,GLP-1 receptor agonists,drug,40702704,TRUE,{(0.2 ML Lixisenatide 0.05 MG/ML Injectable Solution) / (0.2 ML Lixisenatide 0.1 MG/ML Injectable Solution) } Pack,RxNorm Extension,A10BJ_glucagon_like_peptide_1_glp_1_analogues,reviewed_seed,Imported from master codelists,Drug,standard,A10BJ_glucagon_like_peptide_1_glp_1_analogues
glp1_receptor_agonists,GLP-1 receptor agonists,drug,40702705,TRUE,{(0.2 ML Lixisenatide 0.05 MG/ML Injectable Solution) / (0.2 ML Lixisenatide 0.1 MG/ML Injectable Solution) } Pack [Lyxumia],RxNorm Extension,A10BJ_glucagon_like_peptide_1_glp_1_analogues,reviewed_seed,Imported from master codelists,Drug,standard,A10BJ_glucagon_like_peptide_1_glp_1_analogues
glp1_receptor_agonists,GLP-1 receptor agonists,drug,40702706,TRUE,{(0.2 ML Lixisenatide 0.05 MG/ML Injectable Solution) / (0.2 ML Lixisenatide 0.1 MG/ML Injectable Solution) } Pack [Lyxumia] by Sanofi,RxNorm Extension,A10BJ_glucagon_like_peptide_1_glp_1_analogues,reviewed_seed,Imported from master codelists,Drug,standard,A10BJ_glucagon_like_peptide_1_glp_1_analogues
glp1_receptor_agonists,GLP-1 receptor agonists,drug,40702841,TRUE,{1 (0.2 ML Lixisenatide 0.05 MG/ML Injectable Solution) / 1 (0.2 ML Lixisenatide 0.1 MG/ML Injectable Solution) } Pack,RxNorm Extension,A10BJ_glucagon_like_peptide_1_glp_1_analogues,reviewed_seed,Imported from master codelists,Drug,standard,A10BJ_glucagon_like_peptide_1_glp_1_analogues
glp1_receptor_agonists,GLP-1 receptor agonists,drug,40702842,TRUE,{1 (0.2 ML Lixisenatide 0.05 MG/ML Injectable Solution) / 1 (0.2 ML Lixisenatide 0.1 MG/ML Injectable Solution) } Pack [Lyxumia],RxNorm Extension,A10BJ_glucagon_like_peptide_1_glp_1_analogues,reviewed_seed,Imported from master codelists,Drug,standard,A10BJ_glucagon_like_peptide_1_glp_1_analogues
glp1_receptor_agonists,GLP-1 receptor agonists,drug,40702843,TRUE,{1 (0.2 ML Lixisenatide 0.05 MG/ML Injectable Solution) / 1 (0.2 ML Lixisenatide 0.1 MG/ML Injectable Solution) } Pack [Lyxumia] by Sanofi,RxNorm Extension,A10BJ_glucagon_like_peptide_1_glp_1_analogues,reviewed_seed,Imported from master codelists,Drug,standard,A10BJ_glucagon_like_peptide_1_glp_1_analogues
glp1_receptor_agonists,GLP-1 receptor agonists,drug,40716441,TRUE,3 ML liraglutide 6 MG/ML Injectable Solution [Saxenda] by Novo Nordisk,RxNorm Extension,A10BJ_glucagon_like_peptide_1_glp_1_analogues,reviewed_seed,Imported from master codelists,Drug,standard,A10BJ_glucagon_like_peptide_1_glp_1_analogues
glp1_receptor_agonists,GLP-1 receptor agonists,drug,40716968,TRUE,2.4 ML exenatide 0.25 MG/ML Injectable Solution [Byetta] Box of 1 by Lexon,RxNorm Extension,A10BJ_glucagon_like_peptide_1_glp_1_analogues,reviewed_seed,Imported from master codelists,Drug,standard,A10BJ_glucagon_like_peptide_1_glp_1_analogues
glp1_receptor_agonists,GLP-1 receptor agonists,drug,40716969,TRUE,2.4 ML exenatide 0.25 MG/ML Injectable Solution [Byetta] by Astrazeneca,RxNorm Extension,A10BJ_glucagon_like_peptide_1_glp_1_analogues,reviewed_seed,Imported from master codelists,Drug,standard,A10BJ_glucagon_like_peptide_1_glp_1_analogues
glp1_receptor_agonists,GLP-1 receptor agonists,drug,40716970,TRUE,2.4 ML exenatide 0.25 MG/ML Injectable Solution [Byetta] by Lexon,RxNorm Extension,A10BJ_glucagon_like_peptide_1_glp_1_analogues,reviewed_seed,Imported from master codelists,Drug,standard,A10BJ_glucagon_like_peptide_1_glp_1_analogues
glp1_receptor_agonists,GLP-1 receptor agonists,drug,40718251,TRUE,1.2 ML exenatide 0.25 MG/ML Injectable Solution [Byetta] Box of 1 by Mawdsley-Brooks,RxNorm Extension,A10BJ_glucagon_like_peptide_1_glp_1_analogues,reviewed_seed,Imported from master codelists,Drug,standard,A10BJ_glucagon_like_peptide_1_glp_1_analogues
glp1_receptor_agonists,GLP-1 receptor agonists,drug,40718252,TRUE,1.2 ML exenatide 0.25 MG/ML Injectable Solution [Byetta] Box of 1 by Waymade,RxNorm Extension,A10BJ_glucagon_like_peptide_1_glp_1_analogues,reviewed_seed,Imported from master codelists,Drug,standard,A10BJ_glucagon_like_peptide_1_glp_1_analogues
glp1_receptor_agonists,GLP-1 receptor agonists,drug,40718253,TRUE,1.2 ML exenatide 0.25 MG/ML Injectable Solution [Byetta] by Astrazeneca,RxNorm Extension,A10BJ_glucagon_like_peptide_1_glp_1_analogues,reviewed_seed,Imported from master codelists,Drug,standard,A10BJ_glucagon_like_peptide_1_glp_1_analogues
glp1_receptor_agonists,GLP-1 receptor agonists,drug,40718254,TRUE,1.2 ML exenatide 0.25 MG/ML Injectable Solution [Byetta] by Mawdsley-Brooks,RxNorm Extension,A10BJ_glucagon_like_peptide_1_glp_1_analogues,reviewed_seed,Imported from master codelists,Drug,standard,A10BJ_glucagon_like_peptide_1_glp_1_analogues
glp1_receptor_agonists,GLP-1 receptor agonists,drug,40718255,TRUE,1.2 ML exenatide 0.25 MG/ML Injectable Solution [Byetta] by Waymade,RxNorm Extension,A10BJ_glucagon_like_peptide_1_glp_1_analogues,reviewed_seed,Imported from master codelists,Drug,standard,A10BJ_glucagon_like_peptide_1_glp_1_analogues
glp1_receptor_agonists,GLP-1 receptor agonists,drug,40719364,TRUE,0.5 ML dulaglutide 1.5 MG/ML Injectable Solution [Trulicity] by Eli Lilly,RxNorm Extension,A10BJ_glucagon_like_peptide_1_glp_1_analogues,reviewed_seed,Imported from master codelists,Drug,standard,A10BJ_glucagon_like_peptide_1_glp_1_analogues
glp1_receptor_agonists,GLP-1 receptor agonists,drug,40719365,TRUE,0.5 ML dulaglutide 3 MG/ML Injectable Solution [Trulicity] by Eli Lilly,RxNorm Extension,A10BJ_glucagon_like_peptide_1_glp_1_analogues,reviewed_seed,Imported from master codelists,Drug,standard,A10BJ_glucagon_like_peptide_1_glp_1_analogues
glp1_receptor_agonists,GLP-1 receptor agonists,drug,40736440,TRUE,exenatide 2 MG Injectable Suspension [Bydureon] Box of 4 by Lexon,RxNorm Extension,A10BJ_glucagon_like_peptide_1_glp_1_analogues,reviewed_seed,Imported from master codelists,Drug,standard,A10BJ_glucagon_like_peptide_1_glp_1_analogues
glp1_receptor_agonists,GLP-1 receptor agonists,drug,40736441,TRUE,exenatide 2 MG Injectable Suspension [Bydureon] by Lexon,RxNorm Extension,A10BJ_glucagon_like_peptide_1_glp_1_analogues,reviewed_seed,Imported from master codelists,Drug,standard,A10BJ_glucagon_like_peptide_1_glp_1_analogues
glp1_receptor_agonists,GLP-1 receptor agonists,drug,40822505,TRUE,albiglutide 50 MG Prefilled Syringe [Eperzan] Box of 12,RxNorm Extension,A10BJ_glucagon_like_peptide_1_glp_1_analogues,reviewed_seed,Imported from master codelists,Drug,standard,A10BJ_glucagon_like_peptide_1_glp_1_analogues
glp1_receptor_agonists,GLP-1 receptor agonists,drug,40833483,TRUE,albiglutide Prefilled Syringe [Eperzan],RxNorm Extension,A10BJ_glucagon_like_peptide_1_glp_1_analogues,reviewed_seed,Imported from master codelists,Drug,standard,A10BJ_glucagon_like_peptide_1_glp_1_analogues
glp1_receptor_agonists,GLP-1 receptor agonists,drug,40835441,TRUE,Lixisenatide 0.1 MG/ML Injectable Solution Box of 1,RxNorm Extension,A10BJ_glucagon_like_peptide_1_glp_1_analogues,reviewed_seed,Imported from master codelists,Drug,standard,A10BJ_glucagon_like_peptide_1_glp_1_analogues
glp1_receptor_agonists,GLP-1 receptor agonists,drug,40835451,TRUE,liraglutide 6 MG/ML Injectable Solution Box of 5,RxNorm Extension,A10BJ_glucagon_like_peptide_1_glp_1_analogues,reviewed_seed,Imported from master codelists,Drug,standard,A10BJ_glucagon_like_peptide_1_glp_1_analogues
glp1_receptor_agonists,GLP-1 receptor agonists,drug,40836355,TRUE,exenatide 0.00417 MG/ML Injectable Solution Box of 1,RxNorm Extension,A10BJ_glucagon_like_peptide_1_glp_1_analogues,reviewed_seed,Imported from master codelists,Drug,standard,A10BJ_glucagon_like_peptide_1_glp_1_analogues
glp1_receptor_agonists,GLP-1 receptor agonists,drug,40838577,TRUE,albiglutide 30 MG Prefilled Syringe Box of 4,RxNorm Extension,A10BJ_glucagon_like_peptide_1_glp_1_analogues,reviewed_seed,Imported from master codelists,Drug,standard,A10BJ_glucagon_like_peptide_1_glp_1_analogues
glp1_receptor_agonists,GLP-1 receptor agonists,drug,40844025,TRUE,liraglutide 6 MG/ML Injectable Solution [Victoza] Box of 5,RxNorm Extension,A10BJ_glucagon_like_peptide_1_glp_1_analogues,reviewed_seed,Imported from master codelists,Drug,standard,A10BJ_glucagon_like_peptide_1_glp_1_analogues
glp1_receptor_agonists,GLP-1 receptor agonists,drug,40855096,TRUE,exenatide 2 MG Injectable Suspension [Bydureon] Box of 12 by Lilly,RxNorm Extension,A10BJ_glucagon_like_peptide_1_glp_1_analogues,reviewed_seed,Imported from master codelists,Drug,standard,A10BJ_glucagon_like_peptide_1_glp_1_analogues
glp1_receptor_agonists,GLP-1 receptor agonists,drug,40858288,TRUE,exenatide 0.00417 MG/ML,RxNorm Extension,A10BJ_glucagon_like_peptide_1_glp_1_analogues,reviewed_seed,Imported from master codelists,Drug,standard,A10BJ_glucagon_like_peptide_1_glp_1_analogues
glp1_receptor_agonists,GLP-1 receptor agonists,drug,40867428,TRUE,exenatide 0.25 MG/ML Prefilled Syringe Box of 3,RxNorm Extension,A10BJ_glucagon_like_peptide_1_glp_1_analogues,reviewed_seed,Imported from master codelists,Drug,standard,A10BJ_glucagon_like_peptide_1_glp_1_analogues
glp1_receptor_agonists,GLP-1 receptor agonists,drug,40877540,TRUE,exenatide 0.25 MG/ML Injectable Solution [Byetta] Box of 1,RxNorm Extension,A10BJ_glucagon_like_peptide_1_glp_1_analogues,reviewed_seed,Imported from master codelists,Drug,standard,A10BJ_glucagon_like_peptide_1_glp_1_analogues
glp1_receptor_agonists,GLP-1 receptor agonists,drug,40897710,TRUE,Lixisenatide 0.1 MG/ML Prefilled Syringe Box of 6,RxNorm Extension,A10BJ_glucagon_like_peptide_1_glp_1_analogues,reviewed_seed,Imported from master codelists,Drug,standard,A10BJ_glucagon_like_peptide_1_glp_1_analogues
glp1_receptor_agonists,GLP-1 receptor agonists,drug,40897711,TRUE,Lixisenatide 0.00667 MG/ML Injectable Solution,RxNorm Extension,A10BJ_glucagon_like_peptide_1_glp_1_analogues,reviewed_seed,Imported from master codelists,Drug,standard,A10BJ_glucagon_like_peptide_1_glp_1_analogues
glp1_receptor_agonists,GLP-1 receptor agonists,drug,40898781,TRUE,dulaglutide 3 MG/ML Prefilled Syringe Box of 12,RxNorm Extension,A10BJ_glucagon_like_peptide_1_glp_1_analogues,reviewed_seed,Imported from master codelists,Drug,standard,A10BJ_glucagon_like_peptide_1_glp_1_analogues
glp1_receptor_agonists,GLP-1 receptor agonists,drug,40908545,TRUE,exenatide 0.00417 MG/ML Injectable Solution [Byetta] Box of 1,RxNorm Extension,A10BJ_glucagon_like_peptide_1_glp_1_analogues,reviewed_seed,Imported from master codelists,Drug,standard,A10BJ_glucagon_like_peptide_1_glp_1_analogues
glp1_receptor_agonists,GLP-1 receptor agonists,drug,40908546,TRUE,exenatide 2 MG Prefilled Syringe [Bydureon] Box of 12,RxNorm Extension,A10BJ_glucagon_like_peptide_1_glp_1_analogues,reviewed_seed,Imported from master codelists,Drug,standard,A10BJ_glucagon_like_peptide_1_glp_1_analogues
glp1_receptor_agonists,GLP-1 receptor agonists,drug,40912908,TRUE,albiglutide 30 MG Prefilled Syringe [Eperzan] Box of 12,RxNorm Extension,A10BJ_glucagon_like_peptide_1_glp_1_analogues,reviewed_seed,Imported from master codelists,Drug,standard,A10BJ_glucagon_like_peptide_1_glp_1_analogues
glp1_receptor_agonists,GLP-1 receptor agonists,drug,40925398,TRUE,Lixisenatide Injectable Solution [Lyxumia],RxNorm Extension,A10BJ_glucagon_like_peptide_1_glp_1_analogues,reviewed_seed,Imported from master codelists,Drug,standard,A10BJ_glucagon_like_peptide_1_glp_1_analogues
glp1_receptor_agonists,GLP-1 receptor agonists,drug,40928763,TRUE,Lixisenatide 0.1 MG/ML Injectable Solution Box of 2,RxNorm Extension,A10BJ_glucagon_like_peptide_1_glp_1_analogues,reviewed_seed,Imported from master codelists,Drug,standard,A10BJ_glucagon_like_peptide_1_glp_1_analogues
glp1_receptor_agonists,GLP-1 receptor agonists,drug,40928764,TRUE,Lixisenatide 0.05 MG/ML Injectable Solution,RxNorm Extension,A10BJ_glucagon_like_peptide_1_glp_1_analogues,reviewed_seed,Imported from master codelists,Drug,standard,A10BJ_glucagon_like_peptide_1_glp_1_analogues
glp1_receptor_agonists,GLP-1 receptor agonists,drug,40929887,TRUE,dulaglutide 3 MG/ML Injectable Solution Box of 12,RxNorm Extension,A10BJ_glucagon_like_peptide_1_glp_1_analogues,reviewed_seed,Imported from master codelists,Drug,standard,A10BJ_glucagon_like_peptide_1_glp_1_analogues
glp1_receptor_agonists,GLP-1 receptor agonists,drug,40931835,TRUE,albiglutide 50 MG Prefilled Syringe Box of 4,RxNorm Extension,A10BJ_glucagon_like_peptide_1_glp_1_analogues,reviewed_seed,Imported from master codelists,Drug,standard,A10BJ_glucagon_like_peptide_1_glp_1_analogues
glp1_receptor_agonists,GLP-1 receptor agonists,drug,40940348,TRUE,dulaglutide 3 MG/ML Injectable Solution [Trulicity] Box of 4,RxNorm Extension,A10BJ_glucagon_like_peptide_1_glp_1_analogues,reviewed_seed,Imported from master codelists,Drug,standard,A10BJ_glucagon_like_peptide_1_glp_1_analogues
glp1_receptor_agonists,GLP-1 receptor agonists,drug,40955718,TRUE,albiglutide Prefilled Syringe,RxNorm Extension,A10BJ_glucagon_like_peptide_1_glp_1_analogues,reviewed_seed,Imported from master codelists,Drug,standard,A10BJ_glucagon_like_peptide_1_glp_1_analogues
glp1_receptor_agonists,GLP-1 receptor agonists,drug,40957072,TRUE,exenatide Prefilled Syringe [Bydureon],RxNorm Extension,A10BJ_glucagon_like_peptide_1_glp_1_analogues,reviewed_seed,Imported from master codelists,Drug,standard,A10BJ_glucagon_like_peptide_1_glp_1_analogues
glp1_receptor_agonists,GLP-1 receptor agonists,drug,40960091,TRUE,Lixisenatide 0.1 MG/ML Injectable Solution,RxNorm Extension,A10BJ_glucagon_like_peptide_1_glp_1_analogues,reviewed_seed,Imported from master codelists,Drug,standard,A10BJ_glucagon_like_peptide_1_glp_1_analogues
glp1_receptor_agonists,GLP-1 receptor agonists,drug,40960105,TRUE,liraglutide 6 MG/ML Injectable Solution Box of 2,RxNorm Extension,A10BJ_glucagon_like_peptide_1_glp_1_analogues,reviewed_seed,Imported from master codelists,Drug,standard,A10BJ_glucagon_like_peptide_1_glp_1_analogues
glp1_receptor_agonists,GLP-1 receptor agonists,drug,40960970,TRUE,exenatide 0.25 MG/ML Injectable Solution Box of 3,RxNorm Extension,A10BJ_glucagon_like_peptide_1_glp_1_analogues,reviewed_seed,Imported from master codelists,Drug,standard,A10BJ_glucagon_like_peptide_1_glp_1_analogues
glp1_receptor_agonists,GLP-1 receptor agonists,drug,40960971,TRUE,exenatide 2 MG Injection Box of 12,RxNorm Extension,A10BJ_glucagon_like_peptide_1_glp_1_analogues,reviewed_seed,Imported from master codelists,Drug,standard,A10BJ_glucagon_like_peptide_1_glp_1_analogues
glp1_receptor_agonists,GLP-1 receptor agonists,drug,40960972,TRUE,exenatide 2 MG Prefilled Syringe,RxNorm Extension,A10BJ_glucagon_like_peptide_1_glp_1_analogues,reviewed_seed,Imported from master codelists,Drug,standard,A10BJ_glucagon_like_peptide_1_glp_1_analogues
glp1_receptor_agonists,GLP-1 receptor agonists,drug,40963103,TRUE,albiglutide 50 MG Prefilled Syringe Box of 12,RxNorm Extension,A10BJ_glucagon_like_peptide_1_glp_1_analogues,reviewed_seed,Imported from master codelists,Drug,standard,A10BJ_glucagon_like_peptide_1_glp_1_analogues
glp1_receptor_agonists,GLP-1 receptor agonists,drug,40970836,TRUE,exenatide 0.25 MG/ML Prefilled Syringe [Byetta] Box of 3,RxNorm Extension,A10BJ_glucagon_like_peptide_1_glp_1_analogues,reviewed_seed,Imported from master codelists,Drug,standard,A10BJ_glucagon_like_peptide_1_glp_1_analogues
glp1_receptor_agonists,GLP-1 receptor agonists,drug,40991323,TRUE,Lixisenatide 0.05 MG/ML Injectable Solution Box of 1,RxNorm Extension,A10BJ_glucagon_like_peptide_1_glp_1_analogues,reviewed_seed,Imported from master codelists,Drug,standard,A10BJ_glucagon_like_peptide_1_glp_1_analogues
glp1_receptor_agonists,GLP-1 receptor agonists,drug,40999885,TRUE,liraglutide 6 MG/ML Injectable Solution [Victoza] Box of 2,RxNorm Extension,A10BJ_glucagon_like_peptide_1_glp_1_analogues,reviewed_seed,Imported from master codelists,Drug,standard,A10BJ_glucagon_like_peptide_1_glp_1_analogues
glp1_receptor_agonists,GLP-1 receptor agonists,drug,41002204,TRUE,exenatide 2 MG Injectable Suspension [Bydureon] Box of 12,RxNorm Extension,A10BJ_glucagon_like_peptide_1_glp_1_analogues,reviewed_seed,Imported from master codelists,Drug,standard,A10BJ_glucagon_like_peptide_1_glp_1_analogues
glp1_receptor_agonists,GLP-1 receptor agonists,drug,41011002,TRUE,exenatide 2 MG Injection [Bydureon] Box of 12 by Lilly,RxNorm Extension,A10BJ_glucagon_like_peptide_1_glp_1_analogues,reviewed_seed,Imported from master codelists,Drug,standard,A10BJ_glucagon_like_peptide_1_glp_1_analogues
glp1_receptor_agonists,GLP-1 receptor agonists,drug,41022255,TRUE,Lixisenatide 0.00667 MG/ML Injectable Solution Box of 6,RxNorm Extension,A10BJ_glucagon_like_peptide_1_glp_1_analogues,reviewed_seed,Imported from master codelists,Drug,standard,A10BJ_glucagon_like_peptide_1_glp_1_analogues
glp1_receptor_agonists,GLP-1 receptor agonists,drug,41022266,TRUE,liraglutide 6 MG/ML Injectable Solution Box of 10,RxNorm Extension,A10BJ_glucagon_like_peptide_1_glp_1_analogues,reviewed_seed,Imported from master codelists,Drug,standard,A10BJ_glucagon_like_peptide_1_glp_1_analogues
glp1_receptor_agonists,GLP-1 receptor agonists,drug,41023137,TRUE,exenatide 0.00417 MG/ML Injectable Solution Box of 3,RxNorm Extension,A10BJ_glucagon_like_peptide_1_glp_1_analogues,reviewed_seed,Imported from master codelists,Drug,standard,A10BJ_glucagon_like_peptide_1_glp_1_analogues
glp1_receptor_agonists,GLP-1 receptor agonists,drug,41033277,TRUE,exenatide 2 MG Injection [Bydureon] Box of 12,RxNorm Extension,A10BJ_glucagon_like_peptide_1_glp_1_analogues,reviewed_seed,Imported from master codelists,Drug,standard,A10BJ_glucagon_like_peptide_1_glp_1_analogues
glp1_receptor_agonists,GLP-1 receptor agonists,drug,41037571,TRUE,albiglutide 50 MG Prefilled Syringe [Eperzan] Box of 4,RxNorm Extension,A10BJ_glucagon_like_peptide_1_glp_1_analogues,reviewed_seed,Imported from master codelists,Drug,standard,A10BJ_glucagon_like_peptide_1_glp_1_analogues
glp1_receptor_agonists,GLP-1 receptor agonists,drug,41062044,TRUE,liraglutide 6 MG/ML Injectable Solution [Victoza] Box of 10,RxNorm Extension,A10BJ_glucagon_like_peptide_1_glp_1_analogues,reviewed_seed,Imported from master codelists,Drug,standard,A10BJ_glucagon_like_peptide_1_glp_1_analogues
glp1_receptor_agonists,GLP-1 receptor agonists,drug,41062045,TRUE,liraglutide 6 MG/ML Injectable Solution [Saxenda] Box of 5,RxNorm Extension,A10BJ_glucagon_like_peptide_1_glp_1_analogues,reviewed_seed,Imported from master codelists,Drug,standard,A10BJ_glucagon_like_peptide_1_glp_1_analogues
glp1_receptor_agonists,GLP-1 receptor agonists,drug,41064441,TRUE,exenatide 0.00417 MG/ML Injectable Solution [Byetta],RxNorm Extension,A10BJ_glucagon_like_peptide_1_glp_1_analogues,reviewed_seed,Imported from master codelists,Drug,standard,A10BJ_glucagon_like_peptide_1_glp_1_analogues
glp1_receptor_agonists,GLP-1 receptor agonists,drug,41064946,TRUE,dulaglutide 1.5 MG/ML Injectable Solution [Trulicity] Box of 4,RxNorm Extension,A10BJ_glucagon_like_peptide_1_glp_1_analogues,reviewed_seed,Imported from master codelists,Drug,standard,A10BJ_glucagon_like_peptide_1_glp_1_analogues
glp1_receptor_agonists,GLP-1 receptor agonists,drug,41073389,TRUE,exenatide 2 MG Injectable Suspension [Bydureon] Box of 12 by Astrazeneca,RxNorm Extension,A10BJ_glucagon_like_peptide_1_glp_1_analogues,reviewed_seed,Imported from master codelists,Drug,standard,A10BJ_glucagon_like_peptide_1_glp_1_analogues
glp1_receptor_agonists,GLP-1 receptor agonists,drug,41085972,TRUE,exenatide 0.00417 MG/ML Injectable Solution,RxNorm Extension,A10BJ_glucagon_like_peptide_1_glp_1_analogues,reviewed_seed,Imported from master codelists,Drug,standard,A10BJ_glucagon_like_peptide_1_glp_1_analogues
glp1_receptor_agonists,GLP-1 receptor agonists,drug,41085973,TRUE,exenatide 2 MG Injectable Solution,RxNorm Extension,A10BJ_glucagon_like_peptide_1_glp_1_analogues,reviewed_seed,Imported from master codelists,Drug,standard,A10BJ_glucagon_like_peptide_1_glp_1_analogues
glp1_receptor_agonists,GLP-1 receptor agonists,drug,41086226,TRUE,dulaglutide 3 MG/ML Injectable Solution Box of 4,RxNorm Extension,A10BJ_glucagon_like_peptide_1_glp_1_analogues,reviewed_seed,Imported from master codelists,Drug,standard,A10BJ_glucagon_like_peptide_1_glp_1_analogues
glp1_receptor_agonists,GLP-1 receptor agonists,drug,41088131,TRUE,albiglutide 50 MG Prefilled Syringe,RxNorm Extension,A10BJ_glucagon_like_peptide_1_glp_1_analogues,reviewed_seed,Imported from master codelists,Drug,standard,A10BJ_glucagon_like_peptide_1_glp_1_analogues
glp1_receptor_agonists,GLP-1 receptor agonists,drug,41088132,TRUE,albiglutide 30 MG Injection Box of 12,RxNorm Extension,A10BJ_glucagon_like_peptide_1_glp_1_analogues,reviewed_seed,Imported from master codelists,Drug,standard,A10BJ_glucagon_like_peptide_1_glp_1_analogues
glp1_receptor_agonists,GLP-1 receptor agonists,drug,41100287,TRUE,albiglutide 50 MG Prefilled Syringe [Eperzan],RxNorm Extension,A10BJ_glucagon_like_peptide_1_glp_1_analogues,reviewed_seed,Imported from master codelists,Drug,standard,A10BJ_glucagon_like_peptide_1_glp_1_analogues
glp1_receptor_agonists,GLP-1 receptor agonists,drug,41100288,TRUE,albiglutide 30 MG Prefilled Syringe [Eperzan] Box of 4,RxNorm Extension,A10BJ_glucagon_like_peptide_1_glp_1_analogues,reviewed_seed,Imported from master codelists,Drug,standard,A10BJ_glucagon_like_peptide_1_glp_1_analogues
glp1_receptor_agonists,GLP-1 receptor agonists,drug,41107841,TRUE,Lixisenatide 0.00667 MG/ML,RxNorm Extension,A10BJ_glucagon_like_peptide_1_glp_1_analogues,reviewed_seed,Imported from master codelists,Drug,standard,A10BJ_glucagon_like_peptide_1_glp_1_analogues
glp1_receptor_agonists,GLP-1 receptor agonists,drug,41116327,TRUE,liraglutide 6 MG/ML Prefilled Syringe Box of 10,RxNorm Extension,A10BJ_glucagon_like_peptide_1_glp_1_analogues,reviewed_seed,Imported from master codelists,Drug,standard,A10BJ_glucagon_like_peptide_1_glp_1_analogues
glp1_receptor_agonists,GLP-1 receptor agonists,drug,41117463,TRUE,dulaglutide 1.5 MG/ML Injectable Solution Box of 4,RxNorm Extension,A10BJ_glucagon_like_peptide_1_glp_1_analogues,reviewed_seed,Imported from master codelists,Drug,standard,A10BJ_glucagon_like_peptide_1_glp_1_analogues
glp1_receptor_agonists,GLP-1 receptor agonists,drug,41119365,TRUE,albiglutide 50 MG Injection Box of 12,RxNorm Extension,A10BJ_glucagon_like_peptide_1_glp_1_analogues,reviewed_seed,Imported from master codelists,Drug,standard,A10BJ_glucagon_like_peptide_1_glp_1_analogues
glp1_receptor_agonists,GLP-1 receptor agonists,drug,41124827,TRUE,Lixisenatide 0.1 MG/ML Prefilled Syringe [Lyxumia] Box of 6,RxNorm Extension,A10BJ_glucagon_like_peptide_1_glp_1_analogues,reviewed_seed,Imported from master codelists,Drug,standard,A10BJ_glucagon_like_peptide_1_glp_1_analogues
glp1_receptor_agonists,GLP-1 receptor agonists,drug,41124828,TRUE,Lixisenatide 0.00667 MG/ML Injectable Solution [Lyxumia] Box of 6,RxNorm Extension,A10BJ_glucagon_like_peptide_1_glp_1_analogues,reviewed_seed,Imported from master codelists,Drug,standard,A10BJ_glucagon_like_peptide_1_glp_1_analogues
glp1_receptor_agonists,GLP-1 receptor agonists,drug,41124829,TRUE,Lixisenatide 0.00667 MG/ML Injectable Solution [Lyxumia],RxNorm Extension,A10BJ_glucagon_like_peptide_1_glp_1_analogues,reviewed_seed,Imported from master codelists,Drug,standard,A10BJ_glucagon_like_peptide_1_glp_1_analogues
glp1_receptor_agonists,GLP-1 receptor agonists,drug,41127242,TRUE,exenatide 0.25 MG/ML Injectable Solution [Byetta] Box of 3,RxNorm Extension,A10BJ_glucagon_like_peptide_1_glp_1_analogues,reviewed_seed,Imported from master codelists,Drug,standard,A10BJ_glucagon_like_peptide_1_glp_1_analogues
glp1_receptor_agonists,GLP-1 receptor agonists,drug,41148673,TRUE,exenatide 0.25 MG/ML Injectable Solution Box of 1,RxNorm Extension,A10BJ_glucagon_like_peptide_1_glp_1_analogues,reviewed_seed,Imported from master codelists,Drug,standard,A10BJ_glucagon_like_peptide_1_glp_1_analogues
glp1_receptor_agonists,GLP-1 receptor agonists,drug,41148674,TRUE,exenatide 2 MG Injectable Solution Box of 12,RxNorm Extension,A10BJ_glucagon_like_peptide_1_glp_1_analogues,reviewed_seed,Imported from master codelists,Drug,standard,A10BJ_glucagon_like_peptide_1_glp_1_analogues
glp1_receptor_agonists,GLP-1 receptor agonists,drug,41148675,TRUE,exenatide 2 MG Prefilled Syringe Box of 12,RxNorm Extension,A10BJ_glucagon_like_peptide_1_glp_1_analogues,reviewed_seed,Imported from master codelists,Drug,standard,A10BJ_glucagon_like_peptide_1_glp_1_analogues
glp1_receptor_agonists,GLP-1 receptor agonists,drug,41162947,TRUE,albiglutide 30 MG Prefilled Syringe [Eperzan],RxNorm Extension,A10BJ_glucagon_like_peptide_1_glp_1_analogues,reviewed_seed,Imported from master codelists,Drug,standard,A10BJ_glucagon_like_peptide_1_glp_1_analogues
glp1_receptor_agonists,GLP-1 receptor agonists,drug,41181970,TRUE,albiglutide 30 MG Prefilled Syringe,RxNorm Extension,A10BJ_glucagon_like_peptide_1_glp_1_analogues,reviewed_seed,Imported from master codelists,Drug,standard,A10BJ_glucagon_like_peptide_1_glp_1_analogues
glp1_receptor_agonists,GLP-1 receptor agonists,drug,41187459,TRUE,Lixisenatide 0.1 MG/ML Injectable Solution [Lyxumia] Box of 2,RxNorm Extension,A10BJ_glucagon_like_peptide_1_glp_1_analogues,reviewed_seed,Imported from master codelists,Drug,standard,A10BJ_glucagon_like_peptide_1_glp_1_analogues
glp1_receptor_agonists,GLP-1 receptor agonists,drug,41187498,TRUE,liraglutide 6 MG/ML Prefilled Syringe [Victoza] Box of 5,RxNorm Extension,A10BJ_glucagon_like_peptide_1_glp_1_analogues,reviewed_seed,Imported from master codelists,Drug,standard,A10BJ_glucagon_like_peptide_1_glp_1_analogues
glp1_receptor_agonists,GLP-1 receptor agonists,drug,41189879,TRUE,exenatide 2 MG Prefilled Syringe [Bydureon] Box of 4,RxNorm Extension,A10BJ_glucagon_like_peptide_1_glp_1_analogues,reviewed_seed,Imported from master codelists,Drug,standard,A10BJ_glucagon_like_peptide_1_glp_1_analogues
glp1_receptor_agonists,GLP-1 receptor agonists,drug,41190388,TRUE,dulaglutide 3 MG/ML Prefilled Syringe [Trulicity] Box of 12,RxNorm Extension,A10BJ_glucagon_like_peptide_1_glp_1_analogues,reviewed_seed,Imported from master codelists,Drug,standard,A10BJ_glucagon_like_peptide_1_glp_1_analogues
glp1_receptor_agonists,GLP-1 receptor agonists,drug,41204165,TRUE,exenatide 0.00417 MG/ML [Byetta],RxNorm Extension,A10BJ_glucagon_like_peptide_1_glp_1_analogues,reviewed_seed,Imported from master codelists,Drug,standard,A10BJ_glucagon_like_peptide_1_glp_1_analogues
glp1_receptor_agonists,GLP-1 receptor agonists,drug,41211189,TRUE,exenatide 2 MG Injectable Solution Box of 4,RxNorm Extension,A10BJ_glucagon_like_peptide_1_glp_1_analogues,reviewed_seed,Imported from master codelists,Drug,standard,A10BJ_glucagon_like_peptide_1_glp_1_analogues
glp1_receptor_agonists,GLP-1 receptor agonists,drug,41211190,TRUE,exenatide 2 MG Prefilled Syringe Box of 4,RxNorm Extension,A10BJ_glucagon_like_peptide_1_glp_1_analogues,reviewed_seed,Imported from master codelists,Drug,standard,A10BJ_glucagon_like_peptide_1_glp_1_analogues
glp1_receptor_agonists,GLP-1 receptor agonists,drug,41218691,TRUE,Lixisenatide 0.1 MG/ML Injectable Solution [Lyxumia],RxNorm Extension,A10BJ_glucagon_like_peptide_1_glp_1_analogues,reviewed_seed,Imported from master codelists,Drug,standard,A10BJ_glucagon_like_peptide_1_glp_1_analogues
glp1_receptor_agonists,GLP-1 receptor agonists,drug,41218716,TRUE,liraglutide 6 MG/ML Prefilled Syringe [Victoza] Box of 10,RxNorm Extension,A10BJ_glucagon_like_peptide_1_glp_1_analogues,reviewed_seed,Imported from master codelists,Drug,standard,A10BJ_glucagon_like_peptide_1_glp_1_analogues
glp1_receptor_agonists,GLP-1 receptor agonists,drug,41218717,TRUE,liraglutide 6 MG/ML Prefilled Syringe [Saxenda],RxNorm Extension,A10BJ_glucagon_like_peptide_1_glp_1_analogues,reviewed_seed,Imported from master codelists,Drug,standard,A10BJ_glucagon_like_peptide_1_glp_1_analogues
glp1_receptor_agonists,GLP-1 receptor agonists,drug,41242107,TRUE,exenatide 2 MG Injectable Suspension Box of 12,RxNorm Extension,A10BJ_glucagon_like_peptide_1_glp_1_analogues,reviewed_seed,Imported from master codelists,Drug,standard,A10BJ_glucagon_like_peptide_1_glp_1_analogues
glp1_receptor_agonists,GLP-1 receptor agonists,drug,41249736,TRUE,liraglutide 6 MG/ML Prefilled Syringe [Saxenda] Box of 5,RxNorm Extension,A10BJ_glucagon_like_peptide_1_glp_1_analogues,reviewed_seed,Imported from master codelists,Drug,standard,A10BJ_glucagon_like_peptide_1_glp_1_analogues
glp1_receptor_agonists,GLP-1 receptor agonists,drug,41252038,TRUE,exenatide 0.00417 MG/ML Injectable Solution [Byetta] Box of 3,RxNorm Extension,A10BJ_glucagon_like_peptide_1_glp_1_analogues,reviewed_seed,Imported from master codelists,Drug,standard,A10BJ_glucagon_like_peptide_1_glp_1_analogues
glp1_receptor_agonists,GLP-1 receptor agonists,drug,41252039,TRUE,exenatide 2 MG Prefilled Syringe [Bydureon],RxNorm Extension,A10BJ_glucagon_like_peptide_1_glp_1_analogues,reviewed_seed,Imported from master codelists,Drug,standard,A10BJ_glucagon_like_peptide_1_glp_1_analogues
glp1_receptor_agonists,GLP-1 receptor agonists,drug,41252547,TRUE,dulaglutide 3 MG/ML Injectable Solution [Trulicity] Box of 12,RxNorm Extension,A10BJ_glucagon_like_peptide_1_glp_1_analogues,reviewed_seed,Imported from master codelists,Drug,standard,A10BJ_glucagon_like_peptide_1_glp_1_analogues
glp1_receptor_agonists,GLP-1 receptor agonists,drug,41256231,TRUE,albiglutide 50 MG Injection [Eperzan] Box of 12,RxNorm Extension,A10BJ_glucagon_like_peptide_1_glp_1_analogues,reviewed_seed,Imported from master codelists,Drug,standard,A10BJ_glucagon_like_peptide_1_glp_1_analogues
glp1_receptor_agonists,GLP-1 receptor agonists,drug,41260715,TRUE,exenatide 2 MG Injectable Suspension [Bydureon] Box of 4 by Lilly,RxNorm Extension,A10BJ_glucagon_like_peptide_1_glp_1_analogues,reviewed_seed,Imported from master codelists,Drug,standard,A10BJ_glucagon_like_peptide_1_glp_1_analogues
glp1_receptor_agonists,GLP-1 receptor agonists,drug,41265445,TRUE,Lixisenatide 0.00667 MG/ML [Lyxumia],RxNorm Extension,A10BJ_glucagon_like_peptide_1_glp_1_analogues,reviewed_seed,Imported from master codelists,Drug,standard,A10BJ_glucagon_like_peptide_1_glp_1_analogues
glp1_receptor_agonists,GLP-1 receptor agonists,drug,41275239,TRUE,albiglutide 30 MG Prefilled Syringe Box of 12,RxNorm Extension,A10BJ_glucagon_like_peptide_1_glp_1_analogues,reviewed_seed,Imported from master codelists,Drug,standard,A10BJ_glucagon_like_peptide_1_glp_1_analogues
glp1_receptor_agonists,GLP-1 receptor agonists,drug,41298305,TRUE,Lixisenatide Injectable Solution,RxNorm Extension,A10BJ_glucagon_like_peptide_1_glp_1_analogues,reviewed_seed,Imported from master codelists,Drug,standard,A10BJ_glucagon_like_peptide_1_glp_1_analogues
glp1_receptor_agonists,GLP-1 receptor agonists,drug,41299874,TRUE,liraglutide Prefilled Syringe [Saxenda],RxNorm Extension,A10BJ_glucagon_like_peptide_1_glp_1_analogues,reviewed_seed,Imported from master codelists,Drug,standard,A10BJ_glucagon_like_peptide_1_glp_1_analogues
glp1_receptor_agonists,GLP-1 receptor agonists,drug,41303252,TRUE,liraglutide 6 MG/ML Prefilled Syringe Box of 5,RxNorm Extension,A10BJ_glucagon_like_peptide_1_glp_1_analogues,reviewed_seed,Imported from master codelists,Drug,standard,A10BJ_glucagon_like_peptide_1_glp_1_analogues
glp1_receptor_agonists,GLP-1 receptor agonists,drug,41318632,TRUE,albiglutide 30 MG Injection [Eperzan] Box of 12,RxNorm Extension,A10BJ_glucagon_like_peptide_1_glp_1_analogues,reviewed_seed,Imported from master codelists,Drug,standard,A10BJ_glucagon_like_peptide_1_glp_1_analogues
glp1_receptor_agonists,GLP-1 receptor agonists,drug,41346753,TRUE,3 ML Lixisenatide 0.00667 MG/ML Injectable Solution [Lyxumia],RxNorm Extension,A10BJ_glucagon_like_peptide_1_glp_1_analogues,reviewed_seed,Imported from master codelists,Drug,standard,A10BJ_glucagon_like_peptide_1_glp_1_analogues
glp1_receptor_agonists,GLP-1 receptor agonists,drug,41346760,TRUE,3 ML Lixisenatide 0.1 MG/ML Prefilled Syringe [Lyxumia],RxNorm Extension,A10BJ_glucagon_like_peptide_1_glp_1_analogues,reviewed_seed,Imported from master codelists,Drug,standard,A10BJ_glucagon_like_peptide_1_glp_1_analogues
glp1_receptor_agonists,GLP-1 receptor agonists,drug,41346941,TRUE,3 ML liraglutide 6 MG/ML Injectable Solution [Victoza] Box of 10 by Novo Nordisk,RxNorm Extension,A10BJ_glucagon_like_peptide_1_glp_1_analogues,reviewed_seed,Imported from master codelists,Drug,standard,A10BJ_glucagon_like_peptide_1_glp_1_analogues
glp1_receptor_agonists,GLP-1 receptor agonists,drug,41347067,TRUE,3 ML Lixisenatide 0.1 MG/ML Prefilled Syringe [Lyxumia] Box of 6,RxNorm Extension,A10BJ_glucagon_like_peptide_1_glp_1_analogues,reviewed_seed,Imported from master codelists,Drug,standard,A10BJ_glucagon_like_peptide_1_glp_1_analogues
glp1_receptor_agonists,GLP-1 receptor agonists,drug,41347068,TRUE,3 ML liraglutide 6 MG/ML Prefilled Syringe [Saxenda] Box of 5,RxNorm Extension,A10BJ_glucagon_like_peptide_1_glp_1_analogues,reviewed_seed,Imported from master codelists,Drug,standard,A10BJ_glucagon_like_peptide_1_glp_1_analogues
glp1_receptor_agonists,GLP-1 receptor agonists,drug,41347182,TRUE,3 ML liraglutide 6 MG/ML Injectable Solution [Victoza] Box of 10 by Cc,RxNorm Extension,A10BJ_glucagon_like_peptide_1_glp_1_analogues,reviewed_seed,Imported from master codelists,Drug,standard,A10BJ_glucagon_like_peptide_1_glp_1_analogues
glp1_receptor_agonists,GLP-1 receptor agonists,drug,41347183,TRUE,3 ML liraglutide 6 MG/ML Prefilled Syringe [Saxenda] Box of 5 by Novo Nordisk,RxNorm Extension,A10BJ_glucagon_like_peptide_1_glp_1_analogues,reviewed_seed,Imported from master codelists,Drug,standard,A10BJ_glucagon_like_peptide_1_glp_1_analogues
glp1_receptor_agonists,GLP-1 receptor agonists,drug,41347268,TRUE,3 ML liraglutide 6 MG/ML Prefilled Syringe Box of 5,RxNorm Extension,A10BJ_glucagon_like_peptide_1_glp_1_analogues,reviewed_seed,Imported from master codelists,Drug,standard,A10BJ_glucagon_like_peptide_1_glp_1_analogues
glp1_receptor_agonists,GLP-1 receptor agonists,drug,41347312,TRUE,3 ML Lixisenatide 0.1 MG/ML Injectable Solution [Lyxumia] Box of 1,RxNorm Extension,A10BJ_glucagon_like_peptide_1_glp_1_analogues,reviewed_seed,Imported from master codelists,Drug,standard,A10BJ_glucagon_like_peptide_1_glp_1_analogues
glp1_receptor_agonists,GLP-1 receptor agonists,drug,41347313,TRUE,3 ML liraglutide 6 MG/ML Prefilled Syringe [Victoza] Box of 5,RxNorm Extension,A10BJ_glucagon_like_peptide_1_glp_1_analogues,reviewed_seed,Imported from master codelists,Drug,standard,A10BJ_glucagon_like_peptide_1_glp_1_analogues
glp1_receptor_agonists,GLP-1 receptor agonists,drug,41347407,TRUE,3 ML liraglutide 6 MG/ML Injectable Solution [Victoza] Box of 2 by Cc,RxNorm Extension,A10BJ_glucagon_like_peptide_1_glp_1_analogues,reviewed_seed,Imported from master codelists,Drug,standard,A10BJ_glucagon_like_peptide_1_glp_1_analogues
glp1_receptor_agonists,GLP-1 receptor agonists,drug,41347484,TRUE,3 ML liraglutide 6 MG/ML Injectable Solution Box of 2,RxNorm Extension,A10BJ_glucagon_like_peptide_1_glp_1_analogues,reviewed_seed,Imported from master codelists,Drug,standard,A10BJ_glucagon_like_peptide_1_glp_1_analogues
glp1_receptor_agonists,GLP-1 receptor agonists,drug,41347536,TRUE,3 ML liraglutide 6 MG/ML Injectable Solution [Saxenda] Box of 5,RxNorm Extension,A10BJ_glucagon_like_peptide_1_glp_1_analogues,reviewed_seed,Imported from master codelists,Drug,standard,A10BJ_glucagon_like_peptide_1_glp_1_analogues
glp1_receptor_agonists,GLP-1 receptor agonists,drug,41347630,TRUE,3 ML liraglutide 6 MG/ML Prefilled Syringe [Victoza] Box of 5 by Novo Nordisk,RxNorm Extension,A10BJ_glucagon_like_peptide_1_glp_1_analogues,reviewed_seed,Imported from master codelists,Drug,standard,A10BJ_glucagon_like_peptide_1_glp_1_analogues
glp1_receptor_agonists,GLP-1 receptor agonists,drug,41347631,TRUE,3 ML liraglutide 6 MG/ML Injectable Solution [Victoza] Box of 2 by Novo Nordisk,RxNorm Extension,A10BJ_glucagon_like_peptide_1_glp_1_analogues,reviewed_seed,Imported from master codelists,Drug,standard,A10BJ_glucagon_like_peptide_1_glp_1_analogues
glp1_receptor_agonists,GLP-1 receptor agonists,drug,41347729,TRUE,3 ML Lixisenatide 0.1 MG/ML Injectable Solution Box of 1,RxNorm Extension,A10BJ_glucagon_like_peptide_1_glp_1_analogues,reviewed_seed,Imported from master codelists,Drug,standard,A10BJ_glucagon_like_peptide_1_glp_1_analogues
glp1_receptor_agonists,GLP-1 receptor agonists,drug,41347784,TRUE,3 ML Lixisenatide 0.1 MG/ML Injectable Solution [Lyxumia],RxNorm Extension,A10BJ_glucagon_like_peptide_1_glp_1_analogues,reviewed_seed,Imported from master codelists,Drug,standard,A10BJ_glucagon_like_peptide_1_glp_1_analogues
glp1_receptor_agonists,GLP-1 receptor agonists,drug,41347889,TRUE,3 ML Lixisenatide 0.1 MG/ML Prefilled Syringe [Lyxumia] Box of 6 by Sanofi,RxNorm Extension,A10BJ_glucagon_like_peptide_1_glp_1_analogues,reviewed_seed,Imported from master codelists,Drug,standard,A10BJ_glucagon_like_peptide_1_glp_1_analogues
glp1_receptor_agonists,GLP-1 receptor agonists,drug,41347890,TRUE,3 ML liraglutide 6 MG/ML Injectable Solution [Victoza] Box of 5 by Novo Nordisk,RxNorm Extension,A10BJ_glucagon_like_peptide_1_glp_1_analogues,reviewed_seed,Imported from master codelists,Drug,standard,A10BJ_glucagon_like_peptide_1_glp_1_analogues
glp1_receptor_agonists,GLP-1 receptor agonists,drug,41348246,TRUE,3 ML liraglutide 6 MG/ML Injectable Solution [Victoza] Box of 5,RxNorm Extension,A10BJ_glucagon_like_peptide_1_glp_1_analogues,reviewed_seed,Imported from master codelists,Drug,standard,A10BJ_glucagon_like_peptide_1_glp_1_analogues
glp1_receptor_agonists,GLP-1 receptor agonists,drug,41348573,TRUE,3 ML Lixisenatide 0.1 MG/ML Prefilled Syringe [Lyxumia] Box of 2 by Sanofi,RxNorm Extension,A10BJ_glucagon_like_peptide_1_glp_1_analogues,reviewed_seed,Imported from master codelists,Drug,standard,A10BJ_glucagon_like_peptide_1_glp_1_analogues
glp1_receptor_agonists,GLP-1 receptor agonists,drug,41348574,TRUE,3 ML liraglutide 6 MG/ML Injectable Solution [Victoza] Box of 5 by Cc,RxNorm Extension,A10BJ_glucagon_like_peptide_1_glp_1_analogues,reviewed_seed,Imported from master codelists,Drug,standard,A10BJ_glucagon_like_peptide_1_glp_1_analogues
glp1_receptor_agonists,GLP-1 receptor agonists,drug,41348575,TRUE,3 ML liraglutide 6 MG/ML Injectable Solution [Saxenda] Box of 5 by Novo Nordisk,RxNorm Extension,A10BJ_glucagon_like_peptide_1_glp_1_analogues,reviewed_seed,Imported from master codelists,Drug,standard,A10BJ_glucagon_like_peptide_1_glp_1_analogues
glp1_receptor_agonists,GLP-1 receptor agonists,drug,41348675,TRUE,3 ML Lixisenatide 0.1 MG/ML Prefilled Syringe Box of 6,RxNorm Extension,A10BJ_glucagon_like_peptide_1_glp_1_analogues,reviewed_seed,Imported from master codelists,Drug,standard,A10BJ_glucagon_like_peptide_1_glp_1_analogues
glp1_receptor_agonists,GLP-1 receptor agonists,drug,41348676,TRUE,3 ML Lixisenatide 0.00667 MG/ML Injectable Solution,RxNorm Extension,A10BJ_glucagon_like_peptide_1_glp_1_analogues,reviewed_seed,Imported from master codelists,Drug,standard,A10BJ_glucagon_like_peptide_1_glp_1_analogues
glp1_receptor_agonists,GLP-1 receptor agonists,drug,41348899,TRUE,3 ML liraglutide 6 MG/ML Injectable Solution Box of 10,RxNorm Extension,A10BJ_glucagon_like_peptide_1_glp_1_analogues,reviewed_seed,Imported from master codelists,Drug,standard,A10BJ_glucagon_like_peptide_1_glp_1_analogues
glp1_receptor_agonists,GLP-1 receptor agonists,drug,41348942,TRUE,3 ML Lixisenatide 0.05 MG/ML Prefilled Syringe [Lyxumia] Box of 1,RxNorm Extension,A10BJ_glucagon_like_peptide_1_glp_1_analogues,reviewed_seed,Imported from master codelists,Drug,standard,A10BJ_glucagon_like_peptide_1_glp_1_analogues
glp1_receptor_agonists,GLP-1 receptor agonists,drug,41348943,TRUE,3 ML liraglutide 6 MG/ML Injectable Solution [Saxenda],RxNorm Extension,A10BJ_glucagon_like_peptide_1_glp_1_analogues,reviewed_seed,Imported from master codelists,Drug,standard,A10BJ_glucagon_like_peptide_1_glp_1_analogues
glp1_receptor_agonists,GLP-1 receptor agonists,drug,41349137,TRUE,3 ML Lixisenatide 0.1 MG/ML Prefilled Syringe Box of 2,RxNorm Extension,A10BJ_glucagon_like_peptide_1_glp_1_analogues,reviewed_seed,Imported from master codelists,Drug,standard,A10BJ_glucagon_like_peptide_1_glp_1_analogues
glp1_receptor_agonists,GLP-1 receptor agonists,drug,41349138,TRUE,3 ML Lixisenatide 0.05 MG/ML Injectable Solution,RxNorm Extension,A10BJ_glucagon_like_peptide_1_glp_1_analogues,reviewed_seed,Imported from master codelists,Drug,standard,A10BJ_glucagon_like_peptide_1_glp_1_analogues
glp1_receptor_agonists,GLP-1 receptor agonists,drug,41349294,TRUE,3 ML Lixisenatide 0.1 MG/ML Injectable Solution [Lyxumia] Box of 2 by Eurim-Pharm,RxNorm Extension,A10BJ_glucagon_like_peptide_1_glp_1_analogues,reviewed_seed,Imported from master codelists,Drug,standard,A10BJ_glucagon_like_peptide_1_glp_1_analogues
glp1_receptor_agonists,GLP-1 receptor agonists,drug,41349295,TRUE,3 ML liraglutide 6 MG/ML Prefilled Syringe [Victoza] Box of 5 by Cc,RxNorm Extension,A10BJ_glucagon_like_peptide_1_glp_1_analogues,reviewed_seed,Imported from master codelists,Drug,standard,A10BJ_glucagon_like_peptide_1_glp_1_analogues
glp1_receptor_agonists,GLP-1 receptor agonists,drug,41349451,TRUE,3 ML liraglutide 6 MG/ML Injectable Solution [Victoza] Box of 10,RxNorm Extension,A10BJ_glucagon_like_peptide_1_glp_1_analogues,reviewed_seed,Imported from master codelists,Drug,standard,A10BJ_glucagon_like_peptide_1_glp_1_analogues
glp1_receptor_agonists,GLP-1 receptor agonists,drug,41349549,TRUE,3 ML Lixisenatide 0.05 MG/ML Injectable Solution [Lyxumia] Box of 1 by Sanofi,RxNorm Extension,A10BJ_glucagon_like_peptide_1_glp_1_analogues,reviewed_seed,Imported from master codelists,Drug,standard,A10BJ_glucagon_like_peptide_1_glp_1_analogues
glp1_receptor_agonists,GLP-1 receptor agonists,drug,41349636,TRUE,3 ML Lixisenatide 0.1 MG/ML Injectable Solution,RxNorm Extension,A10BJ_glucagon_like_peptide_1_glp_1_analogues,reviewed_seed,Imported from master codelists,Drug,standard,A10BJ_glucagon_like_peptide_1_glp_1_analogues
glp1_receptor_agonists,GLP-1 receptor agonists,drug,41349637,TRUE,3 ML Lixisenatide 0.1 MG/ML Prefilled Syringe,RxNorm Extension,A10BJ_glucagon_like_peptide_1_glp_1_analogues,reviewed_seed,Imported from master codelists,Drug,standard,A10BJ_glucagon_like_peptide_1_glp_1_analogues
glp1_receptor_agonists,GLP-1 receptor agonists,drug,41349638,TRUE,3 ML Lixisenatide 0.05 MG/ML Injectable Solution Box of 1,RxNorm Extension,A10BJ_glucagon_like_peptide_1_glp_1_analogues,reviewed_seed,Imported from master codelists,Drug,standard,A10BJ_glucagon_like_peptide_1_glp_1_analogues
glp1_receptor_agonists,GLP-1 receptor agonists,drug,41349690,TRUE,3 ML Lixisenatide 0.00667 MG/ML Injectable Solution [Lyxumia] Box of 6,RxNorm Extension,A10BJ_glucagon_like_peptide_1_glp_1_analogues,reviewed_seed,Imported from master codelists,Drug,standard,A10BJ_glucagon_like_peptide_1_glp_1_analogues
glp1_receptor_agonists,GLP-1 receptor agonists,drug,41349691,TRUE,3 ML Lixisenatide 0.05 MG/ML Injectable Solution [Lyxumia] Box of 1,RxNorm Extension,A10BJ_glucagon_like_peptide_1_glp_1_analogues,reviewed_seed,Imported from master codelists,Drug,standard,A10BJ_glucagon_like_peptide_1_glp_1_analogues
glp1_receptor_agonists,GLP-1 receptor agonists,drug,41349692,TRUE,3 ML liraglutide 6 MG/ML Prefilled Syringe [Victoza] Box of 10,RxNorm Extension,A10BJ_glucagon_like_peptide_1_glp_1_analogues,reviewed_seed,Imported from master codelists,Drug,standard,A10BJ_glucagon_like_peptide_1_glp_1_analogues
glp1_receptor_agonists,GLP-1 receptor agonists,drug,41349874,TRUE,3 ML Lixisenatide 0.1 MG/ML Injectable Solution Box of 2,RxNorm Extension,A10BJ_glucagon_like_peptide_1_glp_1_analogues,reviewed_seed,Imported from master codelists,Drug,standard,A10BJ_glucagon_like_peptide_1_glp_1_analogues
glp1_receptor_agonists,GLP-1 receptor agonists,drug,41349875,TRUE,3 ML Lixisenatide 0.05 MG/ML Prefilled Syringe,RxNorm Extension,A10BJ_glucagon_like_peptide_1_glp_1_analogues,reviewed_seed,Imported from master codelists,Drug,standard,A10BJ_glucagon_like_peptide_1_glp_1_analogues
glp1_receptor_agonists,GLP-1 receptor agonists,drug,41349876,TRUE,3 ML liraglutide 6 MG/ML Injectable Solution,RxNorm Extension,A10BJ_glucagon_like_peptide_1_glp_1_analogues,reviewed_seed,Imported from master codelists,Drug,standard,A10BJ_glucagon_like_peptide_1_glp_1_analogues
glp1_receptor_agonists,GLP-1 receptor agonists,drug,41349933,TRUE,3 ML Lixisenatide 0.1 MG/ML Injectable Solution [Lyxumia] Box of 2,RxNorm Extension,A10BJ_glucagon_like_peptide_1_glp_1_analogues,reviewed_seed,Imported from master codelists,Drug,standard,A10BJ_glucagon_like_peptide_1_glp_1_analogues
glp1_receptor_agonists,GLP-1 receptor agonists,drug,41349934,TRUE,3 ML Lixisenatide 0.05 MG/ML Injectable Solution [Lyxumia],RxNorm Extension,A10BJ_glucagon_like_peptide_1_glp_1_analogues,reviewed_seed,Imported from master codelists,Drug,standard,A10BJ_glucagon_like_peptide_1_glp_1_analogues
glp1_receptor_agonists,GLP-1 receptor agonists,drug,41349935,TRUE,3 ML Lixisenatide 0.05 MG/ML Prefilled Syringe [Lyxumia],RxNorm Extension,A10BJ_glucagon_like_peptide_1_glp_1_analogues,reviewed_seed,Imported from master codelists,Drug,standard,A10BJ_glucagon_like_peptide_1_glp_1_analogues
glp1_receptor_agonists,GLP-1 receptor agonists,drug,41349936,TRUE,3 ML liraglutide 6 MG/ML Injectable Solution [Victoza],RxNorm Extension,A10BJ_glucagon_like_peptide_1_glp_1_analogues,reviewed_seed,Imported from master codelists,Drug,standard,A10BJ_glucagon_like_peptide_1_glp_1_analogues
glp1_receptor_agonists,GLP-1 receptor agonists,drug,41349937,TRUE,3 ML liraglutide 6 MG/ML Prefilled Syringe [Saxenda],RxNorm Extension,A10BJ_glucagon_like_peptide_1_glp_1_analogues,reviewed_seed,Imported from master codelists,Drug,standard,A10BJ_glucagon_like_peptide_1_glp_1_analogues
glp1_receptor_agonists,GLP-1 receptor agonists,drug,41350123,TRUE,3 ML Lixisenatide 0.00667 MG/ML Injectable Solution Box of 6,RxNorm Extension,A10BJ_glucagon_like_peptide_1_glp_1_analogues,reviewed_seed,Imported from master codelists,Drug,standard,A10BJ_glucagon_like_peptide_1_glp_1_analogues
glp1_receptor_agonists,GLP-1 receptor agonists,drug,41350124,TRUE,3 ML Lixisenatide 0.05 MG/ML Prefilled Syringe Box of 1,RxNorm Extension,A10BJ_glucagon_like_peptide_1_glp_1_analogues,reviewed_seed,Imported from master codelists,Drug,standard,A10BJ_glucagon_like_peptide_1_glp_1_analogues
glp1_receptor_agonists,GLP-1 receptor agonists,drug,41350125,TRUE,3 ML liraglutide 6 MG/ML Injectable Solution Box of 5,RxNorm Extension,A10BJ_glucagon_like_peptide_1_glp_1_analogues,reviewed_seed,Imported from master codelists,Drug,standard,A10BJ_glucagon_like_peptide_1_glp_1_analogues
glp1_receptor_agonists,GLP-1 receptor agonists,drug,41350172,TRUE,3 ML Lixisenatide 0.1 MG/ML Prefilled Syringe [Lyxumia] Box of 2,RxNorm Extension,A10BJ_glucagon_like_peptide_1_glp_1_analogues,reviewed_seed,Imported from master codelists,Drug,standard,A10BJ_glucagon_like_peptide_1_glp_1_analogues
glp1_receptor_agonists,GLP-1 receptor agonists,drug,41350361,TRUE,3 ML liraglutide 6 MG/ML Prefilled Syringe Box of 10,RxNorm Extension,A10BJ_glucagon_like_peptide_1_glp_1_analogues,reviewed_seed,Imported from master codelists,Drug,standard,A10BJ_glucagon_like_peptide_1_glp_1_analogues
glp1_receptor_agonists,GLP-1 receptor agonists,drug,41350409,TRUE,3 ML liraglutide 6 MG/ML Injectable Solution [Victoza] Box of 2,RxNorm Extension,A10BJ_glucagon_like_peptide_1_glp_1_analogues,reviewed_seed,Imported from master codelists,Drug,standard,A10BJ_glucagon_like_peptide_1_glp_1_analogues
glp1_receptor_agonists,GLP-1 receptor agonists,drug,41350532,TRUE,3 ML Lixisenatide 0.1 MG/ML Injectable Solution [Lyxumia] Box of 1 by Sanofi,RxNorm Extension,A10BJ_glucagon_like_peptide_1_glp_1_analogues,reviewed_seed,Imported from master codelists,Drug,standard,A10BJ_glucagon_like_peptide_1_glp_1_analogues
glp1_receptor_agonists,GLP-1 receptor agonists,drug,41350533,TRUE,3 ML Lixisenatide 0.1 MG/ML Injectable Solution [Lyxumia] Box of 2 by Orifarm Leverkus,RxNorm Extension,A10BJ_glucagon_like_peptide_1_glp_1_analogues,reviewed_seed,Imported from master codelists,Drug,standard,A10BJ_glucagon_like_peptide_1_glp_1_analogues
glp1_receptor_agonists,GLP-1 receptor agonists,drug,41350534,TRUE,3 ML Lixisenatide 0.00667 MG/ML Injectable Solution [Lyxumia] Box of 6 by Eurim-Pharm,RxNorm Extension,A10BJ_glucagon_like_peptide_1_glp_1_analogues,reviewed_seed,Imported from master codelists,Drug,standard,A10BJ_glucagon_like_peptide_1_glp_1_analogues
glp1_receptor_agonists,GLP-1 receptor agonists,drug,41407362,TRUE,0.5 ML dulaglutide 3 MG/ML Injectable Solution [Trulicity] Box of 12 by Lilly,RxNorm Extension,A10BJ_glucagon_like_peptide_1_glp_1_analogues,reviewed_seed,Imported from master codelists,Drug,standard,A10BJ_glucagon_like_peptide_1_glp_1_analogues
glp1_receptor_agonists,GLP-1 receptor agonists,drug,41407613,TRUE,0.5 ML dulaglutide 1.5 MG/ML Injectable Solution Box of 4,RxNorm Extension,A10BJ_glucagon_like_peptide_1_glp_1_analogues,reviewed_seed,Imported from master codelists,Drug,standard,A10BJ_glucagon_like_peptide_1_glp_1_analogues
glp1_receptor_agonists,GLP-1 receptor agonists,drug,41408094,TRUE,0.5 ML dulaglutide 3 MG/ML Injectable Solution [Trulicity] Box of 12,RxNorm Extension,A10BJ_glucagon_like_peptide_1_glp_1_analogues,reviewed_seed,Imported from master codelists,Drug,standard,A10BJ_glucagon_like_peptide_1_glp_1_analogues
glp1_receptor_agonists,GLP-1 receptor agonists,drug,41408192,TRUE,0.5 ML dulaglutide 3 MG/ML Injectable Solution [Trulicity] Box of 4 by Lilly,RxNorm Extension,A10BJ_glucagon_like_peptide_1_glp_1_analogues,reviewed_seed,Imported from master codelists,Drug,standard,A10BJ_glucagon_like_peptide_1_glp_1_analogues
glp1_receptor_agonists,GLP-1 receptor agonists,drug,41408497,TRUE,0.5 ML dulaglutide 1.5 MG/ML Injectable Solution [Trulicity] Box of 4,RxNorm Extension,A10BJ_glucagon_like_peptide_1_glp_1_analogues,reviewed_seed,Imported from master codelists,Drug,standard,A10BJ_glucagon_like_peptide_1_glp_1_analogues
glp1_receptor_agonists,GLP-1 receptor agonists,drug,41408564,TRUE,0.5 ML dulaglutide 3 MG/ML Injectable Solution [Trulicity] Box of 12 by Cc,RxNorm Extension,A10BJ_glucagon_like_peptide_1_glp_1_analogues,reviewed_seed,Imported from master codelists,Drug,standard,A10BJ_glucagon_like_peptide_1_glp_1_analogues
glp1_receptor_agonists,GLP-1 receptor agonists,drug,41408658,TRUE,0.5 ML dulaglutide 3 MG/ML Injectable Solution [Trulicity] Box of 4,RxNorm Extension,A10BJ_glucagon_like_peptide_1_glp_1_analogues,reviewed_seed,Imported from master codelists,Drug,standard,A10BJ_glucagon_like_peptide_1_glp_1_analogues
glp1_receptor_agonists,GLP-1 receptor agonists,drug,41409317,TRUE,0.5 ML dulaglutide 3 MG/ML Injectable Solution [Trulicity] Box of 4 by European,RxNorm Extension,A10BJ_glucagon_like_peptide_1_glp_1_analogues,reviewed_seed,Imported from master codelists,Drug,standard,A10BJ_glucagon_like_peptide_1_glp_1_analogues
glp1_receptor_agonists,GLP-1 receptor agonists,drug,41409700,TRUE,0.5 ML dulaglutide 3 MG/ML Prefilled Syringe Box of 12,RxNorm Extension,A10BJ_glucagon_like_peptide_1_glp_1_analogues,reviewed_seed,Imported from master codelists,Drug,standard,A10BJ_glucagon_like_peptide_1_glp_1_analogues
glp1_receptor_agonists,GLP-1 receptor agonists,drug,41409863,TRUE,0.5 ML dulaglutide 1.5 MG/ML Injectable Solution [Trulicity] Box of 4 by Lilly,RxNorm Extension,A10BJ_glucagon_like_peptide_1_glp_1_analogues,reviewed_seed,Imported from master codelists,Drug,standard,A10BJ_glucagon_like_peptide_1_glp_1_analogues
glp1_receptor_agonists,GLP-1 receptor agonists,drug,41409864,TRUE,0.5 ML dulaglutide 3 MG/ML Injectable Solution [Trulicity] Box of 12 by European,RxNorm Extension,A10BJ_glucagon_like_peptide_1_glp_1_analogues,reviewed_seed,Imported from master codelists,Drug,standard,A10BJ_glucagon_like_peptide_1_glp_1_analogues
glp1_receptor_agonists,GLP-1 receptor agonists,drug,41410096,TRUE,0.5 ML dulaglutide 3 MG/ML Injectable Solution Box of 12,RxNorm Extension,A10BJ_glucagon_like_peptide_1_glp_1_analogues,reviewed_seed,Imported from master codelists,Drug,standard,A10BJ_glucagon_like_peptide_1_glp_1_analogues
glp1_receptor_agonists,GLP-1 receptor agonists,drug,41410097,TRUE,0.5 ML dulaglutide 3 MG/ML Injectable Solution Box of 4,RxNorm Extension,A10BJ_glucagon_like_peptide_1_glp_1_analogues,reviewed_seed,Imported from master codelists,Drug,standard,A10BJ_glucagon_like_peptide_1_glp_1_analogues
glp1_receptor_agonists,GLP-1 receptor agonists,drug,41410166,TRUE,0.5 ML dulaglutide 3 MG/ML Prefilled Syringe [Trulicity] Box of 12,RxNorm Extension,A10BJ_glucagon_like_peptide_1_glp_1_analogues,reviewed_seed,Imported from master codelists,Drug,standard,A10BJ_glucagon_like_peptide_1_glp_1_analogues
glp1_receptor_agonists,GLP-1 receptor agonists,drug,41410255,TRUE,0.5 ML dulaglutide 1.5 MG/ML Prefilled Syringe [Trulicity] Box of 4 by European,RxNorm Extension,A10BJ_glucagon_like_peptide_1_glp_1_analogues,reviewed_seed,Imported from master codelists,Drug,standard,A10BJ_glucagon_like_peptide_1_glp_1_analogues
glp1_receptor_agonists,GLP-1 receptor agonists,drug,41412023,TRUE,1.2 ML exenatide 0.00417 MG/ML Injectable Solution,RxNorm Extension,A10BJ_glucagon_like_peptide_1_glp_1_analogues,reviewed_seed,Imported from master codelists,Drug,standard,A10BJ_glucagon_like_peptide_1_glp_1_analogues
glp1_receptor_agonists,GLP-1 receptor agonists,drug,41412024,TRUE,1.2 ML exenatide 0.25 MG/ML Prefilled Syringe [Byetta] Box of 1,RxNorm Extension,A10BJ_glucagon_like_peptide_1_glp_1_analogues,reviewed_seed,Imported from master codelists,Drug,standard,A10BJ_glucagon_like_peptide_1_glp_1_analogues
glp1_receptor_agonists,GLP-1 receptor agonists,drug,41412037,TRUE,1.2 ML exenatide 0.25 MG/ML Prefilled Syringe [Byetta] Box of 1 by Kohlpharma,RxNorm Extension,A10BJ_glucagon_like_peptide_1_glp_1_analogues,reviewed_seed,Imported from master codelists,Drug,standard,A10BJ_glucagon_like_peptide_1_glp_1_analogues
glp1_receptor_agonists,GLP-1 receptor agonists,drug,41412064,TRUE,1.2 ML exenatide 0.00417 MG/ML Injectable Solution [Byetta],RxNorm Extension,A10BJ_glucagon_like_peptide_1_glp_1_analogues,reviewed_seed,Imported from master codelists,Drug,standard,A10BJ_glucagon_like_peptide_1_glp_1_analogues
glp1_receptor_agonists,GLP-1 receptor agonists,drug,41412071,TRUE,1.2 ML exenatide 0.25 MG/ML Prefilled Syringe [Byetta] Box of 1 by Eurim-Pharm,RxNorm Extension,A10BJ_glucagon_like_peptide_1_glp_1_analogues,reviewed_seed,Imported from master codelists,Drug,standard,A10BJ_glucagon_like_peptide_1_glp_1_analogues
glp1_receptor_agonists,GLP-1 receptor agonists,drug,41412086,TRUE,1.2 ML exenatide 0.00417 MG/ML Injectable Solution [Byetta] Box of 1 by Kohlpharma,RxNorm Extension,A10BJ_glucagon_like_peptide_1_glp_1_analogues,reviewed_seed,Imported from master codelists,Drug,standard,A10BJ_glucagon_like_peptide_1_glp_1_analogues
glp1_receptor_agonists,GLP-1 receptor agonists,drug,41412092,TRUE,1.2 ML exenatide 0.25 MG/ML Prefilled Syringe [Byetta],RxNorm Extension,A10BJ_glucagon_like_peptide_1_glp_1_analogues,reviewed_seed,Imported from master codelists,Drug,standard,A10BJ_glucagon_like_peptide_1_glp_1_analogues
glp1_receptor_agonists,GLP-1 receptor agonists,drug,41412164,TRUE,1.2 ML exenatide 0.25 MG/ML Injectable Solution [Byetta] Box of 1 by Axicorp,RxNorm Extension,A10BJ_glucagon_like_peptide_1_glp_1_analogues,reviewed_seed,Imported from master codelists,Drug,standard,A10BJ_glucagon_like_peptide_1_glp_1_analogues
glp1_receptor_agonists,GLP-1 receptor agonists,drug,41412170,TRUE,1.2 ML exenatide 0.25 MG/ML Injectable Solution Box of 1,RxNorm Extension,A10BJ_glucagon_like_peptide_1_glp_1_analogues,reviewed_seed,Imported from master codelists,Drug,standard,A10BJ_glucagon_like_peptide_1_glp_1_analogues
glp1_receptor_agonists,GLP-1 receptor agonists,drug,41412174,TRUE,1.2 ML exenatide 0.00417 MG/ML Injectable Solution [Byetta] Box of 1,RxNorm Extension,A10BJ_glucagon_like_peptide_1_glp_1_analogues,reviewed_seed,Imported from master codelists,Drug,standard,A10BJ_glucagon_like_peptide_1_glp_1_analogues
glp1_receptor_agonists,GLP-1 receptor agonists,drug,41412183,TRUE,1.2 ML exenatide 0.25 MG/ML Injectable Solution [Byetta] Box of 1 by Lilly,RxNorm Extension,A10BJ_glucagon_like_peptide_1_glp_1_analogues,reviewed_seed,Imported from master codelists,Drug,standard,A10BJ_glucagon_like_peptide_1_glp_1_analogues
glp1_receptor_agonists,GLP-1 receptor agonists,drug,41412187,TRUE,1.2 ML exenatide 0.00417 MG/ML Injectable Solution Box of 1,RxNorm Extension,A10BJ_glucagon_like_peptide_1_glp_1_analogues,reviewed_seed,Imported from master codelists,Drug,standard,A10BJ_glucagon_like_peptide_1_glp_1_analogues
glp1_receptor_agonists,GLP-1 receptor agonists,drug,41412202,TRUE,1.2 ML exenatide 0.25 MG/ML Injectable Solution [Byetta] Box of 1 by Astrazeneca,RxNorm Extension,A10BJ_glucagon_like_peptide_1_glp_1_analogues,reviewed_seed,Imported from master codelists,Drug,standard,A10BJ_glucagon_like_peptide_1_glp_1_analogues
glp1_receptor_agonists,GLP-1 receptor agonists,drug,41412220,TRUE,1.2 ML exenatide 0.00417 MG/ML Injectable Solution [Byetta] Box of 1 by Cc,RxNorm Extension,A10BJ_glucagon_like_peptide_1_glp_1_analogues,reviewed_seed,Imported from master codelists,Drug,standard,A10BJ_glucagon_like_peptide_1_glp_1_analogues
glp1_receptor_agonists,GLP-1 receptor agonists,drug,41412227,TRUE,1.2 ML exenatide 0.25 MG/ML Prefilled Syringe Box of 1,RxNorm Extension,A10BJ_glucagon_like_peptide_1_glp_1_analogues,reviewed_seed,Imported from master codelists,Drug,standard,A10BJ_glucagon_like_peptide_1_glp_1_analogues
glp1_receptor_agonists,GLP-1 receptor agonists,drug,41412228,TRUE,1.2 ML exenatide 0.25 MG/ML Prefilled Syringe,RxNorm Extension,A10BJ_glucagon_like_peptide_1_glp_1_analogues,reviewed_seed,Imported from master codelists,Drug,standard,A10BJ_glucagon_like_peptide_1_glp_1_analogues
glp1_receptor_agonists,GLP-1 receptor agonists,drug,41412232,TRUE,1.2 ML exenatide 0.25 MG/ML Injectable Solution [Byetta],RxNorm Extension,A10BJ_glucagon_like_peptide_1_glp_1_analogues,reviewed_seed,Imported from master codelists,Drug,standard,A10BJ_glucagon_like_peptide_1_glp_1_analogues
glp1_receptor_agonists,GLP-1 receptor agonists,drug,41412240,TRUE,1.2 ML exenatide 0.25 MG/ML Injectable Solution [Byetta] Box of 1 by Gerke,RxNorm Extension,A10BJ_glucagon_like_peptide_1_glp_1_analogues,reviewed_seed,Imported from master codelists,Drug,standard,A10BJ_glucagon_like_peptide_1_glp_1_analogues
glp1_receptor_agonists,GLP-1 receptor agonists,drug,41412241,TRUE,1.2 ML exenatide 0.25 MG/ML Injectable Solution [Byetta] Box of 1 by Kohlpharma,RxNorm Extension,A10BJ_glucagon_like_peptide_1_glp_1_analogues,reviewed_seed,Imported from master codelists,Drug,standard,A10BJ_glucagon_like_peptide_1_glp_1_analogues
glp1_receptor_agonists,GLP-1 receptor agonists,drug,41412242,TRUE,1.2 ML exenatide 0.25 MG/ML Prefilled Syringe [Byetta] Box of 1 by Axicorp,RxNorm Extension,A10BJ_glucagon_like_peptide_1_glp_1_analogues,reviewed_seed,Imported from master codelists,Drug,standard,A10BJ_glucagon_like_peptide_1_glp_1_analogues
glp1_receptor_agonists,GLP-1 receptor agonists,drug,41412246,TRUE,1.2 ML exenatide 0.25 MG/ML Injectable Solution,RxNorm Extension,A10BJ_glucagon_like_peptide_1_glp_1_analogues,reviewed_seed,Imported from master codelists,Drug,standard,A10BJ_glucagon_like_peptide_1_glp_1_analogues
glp1_receptor_agonists,GLP-1 receptor agonists,drug,41412266,TRUE,1.2 ML exenatide 0.25 MG/ML Prefilled Syringe [Byetta] Box of 1 by Emra-Med,RxNorm Extension,A10BJ_glucagon_like_peptide_1_glp_1_analogues,reviewed_seed,Imported from master codelists,Drug,standard,A10BJ_glucagon_like_peptide_1_glp_1_analogues
glp1_receptor_agonists,GLP-1 receptor agonists,drug,41412267,TRUE,1.2 ML exenatide 0.25 MG/ML Injectable Solution [Byetta] Box of 1 by Emra-Med,RxNorm Extension,A10BJ_glucagon_like_peptide_1_glp_1_analogues,reviewed_seed,Imported from master codelists,Drug,standard,A10BJ_glucagon_like_peptide_1_glp_1_analogues
glp1_receptor_agonists,GLP-1 receptor agonists,drug,41412268,TRUE,1.2 ML exenatide 0.25 MG/ML Prefilled Syringe [Byetta] Box of 1 by Astrazeneca,RxNorm Extension,A10BJ_glucagon_like_peptide_1_glp_1_analogues,reviewed_seed,Imported from master codelists,Drug,standard,A10BJ_glucagon_like_peptide_1_glp_1_analogues
glp1_receptor_agonists,GLP-1 receptor agonists,drug,41412274,TRUE,1.2 ML exenatide 0.25 MG/ML Injectable Solution [Byetta] Box of 1,RxNorm Extension,A10BJ_glucagon_like_peptide_1_glp_1_analogues,reviewed_seed,Imported from master codelists,Drug,standard,A10BJ_glucagon_like_peptide_1_glp_1_analogues
glp1_receptor_agonists,GLP-1 receptor agonists,drug,41412284,TRUE,1.2 ML exenatide 0.25 MG/ML Injectable Solution [Byetta] Box of 1 by Eurim-Pharm,RxNorm Extension,A10BJ_glucagon_like_peptide_1_glp_1_analogues,reviewed_seed,Imported from master codelists,Drug,standard,A10BJ_glucagon_like_peptide_1_glp_1_analogues
glp1_receptor_agonists,GLP-1 receptor agonists,drug,41430926,TRUE,2.4 ML exenatide 0.25 MG/ML Injectable Solution Box of 1,RxNorm Extension,A10BJ_glucagon_like_peptide_1_glp_1_analogues,reviewed_seed,Imported from master codelists,Drug,standard,A10BJ_glucagon_like_peptide_1_glp_1_analogues
glp1_receptor_agonists,GLP-1 receptor agonists,drug,41430927,TRUE,2.4 ML exenatide 0.00417 MG/ML Injectable Solution [Byetta],RxNorm Extension,A10BJ_glucagon_like_peptide_1_glp_1_analogues,reviewed_seed,Imported from master codelists,Drug,standard,A10BJ_glucagon_like_peptide_1_glp_1_analogues
glp1_receptor_agonists,GLP-1 receptor agonists,drug,41430932,TRUE,2.4 ML exenatide 0.25 MG/ML Injectable Solution [Byetta] Box of 3 by Kohlpharma,RxNorm Extension,A10BJ_glucagon_like_peptide_1_glp_1_analogues,reviewed_seed,Imported from master codelists,Drug,standard,A10BJ_glucagon_like_peptide_1_glp_1_analogues
glp1_receptor_agonists,GLP-1 receptor agonists,drug,41430940,TRUE,2.4 ML exenatide 0.25 MG/ML Injectable Solution [Byetta] Box of 1 by Cc,RxNorm Extension,A10BJ_glucagon_like_peptide_1_glp_1_analogues,reviewed_seed,Imported from master codelists,Drug,standard,A10BJ_glucagon_like_peptide_1_glp_1_analogues
glp1_receptor_agonists,GLP-1 receptor agonists,drug,41430941,TRUE,2.4 ML exenatide 0.25 MG/ML Injectable Solution [Byetta] Box of 3 by Astrazeneca,RxNorm Extension,A10BJ_glucagon_like_peptide_1_glp_1_analogues,reviewed_seed,Imported from master codelists,Drug,standard,A10BJ_glucagon_like_peptide_1_glp_1_analogues
glp1_receptor_agonists,GLP-1 receptor agonists,drug,41430942,TRUE,2.4 ML exenatide 0.00417 MG/ML Injectable Solution Box of 1,RxNorm Extension,A10BJ_glucagon_like_peptide_1_glp_1_analogues,reviewed_seed,Imported from master codelists,Drug,standard,A10BJ_glucagon_like_peptide_1_glp_1_analogues
glp1_receptor_agonists,GLP-1 receptor agonists,drug,41430944,TRUE,2.4 ML exenatide 0.25 MG/ML Injectable Solution [Byetta] Box of 3,RxNorm Extension,A10BJ_glucagon_like_peptide_1_glp_1_analogues,reviewed_seed,Imported from master codelists,Drug,standard,A10BJ_glucagon_like_peptide_1_glp_1_analogues
glp1_receptor_agonists,GLP-1 receptor agonists,drug,41430947,TRUE,2.4 ML exenatide 0.25 MG/ML Prefilled Syringe [Byetta] Box of 1,RxNorm Extension,A10BJ_glucagon_like_peptide_1_glp_1_analogues,reviewed_seed,Imported from master codelists,Drug,standard,A10BJ_glucagon_like_peptide_1_glp_1_analogues
glp1_receptor_agonists,GLP-1 receptor agonists,drug,41430949,TRUE,2.4 ML exenatide 0.00417 MG/ML Injectable Solution [Byetta] Box of 1 by Axicorp,RxNorm Extension,A10BJ_glucagon_like_peptide_1_glp_1_analogues,reviewed_seed,Imported from master codelists,Drug,standard,A10BJ_glucagon_like_peptide_1_glp_1_analogues
glp1_receptor_agonists,GLP-1 receptor agonists,drug,41430950,TRUE,2.4 ML exenatide 0.00417 MG/ML Injectable Solution Box of 3,RxNorm Extension,A10BJ_glucagon_like_peptide_1_glp_1_analogues,reviewed_seed,Imported from master codelists,Drug,standard,A10BJ_glucagon_like_peptide_1_glp_1_analogues
glp1_receptor_agonists,GLP-1 receptor agonists,drug,41430955,TRUE,2.4 ML exenatide 0.25 MG/ML Prefilled Syringe [Byetta] Box of 1 by Lilly,RxNorm Extension,A10BJ_glucagon_like_peptide_1_glp_1_analogues,reviewed_seed,Imported from master codelists,Drug,standard,A10BJ_glucagon_like_peptide_1_glp_1_analogues
glp1_receptor_agonists,GLP-1 receptor agonists,drug,41430956,TRUE,2.4 ML exenatide 0.00417 MG/ML Injectable Solution [Byetta] Box of 3 by Eurim-Pharm,RxNorm Extension,A10BJ_glucagon_like_peptide_1_glp_1_analogues,reviewed_seed,Imported from master codelists,Drug,standard,A10BJ_glucagon_like_peptide_1_glp_1_analogues
glp1_receptor_agonists,GLP-1 receptor agonists,drug,41430957,TRUE,2.4 ML exenatide 0.25 MG/ML Injectable Solution,RxNorm Extension,A10BJ_glucagon_like_peptide_1_glp_1_analogues,reviewed_seed,Imported from master codelists,Drug,standard,A10BJ_glucagon_like_peptide_1_glp_1_analogues
glp1_receptor_agonists,GLP-1 receptor agonists,drug,41430958,TRUE,2.4 ML exenatide 0.00417 MG/ML Injectable Solution,RxNorm Extension,A10BJ_glucagon_like_peptide_1_glp_1_analogues,reviewed_seed,Imported from master codelists,Drug,standard,A10BJ_glucagon_like_peptide_1_glp_1_analogues
glp1_receptor_agonists,GLP-1 receptor agonists,drug,41430959,TRUE,2.4 ML exenatide 0.25 MG/ML Injectable Solution [Byetta],RxNorm Extension,A10BJ_glucagon_like_peptide_1_glp_1_analogues,reviewed_seed,Imported from master codelists,Drug,standard,A10BJ_glucagon_like_peptide_1_glp_1_analogues
glp1_receptor_agonists,GLP-1 receptor agonists,drug,41430960,TRUE,2.4 ML exenatide 0.00417 MG/ML Injectable Solution [Byetta] Box of 3,RxNorm Extension,A10BJ_glucagon_like_peptide_1_glp_1_analogues,reviewed_seed,Imported from master codelists,Drug,standard,A10BJ_glucagon_like_peptide_1_glp_1_analogues
glp1_receptor_agonists,GLP-1 receptor agonists,drug,41430969,TRUE,2.4 ML exenatide 0.25 MG/ML Prefilled Syringe Box of 3,RxNorm Extension,A10BJ_glucagon_like_peptide_1_glp_1_analogues,reviewed_seed,Imported from master codelists,Drug,standard,A10BJ_glucagon_like_peptide_1_glp_1_analogues
glp1_receptor_agonists,GLP-1 receptor agonists,drug,41430972,TRUE,2.4 ML exenatide 0.00417 MG/ML Injectable Solution [Byetta] Box of 3 by Kohlpharma,RxNorm Extension,A10BJ_glucagon_like_peptide_1_glp_1_analogues,reviewed_seed,Imported from master codelists,Drug,standard,A10BJ_glucagon_like_peptide_1_glp_1_analogues
glp1_receptor_agonists,GLP-1 receptor agonists,drug,41430977,TRUE,2.4 ML exenatide 0.00417 MG/ML Injectable Solution [Byetta] Box of 3 by Axicorp,RxNorm Extension,A10BJ_glucagon_like_peptide_1_glp_1_analogues,reviewed_seed,Imported from master codelists,Drug,standard,A10BJ_glucagon_like_peptide_1_glp_1_analogues
glp1_receptor_agonists,GLP-1 receptor agonists,drug,41430982,TRUE,2.4 ML exenatide 0.00417 MG/ML Injectable Solution [Byetta] Box of 3 by Cc,RxNorm Extension,A10BJ_glucagon_like_peptide_1_glp_1_analogues,reviewed_seed,Imported from master codelists,Drug,standard,A10BJ_glucagon_like_peptide_1_glp_1_analogues
glp1_receptor_agonists,GLP-1 receptor agonists,drug,41430983,TRUE,2.4 ML exenatide 0.25 MG/ML Injectable Solution [Byetta] Box of 1,RxNorm Extension,A10BJ_glucagon_like_peptide_1_glp_1_analogues,reviewed_seed,Imported from master codelists,Drug,standard,A10BJ_glucagon_like_peptide_1_glp_1_analogues
glp1_receptor_agonists,GLP-1 receptor agonists,drug,41430986,TRUE,2.4 ML exenatide 0.25 MG/ML Prefilled Syringe [Byetta] Box of 3 by Astrazeneca,RxNorm Extension,A10BJ_glucagon_like_peptide_1_glp_1_analogues,reviewed_seed,Imported from master codelists,Drug,standard,A10BJ_glucagon_like_peptide_1_glp_1_analogues
glp1_receptor_agonists,GLP-1 receptor agonists,drug,41430987,TRUE,2.4 ML exenatide 0.25 MG/ML Injectable Solution [Byetta] Box of 1 by Lilly,RxNorm Extension,A10BJ_glucagon_like_peptide_1_glp_1_analogues,reviewed_seed,Imported from master codelists,Drug,standard,A10BJ_glucagon_like_peptide_1_glp_1_analogues
glp1_receptor_agonists,GLP-1 receptor agonists,drug,41430988,TRUE,2.4 ML exenatide 0.00417 MG/ML Injectable Solution [Byetta] Box of 1 by Kohlpharma,RxNorm Extension,A10BJ_glucagon_like_peptide_1_glp_1_analogues,reviewed_seed,Imported from master codelists,Drug,standard,A10BJ_glucagon_like_peptide_1_glp_1_analogues
glp1_receptor_agonists,GLP-1 receptor agonists,drug,41430990,TRUE,2.4 ML exenatide 0.25 MG/ML Prefilled Syringe,RxNorm Extension,A10BJ_glucagon_like_peptide_1_glp_1_analogues,reviewed_seed,Imported from master codelists,Drug,standard,A10BJ_glucagon_like_peptide_1_glp_1_analogues
glp1_receptor_agonists,GLP-1 receptor agonists,drug,41430991,TRUE,2.4 ML exenatide 0.25 MG/ML Prefilled Syringe [Byetta],RxNorm Extension,A10BJ_glucagon_like_peptide_1_glp_1_analogues,reviewed_seed,Imported from master codelists,Drug,standard,A10BJ_glucagon_like_peptide_1_glp_1_analogues
glp1_receptor_agonists,GLP-1 receptor agonists,drug,41430994,TRUE,2.4 ML exenatide 0.25 MG/ML Injectable Solution [Byetta] Box of 3 by Lilly,RxNorm Extension,A10BJ_glucagon_like_peptide_1_glp_1_analogues,reviewed_seed,Imported from master codelists,Drug,standard,A10BJ_glucagon_like_peptide_1_glp_1_analogues
glp1_receptor_agonists,GLP-1 receptor agonists,drug,41430995,TRUE,2.4 ML exenatide 0.25 MG/ML Injectable Solution [Byetta] Box of 1 by Astrazeneca,RxNorm Extension,A10BJ_glucagon_like_peptide_1_glp_1_analogues,reviewed_seed,Imported from master codelists,Drug,standard,A10BJ_glucagon_like_peptide_1_glp_1_analogues
glp1_receptor_agonists,GLP-1 receptor agonists,drug,41430999,TRUE,2.4 ML exenatide 0.00417 MG/ML Injectable Solution [Byetta] Box of 1 by Eurim-Pharm,RxNorm Extension,A10BJ_glucagon_like_peptide_1_glp_1_analogues,reviewed_seed,Imported from master codelists,Drug,standard,A10BJ_glucagon_like_peptide_1_glp_1_analogues
glp1_receptor_agonists,GLP-1 receptor agonists,drug,41431000,TRUE,2.4 ML exenatide 0.25 MG/ML Prefilled Syringe [Byetta] Box of 3,RxNorm Extension,A10BJ_glucagon_like_peptide_1_glp_1_analogues,reviewed_seed,Imported from master codelists,Drug,standard,A10BJ_glucagon_like_peptide_1_glp_1_analogues
glp1_receptor_agonists,GLP-1 receptor agonists,drug,41431002,TRUE,2.4 ML exenatide 0.25 MG/ML Injectable Solution Box of 3,RxNorm Extension,A10BJ_glucagon_like_peptide_1_glp_1_analogues,reviewed_seed,Imported from master codelists,Drug,standard,A10BJ_glucagon_like_peptide_1_glp_1_analogues
glp1_receptor_agonists,GLP-1 receptor agonists,drug,41431007,TRUE,2.4 ML exenatide 0.25 MG/ML Injectable Solution [Byetta] Box of 1 by Kohlpharma,RxNorm Extension,A10BJ_glucagon_like_peptide_1_glp_1_analogues,reviewed_seed,Imported from master codelists,Drug,standard,A10BJ_glucagon_like_peptide_1_glp_1_analogues
glp1_receptor_agonists,GLP-1 receptor agonists,drug,41431008,TRUE,2.4 ML exenatide 0.00417 MG/ML Injectable Solution [Byetta] Box of 3 by Emra-Med,RxNorm Extension,A10BJ_glucagon_like_peptide_1_glp_1_analogues,reviewed_seed,Imported from master codelists,Drug,standard,A10BJ_glucagon_like_peptide_1_glp_1_analogues
glp1_receptor_agonists,GLP-1 receptor agonists,drug,41431009,TRUE,2.4 ML exenatide 0.25 MG/ML Prefilled Syringe Box of 1,RxNorm Extension,A10BJ_glucagon_like_peptide_1_glp_1_analogues,reviewed_seed,Imported from master codelists,Drug,standard,A10BJ_glucagon_like_peptide_1_glp_1_analogues
glp1_receptor_agonists,GLP-1 receptor agonists,drug,41431010,TRUE,2.4 ML exenatide 0.00417 MG/ML Injectable Solution [Byetta] Box of 1,RxNorm Extension,A10BJ_glucagon_like_peptide_1_glp_1_analogues,reviewed_seed,Imported from master codelists,Drug,standard,A10BJ_glucagon_like_peptide_1_glp_1_analogues
glp1_receptor_agonists,GLP-1 receptor agonists,drug,42478932,TRUE,liraglutide Prefilled Syringe,RxNorm Extension,A10BJ_glucagon_like_peptide_1_glp_1_analogues,reviewed_seed,Imported from master codelists,Drug,standard,A10BJ_glucagon_like_peptide_1_glp_1_analogues
glp1_receptor_agonists,GLP-1 receptor agonists,drug,42479029,TRUE,Lixisenatide 0.05 MG/ML Prefilled Syringe,RxNorm Extension,A10BJ_glucagon_like_peptide_1_glp_1_analogues,reviewed_seed,Imported from master codelists,Drug,standard,A10BJ_glucagon_like_peptide_1_glp_1_analogues
glp1_receptor_agonists,GLP-1 receptor agonists,drug,42479624,TRUE,exenatide Prefilled Syringe,RxNorm Extension,A10BJ_glucagon_like_peptide_1_glp_1_analogues,reviewed_seed,Imported from master codelists,Drug,standard,A10BJ_glucagon_like_peptide_1_glp_1_analogues
glp1_receptor_agonists,GLP-1 receptor agonists,drug,42480776,TRUE,Lixisenatide 0.1 MG/ML Prefilled Syringe,RxNorm Extension,A10BJ_glucagon_like_peptide_1_glp_1_analogues,reviewed_seed,Imported from master codelists,Drug,standard,A10BJ_glucagon_like_peptide_1_glp_1_analogues
glp1_receptor_agonists,GLP-1 receptor agonists,drug,42480782,TRUE,dulaglutide Prefilled Syringe,RxNorm Extension,A10BJ_glucagon_like_peptide_1_glp_1_analogues,reviewed_seed,Imported from master codelists,Drug,standard,A10BJ_glucagon_like_peptide_1_glp_1_analogues
glp1_receptor_agonists,GLP-1 receptor agonists,drug,42481389,TRUE,albiglutide Injection,RxNorm Extension,A10BJ_glucagon_like_peptide_1_glp_1_analogues,reviewed_seed,Imported from master codelists,Drug,standard,A10BJ_glucagon_like_peptide_1_glp_1_analogues
glp1_receptor_agonists,GLP-1 receptor agonists,drug,42481391,TRUE,dulaglutide Prefilled Syringe [Trulicity],RxNorm Extension,A10BJ_glucagon_like_peptide_1_glp_1_analogues,reviewed_seed,Imported from master codelists,Drug,standard,A10BJ_glucagon_like_peptide_1_glp_1_analogues
glp1_receptor_agonists,GLP-1 receptor agonists,drug,42481910,TRUE,liraglutide Prefilled Syringe [Victoza],RxNorm Extension,A10BJ_glucagon_like_peptide_1_glp_1_analogues,reviewed_seed,Imported from master codelists,Drug,standard,A10BJ_glucagon_like_peptide_1_glp_1_analogues
glp1_receptor_agonists,GLP-1 receptor agonists,drug,42482002,TRUE,exenatide Prefilled Syringe [Byetta],RxNorm Extension,A10BJ_glucagon_like_peptide_1_glp_1_analogues,reviewed_seed,Imported from master codelists,Drug,standard,A10BJ_glucagon_like_peptide_1_glp_1_analogues
glp1_receptor_agonists,GLP-1 receptor agonists,drug,42482011,TRUE,Lixisenatide Prefilled Syringe,RxNorm Extension,A10BJ_glucagon_like_peptide_1_glp_1_analogues,reviewed_seed,Imported from master codelists,Drug,standard,A10BJ_glucagon_like_peptide_1_glp_1_analogues
glp1_receptor_agonists,GLP-1 receptor agonists,drug,42613205,TRUE,liraglutide Cartridge,RxNorm Extension,A10BJ_glucagon_like_peptide_1_glp_1_analogues,reviewed_seed,Imported from master codelists,Drug,standard,A10BJ_glucagon_like_peptide_1_glp_1_analogues
glp1_receptor_agonists,GLP-1 receptor agonists,drug,42613206,TRUE,liraglutide Cartridge [Victoza],RxNorm Extension,A10BJ_glucagon_like_peptide_1_glp_1_analogues,reviewed_seed,Imported from master codelists,Drug,standard,A10BJ_glucagon_like_peptide_1_glp_1_analogues
glp1_receptor_agonists,GLP-1 receptor agonists,drug,42614439,TRUE,exenatide Cartridge,RxNorm Extension,A10BJ_glucagon_like_peptide_1_glp_1_analogues,reviewed_seed,Imported from master codelists,Drug,standard,A10BJ_glucagon_like_peptide_1_glp_1_analogues
glp1_receptor_agonists,GLP-1 receptor agonists,drug,42614440,TRUE,exenatide Cartridge [Bydureon],RxNorm Extension,A10BJ_glucagon_like_peptide_1_glp_1_analogues,reviewed_seed,Imported from master codelists,Drug,standard,A10BJ_glucagon_like_peptide_1_glp_1_analogues
glp1_receptor_agonists,GLP-1 receptor agonists,drug,42656231,TRUE,semaglutide 0.25 MG/ACTUAT,RxNorm Extension,A10BJ_glucagon_like_peptide_1_glp_1_analogues,reviewed_seed,Imported from master codelists,Drug,standard,A10BJ_glucagon_like_peptide_1_glp_1_analogues
glp1_receptor_agonists,GLP-1 receptor agonists,drug,42656233,TRUE,semaglutide 0.25 MG/ACTUAT [Ozempic],RxNorm Extension,A10BJ_glucagon_like_peptide_1_glp_1_analogues,reviewed_seed,Imported from master codelists,Drug,standard,A10BJ_glucagon_like_peptide_1_glp_1_analogues
glp1_receptor_agonists,GLP-1 receptor agonists,drug,42656234,TRUE,semaglutide 0.25 MG/ACTUAT Injectable Solution,RxNorm Extension,A10BJ_glucagon_like_peptide_1_glp_1_analogues,reviewed_seed,Imported from master codelists,Drug,standard,A10BJ_glucagon_like_peptide_1_glp_1_analogues
glp1_receptor_agonists,GLP-1 receptor agonists,drug,42656235,TRUE,semaglutide 0.25 MG/ACTUAT Injectable Solution [Ozempic],RxNorm Extension,A10BJ_glucagon_like_peptide_1_glp_1_analogues,reviewed_seed,Imported from master codelists,Drug,standard,A10BJ_glucagon_like_peptide_1_glp_1_analogues
glp1_receptor_agonists,GLP-1 receptor agonists,drug,42656236,TRUE,semaglutide 1 MG/ACTUAT,RxNorm Extension,A10BJ_glucagon_like_peptide_1_glp_1_analogues,reviewed_seed,Imported from master codelists,Drug,standard,A10BJ_glucagon_like_peptide_1_glp_1_analogues
glp1_receptor_agonists,GLP-1 receptor agonists,drug,42656237,TRUE,semaglutide 1 MG/ACTUAT [Ozempic],RxNorm Extension,A10BJ_glucagon_like_peptide_1_glp_1_analogues,reviewed_seed,Imported from master codelists,Drug,standard,A10BJ_glucagon_like_peptide_1_glp_1_analogues
glp1_receptor_agonists,GLP-1 receptor agonists,drug,42656238,TRUE,semaglutide 1 MG/ACTUAT Injectable Solution,RxNorm Extension,A10BJ_glucagon_like_peptide_1_glp_1_analogues,reviewed_seed,Imported from master codelists,Drug,standard,A10BJ_glucagon_like_peptide_1_glp_1_analogues
glp1_receptor_agonists,GLP-1 receptor agonists,drug,42656239,TRUE,semaglutide 1 MG/ACTUAT Injectable Solution [Ozempic],RxNorm Extension,A10BJ_glucagon_like_peptide_1_glp_1_analogues,reviewed_seed,Imported from master codelists,Drug,standard,A10BJ_glucagon_like_peptide_1_glp_1_analogues
glp1_receptor_agonists,GLP-1 receptor agonists,drug,42656240,TRUE,semaglutide 0.5 MG/ACTUAT,RxNorm Extension,A10BJ_glucagon_like_peptide_1_glp_1_analogues,reviewed_seed,Imported from master codelists,Drug,standard,A10BJ_glucagon_like_peptide_1_glp_1_analogues
glp1_receptor_agonists,GLP-1 receptor agonists,drug,42656241,TRUE,semaglutide 0.5 MG/ACTUAT [Ozempic],RxNorm Extension,A10BJ_glucagon_like_peptide_1_glp_1_analogues,reviewed_seed,Imported from master codelists,Drug,standard,A10BJ_glucagon_like_peptide_1_glp_1_analogues
glp1_receptor_agonists,GLP-1 receptor agonists,drug,42656242,TRUE,semaglutide 0.5 MG/ACTUAT Injectable Solution,RxNorm Extension,A10BJ_glucagon_like_peptide_1_glp_1_analogues,reviewed_seed,Imported from master codelists,Drug,standard,A10BJ_glucagon_like_peptide_1_glp_1_analogues
glp1_receptor_agonists,GLP-1 receptor agonists,drug,42656243,TRUE,semaglutide 0.5 MG/ACTUAT Injectable Solution [Ozempic],RxNorm Extension,A10BJ_glucagon_like_peptide_1_glp_1_analogues,reviewed_seed,Imported from master codelists,Drug,standard,A10BJ_glucagon_like_peptide_1_glp_1_analogues
glp1_receptor_agonists,GLP-1 receptor agonists,drug,42658279,TRUE,4 ACTUAT semaglutide 0.25 MG/ACTUAT Injectable Solution,RxNorm Extension,A10BJ_glucagon_like_peptide_1_glp_1_analogues,reviewed_seed,Imported from master codelists,Drug,standard,A10BJ_glucagon_like_peptide_1_glp_1_analogues
glp1_receptor_agonists,GLP-1 receptor agonists,drug,42658280,TRUE,4 ACTUAT semaglutide 0.25 MG/ACTUAT Injectable Solution [Ozempic],RxNorm Extension,A10BJ_glucagon_like_peptide_1_glp_1_analogues,reviewed_seed,Imported from master codelists,Drug,standard,A10BJ_glucagon_like_peptide_1_glp_1_analogues
glp1_receptor_agonists,GLP-1 receptor agonists,drug,42658281,TRUE,4 ACTUAT semaglutide 0.25 MG/ACTUAT Injectable Solution [Ozempic] by Novo Nordisk,RxNorm Extension,A10BJ_glucagon_like_peptide_1_glp_1_analogues,reviewed_seed,Imported from master codelists,Drug,standard,A10BJ_glucagon_like_peptide_1_glp_1_analogues
glp1_receptor_agonists,GLP-1 receptor agonists,drug,42658282,TRUE,4 ACTUAT semaglutide 1 MG/ACTUAT Injectable Solution,RxNorm Extension,A10BJ_glucagon_like_peptide_1_glp_1_analogues,reviewed_seed,Imported from master codelists,Drug,standard,A10BJ_glucagon_like_peptide_1_glp_1_analogues
glp1_receptor_agonists,GLP-1 receptor agonists,drug,42658283,TRUE,4 ACTUAT semaglutide 1 MG/ACTUAT Injectable Solution [Ozempic],RxNorm Extension,A10BJ_glucagon_like_peptide_1_glp_1_analogues,reviewed_seed,Imported from master codelists,Drug,standard,A10BJ_glucagon_like_peptide_1_glp_1_analogues
glp1_receptor_agonists,GLP-1 receptor agonists,drug,42658284,TRUE,4 ACTUAT semaglutide 1 MG/ACTUAT Injectable Solution [Ozempic] by Novo Nordisk,RxNorm Extension,A10BJ_glucagon_like_peptide_1_glp_1_analogues,reviewed_seed,Imported from master codelists,Drug,standard,A10BJ_glucagon_like_peptide_1_glp_1_analogues
glp1_receptor_agonists,GLP-1 receptor agonists,drug,42658285,TRUE,4 ACTUAT semaglutide 0.5 MG/ACTUAT Injectable Solution,RxNorm Extension,A10BJ_glucagon_like_peptide_1_glp_1_analogues,reviewed_seed,Imported from master codelists,Drug,standard,A10BJ_glucagon_like_peptide_1_glp_1_analogues
glp1_receptor_agonists,GLP-1 receptor agonists,drug,42658286,TRUE,4 ACTUAT semaglutide 0.5 MG/ACTUAT Injectable Solution [Ozempic],RxNorm Extension,A10BJ_glucagon_like_peptide_1_glp_1_analogues,reviewed_seed,Imported from master codelists,Drug,standard,A10BJ_glucagon_like_peptide_1_glp_1_analogues
glp1_receptor_agonists,GLP-1 receptor agonists,drug,42658287,TRUE,4 ACTUAT semaglutide 0.5 MG/ACTUAT Injectable Solution [Ozempic] by Novo Nordisk,RxNorm Extension,A10BJ_glucagon_like_peptide_1_glp_1_analogues,reviewed_seed,Imported from master codelists,Drug,standard,A10BJ_glucagon_like_peptide_1_glp_1_analogues
glp1_receptor_agonists,GLP-1 receptor agonists,drug,42683384,TRUE,exenatide 2.35 MG/ML Prefilled Syringe [Bydureon] Box of 4,RxNorm Extension,A10BJ_glucagon_like_peptide_1_glp_1_analogues,reviewed_seed,Imported from master codelists,Drug,standard,A10BJ_glucagon_like_peptide_1_glp_1_analogues
glp1_receptor_agonists,GLP-1 receptor agonists,drug,42683385,TRUE,exenatide 2.35 MG/ML Prefilled Syringe [Bydureon],RxNorm Extension,A10BJ_glucagon_like_peptide_1_glp_1_analogues,reviewed_seed,Imported from master codelists,Drug,standard,A10BJ_glucagon_like_peptide_1_glp_1_analogues
glp1_receptor_agonists,GLP-1 receptor agonists,drug,42683386,TRUE,exenatide 2.35 MG/ML Prefilled Syringe Box of 4,RxNorm Extension,A10BJ_glucagon_like_peptide_1_glp_1_analogues,reviewed_seed,Imported from master codelists,Drug,standard,A10BJ_glucagon_like_peptide_1_glp_1_analogues
glp1_receptor_agonists,GLP-1 receptor agonists,drug,42683387,TRUE,exenatide 2.35 MG/ML Prefilled Syringe,RxNorm Extension,A10BJ_glucagon_like_peptide_1_glp_1_analogues,reviewed_seed,Imported from master codelists,Drug,standard,A10BJ_glucagon_like_peptide_1_glp_1_analogues
glp1_receptor_agonists,GLP-1 receptor agonists,drug,42683874,TRUE,0.85 ML exenatide 2.35 MG/ML Prefilled Syringe [Bydureon] Box of 4 by Astrazeneca,RxNorm Extension,A10BJ_glucagon_like_peptide_1_glp_1_analogues,reviewed_seed,Imported from master codelists,Drug,standard,A10BJ_glucagon_like_peptide_1_glp_1_analogues
glp1_receptor_agonists,GLP-1 receptor agonists,drug,42683875,TRUE,0.85 ML exenatide 2.35 MG/ML Prefilled Syringe [Bydureon] Box of 4,RxNorm Extension,A10BJ_glucagon_like_peptide_1_glp_1_analogues,reviewed_seed,Imported from master codelists,Drug,standard,A10BJ_glucagon_like_peptide_1_glp_1_analogues
glp1_receptor_agonists,GLP-1 receptor agonists,drug,42683876,TRUE,0.85 ML exenatide 2.35 MG/ML Prefilled Syringe [Bydureon],RxNorm Extension,A10BJ_glucagon_like_peptide_1_glp_1_analogues,reviewed_seed,Imported from master codelists,Drug,standard,A10BJ_glucagon_like_peptide_1_glp_1_analogues
glp1_receptor_agonists,GLP-1 receptor agonists,drug,42683877,TRUE,0.85 ML exenatide 2.35 MG/ML Prefilled Syringe Box of 4,RxNorm Extension,A10BJ_glucagon_like_peptide_1_glp_1_analogues,reviewed_seed,Imported from master codelists,Drug,standard,A10BJ_glucagon_like_peptide_1_glp_1_analogues
glp1_receptor_agonists,GLP-1 receptor agonists,drug,42683878,TRUE,0.85 ML exenatide 2.35 MG/ML Prefilled Syringe,RxNorm Extension,A10BJ_glucagon_like_peptide_1_glp_1_analogues,reviewed_seed,Imported from master codelists,Drug,standard,A10BJ_glucagon_like_peptide_1_glp_1_analogues
glp1_receptor_agonists,GLP-1 receptor agonists,drug,42705839,TRUE,exenatide 3.08 MG/ML,RxNorm,A10BJ_glucagon_like_peptide_1_glp_1_analogues,reviewed_seed,Imported from master codelists,Drug,standard,A10BJ_glucagon_like_peptide_1_glp_1_analogues
glp1_receptor_agonists,GLP-1 receptor agonists,drug,42705842,TRUE,exenatide 3.08 MG/ML [Bydureon],RxNorm,A10BJ_glucagon_like_peptide_1_glp_1_analogues,reviewed_seed,Imported from master codelists,Drug,standard,A10BJ_glucagon_like_peptide_1_glp_1_analogues
glp1_receptor_agonists,GLP-1 receptor agonists,drug,42708078,TRUE,exenatide 2 MG Injection,RxNorm,A10BJ_glucagon_like_peptide_1_glp_1_analogues,reviewed_seed,Imported from master codelists,Drug,standard,A10BJ_glucagon_like_peptide_1_glp_1_analogues
glp1_receptor_agonists,GLP-1 receptor agonists,drug,42708079,TRUE,exenatide 2 MG Injection [Bydureon],RxNorm,A10BJ_glucagon_like_peptide_1_glp_1_analogues,reviewed_seed,Imported from master codelists,Drug,standard,A10BJ_glucagon_like_peptide_1_glp_1_analogues
glp1_receptor_agonists,GLP-1 receptor agonists,drug,42731892,TRUE,{1 (Lixisenatide 0.01 MG Injection) / 1 (Lixisenatide 0.02 MG Injection) } Pack,RxNorm Extension,A10BJ_glucagon_like_peptide_1_glp_1_analogues,reviewed_seed,Imported from master codelists,Drug,standard,A10BJ_glucagon_like_peptide_1_glp_1_analogues
glp1_receptor_agonists,GLP-1 receptor agonists,drug,42731910,TRUE,{14 (Lixisenatide 0.01 MG Injection) / 14 (Lixisenatide 0.02 MG Injection) } Pack,RxNorm Extension,A10BJ_glucagon_like_peptide_1_glp_1_analogues,reviewed_seed,Imported from master codelists,Drug,standard,A10BJ_glucagon_like_peptide_1_glp_1_analogues
glp1_receptor_agonists,GLP-1 receptor agonists,drug,42902527,TRUE,exenatide 0.005 MG/ACTUAT Pen Injector,RxNorm,A10BJ_glucagon_like_peptide_1_glp_1_analogues,reviewed_seed,Imported from master codelists,Drug,standard,A10BJ_glucagon_like_peptide_1_glp_1_analogues
glp1_receptor_agonists,GLP-1 receptor agonists,drug,42902689,TRUE,exenatide 0.005 MG/ACTUAT Pen Injector [Byetta],RxNorm,A10BJ_glucagon_like_peptide_1_glp_1_analogues,reviewed_seed,Imported from master codelists,Drug,standard,A10BJ_glucagon_like_peptide_1_glp_1_analogues
glp1_receptor_agonists,GLP-1 receptor agonists,drug,42902866,TRUE,exenatide 0.01 MG/ACTUAT Pen Injector [Byetta],RxNorm,A10BJ_glucagon_like_peptide_1_glp_1_analogues,reviewed_seed,Imported from master codelists,Drug,standard,A10BJ_glucagon_like_peptide_1_glp_1_analogues
glp1_receptor_agonists,GLP-1 receptor agonists,drug,42902992,TRUE,liraglutide 6 MG/ML Pen Injector,RxNorm,A10BJ_glucagon_like_peptide_1_glp_1_analogues,reviewed_seed,Imported from master codelists,Drug,standard,A10BJ_glucagon_like_peptide_1_glp_1_analogues
glp1_receptor_agonists,GLP-1 receptor agonists,drug,42903341,TRUE,exenatide 0.01 MG/ACTUAT Pen Injector,RxNorm,A10BJ_glucagon_like_peptide_1_glp_1_analogues,reviewed_seed,Imported from master codelists,Drug,standard,A10BJ_glucagon_like_peptide_1_glp_1_analogues
glp1_receptor_agonists,GLP-1 receptor agonists,drug,42903382,TRUE,liraglutide 6 MG/ML Pen Injector [Victoza],RxNorm,A10BJ_glucagon_like_peptide_1_glp_1_analogues,reviewed_seed,Imported from master codelists,Drug,standard,A10BJ_glucagon_like_peptide_1_glp_1_analogues
glp1_receptor_agonists,GLP-1 receptor agonists,drug,42921722,TRUE,3 ML Lixisenatide 0.05 MG/ML Pen Injector [Lyxumia],RxNorm Extension,A10BJ_glucagon_like_peptide_1_glp_1_analogues,reviewed_seed,Imported from master codelists,Drug,standard,A10BJ_glucagon_like_peptide_1_glp_1_analogues
glp1_receptor_agonists,GLP-1 receptor agonists,drug,42921723,TRUE,3 ML Lixisenatide 0.1 MG/ML Pen Injector [Lyxumia],RxNorm Extension,A10BJ_glucagon_like_peptide_1_glp_1_analogues,reviewed_seed,Imported from master codelists,Drug,standard,A10BJ_glucagon_like_peptide_1_glp_1_analogues
glp1_receptor_agonists,GLP-1 receptor agonists,drug,42921781,TRUE,2.4 ML exenatide 0.25 MG/ML Pen Injector [Byetta],RxNorm Extension,A10BJ_glucagon_like_peptide_1_glp_1_analogues,reviewed_seed,Imported from master codelists,Drug,standard,A10BJ_glucagon_like_peptide_1_glp_1_analogues
glp1_receptor_agonists,GLP-1 receptor agonists,drug,42921783,TRUE,2.4 ML exenatide 0.25 MG/ML Pen Injector,RxNorm Extension,A10BJ_glucagon_like_peptide_1_glp_1_analogues,reviewed_seed,Imported from master codelists,Drug,standard,A10BJ_glucagon_like_peptide_1_glp_1_analogues
glp1_receptor_agonists,GLP-1 receptor agonists,drug,42922263,TRUE,1.2 ML exenatide 0.25 MG/ML Pen Injector [Byetta],RxNorm Extension,A10BJ_glucagon_like_peptide_1_glp_1_analogues,reviewed_seed,Imported from master codelists,Drug,standard,A10BJ_glucagon_like_peptide_1_glp_1_analogues
glp1_receptor_agonists,GLP-1 receptor agonists,drug,42922264,TRUE,1.2 ML exenatide 0.25 MG/ML Pen Injector,RxNorm Extension,A10BJ_glucagon_like_peptide_1_glp_1_analogues,reviewed_seed,Imported from master codelists,Drug,standard,A10BJ_glucagon_like_peptide_1_glp_1_analogues
glp1_receptor_agonists,GLP-1 receptor agonists,drug,42922767,TRUE,0.5 ML dulaglutide 1.5 MG/ML Pen Injector,RxNorm Extension,A10BJ_glucagon_like_peptide_1_glp_1_analogues,reviewed_seed,Imported from master codelists,Drug,standard,A10BJ_glucagon_like_peptide_1_glp_1_analogues
glp1_receptor_agonists,GLP-1 receptor agonists,drug,42922957,TRUE,0.5 ML dulaglutide 1.5 MG/ML Pen Injector [Trulicity],RxNorm Extension,A10BJ_glucagon_like_peptide_1_glp_1_analogues,reviewed_seed,Imported from master codelists,Drug,standard,A10BJ_glucagon_like_peptide_1_glp_1_analogues
glp1_receptor_agonists,GLP-1 receptor agonists,drug,42922958,TRUE,0.5 ML dulaglutide 3 MG/ML Pen Injector [Trulicity],RxNorm Extension,A10BJ_glucagon_like_peptide_1_glp_1_analogues,reviewed_seed,Imported from master codelists,Drug,standard,A10BJ_glucagon_like_peptide_1_glp_1_analogues
glp1_receptor_agonists,GLP-1 receptor agonists,drug,42922959,TRUE,0.5 ML dulaglutide 3 MG/ML Pen Injector,RxNorm Extension,A10BJ_glucagon_like_peptide_1_glp_1_analogues,reviewed_seed,Imported from master codelists,Drug,standard,A10BJ_glucagon_like_peptide_1_glp_1_analogues
glp1_receptor_agonists,GLP-1 receptor agonists,drug,42935364,TRUE,albiglutide 40.3 MG Injection [Eperzan],RxNorm Extension,A10BJ_glucagon_like_peptide_1_glp_1_analogues,reviewed_seed,Imported from master codelists,Drug,standard,A10BJ_glucagon_like_peptide_1_glp_1_analogues
glp1_receptor_agonists,GLP-1 receptor agonists,drug,42935365,TRUE,albiglutide 40.3 MG Injection,RxNorm Extension,A10BJ_glucagon_like_peptide_1_glp_1_analogues,reviewed_seed,Imported from master codelists,Drug,standard,A10BJ_glucagon_like_peptide_1_glp_1_analogues
glp1_receptor_agonists,GLP-1 receptor agonists,drug,42935366,TRUE,albiglutide 40.3 MG [Eperzan],RxNorm Extension,A10BJ_glucagon_like_peptide_1_glp_1_analogues,reviewed_seed,Imported from master codelists,Drug,standard,A10BJ_glucagon_like_peptide_1_glp_1_analogues
glp1_receptor_agonists,GLP-1 receptor agonists,drug,42935367,TRUE,albiglutide 40.3 MG,RxNorm Extension,A10BJ_glucagon_like_peptide_1_glp_1_analogues,reviewed_seed,Imported from master codelists,Drug,standard,A10BJ_glucagon_like_peptide_1_glp_1_analogues
glp1_receptor_agonists,GLP-1 receptor agonists,drug,42935368,TRUE,albiglutide 67 MG Injection [Eperzan],RxNorm Extension,A10BJ_glucagon_like_peptide_1_glp_1_analogues,reviewed_seed,Imported from master codelists,Drug,standard,A10BJ_glucagon_like_peptide_1_glp_1_analogues
glp1_receptor_agonists,GLP-1 receptor agonists,drug,42935369,TRUE,albiglutide 67 MG Injection,RxNorm Extension,A10BJ_glucagon_like_peptide_1_glp_1_analogues,reviewed_seed,Imported from master codelists,Drug,standard,A10BJ_glucagon_like_peptide_1_glp_1_analogues
glp1_receptor_agonists,GLP-1 receptor agonists,drug,42935370,TRUE,albiglutide 67 MG [Eperzan],RxNorm Extension,A10BJ_glucagon_like_peptide_1_glp_1_analogues,reviewed_seed,Imported from master codelists,Drug,standard,A10BJ_glucagon_like_peptide_1_glp_1_analogues
glp1_receptor_agonists,GLP-1 receptor agonists,drug,42935371,TRUE,albiglutide 67 MG,RxNorm Extension,A10BJ_glucagon_like_peptide_1_glp_1_analogues,reviewed_seed,Imported from master codelists,Drug,standard,A10BJ_glucagon_like_peptide_1_glp_1_analogues
glp1_receptor_agonists,GLP-1 receptor agonists,drug,42946808,TRUE,exenatide 0.25 MG/ML Pen Injector [Byetta],RxNorm Extension,A10BJ_glucagon_like_peptide_1_glp_1_analogues,reviewed_seed,Imported from master codelists,Drug,standard,A10BJ_glucagon_like_peptide_1_glp_1_analogues
glp1_receptor_agonists,GLP-1 receptor agonists,drug,42946809,TRUE,exenatide 0.25 MG/ML Pen Injector,RxNorm Extension,A10BJ_glucagon_like_peptide_1_glp_1_analogues,reviewed_seed,Imported from master codelists,Drug,standard,A10BJ_glucagon_like_peptide_1_glp_1_analogues
glp1_receptor_agonists,GLP-1 receptor agonists,drug,42963163,TRUE,dulaglutide 1.5 MG/ML Pen Injector [Trulicity],RxNorm Extension,A10BJ_glucagon_like_peptide_1_glp_1_analogues,reviewed_seed,Imported from master codelists,Drug,standard,A10BJ_glucagon_like_peptide_1_glp_1_analogues
glp1_receptor_agonists,GLP-1 receptor agonists,drug,42963164,TRUE,dulaglutide 1.5 MG/ML Pen Injector,RxNorm Extension,A10BJ_glucagon_like_peptide_1_glp_1_analogues,reviewed_seed,Imported from master codelists,Drug,standard,A10BJ_glucagon_like_peptide_1_glp_1_analogues
glp1_receptor_agonists,GLP-1 receptor agonists,drug,42963165,TRUE,dulaglutide 3 MG/ML Pen Injector [Trulicity],RxNorm Extension,A10BJ_glucagon_like_peptide_1_glp_1_analogues,reviewed_seed,Imported from master codelists,Drug,standard,A10BJ_glucagon_like_peptide_1_glp_1_analogues
glp1_receptor_agonists,GLP-1 receptor agonists,drug,42963166,TRUE,dulaglutide 3 MG/ML Pen Injector,RxNorm Extension,A10BJ_glucagon_like_peptide_1_glp_1_analogues,reviewed_seed,Imported from master codelists,Drug,standard,A10BJ_glucagon_like_peptide_1_glp_1_analogues
glp1_receptor_agonists,GLP-1 receptor agonists,drug,42963167,TRUE,dulaglutide Pen Injector [Trulicity],RxNorm Extension,A10BJ_glucagon_like_peptide_1_glp_1_analogues,reviewed_seed,Imported from master codelists,Drug,standard,A10BJ_glucagon_like_peptide_1_glp_1_analogues
glp1_receptor_agonists,GLP-1 receptor agonists,drug,42963168,TRUE,dulaglutide Pen Injector,RxNorm Extension,A10BJ_glucagon_like_peptide_1_glp_1_analogues,reviewed_seed,Imported from master codelists,Drug,standard,A10BJ_glucagon_like_peptide_1_glp_1_analogues
glp1_receptor_agonists,GLP-1 receptor agonists,drug,42971270,TRUE,Lixisenatide 0.05 MG/ML Pen Injector [Lyxumia],RxNorm Extension,A10BJ_glucagon_like_peptide_1_glp_1_analogues,reviewed_seed,Imported from master codelists,Drug,standard,A10BJ_glucagon_like_peptide_1_glp_1_analogues
glp1_receptor_agonists,GLP-1 receptor agonists,drug,42971271,TRUE,Lixisenatide 0.1 MG/ML Pen Injector [Lyxumia],RxNorm Extension,A10BJ_glucagon_like_peptide_1_glp_1_analogues,reviewed_seed,Imported from master codelists,Drug,standard,A10BJ_glucagon_like_peptide_1_glp_1_analogues
glp1_receptor_agonists,GLP-1 receptor agonists,drug,42971272,TRUE,Lixisenatide Pen Injector [Lyxumia],RxNorm Extension,A10BJ_glucagon_like_peptide_1_glp_1_analogues,reviewed_seed,Imported from master codelists,Drug,standard,A10BJ_glucagon_like_peptide_1_glp_1_analogues
glp1_receptor_agonists,GLP-1 receptor agonists,drug,43026980,TRUE,semaglutide 0.167 MG/ML Injectable Solution,RxNorm Extension,A10BJ_glucagon_like_peptide_1_glp_1_analogues,reviewed_seed,Imported from master codelists,Drug,standard,A10BJ_glucagon_like_peptide_1_glp_1_analogues
glp1_receptor_agonists,GLP-1 receptor agonists,drug,43026981,TRUE,semaglutide 0.167 MG/ML Injectable Solution [Ozempic],RxNorm Extension,A10BJ_glucagon_like_peptide_1_glp_1_analogues,reviewed_seed,Imported from master codelists,Drug,standard,A10BJ_glucagon_like_peptide_1_glp_1_analogues
glp1_receptor_agonists,GLP-1 receptor agonists,drug,43026982,TRUE,semaglutide 0.667 MG/ML Injectable Solution,RxNorm Extension,A10BJ_glucagon_like_peptide_1_glp_1_analogues,reviewed_seed,Imported from master codelists,Drug,standard,A10BJ_glucagon_like_peptide_1_glp_1_analogues
glp1_receptor_agonists,GLP-1 receptor agonists,drug,43026983,TRUE,semaglutide 0.667 MG/ML Injectable Solution [Ozempic],RxNorm Extension,A10BJ_glucagon_like_peptide_1_glp_1_analogues,reviewed_seed,Imported from master codelists,Drug,standard,A10BJ_glucagon_like_peptide_1_glp_1_analogues
glp1_receptor_agonists,GLP-1 receptor agonists,drug,43030264,TRUE,exenatide 0.01 MG Injectable Solution,RxNorm Extension,A10BJ_glucagon_like_peptide_1_glp_1_analogues,reviewed_seed,Imported from master codelists,Drug,standard,A10BJ_glucagon_like_peptide_1_glp_1_analogues
glp1_receptor_agonists,GLP-1 receptor agonists,drug,43030265,TRUE,exenatide 0.01 MG Injectable Solution [Byetta],RxNorm Extension,A10BJ_glucagon_like_peptide_1_glp_1_analogues,reviewed_seed,Imported from master codelists,Drug,standard,A10BJ_glucagon_like_peptide_1_glp_1_analogues
glp1_receptor_agonists,GLP-1 receptor agonists,drug,43030266,TRUE,exenatide 0.01 MG Injectable Solution [Byetta] by Astrazeneca,RxNorm Extension,A10BJ_glucagon_like_peptide_1_glp_1_analogues,reviewed_seed,Imported from master codelists,Drug,standard,A10BJ_glucagon_like_peptide_1_glp_1_analogues
glp1_receptor_agonists,GLP-1 receptor agonists,drug,43030267,TRUE,exenatide 0.01 MG Prefilled Syringe [Byetta] by Astrazeneca,RxNorm Extension,A10BJ_glucagon_like_peptide_1_glp_1_analogues,reviewed_seed,Imported from master codelists,Drug,standard,A10BJ_glucagon_like_peptide_1_glp_1_analogues
glp1_receptor_agonists,GLP-1 receptor agonists,drug,43030268,TRUE,exenatide 0.005 MG Injectable Solution,RxNorm Extension,A10BJ_glucagon_like_peptide_1_glp_1_analogues,reviewed_seed,Imported from master codelists,Drug,standard,A10BJ_glucagon_like_peptide_1_glp_1_analogues
glp1_receptor_agonists,GLP-1 receptor agonists,drug,43030269,TRUE,exenatide 0.005 MG Injectable Solution [Byetta],RxNorm Extension,A10BJ_glucagon_like_peptide_1_glp_1_analogues,reviewed_seed,Imported from master codelists,Drug,standard,A10BJ_glucagon_like_peptide_1_glp_1_analogues
glp1_receptor_agonists,GLP-1 receptor agonists,drug,43030270,TRUE,exenatide 0.005 MG Injectable Solution [Byetta] by Astrazeneca,RxNorm Extension,A10BJ_glucagon_like_peptide_1_glp_1_analogues,reviewed_seed,Imported from master codelists,Drug,standard,A10BJ_glucagon_like_peptide_1_glp_1_analogues
glp1_receptor_agonists,GLP-1 receptor agonists,drug,43030271,TRUE,exenatide 0.005 MG Prefilled Syringe [Byetta] by Astrazeneca,RxNorm Extension,A10BJ_glucagon_like_peptide_1_glp_1_analogues,reviewed_seed,Imported from master codelists,Drug,standard,A10BJ_glucagon_like_peptide_1_glp_1_analogues
glp1_receptor_agonists,GLP-1 receptor agonists,drug,43038961,TRUE,1.5 ML semaglutide 0.167 MG/ML Injectable Solution,RxNorm Extension,A10BJ_glucagon_like_peptide_1_glp_1_analogues,reviewed_seed,Imported from master codelists,Drug,standard,A10BJ_glucagon_like_peptide_1_glp_1_analogues
glp1_receptor_agonists,GLP-1 receptor agonists,drug,43038962,TRUE,1.5 ML semaglutide 0.167 MG/ML Injectable Solution [Ozempic],RxNorm Extension,A10BJ_glucagon_like_peptide_1_glp_1_analogues,reviewed_seed,Imported from master codelists,Drug,standard,A10BJ_glucagon_like_peptide_1_glp_1_analogues
glp1_receptor_agonists,GLP-1 receptor agonists,drug,43038963,TRUE,1.5 ML semaglutide 0.167 MG/ML Injectable Solution [Ozempic] by Novo Nordisk,RxNorm Extension,A10BJ_glucagon_like_peptide_1_glp_1_analogues,reviewed_seed,Imported from master codelists,Drug,standard,A10BJ_glucagon_like_peptide_1_glp_1_analogues
glp1_receptor_agonists,GLP-1 receptor agonists,drug,43038964,TRUE,1.5 ML semaglutide 0.667 MG/ML Injectable Solution,RxNorm Extension,A10BJ_glucagon_like_peptide_1_glp_1_analogues,reviewed_seed,Imported from master codelists,Drug,standard,A10BJ_glucagon_like_peptide_1_glp_1_analogues
glp1_receptor_agonists,GLP-1 receptor agonists,drug,43038965,TRUE,1.5 ML semaglutide 0.667 MG/ML Injectable Solution [Ozempic],RxNorm Extension,A10BJ_glucagon_like_peptide_1_glp_1_analogues,reviewed_seed,Imported from master codelists,Drug,standard,A10BJ_glucagon_like_peptide_1_glp_1_analogues
glp1_receptor_agonists,GLP-1 receptor agonists,drug,43038966,TRUE,1.5 ML semaglutide 0.667 MG/ML Injectable Solution [Ozempic] by Novo Nordisk,RxNorm Extension,A10BJ_glucagon_like_peptide_1_glp_1_analogues,reviewed_seed,Imported from master codelists,Drug,standard,A10BJ_glucagon_like_peptide_1_glp_1_analogues
glp1_receptor_agonists,GLP-1 receptor agonists,drug,43140948,TRUE,exenatide 0.005 MG Prefilled Syringe Box of 1,RxNorm Extension,A10BJ_glucagon_like_peptide_1_glp_1_analogues,reviewed_seed,Imported from master codelists,Drug,standard,A10BJ_glucagon_like_peptide_1_glp_1_analogues
glp1_receptor_agonists,GLP-1 receptor agonists,drug,43140949,TRUE,exenatide 0.005 MG Prefilled Syringe [Byetta] Box of 1 by Astrazeneca,RxNorm Extension,A10BJ_glucagon_like_peptide_1_glp_1_analogues,reviewed_seed,Imported from master codelists,Drug,standard,A10BJ_glucagon_like_peptide_1_glp_1_analogues
glp1_receptor_agonists,GLP-1 receptor agonists,drug,43152028,TRUE,exenatide 0.01 MG Prefilled Syringe Box of 1,RxNorm Extension,A10BJ_glucagon_like_peptide_1_glp_1_analogues,reviewed_seed,Imported from master codelists,Drug,standard,A10BJ_glucagon_like_peptide_1_glp_1_analogues
glp1_receptor_agonists,GLP-1 receptor agonists,drug,43152029,TRUE,exenatide 0.01 MG Prefilled Syringe [Byetta] Box of 1,RxNorm Extension,A10BJ_glucagon_like_peptide_1_glp_1_analogues,reviewed_seed,Imported from master codelists,Drug,standard,A10BJ_glucagon_like_peptide_1_glp_1_analogues
glp1_receptor_agonists,GLP-1 receptor agonists,drug,43152030,TRUE,exenatide 0.01 MG Prefilled Syringe [Byetta] Box of 1 by Astrazeneca,RxNorm Extension,A10BJ_glucagon_like_peptide_1_glp_1_analogues,reviewed_seed,Imported from master codelists,Drug,standard,A10BJ_glucagon_like_peptide_1_glp_1_analogues
glp1_receptor_agonists,GLP-1 receptor agonists,drug,43153986,TRUE,0.5 ML dulaglutide 3 MG/ML Prefilled Syringe [Trulicity] Box of 4 by Lilly,RxNorm Extension,A10BJ_glucagon_like_peptide_1_glp_1_analogues,reviewed_seed,Imported from master codelists,Drug,standard,A10BJ_glucagon_like_peptide_1_glp_1_analogues
glp1_receptor_agonists,GLP-1 receptor agonists,drug,43153987,TRUE,0.5 ML dulaglutide 1.5 MG/ML Prefilled Syringe [Trulicity] Box of 4 by Lilly,RxNorm Extension,A10BJ_glucagon_like_peptide_1_glp_1_analogues,reviewed_seed,Imported from master codelists,Drug,standard,A10BJ_glucagon_like_peptide_1_glp_1_analogues
glp1_receptor_agonists,GLP-1 receptor agonists,drug,43163128,TRUE,exenatide 0.01 MG Prefilled Syringe,RxNorm Extension,A10BJ_glucagon_like_peptide_1_glp_1_analogues,reviewed_seed,Imported from master codelists,Drug,standard,A10BJ_glucagon_like_peptide_1_glp_1_analogues
glp1_receptor_agonists,GLP-1 receptor agonists,drug,43163129,TRUE,exenatide 0.005 MG Prefilled Syringe [Byetta],RxNorm Extension,A10BJ_glucagon_like_peptide_1_glp_1_analogues,reviewed_seed,Imported from master codelists,Drug,standard,A10BJ_glucagon_like_peptide_1_glp_1_analogues
glp1_receptor_agonists,GLP-1 receptor agonists,drug,43174144,TRUE,exenatide 0.01 MG Prefilled Syringe [Byetta],RxNorm Extension,A10BJ_glucagon_like_peptide_1_glp_1_analogues,reviewed_seed,Imported from master codelists,Drug,standard,A10BJ_glucagon_like_peptide_1_glp_1_analogues
glp1_receptor_agonists,GLP-1 receptor agonists,drug,43174145,TRUE,exenatide 0.005 MG Prefilled Syringe,RxNorm Extension,A10BJ_glucagon_like_peptide_1_glp_1_analogues,reviewed_seed,Imported from master codelists,Drug,standard,A10BJ_glucagon_like_peptide_1_glp_1_analogues
glp1_receptor_agonists,GLP-1 receptor agonists,drug,43174525,TRUE,exenatide Injectable Suspension,RxNorm Extension,A10BJ_glucagon_like_peptide_1_glp_1_analogues,reviewed_seed,Imported from master codelists,Drug,standard,A10BJ_glucagon_like_peptide_1_glp_1_analogues
glp1_receptor_agonists,GLP-1 receptor agonists,drug,43195984,TRUE,exenatide 0.005 MG,RxNorm Extension,A10BJ_glucagon_like_peptide_1_glp_1_analogues,reviewed_seed,Imported from master codelists,Drug,standard,A10BJ_glucagon_like_peptide_1_glp_1_analogues
glp1_receptor_agonists,GLP-1 receptor agonists,drug,43195985,TRUE,exenatide 0.005 MG Prefilled Syringe [Byetta] Box of 1,RxNorm Extension,A10BJ_glucagon_like_peptide_1_glp_1_analogues,reviewed_seed,Imported from master codelists,Drug,standard,A10BJ_glucagon_like_peptide_1_glp_1_analogues
glp1_receptor_agonists,GLP-1 receptor agonists,drug,43206892,TRUE,exenatide 0.005 MG [Byetta],RxNorm Extension,A10BJ_glucagon_like_peptide_1_glp_1_analogues,reviewed_seed,Imported from master codelists,Drug,standard,A10BJ_glucagon_like_peptide_1_glp_1_analogues
glp1_receptor_agonists,GLP-1 receptor agonists,drug,43217922,TRUE,exenatide 0.01 MG,RxNorm Extension,A10BJ_glucagon_like_peptide_1_glp_1_analogues,reviewed_seed,Imported from master codelists,Drug,standard,A10BJ_glucagon_like_peptide_1_glp_1_analogues
glp1_receptor_agonists,GLP-1 receptor agonists,drug,43217923,TRUE,exenatide 0.01 MG [Byetta],RxNorm Extension,A10BJ_glucagon_like_peptide_1_glp_1_analogues,reviewed_seed,Imported from master codelists,Drug,standard,A10BJ_glucagon_like_peptide_1_glp_1_analogues
glp1_receptor_agonists,GLP-1 receptor agonists,drug,43258662,TRUE,liraglutide Injection [Saxenda],RxNorm Extension,A10BJ_glucagon_like_peptide_1_glp_1_analogues,reviewed_seed,Imported from master codelists,Drug,standard,A10BJ_glucagon_like_peptide_1_glp_1_analogues
glp1_receptor_agonists,GLP-1 receptor agonists,drug,43258663,TRUE,liraglutide 6 MG/ML Injection [Victoza],RxNorm Extension,A10BJ_glucagon_like_peptide_1_glp_1_analogues,reviewed_seed,Imported from master codelists,Drug,standard,A10BJ_glucagon_like_peptide_1_glp_1_analogues
glp1_receptor_agonists,GLP-1 receptor agonists,drug,43258664,TRUE,liraglutide 6 MG/ML Injection [Victoza] Box of 2,RxNorm Extension,A10BJ_glucagon_like_peptide_1_glp_1_analogues,reviewed_seed,Imported from master codelists,Drug,standard,A10BJ_glucagon_like_peptide_1_glp_1_analogues
glp1_receptor_agonists,GLP-1 receptor agonists,drug,43258841,TRUE,3 ML liraglutide 6 MG/ML Injection Box of 5,RxNorm Extension,A10BJ_glucagon_like_peptide_1_glp_1_analogues,reviewed_seed,Imported from master codelists,Drug,standard,A10BJ_glucagon_like_peptide_1_glp_1_analogues
glp1_receptor_agonists,GLP-1 receptor agonists,drug,43258842,TRUE,3 ML liraglutide 6 MG/ML Injection [Saxenda],RxNorm Extension,A10BJ_glucagon_like_peptide_1_glp_1_analogues,reviewed_seed,Imported from master codelists,Drug,standard,A10BJ_glucagon_like_peptide_1_glp_1_analogues
glp1_receptor_agonists,GLP-1 receptor agonists,drug,43259412,TRUE,0.5 ML dulaglutide 3 MG/ML Injection [Trulicity] Box of 4,RxNorm Extension,A10BJ_glucagon_like_peptide_1_glp_1_analogues,reviewed_seed,Imported from master codelists,Drug,standard,A10BJ_glucagon_like_peptide_1_glp_1_analogues
glp1_receptor_agonists,GLP-1 receptor agonists,drug,43259958,TRUE,Lixisenatide 0.01 MG [Lyxumia],RxNorm Extension,A10BJ_glucagon_like_peptide_1_glp_1_analogues,reviewed_seed,Imported from master codelists,Drug,standard,A10BJ_glucagon_like_peptide_1_glp_1_analogues
glp1_receptor_agonists,GLP-1 receptor agonists,drug,43264104,TRUE,liraglutide 6 MG/ML Injection,RxNorm Extension,A10BJ_glucagon_like_peptide_1_glp_1_analogues,reviewed_seed,Imported from master codelists,Drug,standard,A10BJ_glucagon_like_peptide_1_glp_1_analogues
glp1_receptor_agonists,GLP-1 receptor agonists,drug,43264281,TRUE,3 ML liraglutide 6 MG/ML Injection,RxNorm Extension,A10BJ_glucagon_like_peptide_1_glp_1_analogues,reviewed_seed,Imported from master codelists,Drug,standard,A10BJ_glucagon_like_peptide_1_glp_1_analogues
glp1_receptor_agonists,GLP-1 receptor agonists,drug,43269064,TRUE,exenatide 0.005 MG Injection [Byetta],RxNorm Extension,A10BJ_glucagon_like_peptide_1_glp_1_analogues,reviewed_seed,Imported from master codelists,Drug,standard,A10BJ_glucagon_like_peptide_1_glp_1_analogues
glp1_receptor_agonists,GLP-1 receptor agonists,drug,43269399,TRUE,dulaglutide Injection,RxNorm Extension,A10BJ_glucagon_like_peptide_1_glp_1_analogues,reviewed_seed,Imported from master codelists,Drug,standard,A10BJ_glucagon_like_peptide_1_glp_1_analogues
glp1_receptor_agonists,GLP-1 receptor agonists,drug,43269560,TRUE,liraglutide 6 MG/ML Injection [Saxenda],RxNorm Extension,A10BJ_glucagon_like_peptide_1_glp_1_analogues,reviewed_seed,Imported from master codelists,Drug,standard,A10BJ_glucagon_like_peptide_1_glp_1_analogues
glp1_receptor_agonists,GLP-1 receptor agonists,drug,43269561,TRUE,liraglutide 6 MG/ML Injection [Saxenda] Box of 5,RxNorm Extension,A10BJ_glucagon_like_peptide_1_glp_1_analogues,reviewed_seed,Imported from master codelists,Drug,standard,A10BJ_glucagon_like_peptide_1_glp_1_analogues
glp1_receptor_agonists,GLP-1 receptor agonists,drug,43269768,TRUE,3 ML liraglutide 6 MG/ML Injection [Victoza] Box of 2,RxNorm Extension,A10BJ_glucagon_like_peptide_1_glp_1_analogues,reviewed_seed,Imported from master codelists,Drug,standard,A10BJ_glucagon_like_peptide_1_glp_1_analogues
glp1_receptor_agonists,GLP-1 receptor agonists,drug,43269769,TRUE,3 ML liraglutide 6 MG/ML Auto-Injector Box of 5,RxNorm Extension,A10BJ_glucagon_like_peptide_1_glp_1_analogues,reviewed_seed,Imported from master codelists,Drug,standard,A10BJ_glucagon_like_peptide_1_glp_1_analogues
glp1_receptor_agonists,GLP-1 receptor agonists,drug,43270316,TRUE,0.5 ML dulaglutide 3 MG/ML Injection [Trulicity],RxNorm Extension,A10BJ_glucagon_like_peptide_1_glp_1_analogues,reviewed_seed,Imported from master codelists,Drug,standard,A10BJ_glucagon_like_peptide_1_glp_1_analogues
glp1_receptor_agonists,GLP-1 receptor agonists,drug,43270877,TRUE,Lixisenatide 0.01 MG,RxNorm Extension,A10BJ_glucagon_like_peptide_1_glp_1_analogues,reviewed_seed,Imported from master codelists,Drug,standard,A10BJ_glucagon_like_peptide_1_glp_1_analogues
glp1_receptor_agonists,GLP-1 receptor agonists,drug,43270878,TRUE,Lixisenatide 0.01 MG Injection,RxNorm Extension,A10BJ_glucagon_like_peptide_1_glp_1_analogues,reviewed_seed,Imported from master codelists,Drug,standard,A10BJ_glucagon_like_peptide_1_glp_1_analogues
glp1_receptor_agonists,GLP-1 receptor agonists,drug,43270879,TRUE,Lixisenatide 0.02 MG,RxNorm Extension,A10BJ_glucagon_like_peptide_1_glp_1_analogues,reviewed_seed,Imported from master codelists,Drug,standard,A10BJ_glucagon_like_peptide_1_glp_1_analogues
glp1_receptor_agonists,GLP-1 receptor agonists,drug,43270880,TRUE,Lixisenatide 0.02 MG Injection,RxNorm Extension,A10BJ_glucagon_like_peptide_1_glp_1_analogues,reviewed_seed,Imported from master codelists,Drug,standard,A10BJ_glucagon_like_peptide_1_glp_1_analogues
glp1_receptor_agonists,GLP-1 receptor agonists,drug,43270881,TRUE,Lixisenatide 0.02 MG Injection [Lyxumia],RxNorm Extension,A10BJ_glucagon_like_peptide_1_glp_1_analogues,reviewed_seed,Imported from master codelists,Drug,standard,A10BJ_glucagon_like_peptide_1_glp_1_analogues
glp1_receptor_agonists,GLP-1 receptor agonists,drug,43274600,TRUE,exenatide 0.005 MG Injection,RxNorm Extension,A10BJ_glucagon_like_peptide_1_glp_1_analogues,reviewed_seed,Imported from master codelists,Drug,standard,A10BJ_glucagon_like_peptide_1_glp_1_analogues
glp1_receptor_agonists,GLP-1 receptor agonists,drug,43274601,TRUE,exenatide 0.01 MG Injection,RxNorm Extension,A10BJ_glucagon_like_peptide_1_glp_1_analogues,reviewed_seed,Imported from master codelists,Drug,standard,A10BJ_glucagon_like_peptide_1_glp_1_analogues
glp1_receptor_agonists,GLP-1 receptor agonists,drug,43276381,TRUE,Lixisenatide 0.01 MG Injection [Lyxumia],RxNorm Extension,A10BJ_glucagon_like_peptide_1_glp_1_analogues,reviewed_seed,Imported from master codelists,Drug,standard,A10BJ_glucagon_like_peptide_1_glp_1_analogues
glp1_receptor_agonists,GLP-1 receptor agonists,drug,43276382,TRUE,Lixisenatide 0.02 MG Injection [Lyxumia] Box of 2,RxNorm Extension,A10BJ_glucagon_like_peptide_1_glp_1_analogues,reviewed_seed,Imported from master codelists,Drug,standard,A10BJ_glucagon_like_peptide_1_glp_1_analogues
glp1_receptor_agonists,GLP-1 receptor agonists,drug,43280278,TRUE,dulaglutide Injection [Trulicity],RxNorm Extension,A10BJ_glucagon_like_peptide_1_glp_1_analogues,reviewed_seed,Imported from master codelists,Drug,standard,A10BJ_glucagon_like_peptide_1_glp_1_analogues
glp1_receptor_agonists,GLP-1 receptor agonists,drug,43280279,TRUE,dulaglutide 3 MG/ML Injection Box of 4,RxNorm Extension,A10BJ_glucagon_like_peptide_1_glp_1_analogues,reviewed_seed,Imported from master codelists,Drug,standard,A10BJ_glucagon_like_peptide_1_glp_1_analogues
glp1_receptor_agonists,GLP-1 receptor agonists,drug,43280431,TRUE,liraglutide Injection,RxNorm Extension,A10BJ_glucagon_like_peptide_1_glp_1_analogues,reviewed_seed,Imported from master codelists,Drug,standard,A10BJ_glucagon_like_peptide_1_glp_1_analogues
glp1_receptor_agonists,GLP-1 receptor agonists,drug,43280432,TRUE,liraglutide 6 MG/ML Injection Box of 2,RxNorm Extension,A10BJ_glucagon_like_peptide_1_glp_1_analogues,reviewed_seed,Imported from master codelists,Drug,standard,A10BJ_glucagon_like_peptide_1_glp_1_analogues
glp1_receptor_agonists,GLP-1 receptor agonists,drug,43280433,TRUE,liraglutide 6 MG/ML Injection Box of 3,RxNorm Extension,A10BJ_glucagon_like_peptide_1_glp_1_analogues,reviewed_seed,Imported from master codelists,Drug,standard,A10BJ_glucagon_like_peptide_1_glp_1_analogues
glp1_receptor_agonists,GLP-1 receptor agonists,drug,43280434,TRUE,liraglutide 6 MG/ML Injection Box of 5,RxNorm Extension,A10BJ_glucagon_like_peptide_1_glp_1_analogues,reviewed_seed,Imported from master codelists,Drug,standard,A10BJ_glucagon_like_peptide_1_glp_1_analogues
glp1_receptor_agonists,GLP-1 receptor agonists,drug,43280633,TRUE,3 ML liraglutide 6 MG/ML Injection Box of 3,RxNorm Extension,A10BJ_glucagon_like_peptide_1_glp_1_analogues,reviewed_seed,Imported from master codelists,Drug,standard,A10BJ_glucagon_like_peptide_1_glp_1_analogues
glp1_receptor_agonists,GLP-1 receptor agonists,drug,43280634,TRUE,3 ML liraglutide 6 MG/ML Injection [Victoza],RxNorm Extension,A10BJ_glucagon_like_peptide_1_glp_1_analogues,reviewed_seed,Imported from master codelists,Drug,standard,A10BJ_glucagon_like_peptide_1_glp_1_analogues
glp1_receptor_agonists,GLP-1 receptor agonists,drug,43281215,TRUE,0.5 ML dulaglutide 3 MG/ML Injection Box of 4,RxNorm Extension,A10BJ_glucagon_like_peptide_1_glp_1_analogues,reviewed_seed,Imported from master codelists,Drug,standard,A10BJ_glucagon_like_peptide_1_glp_1_analogues
glp1_receptor_agonists,GLP-1 receptor agonists,drug,43281756,TRUE,Lixisenatide Injection,RxNorm Extension,A10BJ_glucagon_like_peptide_1_glp_1_analogues,reviewed_seed,Imported from master codelists,Drug,standard,A10BJ_glucagon_like_peptide_1_glp_1_analogues
glp1_receptor_agonists,GLP-1 receptor agonists,drug,43285377,TRUE,exenatide 0.01 MG Injection [Byetta],RxNorm Extension,A10BJ_glucagon_like_peptide_1_glp_1_analogues,reviewed_seed,Imported from master codelists,Drug,standard,A10BJ_glucagon_like_peptide_1_glp_1_analogues
glp1_receptor_agonists,GLP-1 receptor agonists,drug,43285914,TRUE,liraglutide 6 MG/ML Injection [Victoza] Box of 3,RxNorm Extension,A10BJ_glucagon_like_peptide_1_glp_1_analogues,reviewed_seed,Imported from master codelists,Drug,standard,A10BJ_glucagon_like_peptide_1_glp_1_analogues
glp1_receptor_agonists,GLP-1 receptor agonists,drug,43286096,TRUE,3 ML liraglutide 6 MG/ML Injection [Saxenda] Box of 5,RxNorm Extension,A10BJ_glucagon_like_peptide_1_glp_1_analogues,reviewed_seed,Imported from master codelists,Drug,standard,A10BJ_glucagon_like_peptide_1_glp_1_analogues
glp1_receptor_agonists,GLP-1 receptor agonists,drug,43286097,TRUE,3 ML liraglutide 6 MG/ML Injection [Victoza] Box of 3,RxNorm Extension,A10BJ_glucagon_like_peptide_1_glp_1_analogues,reviewed_seed,Imported from master codelists,Drug,standard,A10BJ_glucagon_like_peptide_1_glp_1_analogues
glp1_receptor_agonists,GLP-1 receptor agonists,drug,43286672,TRUE,0.5 ML dulaglutide 3 MG/ML Injection,RxNorm Extension,A10BJ_glucagon_like_peptide_1_glp_1_analogues,reviewed_seed,Imported from master codelists,Drug,standard,A10BJ_glucagon_like_peptide_1_glp_1_analogues
glp1_receptor_agonists,GLP-1 receptor agonists,drug,43291114,TRUE,dulaglutide 3 MG/ML Injection [Trulicity] Box of 4,RxNorm Extension,A10BJ_glucagon_like_peptide_1_glp_1_analogues,reviewed_seed,Imported from master codelists,Drug,standard,A10BJ_glucagon_like_peptide_1_glp_1_analogues
glp1_receptor_agonists,GLP-1 receptor agonists,drug,43291280,TRUE,liraglutide Injection [Victoza],RxNorm Extension,A10BJ_glucagon_like_peptide_1_glp_1_analogues,reviewed_seed,Imported from master codelists,Drug,standard,A10BJ_glucagon_like_peptide_1_glp_1_analogues
glp1_receptor_agonists,GLP-1 receptor agonists,drug,43291466,TRUE,3 ML liraglutide 6 MG/ML Auto-Injector [Saxenda],RxNorm Extension,A10BJ_glucagon_like_peptide_1_glp_1_analogues,reviewed_seed,Imported from master codelists,Drug,standard,A10BJ_glucagon_like_peptide_1_glp_1_analogues
glp1_receptor_agonists,GLP-1 receptor agonists,drug,43292585,TRUE,Lixisenatide Injection [Lyxumia],RxNorm Extension,A10BJ_glucagon_like_peptide_1_glp_1_analogues,reviewed_seed,Imported from master codelists,Drug,standard,A10BJ_glucagon_like_peptide_1_glp_1_analogues
glp1_receptor_agonists,GLP-1 receptor agonists,drug,43292586,TRUE,Lixisenatide 0.02 MG [Lyxumia],RxNorm Extension,A10BJ_glucagon_like_peptide_1_glp_1_analogues,reviewed_seed,Imported from master codelists,Drug,standard,A10BJ_glucagon_like_peptide_1_glp_1_analogues
glp1_receptor_agonists,GLP-1 receptor agonists,drug,43292587,TRUE,Lixisenatide 0.02 MG Injection Box of 2,RxNorm Extension,A10BJ_glucagon_like_peptide_1_glp_1_analogues,reviewed_seed,Imported from master codelists,Drug,standard,A10BJ_glucagon_like_peptide_1_glp_1_analogues
glp1_receptor_agonists,GLP-1 receptor agonists,drug,43296150,TRUE,exenatide Injection [Byetta],RxNorm Extension,A10BJ_glucagon_like_peptide_1_glp_1_analogues,reviewed_seed,Imported from master codelists,Drug,standard,A10BJ_glucagon_like_peptide_1_glp_1_analogues
glp1_receptor_agonists,GLP-1 receptor agonists,drug,43296508,TRUE,dulaglutide 3 MG/ML Injection,RxNorm Extension,A10BJ_glucagon_like_peptide_1_glp_1_analogues,reviewed_seed,Imported from master codelists,Drug,standard,A10BJ_glucagon_like_peptide_1_glp_1_analogues
glp1_receptor_agonists,GLP-1 receptor agonists,drug,43296509,TRUE,dulaglutide 3 MG/ML Injection [Trulicity],RxNorm Extension,A10BJ_glucagon_like_peptide_1_glp_1_analogues,reviewed_seed,Imported from master codelists,Drug,standard,A10BJ_glucagon_like_peptide_1_glp_1_analogues
glp1_receptor_agonists,GLP-1 receptor agonists,drug,43296674,TRUE,liraglutide 6 MG/ML Injection [Saxenda] Box of 3,RxNorm Extension,A10BJ_glucagon_like_peptide_1_glp_1_analogues,reviewed_seed,Imported from master codelists,Drug,standard,A10BJ_glucagon_like_peptide_1_glp_1_analogues
glp1_receptor_agonists,GLP-1 receptor agonists,drug,43296675,TRUE,liraglutide 6 MG/ML Auto-Injector Box of 5,RxNorm Extension,A10BJ_glucagon_like_peptide_1_glp_1_analogues,reviewed_seed,Imported from master codelists,Drug,standard,A10BJ_glucagon_like_peptide_1_glp_1_analogues
glp1_receptor_agonists,GLP-1 receptor agonists,drug,43296870,TRUE,3 ML liraglutide 6 MG/ML Injection Box of 2,RxNorm Extension,A10BJ_glucagon_like_peptide_1_glp_1_analogues,reviewed_seed,Imported from master codelists,Drug,standard,A10BJ_glucagon_like_peptide_1_glp_1_analogues
glp1_receptor_agonists,GLP-1 receptor agonists,drug,43296871,TRUE,3 ML liraglutide 6 MG/ML Injection [Saxenda] Box of 3,RxNorm Extension,A10BJ_glucagon_like_peptide_1_glp_1_analogues,reviewed_seed,Imported from master codelists,Drug,standard,A10BJ_glucagon_like_peptide_1_glp_1_analogues
glp1_receptor_agonists,GLP-1 receptor agonists,drug,43298273,TRUE,{1 (Lixisenatide 0.01 MG Injection) / 1 (Lixisenatide 0.02 MG Injection) } Pack [Lyxumia] box of 1,RxNorm Extension,A10BJ_glucagon_like_peptide_1_glp_1_analogues,reviewed_seed,Imported from master codelists,Drug,standard,A10BJ_glucagon_like_peptide_1_glp_1_analogues
glp1_receptor_agonists,GLP-1 receptor agonists,drug,43298358,TRUE,{14 (Lixisenatide 0.01 MG Injection) / 14 (Lixisenatide 0.02 MG Injection) } Pack box of 1,RxNorm Extension,A10BJ_glucagon_like_peptide_1_glp_1_analogues,reviewed_seed,Imported from master codelists,Drug,standard,A10BJ_glucagon_like_peptide_1_glp_1_analogues
glp1_receptor_agonists,GLP-1 receptor agonists,drug,43514781,TRUE,liraglutide 6 MG/ML Auto-Injector [Victoza],RxNorm Extension,A10BJ_glucagon_like_peptide_1_glp_1_analogues,reviewed_seed,Imported from master codelists,Drug,standard,A10BJ_glucagon_like_peptide_1_glp_1_analogues
glp1_receptor_agonists,GLP-1 receptor agonists,drug,43515106,TRUE,liraglutide 6 MG/ML Pen Injector Box of 3,RxNorm Extension,A10BJ_glucagon_like_peptide_1_glp_1_analogues,reviewed_seed,Imported from master codelists,Drug,standard,A10BJ_glucagon_like_peptide_1_glp_1_analogues
glp1_receptor_agonists,GLP-1 receptor agonists,drug,43515107,TRUE,liraglutide 6 MG/ML Auto-Injector Box of 3,RxNorm Extension,A10BJ_glucagon_like_peptide_1_glp_1_analogues,reviewed_seed,Imported from master codelists,Drug,standard,A10BJ_glucagon_like_peptide_1_glp_1_analogues
glp1_receptor_agonists,GLP-1 receptor agonists,drug,43515506,TRUE,liraglutide 6 MG/ML Auto-Injector Box of 2,RxNorm Extension,A10BJ_glucagon_like_peptide_1_glp_1_analogues,reviewed_seed,Imported from master codelists,Drug,standard,A10BJ_glucagon_like_peptide_1_glp_1_analogues
glp1_receptor_agonists,GLP-1 receptor agonists,drug,43515927,TRUE,liraglutide 6 MG/ML Pen Injector Box of 2,RxNorm Extension,A10BJ_glucagon_like_peptide_1_glp_1_analogues,reviewed_seed,Imported from master codelists,Drug,standard,A10BJ_glucagon_like_peptide_1_glp_1_analogues
glp1_receptor_agonists,GLP-1 receptor agonists,drug,43516277,TRUE,liraglutide Auto-Injector [Victoza],RxNorm Extension,A10BJ_glucagon_like_peptide_1_glp_1_analogues,reviewed_seed,Imported from master codelists,Drug,standard,A10BJ_glucagon_like_peptide_1_glp_1_analogues
glp1_receptor_agonists,GLP-1 receptor agonists,drug,43516319,TRUE,liraglutide 6 MG/ML Pen Injector Box of 5,RxNorm Extension,A10BJ_glucagon_like_peptide_1_glp_1_analogues,reviewed_seed,Imported from master codelists,Drug,standard,A10BJ_glucagon_like_peptide_1_glp_1_analogues
glp1_receptor_agonists,GLP-1 receptor agonists,drug,43516388,TRUE,liraglutide 6 MG/ML Injectable Solution [Saxenda] Box of 3,RxNorm Extension,A10BJ_glucagon_like_peptide_1_glp_1_analogues,reviewed_seed,Imported from master codelists,Drug,standard,A10BJ_glucagon_like_peptide_1_glp_1_analogues
glp1_receptor_agonists,GLP-1 receptor agonists,drug,43517569,TRUE,dulaglutide 3 MG/ML Auto-Injector Box of 4,RxNorm Extension,A10BJ_glucagon_like_peptide_1_glp_1_analogues,reviewed_seed,Imported from master codelists,Drug,standard,A10BJ_glucagon_like_peptide_1_glp_1_analogues
glp1_receptor_agonists,GLP-1 receptor agonists,drug,43518166,TRUE,3 ML liraglutide 6 MG/ML Pen Injector Box of 5,RxNorm Extension,A10BJ_glucagon_like_peptide_1_glp_1_analogues,reviewed_seed,Imported from master codelists,Drug,standard,A10BJ_glucagon_like_peptide_1_glp_1_analogues
glp1_receptor_agonists,GLP-1 receptor agonists,drug,43518175,TRUE,3 ML liraglutide 6 MG/ML Auto-Injector Box of 3,RxNorm Extension,A10BJ_glucagon_like_peptide_1_glp_1_analogues,reviewed_seed,Imported from master codelists,Drug,standard,A10BJ_glucagon_like_peptide_1_glp_1_analogues
glp1_receptor_agonists,GLP-1 receptor agonists,drug,43518181,TRUE,3 ML liraglutide 6 MG/ML Auto-Injector [Victoza],RxNorm Extension,A10BJ_glucagon_like_peptide_1_glp_1_analogues,reviewed_seed,Imported from master codelists,Drug,standard,A10BJ_glucagon_like_peptide_1_glp_1_analogues
glp1_receptor_agonists,GLP-1 receptor agonists,drug,43518182,TRUE,3 ML liraglutide 6 MG/ML Injectable Solution [Saxenda] Box of 3,RxNorm Extension,A10BJ_glucagon_like_peptide_1_glp_1_analogues,reviewed_seed,Imported from master codelists,Drug,standard,A10BJ_glucagon_like_peptide_1_glp_1_analogues
glp1_receptor_agonists,GLP-1 receptor agonists,drug,43518191,TRUE,3 ML liraglutide 6 MG/ML Pen Injector Box of 3,RxNorm Extension,A10BJ_glucagon_like_peptide_1_glp_1_analogues,reviewed_seed,Imported from master codelists,Drug,standard,A10BJ_glucagon_like_peptide_1_glp_1_analogues
glp1_receptor_agonists,GLP-1 receptor agonists,drug,43518207,TRUE,3 ML liraglutide 6 MG/ML Pen Injector Box of 2,RxNorm Extension,A10BJ_glucagon_like_peptide_1_glp_1_analogues,reviewed_seed,Imported from master codelists,Drug,standard,A10BJ_glucagon_like_peptide_1_glp_1_analogues
glp1_receptor_agonists,GLP-1 receptor agonists,drug,43518250,TRUE,3 ML liraglutide 6 MG/ML Auto-Injector Box of 2,RxNorm Extension,A10BJ_glucagon_like_peptide_1_glp_1_analogues,reviewed_seed,Imported from master codelists,Drug,standard,A10BJ_glucagon_like_peptide_1_glp_1_analogues
glp1_receptor_agonists,GLP-1 receptor agonists,drug,43519173,TRUE,0.5 ML dulaglutide 3 MG/ML Auto-Injector Box of 4,RxNorm Extension,A10BJ_glucagon_like_peptide_1_glp_1_analogues,reviewed_seed,Imported from master codelists,Drug,standard,A10BJ_glucagon_like_peptide_1_glp_1_analogues
glp1_receptor_agonists,GLP-1 receptor agonists,drug,43522691,TRUE,{14 (Lixisenatide 0.01 MG Injection) / 14 (Lixisenatide 0.02 MG Injection) } Pack [Lyxumia],RxNorm Extension,A10BJ_glucagon_like_peptide_1_glp_1_analogues,reviewed_seed,Imported from master codelists,Drug,standard,A10BJ_glucagon_like_peptide_1_glp_1_analogues
glp1_receptor_agonists,GLP-1 receptor agonists,drug,43522916,TRUE,{14 (Lixisenatide 0.01 MG Injection) / 14 (Lixisenatide 0.02 MG Injection) } Pack [Lyxumia] box of 1,RxNorm Extension,A10BJ_glucagon_like_peptide_1_glp_1_analogues,reviewed_seed,Imported from master codelists,Drug,standard,A10BJ_glucagon_like_peptide_1_glp_1_analogues
glp1_receptor_agonists,GLP-1 receptor agonists,drug,44029890,TRUE,dulaglutide Injectable Solution,RxNorm Extension,A10BJ_glucagon_like_peptide_1_glp_1_analogues,reviewed_seed,Imported from master codelists,Drug,standard,A10BJ_glucagon_like_peptide_1_glp_1_analogues
glp1_receptor_agonists,GLP-1 receptor agonists,drug,44032735,TRUE,exenatide 2 MG Injectable Suspension,RxNorm Extension,A10BJ_glucagon_like_peptide_1_glp_1_analogues,reviewed_seed,Imported from master codelists,Drug,standard,A10BJ_glucagon_like_peptide_1_glp_1_analogues
glp1_receptor_agonists,GLP-1 receptor agonists,drug,44034733,TRUE,dulaglutide 3 MG/ML Injectable Solution [Trulicity],RxNorm Extension,A10BJ_glucagon_like_peptide_1_glp_1_analogues,reviewed_seed,Imported from master codelists,Drug,standard,A10BJ_glucagon_like_peptide_1_glp_1_analogues
glp1_receptor_agonists,GLP-1 receptor agonists,drug,44044006,TRUE,liraglutide Injectable Solution [Saxenda],RxNorm Extension,A10BJ_glucagon_like_peptide_1_glp_1_analogues,reviewed_seed,Imported from master codelists,Drug,standard,A10BJ_glucagon_like_peptide_1_glp_1_analogues
glp1_receptor_agonists,GLP-1 receptor agonists,drug,44045768,TRUE,dulaglutide 1.5 MG/ML Injectable Solution,RxNorm Extension,A10BJ_glucagon_like_peptide_1_glp_1_analogues,reviewed_seed,Imported from master codelists,Drug,standard,A10BJ_glucagon_like_peptide_1_glp_1_analogues
glp1_receptor_agonists,GLP-1 receptor agonists,drug,44057212,TRUE,exenatide Injectable Solution [Byetta],RxNorm Extension,A10BJ_glucagon_like_peptide_1_glp_1_analogues,reviewed_seed,Imported from master codelists,Drug,standard,A10BJ_glucagon_like_peptide_1_glp_1_analogues
glp1_receptor_agonists,GLP-1 receptor agonists,drug,44057249,TRUE,dulaglutide Injectable Solution [Trulicity],RxNorm Extension,A10BJ_glucagon_like_peptide_1_glp_1_analogues,reviewed_seed,Imported from master codelists,Drug,standard,A10BJ_glucagon_like_peptide_1_glp_1_analogues
glp1_receptor_agonists,GLP-1 receptor agonists,drug,44058730,TRUE,exenatide 0.25 MG/ML Injectable Solution,RxNorm Extension,A10BJ_glucagon_like_peptide_1_glp_1_analogues,reviewed_seed,Imported from master codelists,Drug,standard,A10BJ_glucagon_like_peptide_1_glp_1_analogues
glp1_receptor_agonists,GLP-1 receptor agonists,drug,44073200,TRUE,liraglutide 6 MG/ML Injectable Solution [Saxenda],RxNorm Extension,A10BJ_glucagon_like_peptide_1_glp_1_analogues,reviewed_seed,Imported from master codelists,Drug,standard,A10BJ_glucagon_like_peptide_1_glp_1_analogues
glp1_receptor_agonists,GLP-1 receptor agonists,drug,44075912,TRUE,liraglutide 6 MG/ML Injectable Solution [Saxenda] by Novo Nordisk,RxNorm Extension,A10BJ_glucagon_like_peptide_1_glp_1_analogues,reviewed_seed,Imported from master codelists,Drug,standard,A10BJ_glucagon_like_peptide_1_glp_1_analogues
glp1_receptor_agonists,GLP-1 receptor agonists,drug,44081621,TRUE,exenatide Injectable Solution,RxNorm Extension,A10BJ_glucagon_like_peptide_1_glp_1_analogues,reviewed_seed,Imported from master codelists,Drug,standard,A10BJ_glucagon_like_peptide_1_glp_1_analogues
glp1_receptor_agonists,GLP-1 receptor agonists,drug,44086104,TRUE,liraglutide 6 MG/ML Injectable Solution [Victoza],RxNorm Extension,A10BJ_glucagon_like_peptide_1_glp_1_analogues,reviewed_seed,Imported from master codelists,Drug,standard,A10BJ_glucagon_like_peptide_1_glp_1_analogues
glp1_receptor_agonists,GLP-1 receptor agonists,drug,44086432,TRUE,exenatide 2 MG Injectable Suspension [Bydureon],RxNorm Extension,A10BJ_glucagon_like_peptide_1_glp_1_analogues,reviewed_seed,Imported from master codelists,Drug,standard,A10BJ_glucagon_like_peptide_1_glp_1_analogues
glp1_receptor_agonists,GLP-1 receptor agonists,drug,44094514,TRUE,liraglutide Injectable Solution,RxNorm Extension,A10BJ_glucagon_like_peptide_1_glp_1_analogues,reviewed_seed,Imported from master codelists,Drug,standard,A10BJ_glucagon_like_peptide_1_glp_1_analogues
glp1_receptor_agonists,GLP-1 receptor agonists,drug,44101797,TRUE,liraglutide 6 MG/ML Injectable Solution [Victoza] by Novo Nordisk,RxNorm Extension,A10BJ_glucagon_like_peptide_1_glp_1_analogues,reviewed_seed,Imported from master codelists,Drug,standard,A10BJ_glucagon_like_peptide_1_glp_1_analogues
glp1_receptor_agonists,GLP-1 receptor agonists,drug,44115142,TRUE,exenatide 2 MG Injectable Suspension [Bydureon] by Astrazeneca,RxNorm Extension,A10BJ_glucagon_like_peptide_1_glp_1_analogues,reviewed_seed,Imported from master codelists,Drug,standard,A10BJ_glucagon_like_peptide_1_glp_1_analogues
glp1_receptor_agonists,GLP-1 receptor agonists,drug,44115143,TRUE,exenatide 0.25 MG/ML Injectable Solution [Byetta] by Astrazeneca,RxNorm Extension,A10BJ_glucagon_like_peptide_1_glp_1_analogues,reviewed_seed,Imported from master codelists,Drug,standard,A10BJ_glucagon_like_peptide_1_glp_1_analogues
glp1_receptor_agonists,GLP-1 receptor agonists,drug,44121622,TRUE,liraglutide Injectable Solution [Victoza],RxNorm Extension,A10BJ_glucagon_like_peptide_1_glp_1_analogues,reviewed_seed,Imported from master codelists,Drug,standard,A10BJ_glucagon_like_peptide_1_glp_1_analogues
glp1_receptor_agonists,GLP-1 receptor agonists,drug,44123182,TRUE,liraglutide 6 MG/ML Injectable Solution,RxNorm Extension,A10BJ_glucagon_like_peptide_1_glp_1_analogues,reviewed_seed,Imported from master codelists,Drug,standard,A10BJ_glucagon_like_peptide_1_glp_1_analogues
glp1_receptor_agonists,GLP-1 receptor agonists,drug,44123449,TRUE,dulaglutide 3 MG/ML Injectable Solution,RxNorm Extension,A10BJ_glucagon_like_peptide_1_glp_1_analogues,reviewed_seed,Imported from master codelists,Drug,standard,A10BJ_glucagon_like_peptide_1_glp_1_analogues
glp1_receptor_agonists,GLP-1 receptor agonists,drug,44125349,TRUE,exenatide 0.25 MG/ML Injectable Solution [Byetta],RxNorm Extension,A10BJ_glucagon_like_peptide_1_glp_1_analogues,reviewed_seed,Imported from master codelists,Drug,standard,A10BJ_glucagon_like_peptide_1_glp_1_analogues
glp1_receptor_agonists,GLP-1 receptor agonists,drug,44125432,TRUE,dulaglutide 1.5 MG/ML Injectable Solution [Trulicity],RxNorm Extension,A10BJ_glucagon_like_peptide_1_glp_1_analogues,reviewed_seed,Imported from master codelists,Drug,standard,A10BJ_glucagon_like_peptide_1_glp_1_analogues
glp1_receptor_agonists,GLP-1 receptor agonists,drug,44132541,TRUE,0.5 ML dulaglutide 3 MG/ML Injectable Solution [Trulicity],RxNorm Extension,A10BJ_glucagon_like_peptide_1_glp_1_analogues,reviewed_seed,Imported from master codelists,Drug,standard,A10BJ_glucagon_like_peptide_1_glp_1_analogues
glp1_receptor_agonists,GLP-1 receptor agonists,drug,44132557,TRUE,0.5 ML dulaglutide 1.5 MG/ML Injectable Solution [Trulicity] by Lilly,RxNorm Extension,A10BJ_glucagon_like_peptide_1_glp_1_analogues,reviewed_seed,Imported from master codelists,Drug,standard,A10BJ_glucagon_like_peptide_1_glp_1_analogues
glp1_receptor_agonists,GLP-1 receptor agonists,drug,44132613,TRUE,0.5 ML dulaglutide 3 MG/ML Injectable Solution,RxNorm Extension,A10BJ_glucagon_like_peptide_1_glp_1_analogues,reviewed_seed,Imported from master codelists,Drug,standard,A10BJ_glucagon_like_peptide_1_glp_1_analogues
glp1_receptor_agonists,GLP-1 receptor agonists,drug,44132678,TRUE,0.5 ML dulaglutide 1.5 MG/ML Injectable Solution [Trulicity],RxNorm Extension,A10BJ_glucagon_like_peptide_1_glp_1_analogues,reviewed_seed,Imported from master codelists,Drug,standard,A10BJ_glucagon_like_peptide_1_glp_1_analogues
glp1_receptor_agonists,GLP-1 receptor agonists,drug,44132731,TRUE,0.5 ML dulaglutide 3 MG/ML Injectable Solution [Trulicity] by Lilly,RxNorm Extension,A10BJ_glucagon_like_peptide_1_glp_1_analogues,reviewed_seed,Imported from master codelists,Drug,standard,A10BJ_glucagon_like_peptide_1_glp_1_analogues
glp1_receptor_agonists,GLP-1 receptor agonists,drug,44132783,TRUE,0.5 ML dulaglutide 1.5 MG/ML Injectable Solution,RxNorm Extension,A10BJ_glucagon_like_peptide_1_glp_1_analogues,reviewed_seed,Imported from master codelists,Drug,standard,A10BJ_glucagon_like_peptide_1_glp_1_analogues
glp1_receptor_agonists,GLP-1 receptor agonists,drug,44160058,TRUE,exenatide 2 MG Injection [Bydureon] Box of 12 by Astrazeneca,RxNorm Extension,A10BJ_glucagon_like_peptide_1_glp_1_analogues,reviewed_seed,Imported from master codelists,Drug,standard,A10BJ_glucagon_like_peptide_1_glp_1_analogues
glp1_receptor_agonists,GLP-1 receptor agonists,drug,44163833,TRUE,exenatide 2 MG Injection [Bydureon] Box of 4 by Lilly,RxNorm Extension,A10BJ_glucagon_like_peptide_1_glp_1_analogues,reviewed_seed,Imported from master codelists,Drug,standard,A10BJ_glucagon_like_peptide_1_glp_1_analogues
glp1_receptor_agonists,GLP-1 receptor agonists,drug,44191312,TRUE,3 ML Lixisenatide 0.05 MG/ML Prefilled Syringe [Lyxumia] Box of 1 by Sanofi,RxNorm Extension,A10BJ_glucagon_like_peptide_1_glp_1_analogues,reviewed_seed,Imported from master codelists,Drug,standard,A10BJ_glucagon_like_peptide_1_glp_1_analogues
glp1_receptor_agonists,GLP-1 receptor agonists,drug,44197072,TRUE,0.5 ML dulaglutide 3 MG/ML Prefilled Syringe [Trulicity] Box of 12 by European,RxNorm Extension,A10BJ_glucagon_like_peptide_1_glp_1_analogues,reviewed_seed,Imported from master codelists,Drug,standard,A10BJ_glucagon_like_peptide_1_glp_1_analogues
glp1_receptor_agonists,GLP-1 receptor agonists,drug,44197110,TRUE,0.5 ML dulaglutide 3 MG/ML Prefilled Syringe [Trulicity] Box of 12 by Lilly,RxNorm Extension,A10BJ_glucagon_like_peptide_1_glp_1_analogues,reviewed_seed,Imported from master codelists,Drug,standard,A10BJ_glucagon_like_peptide_1_glp_1_analogues
glp1_receptor_agonists,GLP-1 receptor agonists,drug,44197111,TRUE,0.5 ML dulaglutide 3 MG/ML Injectable Solution [Trulicity] Box of 4 by European,RxNorm Extension,A10BJ_glucagon_like_peptide_1_glp_1_analogues,reviewed_seed,Imported from master codelists,Drug,standard,A10BJ_glucagon_like_peptide_1_glp_1_analogues
glp1_receptor_agonists,GLP-1 receptor agonists,drug,44197135,TRUE,0.5 ML dulaglutide 3 MG/ML Injectable Solution [Trulicity] Box of 12 by European,RxNorm Extension,A10BJ_glucagon_like_peptide_1_glp_1_analogues,reviewed_seed,Imported from master codelists,Drug,standard,A10BJ_glucagon_like_peptide_1_glp_1_analogues
glp1_receptor_agonists,GLP-1 receptor agonists,drug,44197136,TRUE,0.5 ML dulaglutide 3 MG/ML Prefilled Syringe [Trulicity] Box of 4 by European,RxNorm Extension,A10BJ_glucagon_like_peptide_1_glp_1_analogues,reviewed_seed,Imported from master codelists,Drug,standard,A10BJ_glucagon_like_peptide_1_glp_1_analogues
glp1_receptor_agonists,GLP-1 receptor agonists,drug,44197191,TRUE,0.5 ML dulaglutide 3 MG/ML Prefilled Syringe [Trulicity] Box of 12 by Cc,RxNorm Extension,A10BJ_glucagon_like_peptide_1_glp_1_analogues,reviewed_seed,Imported from master codelists,Drug,standard,A10BJ_glucagon_like_peptide_1_glp_1_analogues
glp1_receptor_agonists,GLP-1 receptor agonists,drug,44197236,TRUE,0.5 ML dulaglutide 1.5 MG/ML Prefilled Syringe [Trulicity] Box of 4 by European,RxNorm Extension,A10BJ_glucagon_like_peptide_1_glp_1_analogues,reviewed_seed,Imported from master codelists,Drug,standard,A10BJ_glucagon_like_peptide_1_glp_1_analogues
glp1_receptor_agonists,GLP-1 receptor agonists,drug,44197346,TRUE,1.2 ML exenatide 0.25 MG/ML Prefilled Syringe [Byetta] Box of 1 by Lilly,RxNorm Extension,A10BJ_glucagon_like_peptide_1_glp_1_analogues,reviewed_seed,Imported from master codelists,Drug,standard,A10BJ_glucagon_like_peptide_1_glp_1_analogues
glp1_receptor_agonists,GLP-1 receptor agonists,drug,44198914,TRUE,2.4 ML exenatide 0.25 MG/ML Prefilled Syringe [Byetta] Box of 1 by Astrazeneca,RxNorm Extension,A10BJ_glucagon_like_peptide_1_glp_1_analogues,reviewed_seed,Imported from master codelists,Drug,standard,A10BJ_glucagon_like_peptide_1_glp_1_analogues
glp1_receptor_agonists,GLP-1 receptor agonists,drug,44198918,TRUE,2.4 ML exenatide 0.25 MG/ML Prefilled Syringe [Byetta] Box of 3 by Lilly,RxNorm Extension,A10BJ_glucagon_like_peptide_1_glp_1_analogues,reviewed_seed,Imported from master codelists,Drug,standard,A10BJ_glucagon_like_peptide_1_glp_1_analogues
glp1_receptor_agonists,GLP-1 receptor agonists,drug,44198919,TRUE,2.4 ML exenatide 0.25 MG/ML Prefilled Syringe [Byetta] Box of 1 by Cc,RxNorm Extension,A10BJ_glucagon_like_peptide_1_glp_1_analogues,reviewed_seed,Imported from master codelists,Drug,standard,A10BJ_glucagon_like_peptide_1_glp_1_analogues
glp1_receptor_agonists,GLP-1 receptor agonists,drug,44506518,TRUE,lixisenatide 0.1 MG/ML,RxNorm,A10BJ_glucagon_like_peptide_1_glp_1_analogues,reviewed_seed,Imported from master codelists,Drug,standard,A10BJ_glucagon_like_peptide_1_glp_1_analogues
glp1_receptor_agonists,GLP-1 receptor agonists,drug,44506520,TRUE,lixisenatide 0.05 MG/ML,RxNorm,A10BJ_glucagon_like_peptide_1_glp_1_analogues,reviewed_seed,Imported from master codelists,Drug,standard,A10BJ_glucagon_like_peptide_1_glp_1_analogues
glp1_receptor_agonists,GLP-1 receptor agonists,drug,44506754,TRUE,lixisenatide,RxNorm,A10BJ_glucagon_like_peptide_1_glp_1_analogues,reviewed_seed,Imported from master codelists,Drug,standard,A10BJ_glucagon_like_peptide_1_glp_1_analogues
glp1_receptor_agonists,GLP-1 receptor agonists,drug,44816083,TRUE,albiglutide 60 MG/ML,RxNorm,A10BJ_glucagon_like_peptide_1_glp_1_analogues,reviewed_seed,Imported from master codelists,Drug,standard,A10BJ_glucagon_like_peptide_1_glp_1_analogues
glp1_receptor_agonists,GLP-1 receptor agonists,drug,44816086,TRUE,albiglutide 60 MG/ML [Tanzeum],RxNorm,A10BJ_glucagon_like_peptide_1_glp_1_analogues,reviewed_seed,Imported from master codelists,Drug,standard,A10BJ_glucagon_like_peptide_1_glp_1_analogues
glp1_receptor_agonists,GLP-1 receptor agonists,drug,44816093,TRUE,albiglutide 100 MG/ML,RxNorm,A10BJ_glucagon_like_peptide_1_glp_1_analogues,reviewed_seed,Imported from master codelists,Drug,standard,A10BJ_glucagon_like_peptide_1_glp_1_analogues
glp1_receptor_agonists,GLP-1 receptor agonists,drug,44816094,TRUE,albiglutide 100 MG/ML [Tanzeum],RxNorm,A10BJ_glucagon_like_peptide_1_glp_1_analogues,reviewed_seed,Imported from master codelists,Drug,standard,A10BJ_glucagon_like_peptide_1_glp_1_analogues
glp1_receptor_agonists,GLP-1 receptor agonists,drug,44816273,TRUE,0.5 ML albiglutide 60 MG/ML Pen Injector,RxNorm,A10BJ_glucagon_like_peptide_1_glp_1_analogues,reviewed_seed,Imported from master codelists,Drug,standard,A10BJ_glucagon_like_peptide_1_glp_1_analogues
glp1_receptor_agonists,GLP-1 receptor agonists,drug,44816274,TRUE,0.5 ML albiglutide 60 MG/ML Pen Injector [Tanzeum],RxNorm,A10BJ_glucagon_like_peptide_1_glp_1_analogues,reviewed_seed,Imported from master codelists,Drug,standard,A10BJ_glucagon_like_peptide_1_glp_1_analogues
glp1_receptor_agonists,GLP-1 receptor agonists,drug,44816275,TRUE,albiglutide 60 MG/ML Pen Injector,RxNorm,A10BJ_glucagon_like_peptide_1_glp_1_analogues,reviewed_seed,Imported from master codelists,Drug,standard,A10BJ_glucagon_like_peptide_1_glp_1_analogues
glp1_receptor_agonists,GLP-1 receptor agonists,drug,44816276,TRUE,albiglutide 60 MG/ML Pen Injector [Tanzeum],RxNorm,A10BJ_glucagon_like_peptide_1_glp_1_analogues,reviewed_seed,Imported from master codelists,Drug,standard,A10BJ_glucagon_like_peptide_1_glp_1_analogues
glp1_receptor_agonists,GLP-1 receptor agonists,drug,44816282,TRUE,0.5 ML albiglutide 100 MG/ML Pen Injector,RxNorm,A10BJ_glucagon_like_peptide_1_glp_1_analogues,reviewed_seed,Imported from master codelists,Drug,standard,A10BJ_glucagon_like_peptide_1_glp_1_analogues
glp1_receptor_agonists,GLP-1 receptor agonists,drug,44816283,TRUE,0.5 ML albiglutide 100 MG/ML Pen Injector [Tanzeum],RxNorm,A10BJ_glucagon_like_peptide_1_glp_1_analogues,reviewed_seed,Imported from master codelists,Drug,standard,A10BJ_glucagon_like_peptide_1_glp_1_analogues
glp1_receptor_agonists,GLP-1 receptor agonists,drug,44816284,TRUE,albiglutide 100 MG/ML Pen Injector,RxNorm,A10BJ_glucagon_like_peptide_1_glp_1_analogues,reviewed_seed,Imported from master codelists,Drug,standard,A10BJ_glucagon_like_peptide_1_glp_1_analogues
glp1_receptor_agonists,GLP-1 receptor agonists,drug,44816285,TRUE,albiglutide 100 MG/ML Pen Injector [Tanzeum],RxNorm,A10BJ_glucagon_like_peptide_1_glp_1_analogues,reviewed_seed,Imported from master codelists,Drug,standard,A10BJ_glucagon_like_peptide_1_glp_1_analogues
glp1_receptor_agonists,GLP-1 receptor agonists,drug,44816332,TRUE,albiglutide,RxNorm,A10BJ_glucagon_like_peptide_1_glp_1_analogues,reviewed_seed,Imported from master codelists,Drug,standard,A10BJ_glucagon_like_peptide_1_glp_1_analogues
glp1_receptor_agonists,GLP-1 receptor agonists,drug,45774435,TRUE,dulaglutide,RxNorm,A10BJ_glucagon_like_peptide_1_glp_1_analogues,reviewed_seed,Imported from master codelists,Drug,standard,A10BJ_glucagon_like_peptide_1_glp_1_analogues
glp1_receptor_agonists,GLP-1 receptor agonists,drug,45774436,TRUE,dulaglutide 1.5 MG/ML,RxNorm,A10BJ_glucagon_like_peptide_1_glp_1_analogues,reviewed_seed,Imported from master codelists,Drug,standard,A10BJ_glucagon_like_peptide_1_glp_1_analogues
glp1_receptor_agonists,GLP-1 receptor agonists,drug,45774438,TRUE,0.5 ML dulaglutide 1.5 MG/ML Auto-Injector,RxNorm,A10BJ_glucagon_like_peptide_1_glp_1_analogues,reviewed_seed,Imported from master codelists,Drug,standard,A10BJ_glucagon_like_peptide_1_glp_1_analogues
glp1_receptor_agonists,GLP-1 receptor agonists,drug,45774440,TRUE,dulaglutide 1.5 MG/ML [Trulicity],RxNorm,A10BJ_glucagon_like_peptide_1_glp_1_analogues,reviewed_seed,Imported from master codelists,Drug,standard,A10BJ_glucagon_like_peptide_1_glp_1_analogues
glp1_receptor_agonists,GLP-1 receptor agonists,drug,45774442,TRUE,0.5 ML dulaglutide 1.5 MG/ML Auto-Injector [Trulicity],RxNorm,A10BJ_glucagon_like_peptide_1_glp_1_analogues,reviewed_seed,Imported from master codelists,Drug,standard,A10BJ_glucagon_like_peptide_1_glp_1_analogues
glp1_receptor_agonists,GLP-1 receptor agonists,drug,45774443,TRUE,dulaglutide 1.5 MG/ML Auto-Injector,RxNorm,A10BJ_glucagon_like_peptide_1_glp_1_analogues,reviewed_seed,Imported from master codelists,Drug,standard,A10BJ_glucagon_like_peptide_1_glp_1_analogues
glp1_receptor_agonists,GLP-1 receptor agonists,drug,45774444,TRUE,dulaglutide 1.5 MG/ML Auto-Injector [Trulicity],RxNorm,A10BJ_glucagon_like_peptide_1_glp_1_analogues,reviewed_seed,Imported from master codelists,Drug,standard,A10BJ_glucagon_like_peptide_1_glp_1_analogues
glp1_receptor_agonists,GLP-1 receptor agonists,drug,45774445,TRUE,dulaglutide 3 MG/ML,RxNorm,A10BJ_glucagon_like_peptide_1_glp_1_analogues,reviewed_seed,Imported from master codelists,Drug,standard,A10BJ_glucagon_like_peptide_1_glp_1_analogues
glp1_receptor_agonists,GLP-1 receptor agonists,drug,45774446,TRUE,0.5 ML dulaglutide 3 MG/ML Auto-Injector,RxNorm,A10BJ_glucagon_like_peptide_1_glp_1_analogues,reviewed_seed,Imported from master codelists,Drug,standard,A10BJ_glucagon_like_peptide_1_glp_1_analogues
glp1_receptor_agonists,GLP-1 receptor agonists,drug,45774447,TRUE,dulaglutide 3 MG/ML [Trulicity],RxNorm,A10BJ_glucagon_like_peptide_1_glp_1_analogues,reviewed_seed,Imported from master codelists,Drug,standard,A10BJ_glucagon_like_peptide_1_glp_1_analogues
glp1_receptor_agonists,GLP-1 receptor agonists,drug,45774448,TRUE,0.5 ML dulaglutide 3 MG/ML Auto-Injector [Trulicity],RxNorm,A10BJ_glucagon_like_peptide_1_glp_1_analogues,reviewed_seed,Imported from master codelists,Drug,standard,A10BJ_glucagon_like_peptide_1_glp_1_analogues
glp1_receptor_agonists,GLP-1 receptor agonists,drug,45774449,TRUE,dulaglutide 3 MG/ML Auto-Injector,RxNorm,A10BJ_glucagon_like_peptide_1_glp_1_analogues,reviewed_seed,Imported from master codelists,Drug,standard,A10BJ_glucagon_like_peptide_1_glp_1_analogues
glp1_receptor_agonists,GLP-1 receptor agonists,drug,45774450,TRUE,dulaglutide 3 MG/ML Auto-Injector [Trulicity],RxNorm,A10BJ_glucagon_like_peptide_1_glp_1_analogues,reviewed_seed,Imported from master codelists,Drug,standard,A10BJ_glucagon_like_peptide_1_glp_1_analogues
glp1_receptor_agonists,GLP-1 receptor agonists,drug,45774531,TRUE,0.65 ML exenatide 3.08 MG/ML Pen Injector,RxNorm,A10BJ_glucagon_like_peptide_1_glp_1_analogues,reviewed_seed,Imported from master codelists,Drug,standard,A10BJ_glucagon_like_peptide_1_glp_1_analogues
glp1_receptor_agonists,GLP-1 receptor agonists,drug,45774533,TRUE,0.65 ML exenatide 3.08 MG/ML Pen Injector [Bydureon],RxNorm,A10BJ_glucagon_like_peptide_1_glp_1_analogues,reviewed_seed,Imported from master codelists,Drug,standard,A10BJ_glucagon_like_peptide_1_glp_1_analogues
glp1_receptor_agonists,GLP-1 receptor agonists,drug,45774534,TRUE,exenatide 3.08 MG/ML Pen Injector,RxNorm,A10BJ_glucagon_like_peptide_1_glp_1_analogues,reviewed_seed,Imported from master codelists,Drug,standard,A10BJ_glucagon_like_peptide_1_glp_1_analogues
glp1_receptor_agonists,GLP-1 receptor agonists,drug,45774535,TRUE,exenatide 3.08 MG/ML Pen Injector [Bydureon],RxNorm,A10BJ_glucagon_like_peptide_1_glp_1_analogues,reviewed_seed,Imported from master codelists,Drug,standard,A10BJ_glucagon_like_peptide_1_glp_1_analogues
glp1_receptor_agonists,GLP-1 receptor agonists,drug,45892684,TRUE,liraglutide 6 MG/ML [Saxenda],RxNorm,A10BJ_glucagon_like_peptide_1_glp_1_analogues,reviewed_seed,Imported from master codelists,Drug,standard,A10BJ_glucagon_like_peptide_1_glp_1_analogues
glp1_receptor_agonists,GLP-1 receptor agonists,drug,45892686,TRUE,3 ML liraglutide 6 MG/ML Pen Injector [Saxenda],RxNorm,A10BJ_glucagon_like_peptide_1_glp_1_analogues,reviewed_seed,Imported from master codelists,Drug,standard,A10BJ_glucagon_like_peptide_1_glp_1_analogues
glp1_receptor_agonists,GLP-1 receptor agonists,drug,45892687,TRUE,liraglutide 6 MG/ML Pen Injector [Saxenda],RxNorm,A10BJ_glucagon_like_peptide_1_glp_1_analogues,reviewed_seed,Imported from master codelists,Drug,standard,A10BJ_glucagon_like_peptide_1_glp_1_analogues
glp1_receptor_agonists,GLP-1 receptor agonists,drug,46234110,TRUE,liraglutide Pen Injector,RxNorm,A10BJ_glucagon_like_peptide_1_glp_1_analogues,reviewed_seed,Imported from master codelists,Drug,standard,A10BJ_glucagon_like_peptide_1_glp_1_analogues
glp1_receptor_agonists,GLP-1 receptor agonists,drug,46234111,TRUE,liraglutide Pen Injector [Victoza],RxNorm,A10BJ_glucagon_like_peptide_1_glp_1_analogues,reviewed_seed,Imported from master codelists,Drug,standard,A10BJ_glucagon_like_peptide_1_glp_1_analogues
glp1_receptor_agonists,GLP-1 receptor agonists,drug,46234112,TRUE,liraglutide Pen Injector [Saxenda],RxNorm,A10BJ_glucagon_like_peptide_1_glp_1_analogues,reviewed_seed,Imported from master codelists,Drug,standard,A10BJ_glucagon_like_peptide_1_glp_1_analogues
glp1_receptor_agonists,GLP-1 receptor agonists,drug,46234116,TRUE,exenatide 2 MG,RxNorm,A10BJ_glucagon_like_peptide_1_glp_1_analogues,reviewed_seed,Imported from master codelists,Drug,standard,A10BJ_glucagon_like_peptide_1_glp_1_analogues
glp1_receptor_agonists,GLP-1 receptor agonists,drug,46234117,TRUE,exenatide Injection,RxNorm,A10BJ_glucagon_like_peptide_1_glp_1_analogues,reviewed_seed,Imported from master codelists,Drug,standard,A10BJ_glucagon_like_peptide_1_glp_1_analogues
glp1_receptor_agonists,GLP-1 receptor agonists,drug,46234118,TRUE,exenatide 2 MG [Bydureon],RxNorm,A10BJ_glucagon_like_peptide_1_glp_1_analogues,reviewed_seed,Imported from master codelists,Drug,standard,A10BJ_glucagon_like_peptide_1_glp_1_analogues
glp1_receptor_agonists,GLP-1 receptor agonists,drug,46234119,TRUE,exenatide Injection [Bydureon],RxNorm,A10BJ_glucagon_like_peptide_1_glp_1_analogues,reviewed_seed,Imported from master codelists,Drug,standard,A10BJ_glucagon_like_peptide_1_glp_1_analogues
glp1_receptor_agonists,GLP-1 receptor agonists,drug,46234120,TRUE,exenatide Pen Injector,RxNorm,A10BJ_glucagon_like_peptide_1_glp_1_analogues,reviewed_seed,Imported from master codelists,Drug,standard,A10BJ_glucagon_like_peptide_1_glp_1_analogues
glp1_receptor_agonists,GLP-1 receptor agonists,drug,46234121,TRUE,exenatide Pen Injector [Bydureon],RxNorm,A10BJ_glucagon_like_peptide_1_glp_1_analogues,reviewed_seed,Imported from master codelists,Drug,standard,A10BJ_glucagon_like_peptide_1_glp_1_analogues
glp1_receptor_agonists,GLP-1 receptor agonists,drug,46234122,TRUE,exenatide Pen Injector [Byetta],RxNorm,A10BJ_glucagon_like_peptide_1_glp_1_analogues,reviewed_seed,Imported from master codelists,Drug,standard,A10BJ_glucagon_like_peptide_1_glp_1_analogues
glp1_receptor_agonists,GLP-1 receptor agonists,drug,46234470,TRUE,dulaglutide Auto-Injector,RxNorm,A10BJ_glucagon_like_peptide_1_glp_1_analogues,reviewed_seed,Imported from master codelists,Drug,standard,A10BJ_glucagon_like_peptide_1_glp_1_analogues
glp1_receptor_agonists,GLP-1 receptor agonists,drug,46234471,TRUE,dulaglutide Auto-Injector [Trulicity],RxNorm,A10BJ_glucagon_like_peptide_1_glp_1_analogues,reviewed_seed,Imported from master codelists,Drug,standard,A10BJ_glucagon_like_peptide_1_glp_1_analogues
glp1_receptor_agonists,GLP-1 receptor agonists,drug,46275422,TRUE,albiglutide Pen Injector,RxNorm,A10BJ_glucagon_like_peptide_1_glp_1_analogues,reviewed_seed,Imported from master codelists,Drug,standard,A10BJ_glucagon_like_peptide_1_glp_1_analogues
glp1_receptor_agonists,GLP-1 receptor agonists,drug,46275423,TRUE,albiglutide Pen Injector [Tanzeum],RxNorm,A10BJ_glucagon_like_peptide_1_glp_1_analogues,reviewed_seed,Imported from master codelists,Drug,standard,A10BJ_glucagon_like_peptide_1_glp_1_analogues
