cohort_name,cohort_label,cohort_domain,concept_id,include_descendants,concept_name,vocabulary_id,concept_code,review_status,phenotype_note,domain_id,standard_concept,condition
myopathy,Myopathy,condition,72413,FALSE,Nontraumatic rupture of muscle,SNOMED,Myopathy_difference,reviewed_seed,Imported from master codelists,Condition,standard,Myopathy_difference
myopathy,Myopathy,condition,73184,FALSE,Familial periodic paralysis,SNOMED,Myopathy_difference,reviewed_seed,Imported from master codelists,Condition,standard,Myopathy_difference
myopathy,Myopathy,condition,75356,FALSE,Congenital anomaly of sternocleidomastoid muscle,SNOMED,Myopathy_difference,reviewed_seed,Imported from master codelists,Condition,standard,Myopathy_difference
myopathy,Myopathy,condition,75804,FALSE,Congenital myotonic dystrophy,SNOMED,Myopathy_difference,reviewed_seed,Imported from master codelists,Condition,standard,Myopathy_difference
myopathy,Myopathy,condition,76508,FALSE,Infective myositis,SNOMED,Myopathy_difference,reviewed_seed,Imported from master codelists,Condition,standard,Myopathy_difference
myopathy,Myopathy,condition,77653,FALSE,Traumatic myositis ossificans,SNOMED,Myopathy_difference,reviewed_seed,Imported from master codelists,Condition,standard,Myopathy_difference
myopathy,Myopathy,condition,78149,FALSE,Congenital hereditary muscular dystrophy,SNOMED,Myopathy_difference,reviewed_seed,Imported from master codelists,Condition,standard,Myopathy_difference
myopathy,Myopathy,condition,78236,FALSE,Muscle atrophy,SNOMED,Myopathy_difference,reviewed_seed,Imported from master codelists,Condition,standard,Myopathy_difference
myopathy,Myopathy,condition,79804,FALSE,Steinert myotonic dystrophy syndrome,SNOMED,Myopathy_difference,reviewed_seed,Imported from master codelists,Condition,standard,Myopathy_difference
myopathy,Myopathy,condition,80399,FALSE,Hereditary progressive muscular dystrophy,SNOMED,Myopathy_difference,reviewed_seed,Imported from master codelists,Condition,standard,Myopathy_difference
myopathy,Myopathy,condition,81400,FALSE,Neonatal myasthenia gravis,SNOMED,Myopathy_difference,reviewed_seed,Imported from master codelists,Condition,standard,Myopathy_difference
myopathy,Myopathy,condition,81539,FALSE,Mitochondrial cytopathy,SNOMED,Myopathy_difference,reviewed_seed,Imported from master codelists,Condition,standard,Myopathy_difference
myopathy,Myopathy,condition,193830,FALSE,Third degree perineal laceration,SNOMED,Myopathy_difference,reviewed_seed,Imported from master codelists,Condition,standard,Myopathy_difference
myopathy,Myopathy,condition,194403,FALSE,Obstructed diaphragmatic hernia,SNOMED,Myopathy_difference,reviewed_seed,Imported from master codelists,Condition,standard,Myopathy_difference
myopathy,Myopathy,condition,195673,FALSE,Injury of diaphragm with open wound into cavity,SNOMED,Myopathy_difference,reviewed_seed,Imported from master codelists,Condition,standard,Myopathy_difference
myopathy,Myopathy,condition,196159,FALSE,Old laceration of muscles of pelvic floor,SNOMED,Myopathy_difference,reviewed_seed,Imported from master codelists,Condition,standard,Myopathy_difference
myopathy,Myopathy,condition,196217,FALSE,Congenital anomaly of diaphragm,SNOMED,Myopathy_difference,reviewed_seed,Imported from master codelists,Condition,standard,Myopathy_difference
myopathy,Myopathy,condition,200143,FALSE,Diaphragmatic hernia with gangrene,SNOMED,Myopathy_difference,reviewed_seed,Imported from master codelists,Condition,standard,Myopathy_difference
myopathy,Myopathy,condition,201061,FALSE,Diaphragmatic hernia,SNOMED,Myopathy_difference,reviewed_seed,Imported from master codelists,Condition,standard,Myopathy_difference
myopathy,Myopathy,condition,201157,FALSE,Injury of diaphragm without open wound into cavity,SNOMED,Myopathy_difference,reviewed_seed,Imported from master codelists,Condition,non-standard,Myopathy_difference
myopathy,Myopathy,condition,312383,FALSE,Postpartum cardiomyopathy,SNOMED,Myopathy_difference,reviewed_seed,Imported from master codelists,Condition,standard,Myopathy_difference
myopathy,Myopathy,condition,312723,FALSE,Congenital heart disease,SNOMED,Myopathy_difference,reviewed_seed,Imported from master codelists,Condition,standard,Myopathy_difference
myopathy,Myopathy,condition,315560,FALSE,Primary endomyocardial fibrosis cardiomyopathy,SNOMED,Myopathy_difference,reviewed_seed,Imported from master codelists,Condition,standard,Myopathy_difference
myopathy,Myopathy,condition,316428,FALSE,Hypertrophic obstructive cardiomyopathy,SNOMED,Myopathy_difference,reviewed_seed,Imported from master codelists,Condition,standard,Myopathy_difference
myopathy,Myopathy,condition,318773,FALSE,Dilated cardiomyopathy secondary to alcohol,SNOMED,Myopathy_difference,reviewed_seed,Imported from master codelists,Condition,non-standard,Myopathy_difference
myopathy,Myopathy,condition,320746,FALSE,Cardiomyopathy associated with another disorder,SNOMED,Myopathy_difference,reviewed_seed,Imported from master codelists,Condition,standard,Myopathy_difference
myopathy,Myopathy,condition,321319,FALSE,Cardiomyopathy,SNOMED,Myopathy_difference,reviewed_seed,Imported from master codelists,Condition,standard,Myopathy_difference
myopathy,Myopathy,condition,321320,FALSE,Myocardial degeneration,SNOMED,Myopathy_difference,reviewed_seed,Imported from master codelists,Condition,standard,Myopathy_difference
myopathy,Myopathy,condition,432250,FALSE,Infectious disease,SNOMED,Myopathy_difference,reviewed_seed,Imported from master codelists,Condition,standard,Myopathy_difference
myopathy,Myopathy,condition,436546,FALSE,Strain of subscapularis muscle,SNOMED,Myopathy_difference,reviewed_seed,Imported from master codelists,Condition,standard,Myopathy_difference
myopathy,Myopathy,condition,442180,FALSE,Congenital anomaly of muscle AND/OR tendon,SNOMED,Myopathy_difference,reviewed_seed,Imported from master codelists,Condition,standard,Myopathy_difference
myopathy,Myopathy,condition,443201,FALSE,Disuse muscle atrophy,SNOMED,Myopathy_difference,reviewed_seed,Imported from master codelists,Condition,standard,Myopathy_difference
myopathy,Myopathy,condition,444464,FALSE,Fetal or neonatal effect of chronic maternal circulatory disease,SNOMED,Myopathy_difference,reviewed_seed,Imported from master codelists,Condition,non-standard,Myopathy_difference
myopathy,Myopathy,condition,759822,FALSE,Family history of inclusion body myositis,SNOMED,Myopathy_difference,reviewed_seed,Imported from master codelists,Observation,standard,Myopathy_difference
myopathy,Myopathy,condition,760737,FALSE,Strain of muscle of right forearm,SNOMED,Myopathy_difference,reviewed_seed,Imported from master codelists,Condition,standard,Myopathy_difference
myopathy,Myopathy,condition,760738,FALSE,Strain of muscle of left forearm,SNOMED,Myopathy_difference,reviewed_seed,Imported from master codelists,Condition,standard,Myopathy_difference
myopathy,Myopathy,condition,760739,FALSE,Strain of muscle of right upper arm,SNOMED,Myopathy_difference,reviewed_seed,Imported from master codelists,Condition,standard,Myopathy_difference
myopathy,Myopathy,condition,760740,FALSE,Strain of muscle of right shoulder,SNOMED,Myopathy_difference,reviewed_seed,Imported from master codelists,Condition,standard,Myopathy_difference
myopathy,Myopathy,condition,760741,FALSE,Strain of muscle of left upper arm,SNOMED,Myopathy_difference,reviewed_seed,Imported from master codelists,Condition,standard,Myopathy_difference
myopathy,Myopathy,condition,760742,FALSE,Strain of muscle of left shoulder,SNOMED,Myopathy_difference,reviewed_seed,Imported from master codelists,Condition,standard,Myopathy_difference
myopathy,Myopathy,condition,760753,FALSE,Strain of right trapezius muscle,SNOMED,Myopathy_difference,reviewed_seed,Imported from master codelists,Condition,standard,Myopathy_difference
myopathy,Myopathy,condition,760754,FALSE,Strain of left trapezius muscle,SNOMED,Myopathy_difference,reviewed_seed,Imported from master codelists,Condition,standard,Myopathy_difference
myopathy,Myopathy,condition,760768,FALSE,Strain of muscle of right groin region,SNOMED,Myopathy_difference,reviewed_seed,Imported from master codelists,Condition,standard,Myopathy_difference
myopathy,Myopathy,condition,760769,FALSE,Strain of muscle of left groin region,SNOMED,Myopathy_difference,reviewed_seed,Imported from master codelists,Condition,standard,Myopathy_difference
myopathy,Myopathy,condition,760782,FALSE,Strain of right pectoral muscle,SNOMED,Myopathy_difference,reviewed_seed,Imported from master codelists,Condition,standard,Myopathy_difference
myopathy,Myopathy,condition,760801,FALSE,Strain of flexor muscle of left hip,SNOMED,Myopathy_difference,reviewed_seed,Imported from master codelists,Condition,standard,Myopathy_difference
myopathy,Myopathy,condition,760802,FALSE,Strain of muscle of right hip,SNOMED,Myopathy_difference,reviewed_seed,Imported from master codelists,Condition,standard,Myopathy_difference
myopathy,Myopathy,condition,760803,FALSE,Strain of muscle of left hip,SNOMED,Myopathy_difference,reviewed_seed,Imported from master codelists,Condition,standard,Myopathy_difference
myopathy,Myopathy,condition,760804,FALSE,Strain of muscle of left wrist,SNOMED,Myopathy_difference,reviewed_seed,Imported from master codelists,Condition,standard,Myopathy_difference
myopathy,Myopathy,condition,760805,FALSE,Strain of right quadriceps muscle,SNOMED,Myopathy_difference,reviewed_seed,Imported from master codelists,Condition,standard,Myopathy_difference
myopathy,Myopathy,condition,760807,FALSE,Strain of muscle of right thigh,SNOMED,Myopathy_difference,reviewed_seed,Imported from master codelists,Condition,standard,Myopathy_difference
myopathy,Myopathy,condition,760808,FALSE,Strain of muscle of left thigh,SNOMED,Myopathy_difference,reviewed_seed,Imported from master codelists,Condition,standard,Myopathy_difference
myopathy,Myopathy,condition,760814,FALSE,Strain of muscle of right wrist,SNOMED,Myopathy_difference,reviewed_seed,Imported from master codelists,Condition,standard,Myopathy_difference
myopathy,Myopathy,condition,761214,FALSE,Congenital anomaly of right sternocleidomastoid muscle,SNOMED,Myopathy_difference,reviewed_seed,Imported from master codelists,Condition,standard,Myopathy_difference
myopathy,Myopathy,condition,761269,FALSE,Congenital contracture of right gastrocnemius muscle,SNOMED,Myopathy_difference,reviewed_seed,Imported from master codelists,Condition,standard,Myopathy_difference
myopathy,Myopathy,condition,761404,FALSE,Atrophy of muscle of bilateral hands,SNOMED,Myopathy_difference,reviewed_seed,Imported from master codelists,Condition,standard,Myopathy_difference
myopathy,Myopathy,condition,761405,FALSE,Repetitive strain injury of bilateral hands,SNOMED,Myopathy_difference,reviewed_seed,Imported from master codelists,Condition,non-standard,Myopathy_difference
myopathy,Myopathy,condition,761406,FALSE,Repetitive strain injury of bilateral forearms,SNOMED,Myopathy_difference,reviewed_seed,Imported from master codelists,Condition,non-standard,Myopathy_difference
myopathy,Myopathy,condition,761764,FALSE,Weakness of left facial muscle due to and following non-traumatic intracerebral hemorrhage,SNOMED,Myopathy_difference,reviewed_seed,Imported from master codelists,Condition,standard,Myopathy_difference
myopathy,Myopathy,condition,761826,FALSE,Atherosclerosis of bypass graft of right lower limb with intermittent claudication,SNOMED,Myopathy_difference,reviewed_seed,Imported from master codelists,Condition,standard,Myopathy_difference
myopathy,Myopathy,condition,761827,FALSE,Atherosclerosis of bypass graft of left lower limb with intermittent claudication,SNOMED,Myopathy_difference,reviewed_seed,Imported from master codelists,Condition,standard,Myopathy_difference
myopathy,Myopathy,condition,761828,FALSE,Atherosclerosis of bypass graft of bilateral lower limbs with intermittent claudication,SNOMED,Myopathy_difference,reviewed_seed,Imported from master codelists,Condition,standard,Myopathy_difference
myopathy,Myopathy,condition,762183,FALSE,Repetitive strain injury of left ankle,SNOMED,Myopathy_difference,reviewed_seed,Imported from master codelists,Condition,non-standard,Myopathy_difference
myopathy,Myopathy,condition,762184,FALSE,Repetitive strain injury of left foot,SNOMED,Myopathy_difference,reviewed_seed,Imported from master codelists,Condition,non-standard,Myopathy_difference
myopathy,Myopathy,condition,762185,FALSE,Repetitive strain injury of left thigh,SNOMED,Myopathy_difference,reviewed_seed,Imported from master codelists,Condition,non-standard,Myopathy_difference
myopathy,Myopathy,condition,762186,FALSE,Repetitive strain injury of right ankle,SNOMED,Myopathy_difference,reviewed_seed,Imported from master codelists,Condition,non-standard,Myopathy_difference
myopathy,Myopathy,condition,762187,FALSE,Repetitive strain injury of right foot,SNOMED,Myopathy_difference,reviewed_seed,Imported from master codelists,Condition,non-standard,Myopathy_difference
myopathy,Myopathy,condition,762188,FALSE,Repetitive strain injury of right thigh,SNOMED,Myopathy_difference,reviewed_seed,Imported from master codelists,Condition,non-standard,Myopathy_difference
myopathy,Myopathy,condition,762208,FALSE,Family history of polymyositis,SNOMED,Myopathy_difference,reviewed_seed,Imported from master codelists,Observation,standard,Myopathy_difference
myopathy,Myopathy,condition,763882,FALSE,Strain of pectoral muscle,SNOMED,Myopathy_difference,reviewed_seed,Imported from master codelists,Condition,non-standard,Myopathy_difference
myopathy,Myopathy,condition,763883,FALSE,Strain of shoulder muscle,SNOMED,Myopathy_difference,reviewed_seed,Imported from master codelists,Condition,standard,Myopathy_difference
myopathy,Myopathy,condition,763884,FALSE,Strain of muscle of upper arm,SNOMED,Myopathy_difference,reviewed_seed,Imported from master codelists,Condition,standard,Myopathy_difference
myopathy,Myopathy,condition,764555,FALSE,Family history of fibromyalgia,SNOMED,Myopathy_difference,reviewed_seed,Imported from master codelists,Observation,standard,Myopathy_difference
myopathy,Myopathy,condition,764966,FALSE,Family history of left ventricular noncompaction cardiomyopathy,SNOMED,Myopathy_difference,reviewed_seed,Imported from master codelists,Observation,standard,Myopathy_difference
myopathy,Myopathy,condition,765066,FALSE,Congenital contracture of left gastrocnemius muscle,SNOMED,Myopathy_difference,reviewed_seed,Imported from master codelists,Condition,standard,Myopathy_difference
myopathy,Myopathy,condition,765110,FALSE,Diaphragmatic hernia with gastroesophageal reflux disease,SNOMED,Myopathy_difference,reviewed_seed,Imported from master codelists,Condition,standard,Myopathy_difference
myopathy,Myopathy,condition,765130,FALSE,Family history of myasthenia gravis,SNOMED,Myopathy_difference,reviewed_seed,Imported from master codelists,Observation,standard,Myopathy_difference
myopathy,Myopathy,condition,765366,FALSE,Strain of left pectoral muscle,SNOMED,Myopathy_difference,reviewed_seed,Imported from master codelists,Condition,standard,Myopathy_difference
myopathy,Myopathy,condition,765369,FALSE,Strain of flexor muscle of right hip,SNOMED,Myopathy_difference,reviewed_seed,Imported from master codelists,Condition,standard,Myopathy_difference
myopathy,Myopathy,condition,765370,FALSE,Strain of left quadriceps muscle,SNOMED,Myopathy_difference,reviewed_seed,Imported from master codelists,Condition,standard,Myopathy_difference
myopathy,Myopathy,condition,765455,FALSE,Family history of disorder of skeletal and/or smooth muscle,SNOMED,Myopathy_difference,reviewed_seed,Imported from master codelists,Observation,standard,Myopathy_difference
myopathy,Myopathy,condition,765771,FALSE,Family history of congenital diaphragmatic hernia,SNOMED,Myopathy_difference,reviewed_seed,Imported from master codelists,Observation,standard,Myopathy_difference
myopathy,Myopathy,condition,2111288,FALSE,"MTTL1, commonly called tRNAleu (mitochondrial encephalomyopathy, MELAS) (Deprecated)",CPT4,Myopathy_difference,reviewed_seed,Imported from master codelists,Observation,standard,Myopathy_difference
myopathy,Myopathy,condition,3168877,FALSE,NA,NA,Myopathy_difference,reviewed_seed,Imported from master codelists,NA,NA,Myopathy_difference
myopathy,Myopathy,condition,3174970,FALSE,NA,NA,Myopathy_difference,reviewed_seed,Imported from master codelists,NA,NA,Myopathy_difference
myopathy,Myopathy,condition,3182458,FALSE,NA,NA,Myopathy_difference,reviewed_seed,Imported from master codelists,NA,NA,Myopathy_difference
myopathy,Myopathy,condition,3182861,FALSE,NA,NA,Myopathy_difference,reviewed_seed,Imported from master codelists,NA,NA,Myopathy_difference
myopathy,Myopathy,condition,3186078,FALSE,NA,NA,Myopathy_difference,reviewed_seed,Imported from master codelists,NA,NA,Myopathy_difference
myopathy,Myopathy,condition,3197162,FALSE,NA,NA,Myopathy_difference,reviewed_seed,Imported from master codelists,NA,NA,Myopathy_difference
myopathy,Myopathy,condition,3654681,FALSE,Chronic alcoholic myopathy,SNOMED,Myopathy_difference,reviewed_seed,Imported from master codelists,Condition,standard,Myopathy_difference
myopathy,Myopathy,condition,3654690,FALSE,Acute alcoholic myopathy,SNOMED,Myopathy_difference,reviewed_seed,Imported from master codelists,Condition,standard,Myopathy_difference
myopathy,Myopathy,condition,3655302,FALSE,Cardiomyopathy due to connective tissue disease,SNOMED,Myopathy_difference,reviewed_seed,Imported from master codelists,Condition,standard,Myopathy_difference
myopathy,Myopathy,condition,3655303,FALSE,Cardiomyopathy due to storage disease,SNOMED,Myopathy_difference,reviewed_seed,Imported from master codelists,Condition,standard,Myopathy_difference
myopathy,Myopathy,condition,3655834,FALSE,Myopathy due to chronic alcoholism,SNOMED,Myopathy_difference,reviewed_seed,Imported from master codelists,Condition,standard,Myopathy_difference
myopathy,Myopathy,condition,3656112,FALSE,Hypertrophic cardiomyopathy due to glycogen storage disease,SNOMED,Myopathy_difference,reviewed_seed,Imported from master codelists,Condition,standard,Myopathy_difference
myopathy,Myopathy,condition,3656113,FALSE,Dilated cardiomyopathy due to mitochondrial disease,SNOMED,Myopathy_difference,reviewed_seed,Imported from master codelists,Condition,standard,Myopathy_difference
myopathy,Myopathy,condition,3656119,FALSE,Infiltrative cardiomyopathy,SNOMED,Myopathy_difference,reviewed_seed,Imported from master codelists,Condition,standard,Myopathy_difference
myopathy,Myopathy,condition,3656122,FALSE,Hypertrophic cardiomyopathy due to lysosomal disease,SNOMED,Myopathy_difference,reviewed_seed,Imported from master codelists,Condition,standard,Myopathy_difference
myopathy,Myopathy,condition,3656146,FALSE,Strain of rectus abdominus muscle,SNOMED,Myopathy_difference,reviewed_seed,Imported from master codelists,Condition,standard,Myopathy_difference
myopathy,Myopathy,condition,3656667,FALSE,Cardiomyopathy due to COVID-19,SNOMED,Myopathy_difference,reviewed_seed,Imported from master codelists,Condition,standard,Myopathy_difference
myopathy,Myopathy,condition,3663194,FALSE,Autoinflammatory syndrome with pyogenic bacterial infection and amylopectinosis,SNOMED,Myopathy_difference,reviewed_seed,Imported from master codelists,Condition,standard,Myopathy_difference
myopathy,Myopathy,condition,4001124,FALSE,Infective myositis of upper arm,SNOMED,Myopathy_difference,reviewed_seed,Imported from master codelists,Condition,standard,Myopathy_difference
myopathy,Myopathy,condition,4001125,FALSE,Infective myositis of pelvis,SNOMED,Myopathy_difference,reviewed_seed,Imported from master codelists,Condition,standard,Myopathy_difference
myopathy,Myopathy,condition,4001126,FALSE,Infective myositis of thigh,SNOMED,Myopathy_difference,reviewed_seed,Imported from master codelists,Condition,standard,Myopathy_difference
myopathy,Myopathy,condition,4001626,FALSE,Infective myositis of hand,SNOMED,Myopathy_difference,reviewed_seed,Imported from master codelists,Condition,standard,Myopathy_difference
myopathy,Myopathy,condition,4001627,FALSE,Infective myositis of lower leg,SNOMED,Myopathy_difference,reviewed_seed,Imported from master codelists,Condition,standard,Myopathy_difference
myopathy,Myopathy,condition,4001628,FALSE,Infective myositis of foot,SNOMED,Myopathy_difference,reviewed_seed,Imported from master codelists,Condition,standard,Myopathy_difference
myopathy,Myopathy,condition,4002807,FALSE,Infective myositis of back,SNOMED,Myopathy_difference,reviewed_seed,Imported from master codelists,Condition,standard,Myopathy_difference
myopathy,Myopathy,condition,4002808,FALSE,Infective myositis of shoulder,SNOMED,Myopathy_difference,reviewed_seed,Imported from master codelists,Condition,standard,Myopathy_difference
myopathy,Myopathy,condition,4002809,FALSE,Infective myositis of forearm,SNOMED,Myopathy_difference,reviewed_seed,Imported from master codelists,Condition,standard,Myopathy_difference
myopathy,Myopathy,condition,4003141,FALSE,Infective myositis of neck,SNOMED,Myopathy_difference,reviewed_seed,Imported from master codelists,Condition,standard,Myopathy_difference
myopathy,Myopathy,condition,4003921,FALSE,Ischemic muscular atrophy,SNOMED,Myopathy_difference,reviewed_seed,Imported from master codelists,Condition,standard,Myopathy_difference
myopathy,Myopathy,condition,4005765,FALSE,Congenital pyloric spasm,SNOMED,Myopathy_difference,reviewed_seed,Imported from master codelists,Condition,standard,Myopathy_difference
myopathy,Myopathy,condition,4006277,FALSE,Neonatal hypotonia,SNOMED,Myopathy_difference,reviewed_seed,Imported from master codelists,Condition,standard,Myopathy_difference
myopathy,Myopathy,condition,4006292,FALSE,Dilated cardiomyopathy due to metabolic disorder,SNOMED,Myopathy_difference,reviewed_seed,Imported from master codelists,Condition,standard,Myopathy_difference
myopathy,Myopathy,condition,4006462,FALSE,Merosin deficient congenital muscular dystrophy,SNOMED,Myopathy_difference,reviewed_seed,Imported from master codelists,Condition,standard,Myopathy_difference
myopathy,Myopathy,condition,4006792,FALSE,Dilated cardiomyopathy due to phytanic acid storage disease,SNOMED,Myopathy_difference,reviewed_seed,Imported from master codelists,Condition,standard,Myopathy_difference
myopathy,Myopathy,condition,4008570,FALSE,Fukuyama congenital muscular dystrophy,SNOMED,Myopathy_difference,reviewed_seed,Imported from master codelists,Condition,standard,Myopathy_difference
myopathy,Myopathy,condition,4008571,FALSE,"Muscle-eye-brain disease, congenital muscular dystrophy",SNOMED,Myopathy_difference,reviewed_seed,Imported from master codelists,Condition,standard,Myopathy_difference
myopathy,Myopathy,condition,4008572,FALSE,"Distal muscular dystrophy, Miyoshi type",SNOMED,Myopathy_difference,reviewed_seed,Imported from master codelists,Condition,standard,Myopathy_difference
myopathy,Myopathy,condition,4009185,FALSE,Emery-Dreifuss muscular dystrophy,SNOMED,Myopathy_difference,reviewed_seed,Imported from master codelists,Condition,standard,Myopathy_difference
myopathy,Myopathy,condition,4009657,FALSE,Muscular dystrophy-deafmutism syndrome,SNOMED,Myopathy_difference,reviewed_seed,Imported from master codelists,Condition,non-standard,Myopathy_difference
myopathy,Myopathy,condition,4009773,FALSE,Walker-Warburg congenital muscular dystrophy,SNOMED,Myopathy_difference,reviewed_seed,Imported from master codelists,Condition,standard,Myopathy_difference
myopathy,Myopathy,condition,4016546,FALSE,Open injury of diaphragm,SNOMED,Myopathy_difference,reviewed_seed,Imported from master codelists,Condition,standard,Myopathy_difference
myopathy,Myopathy,condition,4019718,FALSE,Closed injury of diaphragm,SNOMED,Myopathy_difference,reviewed_seed,Imported from master codelists,Condition,standard,Myopathy_difference
myopathy,Myopathy,condition,4023964,FALSE,Dilated cardiomyopathy secondary to toxic reaction,SNOMED,Myopathy_difference,reviewed_seed,Imported from master codelists,Condition,non-standard,Myopathy_difference
myopathy,Myopathy,condition,4030434,FALSE,Scapuloperoneal muscular dystrophy,SNOMED,Myopathy_difference,reviewed_seed,Imported from master codelists,Condition,standard,Myopathy_difference
myopathy,Myopathy,condition,4030587,FALSE,Menopausal muscular dystrophy syndrome,SNOMED,Myopathy_difference,reviewed_seed,Imported from master codelists,Condition,non-standard,Myopathy_difference
myopathy,Myopathy,condition,4031800,FALSE,Mitochondrial trifunctional protein deficiency,SNOMED,Myopathy_difference,reviewed_seed,Imported from master codelists,Condition,standard,Myopathy_difference
myopathy,Myopathy,condition,4033033,FALSE,Congenital diffuse lipomatosis,SNOMED,Myopathy_difference,reviewed_seed,Imported from master codelists,Condition,standard,Myopathy_difference
myopathy,Myopathy,condition,4034961,FALSE,"Muscular atrophy, ataxia, retinitis pigmentosa, and diabetes mellitus",SNOMED,Myopathy_difference,reviewed_seed,Imported from master codelists,Condition,standard,Myopathy_difference
myopathy,Myopathy,condition,4035144,FALSE,Primary familial amyloid myopathy,SNOMED,Myopathy_difference,reviewed_seed,Imported from master codelists,Condition,standard,Myopathy_difference
myopathy,Myopathy,condition,4035792,FALSE,Myotubular myopathy with type I atrophy,SNOMED,Myopathy_difference,reviewed_seed,Imported from master codelists,Condition,standard,Myopathy_difference
myopathy,Myopathy,condition,4037495,FALSE,Dilated peripartum cardiomyopathy,SNOMED,Myopathy_difference,reviewed_seed,Imported from master codelists,Condition,standard,Myopathy_difference
myopathy,Myopathy,condition,4045730,FALSE,Transient neonatal myasthenia gravis,SNOMED,Myopathy_difference,reviewed_seed,Imported from master codelists,Condition,standard,Myopathy_difference
myopathy,Myopathy,condition,4045843,FALSE,Congenital spastic foot,SNOMED,Myopathy_difference,reviewed_seed,Imported from master codelists,Condition,standard,Myopathy_difference
myopathy,Myopathy,condition,4045989,FALSE,Congenital articular rigidity with myopathy,SNOMED,Myopathy_difference,reviewed_seed,Imported from master codelists,Condition,non-standard,Myopathy_difference
myopathy,Myopathy,condition,4045990,FALSE,Congenital eventration of left crus of diaphragm,SNOMED,Myopathy_difference,reviewed_seed,Imported from master codelists,Condition,standard,Myopathy_difference
myopathy,Myopathy,condition,4046082,FALSE,Benign monomelic amyotrophy,SNOMED,Myopathy_difference,reviewed_seed,Imported from master codelists,Condition,standard,Myopathy_difference
myopathy,Myopathy,condition,4046355,FALSE,Genetically determined myasthenia,SNOMED,Myopathy_difference,reviewed_seed,Imported from master codelists,Condition,standard,Myopathy_difference
myopathy,Myopathy,condition,4046356,FALSE,Congenital myasthenic syndrome,SNOMED,Myopathy_difference,reviewed_seed,Imported from master codelists,Condition,standard,Myopathy_difference
myopathy,Myopathy,condition,4047866,FALSE,Torticollis due to birth injury,SNOMED,Myopathy_difference,reviewed_seed,Imported from master codelists,Condition,standard,Myopathy_difference
myopathy,Myopathy,condition,4047867,FALSE,Sternomastoid injury due to birth injury,SNOMED,Myopathy_difference,reviewed_seed,Imported from master codelists,Condition,standard,Myopathy_difference
myopathy,Myopathy,condition,4048093,FALSE,Hamstring injury,SNOMED,Myopathy_difference,reviewed_seed,Imported from master codelists,Condition,standard,Myopathy_difference
myopathy,Myopathy,condition,4048268,FALSE,Restrictive cardiomyopathy secondary to infiltrations,SNOMED,Myopathy_difference,reviewed_seed,Imported from master codelists,Condition,standard,Myopathy_difference
myopathy,Myopathy,condition,4048495,FALSE,Congenital laryngeal abductor palsy,SNOMED,Myopathy_difference,reviewed_seed,Imported from master codelists,Condition,standard,Myopathy_difference
myopathy,Myopathy,condition,4048496,FALSE,Congenital laryngeal adductor palsy,SNOMED,Myopathy_difference,reviewed_seed,Imported from master codelists,Condition,standard,Myopathy_difference
myopathy,Myopathy,condition,4048654,FALSE,Familial infantile myasthenia,SNOMED,Myopathy_difference,reviewed_seed,Imported from master codelists,Condition,standard,Myopathy_difference
myopathy,Myopathy,condition,4048655,FALSE,Congenital end-plate acetylcholine receptor deficiency,SNOMED,Myopathy_difference,reviewed_seed,Imported from master codelists,Condition,standard,Myopathy_difference
myopathy,Myopathy,condition,4048779,FALSE,Congenital end-plate acetylcholinesterase deficiency,SNOMED,Myopathy_difference,reviewed_seed,Imported from master codelists,Condition,standard,Myopathy_difference
myopathy,Myopathy,condition,4049044,FALSE,Congenital hypertonia,SNOMED,Myopathy_difference,reviewed_seed,Imported from master codelists,Condition,standard,Myopathy_difference
myopathy,Myopathy,condition,4051573,FALSE,FH: Muscular dystrophy,SNOMED,Myopathy_difference,reviewed_seed,Imported from master codelists,Observation,standard,Myopathy_difference
myopathy,Myopathy,condition,4054430,FALSE,Neoplasm of muscle,SNOMED,Myopathy_difference,reviewed_seed,Imported from master codelists,Condition,standard,Myopathy_difference
myopathy,Myopathy,condition,4054496,FALSE,Neoplasm of muscle of thorax,SNOMED,Myopathy_difference,reviewed_seed,Imported from master codelists,Condition,standard,Myopathy_difference
myopathy,Myopathy,condition,4054497,FALSE,Neoplasm of muscle of perineum,SNOMED,Myopathy_difference,reviewed_seed,Imported from master codelists,Condition,standard,Myopathy_difference
myopathy,Myopathy,condition,4054528,FALSE,Neoplasm of diaphragm,SNOMED,Myopathy_difference,reviewed_seed,Imported from master codelists,Condition,standard,Myopathy_difference
myopathy,Myopathy,condition,4054832,FALSE,Neoplasm of muscle of neck,SNOMED,Myopathy_difference,reviewed_seed,Imported from master codelists,Condition,standard,Myopathy_difference
myopathy,Myopathy,condition,4054834,FALSE,Neoplasm of muscle of abdomen,SNOMED,Myopathy_difference,reviewed_seed,Imported from master codelists,Condition,standard,Myopathy_difference
myopathy,Myopathy,condition,4055004,FALSE,Irreducible diaphragmatic hernia,SNOMED,Myopathy_difference,reviewed_seed,Imported from master codelists,Condition,standard,Myopathy_difference
myopathy,Myopathy,condition,4055008,FALSE,Irreducible ischiorectal hernia,SNOMED,Myopathy_difference,reviewed_seed,Imported from master codelists,Condition,standard,Myopathy_difference
myopathy,Myopathy,condition,4056713,FALSE,"Injury of muscle and tendon of abdomen, lower back and pelvis",SNOMED,Myopathy_difference,reviewed_seed,Imported from master codelists,Condition,standard,Myopathy_difference
myopathy,Myopathy,condition,4056714,FALSE,Injury of flexor muscle and tendon of thumb at forearm level,SNOMED,Myopathy_difference,reviewed_seed,Imported from master codelists,Condition,standard,Myopathy_difference
myopathy,Myopathy,condition,4056716,FALSE,Injury of multiple muscles and tendons at forearm level,SNOMED,Myopathy_difference,reviewed_seed,Imported from master codelists,Condition,standard,Myopathy_difference
myopathy,Myopathy,condition,4056717,FALSE,Injury of muscle and tendon at hip and thigh level,SNOMED,Myopathy_difference,reviewed_seed,Imported from master codelists,Condition,standard,Myopathy_difference
myopathy,Myopathy,condition,4056718,FALSE,Injury of adductor muscle and tendon of thigh,SNOMED,Myopathy_difference,reviewed_seed,Imported from master codelists,Condition,standard,Myopathy_difference
myopathy,Myopathy,condition,4057044,FALSE,Injury of muscle and tendon at neck level,SNOMED,Myopathy_difference,reviewed_seed,Imported from master codelists,Condition,standard,Myopathy_difference
myopathy,Myopathy,condition,4057170,FALSE,Injury of multiple muscles and tendons at shoulder and upper arm level,SNOMED,Myopathy_difference,reviewed_seed,Imported from master codelists,Condition,standard,Myopathy_difference
myopathy,Myopathy,condition,4057176,FALSE,Injury of extensor or abductor muscles and tendons of thumb at forearm level,SNOMED,Myopathy_difference,reviewed_seed,Imported from master codelists,Condition,standard,Myopathy_difference
myopathy,Myopathy,condition,4057177,FALSE,Injury of muscle and tendon at ankle and foot level,SNOMED,Myopathy_difference,reviewed_seed,Imported from master codelists,Condition,standard,Myopathy_difference
myopathy,Myopathy,condition,4057178,FALSE,Injury of muscle and tendon of long extensor muscle of toe at ankle and foot level,SNOMED,Myopathy_difference,reviewed_seed,Imported from master codelists,Condition,standard,Myopathy_difference
myopathy,Myopathy,condition,4059253,FALSE,Injury of muscle and tendon of head,SNOMED,Myopathy_difference,reviewed_seed,Imported from master codelists,Condition,standard,Myopathy_difference
myopathy,Myopathy,condition,4059256,FALSE,Injury of multiple muscles and tendons at hip and thigh level,SNOMED,Myopathy_difference,reviewed_seed,Imported from master codelists,Condition,standard,Myopathy_difference
myopathy,Myopathy,condition,4059257,FALSE,Injury of muscle and tendon at lower leg level,SNOMED,Myopathy_difference,reviewed_seed,Imported from master codelists,Condition,standard,Myopathy_difference
myopathy,Myopathy,condition,4059258,FALSE,Injury of muscle(s) and tendon(s) of peroneal muscle group at lower leg level,SNOMED,Myopathy_difference,reviewed_seed,Imported from master codelists,Condition,standard,Myopathy_difference
myopathy,Myopathy,condition,4059259,FALSE,Injury of multiple muscles and tendons at lower leg level,SNOMED,Myopathy_difference,reviewed_seed,Imported from master codelists,Condition,standard,Myopathy_difference
myopathy,Myopathy,condition,4059379,FALSE,Mitochondrial myopathy,SNOMED,Myopathy_difference,reviewed_seed,Imported from master codelists,Condition,standard,Myopathy_difference
myopathy,Myopathy,condition,4060405,FALSE,Dilated cardiomyopathy due to rheumatoid arthritis,SNOMED,Myopathy_difference,reviewed_seed,Imported from master codelists,Condition,standard,Myopathy_difference
myopathy,Myopathy,condition,4062387,FALSE,Injury of muscle and tendon at thorax level,SNOMED,Myopathy_difference,reviewed_seed,Imported from master codelists,Condition,standard,Myopathy_difference
myopathy,Myopathy,condition,4062388,FALSE,Injury of muscle and tendon at forearm level,SNOMED,Myopathy_difference,reviewed_seed,Imported from master codelists,Condition,standard,Myopathy_difference
myopathy,Myopathy,condition,4062390,FALSE,Injury of muscle(s) and tendon(s) of anterior muscle group at lower leg level,SNOMED,Myopathy_difference,reviewed_seed,Imported from master codelists,Condition,standard,Myopathy_difference
myopathy,Myopathy,condition,4062391,FALSE,Injury of muscle and tendon of long flexor muscle of toe at ankle and foot level,SNOMED,Myopathy_difference,reviewed_seed,Imported from master codelists,Condition,standard,Myopathy_difference
myopathy,Myopathy,condition,4065029,FALSE,Congenital eventration of diaphragm,SNOMED,Myopathy_difference,reviewed_seed,Imported from master codelists,Condition,standard,Myopathy_difference
myopathy,Myopathy,condition,4066010,FALSE,Congenital diaphragmatic hernia,SNOMED,Myopathy_difference,reviewed_seed,Imported from master codelists,Condition,standard,Myopathy_difference
myopathy,Myopathy,condition,4068262,FALSE,Dilated cardiomyopathy secondary to metazoal myocarditis,SNOMED,Myopathy_difference,reviewed_seed,Imported from master codelists,Condition,non-standard,Myopathy_difference
myopathy,Myopathy,condition,4069289,FALSE,"Congenital myotonia, autosomal recessive form",SNOMED,Myopathy_difference,reviewed_seed,Imported from master codelists,Condition,standard,Myopathy_difference
myopathy,Myopathy,condition,4071896,FALSE,Secondary dilated cardiomyopathy,SNOMED,Myopathy_difference,reviewed_seed,Imported from master codelists,Condition,standard,Myopathy_difference
myopathy,Myopathy,condition,4076799,FALSE,Restrictive cardiomyopathy secondary to malignancy,SNOMED,Myopathy_difference,reviewed_seed,Imported from master codelists,Condition,standard,Myopathy_difference
myopathy,Myopathy,condition,4078688,FALSE,Alcohol myopathy,SNOMED,Myopathy_difference,reviewed_seed,Imported from master codelists,Condition,standard,Myopathy_difference
myopathy,Myopathy,condition,4084268,FALSE,Idiopathic dermatomyositis,SNOMED,Myopathy_difference,reviewed_seed,Imported from master codelists,Condition,standard,Myopathy_difference
myopathy,Myopathy,condition,4084286,FALSE,Infection of muscle graft,SNOMED,Myopathy_difference,reviewed_seed,Imported from master codelists,Condition,standard,Myopathy_difference
myopathy,Myopathy,condition,4084780,FALSE,Idiopathic polymyositis,SNOMED,Myopathy_difference,reviewed_seed,Imported from master codelists,Condition,standard,Myopathy_difference
myopathy,Myopathy,condition,4084819,FALSE,Coxsackie muscle infection,SNOMED,Myopathy_difference,reviewed_seed,Imported from master codelists,Condition,standard,Myopathy_difference
myopathy,Myopathy,condition,4092069,FALSE,Malignant neoplasm of sphincter of Oddi,SNOMED,Myopathy_difference,reviewed_seed,Imported from master codelists,Condition,standard,Myopathy_difference
myopathy,Myopathy,condition,4092529,FALSE,Malignant neoplasm of extraocular muscle of orbit,SNOMED,Myopathy_difference,reviewed_seed,Imported from master codelists,Condition,standard,Myopathy_difference
myopathy,Myopathy,condition,4093507,FALSE,Herniation of lumbar muscles,SNOMED,Myopathy_difference,reviewed_seed,Imported from master codelists,Condition,standard,Myopathy_difference
myopathy,Myopathy,condition,4094104,FALSE,Neoplasm of uncertain behavior of sphincter of Oddi,SNOMED,Myopathy_difference,reviewed_seed,Imported from master codelists,Condition,standard,Myopathy_difference
myopathy,Myopathy,condition,4095553,FALSE,Injury of diaphragm,SNOMED,Myopathy_difference,reviewed_seed,Imported from master codelists,Condition,standard,Myopathy_difference
myopathy,Myopathy,condition,4097114,FALSE,Benign neoplasm of sphincter of Oddi,SNOMED,Myopathy_difference,reviewed_seed,Imported from master codelists,Condition,standard,Myopathy_difference
myopathy,Myopathy,condition,4097992,FALSE,Danish type familial amyloid cardiomyopathy,SNOMED,Myopathy_difference,reviewed_seed,Imported from master codelists,Condition,standard,Myopathy_difference
myopathy,Myopathy,condition,4099147,FALSE,Congenital absence of pectoral muscle,SNOMED,Myopathy_difference,reviewed_seed,Imported from master codelists,Condition,standard,Myopathy_difference
myopathy,Myopathy,condition,4099496,FALSE,Neoplasm of uncertain behavior of anal canal and sphincter,SNOMED,Myopathy_difference,reviewed_seed,Imported from master codelists,Condition,standard,Myopathy_difference
myopathy,Myopathy,condition,4101863,FALSE,Dilated cardiomyopathy due to myotonic dystrophy,SNOMED,Myopathy_difference,reviewed_seed,Imported from master codelists,Condition,standard,Myopathy_difference
myopathy,Myopathy,condition,4101902,FALSE,Distal muscular dystrophy with juvenile onset,SNOMED,Myopathy_difference,reviewed_seed,Imported from master codelists,Condition,standard,Myopathy_difference
myopathy,Myopathy,condition,4102499,FALSE,Benign congenital myopathy,SNOMED,Myopathy_difference,reviewed_seed,Imported from master codelists,Condition,standard,Myopathy_difference
myopathy,Myopathy,condition,4102501,FALSE,Pelvic muscular dystrophy,SNOMED,Myopathy_difference,reviewed_seed,Imported from master codelists,Condition,non-standard,Myopathy_difference
myopathy,Myopathy,condition,4103513,FALSE,Dilated cardiomyopathy due to muscular dystrophy,SNOMED,Myopathy_difference,reviewed_seed,Imported from master codelists,Condition,standard,Myopathy_difference
myopathy,Myopathy,condition,4105642,FALSE,Persistent neonatal myasthenia gravis,SNOMED,Myopathy_difference,reviewed_seed,Imported from master codelists,Condition,standard,Myopathy_difference
myopathy,Myopathy,condition,4108236,FALSE,Hypertrophic cardiomyopathy without obstruction,SNOMED,Myopathy_difference,reviewed_seed,Imported from master codelists,Condition,standard,Myopathy_difference
myopathy,Myopathy,condition,4108237,FALSE,Cardiomyopathy due to mucopolysaccharidosis,SNOMED,Myopathy_difference,reviewed_seed,Imported from master codelists,Condition,standard,Myopathy_difference
myopathy,Myopathy,condition,4108238,FALSE,Cardiomyopathy in myotonic dystrophy,SNOMED,Myopathy_difference,reviewed_seed,Imported from master codelists,Condition,standard,Myopathy_difference
myopathy,Myopathy,condition,4108239,FALSE,Dystrophic cardiomyopathy,SNOMED,Myopathy_difference,reviewed_seed,Imported from master codelists,Condition,standard,Myopathy_difference
myopathy,Myopathy,condition,4108822,FALSE,Primary dilated cardiomyopathy,SNOMED,Myopathy_difference,reviewed_seed,Imported from master codelists,Condition,standard,Myopathy_difference
myopathy,Myopathy,condition,4108898,FALSE,Congenital absent hemidiaphragm - bilateral,SNOMED,Myopathy_difference,reviewed_seed,Imported from master codelists,Condition,standard,Myopathy_difference
myopathy,Myopathy,condition,4109087,FALSE,Strain of muscle of upper limb,SNOMED,Myopathy_difference,reviewed_seed,Imported from master codelists,Condition,standard,Myopathy_difference
myopathy,Myopathy,condition,4109088,FALSE,Strain of muscle of trunk,SNOMED,Myopathy_difference,reviewed_seed,Imported from master codelists,Condition,standard,Myopathy_difference
myopathy,Myopathy,condition,4111349,FALSE,Strain of calf muscle,SNOMED,Myopathy_difference,reviewed_seed,Imported from master codelists,Condition,standard,Myopathy_difference
myopathy,Myopathy,condition,4111421,FALSE,Cardiac glycogenosis,SNOMED,Myopathy_difference,reviewed_seed,Imported from master codelists,Condition,standard,Myopathy_difference
myopathy,Myopathy,condition,4111569,FALSE,Cardiomyopathy in Friedreich's ataxia,SNOMED,Myopathy_difference,reviewed_seed,Imported from master codelists,Condition,standard,Myopathy_difference
myopathy,Myopathy,condition,4112302,FALSE,Strain of muscle of lower limb,SNOMED,Myopathy_difference,reviewed_seed,Imported from master codelists,Condition,standard,Myopathy_difference
myopathy,Myopathy,condition,4113583,FALSE,Congenital sternomastoid tumor,SNOMED,Myopathy_difference,reviewed_seed,Imported from master codelists,Condition,standard,Myopathy_difference
myopathy,Myopathy,condition,4115036,FALSE,Strain of abdominal muscle,SNOMED,Myopathy_difference,reviewed_seed,Imported from master codelists,Condition,standard,Myopathy_difference
myopathy,Myopathy,condition,4115238,FALSE,Low back strain,SNOMED,Myopathy_difference,reviewed_seed,Imported from master codelists,Condition,standard,Myopathy_difference
myopathy,Myopathy,condition,4117680,FALSE,Complicated diaphragmatic hernia,SNOMED,Myopathy_difference,reviewed_seed,Imported from master codelists,Condition,standard,Myopathy_difference
myopathy,Myopathy,condition,4119592,FALSE,Restrictive cardiomyopathy without endomyocardial fibrosis,SNOMED,Myopathy_difference,reviewed_seed,Imported from master codelists,Condition,standard,Myopathy_difference
myopathy,Myopathy,condition,4119959,FALSE,Familial restrictive cardiomyopathy,SNOMED,Myopathy_difference,reviewed_seed,Imported from master codelists,Condition,standard,Myopathy_difference
myopathy,Myopathy,condition,4121474,FALSE,Post-myocarditic cardiomyopathy,SNOMED,Myopathy_difference,reviewed_seed,Imported from master codelists,Condition,standard,Myopathy_difference
myopathy,Myopathy,condition,4121515,FALSE,Familial hyperkalemic periodic paralysis,SNOMED,Myopathy_difference,reviewed_seed,Imported from master codelists,Condition,standard,Myopathy_difference
myopathy,Myopathy,condition,4124541,FALSE,Traumatic rupture of diaphragm,SNOMED,Myopathy_difference,reviewed_seed,Imported from master codelists,Condition,standard,Myopathy_difference
myopathy,Myopathy,condition,4124692,FALSE,Congestive obstructive cardiomyopathy,SNOMED,Myopathy_difference,reviewed_seed,Imported from master codelists,Condition,standard,Myopathy_difference
myopathy,Myopathy,condition,4124693,FALSE,Hypertrophic cardiomyopathy,SNOMED,Myopathy_difference,reviewed_seed,Imported from master codelists,Condition,standard,Myopathy_difference
myopathy,Myopathy,condition,4129241,FALSE,Neoplasm of muscle of hip,SNOMED,Myopathy_difference,reviewed_seed,Imported from master codelists,Condition,standard,Myopathy_difference
myopathy,Myopathy,condition,4129242,FALSE,Neoplasm of muscle of inguinal region,SNOMED,Myopathy_difference,reviewed_seed,Imported from master codelists,Condition,standard,Myopathy_difference
myopathy,Myopathy,condition,4129399,FALSE,Dilated cardiomyopathy caused by radiation,SNOMED,Myopathy_difference,reviewed_seed,Imported from master codelists,Condition,standard,Myopathy_difference
myopathy,Myopathy,condition,4129870,FALSE,Neoplasm of muscle of head,SNOMED,Myopathy_difference,reviewed_seed,Imported from master codelists,Condition,standard,Myopathy_difference
myopathy,Myopathy,condition,4131429,FALSE,Neoplasm of muscle of face,SNOMED,Myopathy_difference,reviewed_seed,Imported from master codelists,Condition,standard,Myopathy_difference
myopathy,Myopathy,condition,4131430,FALSE,Neoplasm of muscle of shoulder,SNOMED,Myopathy_difference,reviewed_seed,Imported from master codelists,Condition,standard,Myopathy_difference
myopathy,Myopathy,condition,4131431,FALSE,Neoplasm of muscle of upper limb,SNOMED,Myopathy_difference,reviewed_seed,Imported from master codelists,Condition,standard,Myopathy_difference
myopathy,Myopathy,condition,4131432,FALSE,Neoplasm of muscle of lower limb,SNOMED,Myopathy_difference,reviewed_seed,Imported from master codelists,Condition,standard,Myopathy_difference
myopathy,Myopathy,condition,4131433,FALSE,Neoplasm of muscle of trunk,SNOMED,Myopathy_difference,reviewed_seed,Imported from master codelists,Condition,standard,Myopathy_difference
myopathy,Myopathy,condition,4131434,FALSE,Neoplasm of muscle of pelvis,SNOMED,Myopathy_difference,reviewed_seed,Imported from master codelists,Condition,standard,Myopathy_difference
myopathy,Myopathy,condition,4131435,FALSE,Neoplasm of muscle of buttock,SNOMED,Myopathy_difference,reviewed_seed,Imported from master codelists,Condition,standard,Myopathy_difference
myopathy,Myopathy,condition,4134163,FALSE,Traumatic division of muscle,SNOMED,Myopathy_difference,reviewed_seed,Imported from master codelists,Condition,standard,Myopathy_difference
myopathy,Myopathy,condition,4134946,FALSE,Crushing injury of muscle,SNOMED,Myopathy_difference,reviewed_seed,Imported from master codelists,Condition,standard,Myopathy_difference
myopathy,Myopathy,condition,4134950,FALSE,Strain of tendon of adductor longus,SNOMED,Myopathy_difference,reviewed_seed,Imported from master codelists,Condition,standard,Myopathy_difference
myopathy,Myopathy,condition,4137355,FALSE,Strain of back muscle,SNOMED,Myopathy_difference,reviewed_seed,Imported from master codelists,Condition,standard,Myopathy_difference
myopathy,Myopathy,condition,4139754,FALSE,Restrictive cardiomyopathy secondary to endocardial fibroelastosis,SNOMED,Myopathy_difference,reviewed_seed,Imported from master codelists,Condition,standard,Myopathy_difference
myopathy,Myopathy,condition,4141588,FALSE,Primary eosinophilic endomyocardial restrictive cardiomyopathy,SNOMED,Myopathy_difference,reviewed_seed,Imported from master codelists,Condition,standard,Myopathy_difference
myopathy,Myopathy,condition,4141805,FALSE,Congenital contracture of gastrocnemius muscle,SNOMED,Myopathy_difference,reviewed_seed,Imported from master codelists,Condition,standard,Myopathy_difference
myopathy,Myopathy,condition,4142028,FALSE,Ischiorectal hernia with gangrene,SNOMED,Myopathy_difference,reviewed_seed,Imported from master codelists,Condition,standard,Myopathy_difference
myopathy,Myopathy,condition,4142185,FALSE,Dilated cardiomyopathy secondary to deficiency,SNOMED,Myopathy_difference,reviewed_seed,Imported from master codelists,Condition,non-standard,Myopathy_difference
myopathy,Myopathy,condition,4144463,FALSE,Tachycardia-induced cardiomyopathy,SNOMED,Myopathy_difference,reviewed_seed,Imported from master codelists,Condition,standard,Myopathy_difference
myopathy,Myopathy,condition,4145696,FALSE,Ischemic congestive cardiomyopathy,SNOMED,Myopathy_difference,reviewed_seed,Imported from master codelists,Condition,standard,Myopathy_difference
myopathy,Myopathy,condition,4147604,FALSE,Dilated cardiomyopathy due to systemic sclerosis,SNOMED,Myopathy_difference,reviewed_seed,Imported from master codelists,Condition,standard,Myopathy_difference
myopathy,Myopathy,condition,4147982,FALSE,Dilated cardiomyopathy due to viral myocarditis,SNOMED,Myopathy_difference,reviewed_seed,Imported from master codelists,Condition,standard,Myopathy_difference
myopathy,Myopathy,condition,4148481,FALSE,Irreducible hiatal hernia,SNOMED,Myopathy_difference,reviewed_seed,Imported from master codelists,Condition,standard,Myopathy_difference
myopathy,Myopathy,condition,4149725,FALSE,Restrictive cardiomyopathy secondary to familial storage disease,SNOMED,Myopathy_difference,reviewed_seed,Imported from master codelists,Condition,standard,Myopathy_difference
myopathy,Myopathy,condition,4150951,FALSE,O/E - muscle atrophy present,SNOMED,Myopathy_difference,reviewed_seed,Imported from master codelists,Condition,non-standard,Myopathy_difference
myopathy,Myopathy,condition,4151870,FALSE,Congenital torticollis,SNOMED,Myopathy_difference,reviewed_seed,Imported from master codelists,Condition,standard,Myopathy_difference
myopathy,Myopathy,condition,4154093,FALSE,Cardiomyopathy in Duchenne muscular dystrophy,SNOMED,Myopathy_difference,reviewed_seed,Imported from master codelists,Condition,standard,Myopathy_difference
myopathy,Myopathy,condition,4159156,FALSE,Hiatal hernia with gastroesophageal reflux,SNOMED,Myopathy_difference,reviewed_seed,Imported from master codelists,Condition,standard,Myopathy_difference
myopathy,Myopathy,condition,4159652,FALSE,Traumatic hypotonia,SNOMED,Myopathy_difference,reviewed_seed,Imported from master codelists,Condition,standard,Myopathy_difference
myopathy,Myopathy,condition,4161246,FALSE,Congenital absence of quadriceps muscle,SNOMED,Myopathy_difference,reviewed_seed,Imported from master codelists,Condition,standard,Myopathy_difference
myopathy,Myopathy,condition,4162674,FALSE,Restrictive cardiomyopathy with endomyocardial fibrosis,SNOMED,Myopathy_difference,reviewed_seed,Imported from master codelists,Condition,standard,Myopathy_difference
myopathy,Myopathy,condition,4163266,FALSE,Facioscapulohumeral muscular dystrophy,SNOMED,Myopathy_difference,reviewed_seed,Imported from master codelists,Condition,standard,Myopathy_difference
myopathy,Myopathy,condition,4163710,FALSE,Dilated cardiomyopathy,SNOMED,Myopathy_difference,reviewed_seed,Imported from master codelists,Condition,standard,Myopathy_difference
myopathy,Myopathy,condition,4164440,FALSE,Congenital cardiospasm,SNOMED,Myopathy_difference,reviewed_seed,Imported from master codelists,Condition,standard,Myopathy_difference
myopathy,Myopathy,condition,4167868,FALSE,Danon disease,SNOMED,Myopathy_difference,reviewed_seed,Imported from master codelists,Condition,standard,Myopathy_difference
myopathy,Myopathy,condition,4168796,FALSE,Muscle strain,SNOMED,Myopathy_difference,reviewed_seed,Imported from master codelists,Condition,standard,Myopathy_difference
myopathy,Myopathy,condition,4169418,FALSE,Congenital hernia of foramen of Morgagni,SNOMED,Myopathy_difference,reviewed_seed,Imported from master codelists,Condition,standard,Myopathy_difference
myopathy,Myopathy,condition,4172641,FALSE,Primary endomyocardial fibrosis restrictive cardiomyopathy,SNOMED,Myopathy_difference,reviewed_seed,Imported from master codelists,Condition,standard,Myopathy_difference
myopathy,Myopathy,condition,4172671,FALSE,Severe childhood autosomal recessive muscular dystrophy,SNOMED,Myopathy_difference,reviewed_seed,Imported from master codelists,Condition,standard,Myopathy_difference
myopathy,Myopathy,condition,4173155,FALSE,Congenital absence of abdominal muscle,SNOMED,Myopathy_difference,reviewed_seed,Imported from master codelists,Condition,standard,Myopathy_difference
myopathy,Myopathy,condition,4175651,FALSE,Contracture of gastrocnemius muscle due to traumatic injury,SNOMED,Myopathy_difference,reviewed_seed,Imported from master codelists,Condition,standard,Myopathy_difference
myopathy,Myopathy,condition,4176953,FALSE,Neonatal neuromuscular disorder,SNOMED,Myopathy_difference,reviewed_seed,Imported from master codelists,Condition,standard,Myopathy_difference
myopathy,Myopathy,condition,4177187,FALSE,Dilated cardiomyopathy due to Friedreich's ataxia,SNOMED,Myopathy_difference,reviewed_seed,Imported from master codelists,Condition,standard,Myopathy_difference
myopathy,Myopathy,condition,4177188,FALSE,Cobalt cardiomyopathy,SNOMED,Myopathy_difference,reviewed_seed,Imported from master codelists,Condition,standard,Myopathy_difference
myopathy,Myopathy,condition,4177239,FALSE,Malignant tumor of muscle,SNOMED,Myopathy_difference,reviewed_seed,Imported from master codelists,Condition,standard,Myopathy_difference
myopathy,Myopathy,condition,4178460,FALSE,Traumatic rupture of skeletal muscle,SNOMED,Myopathy_difference,reviewed_seed,Imported from master codelists,Condition,standard,Myopathy_difference
myopathy,Myopathy,condition,4178584,FALSE,Primary familial dilated cardiomyopathy,SNOMED,Myopathy_difference,reviewed_seed,Imported from master codelists,Condition,standard,Myopathy_difference
myopathy,Myopathy,condition,4179650,FALSE,Congenital velopharyngeal incompetence,SNOMED,Myopathy_difference,reviewed_seed,Imported from master codelists,Condition,standard,Myopathy_difference
myopathy,Myopathy,condition,4180126,FALSE,Traumatic injury of skeletal muscle,SNOMED,Myopathy_difference,reviewed_seed,Imported from master codelists,Condition,standard,Myopathy_difference
myopathy,Myopathy,condition,4180607,FALSE,Strain of flexor muscle of hip,SNOMED,Myopathy_difference,reviewed_seed,Imported from master codelists,Condition,standard,Myopathy_difference
myopathy,Myopathy,condition,4181170,FALSE,Congenital nonprogressive myopathy with Moebius and Robin sequences,SNOMED,Myopathy_difference,reviewed_seed,Imported from master codelists,Condition,standard,Myopathy_difference
myopathy,Myopathy,condition,4182388,FALSE,Lethal neonatal spasticity,SNOMED,Myopathy_difference,reviewed_seed,Imported from master codelists,Condition,non-standard,Myopathy_difference
myopathy,Myopathy,condition,4185379,FALSE,Dilated cardiomyopathy due to bacterial myocarditis,SNOMED,Myopathy_difference,reviewed_seed,Imported from master codelists,Condition,standard,Myopathy_difference
myopathy,Myopathy,condition,4185450,FALSE,Dilated cardiomyopathy with connective tissue disorder,SNOMED,Myopathy_difference,reviewed_seed,Imported from master codelists,Condition,standard,Myopathy_difference
myopathy,Myopathy,condition,4189147,FALSE,Dilated cardiomyopathy due to taurine deficiency,SNOMED,Myopathy_difference,reviewed_seed,Imported from master codelists,Condition,standard,Myopathy_difference
myopathy,Myopathy,condition,4190653,FALSE,Posterior perineal hernia,SNOMED,Myopathy_difference,reviewed_seed,Imported from master codelists,Condition,standard,Myopathy_difference
myopathy,Myopathy,condition,4190773,FALSE,Restrictive cardiomyopathy,SNOMED,Myopathy_difference,reviewed_seed,Imported from master codelists,Condition,standard,Myopathy_difference
myopathy,Myopathy,condition,4191606,FALSE,Restrictive cardiomyopathy secondary to sarcoidosis,SNOMED,Myopathy_difference,reviewed_seed,Imported from master codelists,Condition,standard,Myopathy_difference
myopathy,Myopathy,condition,4194894,FALSE,Muscle and tendon injury,SNOMED,Myopathy_difference,reviewed_seed,Imported from master codelists,Condition,standard,Myopathy_difference
myopathy,Myopathy,condition,4195075,FALSE,Congenital myopathy with abnormal subcellular organelles,SNOMED,Myopathy_difference,reviewed_seed,Imported from master codelists,Condition,standard,Myopathy_difference
myopathy,Myopathy,condition,4195417,FALSE,Dilated cardiomyopathy due to neuromuscular disorder,SNOMED,Myopathy_difference,reviewed_seed,Imported from master codelists,Condition,standard,Myopathy_difference
myopathy,Myopathy,condition,4195688,FALSE,Ocular muscular dystrophy,SNOMED,Myopathy_difference,reviewed_seed,Imported from master codelists,Condition,non-standard,Myopathy_difference
myopathy,Myopathy,condition,4197087,FALSE,Restrictive cardiomyopathy secondary to amyloidosis,SNOMED,Myopathy_difference,reviewed_seed,Imported from master codelists,Condition,standard,Myopathy_difference
myopathy,Myopathy,condition,4203149,FALSE,Primary idiopathic dilated cardiomyopathy,SNOMED,Myopathy_difference,reviewed_seed,Imported from master codelists,Condition,standard,Myopathy_difference
myopathy,Myopathy,condition,4204523,FALSE,Congenital muscular hypertrophy-cerebral syndrome,SNOMED,Myopathy_difference,reviewed_seed,Imported from master codelists,Condition,standard,Myopathy_difference
myopathy,Myopathy,condition,4204824,FALSE,Multi-core congenital myopathy,SNOMED,Myopathy_difference,reviewed_seed,Imported from master codelists,Condition,standard,Myopathy_difference
myopathy,Myopathy,condition,4204856,FALSE,Primary eosinophilic endomyocardial cardiomyopathy,SNOMED,Myopathy_difference,reviewed_seed,Imported from master codelists,Condition,standard,Myopathy_difference
myopathy,Myopathy,condition,4205399,FALSE,Lumbosacral strain,SNOMED,Myopathy_difference,reviewed_seed,Imported from master codelists,Condition,standard,Myopathy_difference
myopathy,Myopathy,condition,4205593,FALSE,Hypertrophic cardiomyopathy secondary to Friedreich's ataxia,SNOMED,Myopathy_difference,reviewed_seed,Imported from master codelists,Condition,non-standard,Myopathy_difference
myopathy,Myopathy,condition,4205714,FALSE,Hereditary myopathy associated with hydrocephalus,SNOMED,Myopathy_difference,reviewed_seed,Imported from master codelists,Condition,standard,Myopathy_difference
myopathy,Myopathy,condition,4207805,FALSE,Idiopathic myoglobinuria,SNOMED,Myopathy_difference,reviewed_seed,Imported from master codelists,Condition,standard,Myopathy_difference
myopathy,Myopathy,condition,4211345,FALSE,Anterior perineal hernia,SNOMED,Myopathy_difference,reviewed_seed,Imported from master codelists,Condition,standard,Myopathy_difference
myopathy,Myopathy,condition,4211517,FALSE,Restrictive cardiomyopathy secondary to hemochromatosis,SNOMED,Myopathy_difference,reviewed_seed,Imported from master codelists,Condition,standard,Myopathy_difference
myopathy,Myopathy,condition,4212349,FALSE,"Congenital myotonia, autosomal dominant form",SNOMED,Myopathy_difference,reviewed_seed,Imported from master codelists,Condition,standard,Myopathy_difference
myopathy,Myopathy,condition,4212562,FALSE,Perineal hernia,SNOMED,Myopathy_difference,reviewed_seed,Imported from master codelists,Condition,standard,Myopathy_difference
myopathy,Myopathy,condition,4215284,FALSE,Dilated cardiomyopathy due to granuloma,SNOMED,Myopathy_difference,reviewed_seed,Imported from master codelists,Condition,standard,Myopathy_difference
myopathy,Myopathy,condition,4217551,FALSE,Secondary restrictive cardiomyopathy,SNOMED,Myopathy_difference,reviewed_seed,Imported from master codelists,Condition,standard,Myopathy_difference
myopathy,Myopathy,condition,4218771,FALSE,Dilated cardiomyopathy caused by drug,SNOMED,Myopathy_difference,reviewed_seed,Imported from master codelists,Condition,standard,Myopathy_difference
myopathy,Myopathy,condition,4219376,FALSE,Dilated cardiomyopathy due to hemochromatosis,SNOMED,Myopathy_difference,reviewed_seed,Imported from master codelists,Condition,standard,Myopathy_difference
myopathy,Myopathy,condition,4221408,FALSE,Familial hypokalemic periodic paralysis,SNOMED,Myopathy_difference,reviewed_seed,Imported from master codelists,Condition,standard,Myopathy_difference
myopathy,Myopathy,condition,4222754,FALSE,Familial normokalemic periodic paralysis,SNOMED,Myopathy_difference,reviewed_seed,Imported from master codelists,Condition,standard,Myopathy_difference
myopathy,Myopathy,condition,4222765,FALSE,Primary familial hypertrophic cardiomyopathy,SNOMED,Myopathy_difference,reviewed_seed,Imported from master codelists,Condition,standard,Myopathy_difference
myopathy,Myopathy,condition,4223017,FALSE,Hypertrophic cardiomyopathy secondary to neuromuscular disorder,SNOMED,Myopathy_difference,reviewed_seed,Imported from master codelists,Condition,non-standard,Myopathy_difference
myopathy,Myopathy,condition,4224935,FALSE,Dilated cardiomyopathy due to nutritional deficiency,SNOMED,Myopathy_difference,reviewed_seed,Imported from master codelists,Condition,standard,Myopathy_difference
myopathy,Myopathy,condition,4224937,FALSE,Obstructed ischiorectal hernia,SNOMED,Myopathy_difference,reviewed_seed,Imported from master codelists,Condition,standard,Myopathy_difference
myopathy,Myopathy,condition,4225077,FALSE,Dilated cardiomyopathy due to protozoan myocarditis,SNOMED,Myopathy_difference,reviewed_seed,Imported from master codelists,Condition,standard,Myopathy_difference
myopathy,Myopathy,condition,4225117,FALSE,Restrictive cardiomyopathy due to mucopolysaccharidosis,SNOMED,Myopathy_difference,reviewed_seed,Imported from master codelists,Condition,standard,Myopathy_difference
myopathy,Myopathy,condition,4227734,FALSE,Partial thenar atrophy,SNOMED,Myopathy_difference,reviewed_seed,Imported from master codelists,Condition,standard,Myopathy_difference
myopathy,Myopathy,condition,4229830,FALSE,Strain of trapezius muscle,SNOMED,Myopathy_difference,reviewed_seed,Imported from master codelists,Condition,standard,Myopathy_difference
myopathy,Myopathy,condition,4232495,FALSE,Primary cardiomyopathy,SNOMED,Myopathy_difference,reviewed_seed,Imported from master codelists,Condition,standard,Myopathy_difference
myopathy,Myopathy,condition,4233941,FALSE,Congenital anomaly of skeletal muscle,SNOMED,Myopathy_difference,reviewed_seed,Imported from master codelists,Condition,standard,Myopathy_difference
myopathy,Myopathy,condition,4234537,FALSE,Dilated cardiomyopathy secondary to electrolyte deficiency,SNOMED,Myopathy_difference,reviewed_seed,Imported from master codelists,Condition,non-standard,Myopathy_difference
myopathy,Myopathy,condition,4235779,FALSE,Strain of neck muscle,SNOMED,Myopathy_difference,reviewed_seed,Imported from master codelists,Condition,standard,Myopathy_difference
myopathy,Myopathy,condition,4236332,FALSE,Primary restrictive cardiomyopathy,SNOMED,Myopathy_difference,reviewed_seed,Imported from master codelists,Condition,standard,Myopathy_difference
myopathy,Myopathy,condition,4236361,FALSE,Traumatic torticollis,SNOMED,Myopathy_difference,reviewed_seed,Imported from master codelists,Condition,standard,Myopathy_difference
myopathy,Myopathy,condition,4240023,FALSE,Benign neoplasm of muscle of buttock,SNOMED,Myopathy_difference,reviewed_seed,Imported from master codelists,Condition,standard,Myopathy_difference
myopathy,Myopathy,condition,4240024,FALSE,Benign neoplasm of muscle of head,SNOMED,Myopathy_difference,reviewed_seed,Imported from master codelists,Condition,standard,Myopathy_difference
myopathy,Myopathy,condition,4240025,FALSE,Benign neoplasm of muscle of neck,SNOMED,Myopathy_difference,reviewed_seed,Imported from master codelists,Condition,standard,Myopathy_difference
myopathy,Myopathy,condition,4240027,FALSE,Benign neoplasm of muscle of upper limb,SNOMED,Myopathy_difference,reviewed_seed,Imported from master codelists,Condition,standard,Myopathy_difference
myopathy,Myopathy,condition,4240028,FALSE,Benign neoplasm of muscle,SNOMED,Myopathy_difference,reviewed_seed,Imported from master codelists,Condition,standard,Myopathy_difference
myopathy,Myopathy,condition,4240233,FALSE,Dilated cardiomyopathy due to amyloidosis,SNOMED,Myopathy_difference,reviewed_seed,Imported from master codelists,Condition,standard,Myopathy_difference
myopathy,Myopathy,condition,4240306,FALSE,Dilated cardiomyopathy due to polyarteritis nodosa,SNOMED,Myopathy_difference,reviewed_seed,Imported from master codelists,Condition,standard,Myopathy_difference
myopathy,Myopathy,condition,4241644,FALSE,Benign neoplasm of diaphragm,SNOMED,Myopathy_difference,reviewed_seed,Imported from master codelists,Condition,standard,Myopathy_difference
myopathy,Myopathy,condition,4242362,FALSE,Benign neoplasm of muscle of face,SNOMED,Myopathy_difference,reviewed_seed,Imported from master codelists,Condition,standard,Myopathy_difference
myopathy,Myopathy,condition,4242363,FALSE,Benign neoplasm of muscle of lower limb,SNOMED,Myopathy_difference,reviewed_seed,Imported from master codelists,Condition,standard,Myopathy_difference
myopathy,Myopathy,condition,4242364,FALSE,Benign neoplasm of muscle of pelvis,SNOMED,Myopathy_difference,reviewed_seed,Imported from master codelists,Condition,standard,Myopathy_difference
myopathy,Myopathy,condition,4242365,FALSE,Benign neoplasm of muscle of perineum,SNOMED,Myopathy_difference,reviewed_seed,Imported from master codelists,Condition,standard,Myopathy_difference
myopathy,Myopathy,condition,4242366,FALSE,Benign neoplasm of muscle of shoulder,SNOMED,Myopathy_difference,reviewed_seed,Imported from master codelists,Condition,standard,Myopathy_difference
myopathy,Myopathy,condition,4242693,FALSE,Perineal laceration involving vaginal muscles,SNOMED,Myopathy_difference,reviewed_seed,Imported from master codelists,Condition,standard,Myopathy_difference
myopathy,Myopathy,condition,4242808,FALSE,Benign neoplasm of muscle of inguinal region,SNOMED,Myopathy_difference,reviewed_seed,Imported from master codelists,Condition,standard,Myopathy_difference
myopathy,Myopathy,condition,4243215,FALSE,Distal muscular dystrophy,SNOMED,Myopathy_difference,reviewed_seed,Imported from master codelists,Condition,standard,Myopathy_difference
myopathy,Myopathy,condition,4243435,FALSE,Benign neoplasm of muscle of abdomen,SNOMED,Myopathy_difference,reviewed_seed,Imported from master codelists,Condition,standard,Myopathy_difference
myopathy,Myopathy,condition,4243436,FALSE,Benign neoplasm of muscle of hip,SNOMED,Myopathy_difference,reviewed_seed,Imported from master codelists,Condition,standard,Myopathy_difference
myopathy,Myopathy,condition,4243437,FALSE,Benign neoplasm of muscle of thorax,SNOMED,Myopathy_difference,reviewed_seed,Imported from master codelists,Condition,standard,Myopathy_difference
myopathy,Myopathy,condition,4243438,FALSE,Benign neoplasm of muscle of trunk,SNOMED,Myopathy_difference,reviewed_seed,Imported from master codelists,Condition,standard,Myopathy_difference
myopathy,Myopathy,condition,4243769,FALSE,Mitochondrial-lipid-glycogen storage myopathy,SNOMED,Myopathy_difference,reviewed_seed,Imported from master codelists,Condition,standard,Myopathy_difference
myopathy,Myopathy,condition,4243983,FALSE,Dilated cardiomyopathy due to glycogen storage disease,SNOMED,Myopathy_difference,reviewed_seed,Imported from master codelists,Condition,standard,Myopathy_difference
myopathy,Myopathy,condition,4245506,FALSE,Dilated cardiomyopathy due to familial storage disease,SNOMED,Myopathy_difference,reviewed_seed,Imported from master codelists,Condition,standard,Myopathy_difference
myopathy,Myopathy,condition,4246133,FALSE,Primary malignant neoplasm of muscle of hip,SNOMED,Myopathy_difference,reviewed_seed,Imported from master codelists,Condition,standard,Myopathy_difference
myopathy,Myopathy,condition,4246134,FALSE,Primary malignant neoplasm of muscle of inguinal region,SNOMED,Myopathy_difference,reviewed_seed,Imported from master codelists,Condition,standard,Myopathy_difference
myopathy,Myopathy,condition,4246135,FALSE,Primary malignant neoplasm of muscle of perineum,SNOMED,Myopathy_difference,reviewed_seed,Imported from master codelists,Condition,standard,Myopathy_difference
myopathy,Myopathy,condition,4246673,FALSE,Hypertrophic cardiomyopathy secondary to hyperthyroidism,SNOMED,Myopathy_difference,reviewed_seed,Imported from master codelists,Condition,non-standard,Myopathy_difference
myopathy,Myopathy,condition,4247261,FALSE,Dilated cardiomyopathy due to sarcoidosis,SNOMED,Myopathy_difference,reviewed_seed,Imported from master codelists,Condition,standard,Myopathy_difference
myopathy,Myopathy,condition,4247337,FALSE,Primary malignant neoplasm of muscle of thorax,SNOMED,Myopathy_difference,reviewed_seed,Imported from master codelists,Condition,standard,Myopathy_difference
myopathy,Myopathy,condition,4247802,FALSE,Muscular dystrophy,SNOMED,Myopathy_difference,reviewed_seed,Imported from master codelists,Condition,standard,Myopathy_difference
myopathy,Myopathy,condition,4247825,FALSE,Primary malignant neoplasm of diaphragm,SNOMED,Myopathy_difference,reviewed_seed,Imported from master codelists,Condition,standard,Myopathy_difference
myopathy,Myopathy,condition,4247838,FALSE,Primary malignant neoplasm of muscle of head,SNOMED,Myopathy_difference,reviewed_seed,Imported from master codelists,Condition,standard,Myopathy_difference
myopathy,Myopathy,condition,4247839,FALSE,Primary malignant neoplasm of muscle of trunk,SNOMED,Myopathy_difference,reviewed_seed,Imported from master codelists,Condition,standard,Myopathy_difference
myopathy,Myopathy,condition,4247840,FALSE,Primary malignant neoplasm of muscle of upper limb,SNOMED,Myopathy_difference,reviewed_seed,Imported from master codelists,Condition,standard,Myopathy_difference
myopathy,Myopathy,condition,4247908,FALSE,Congenital absence of diaphragm,SNOMED,Myopathy_difference,reviewed_seed,Imported from master codelists,Condition,standard,Myopathy_difference
myopathy,Myopathy,condition,4248081,FALSE,Metastatic malignant neoplasm to muscle of lower limb,SNOMED,Myopathy_difference,reviewed_seed,Imported from master codelists,Condition,non-standard,Myopathy_difference
myopathy,Myopathy,condition,4248082,FALSE,Metastatic malignant neoplasm to muscle of neck,SNOMED,Myopathy_difference,reviewed_seed,Imported from master codelists,Condition,non-standard,Myopathy_difference
myopathy,Myopathy,condition,4248182,FALSE,Metastatic malignant neoplasm to muscle,SNOMED,Myopathy_difference,reviewed_seed,Imported from master codelists,Condition,non-standard,Myopathy_difference
myopathy,Myopathy,condition,4249303,FALSE,Obstructed diaphragmatic hernia with gangrene,SNOMED,Myopathy_difference,reviewed_seed,Imported from master codelists,Condition,standard,Myopathy_difference
myopathy,Myopathy,condition,4250174,FALSE,Denervation atrophy of muscle,SNOMED,Myopathy_difference,reviewed_seed,Imported from master codelists,Condition,standard,Myopathy_difference
myopathy,Myopathy,condition,4251051,FALSE,Dilated cardiomyopathy due to malignancy,SNOMED,Myopathy_difference,reviewed_seed,Imported from master codelists,Condition,standard,Myopathy_difference
myopathy,Myopathy,condition,4258681,FALSE,Dilated cardiomyopathy due to fungal myocarditis,SNOMED,Myopathy_difference,reviewed_seed,Imported from master codelists,Condition,standard,Myopathy_difference
myopathy,Myopathy,condition,4261970,FALSE,Familial cardiomyopathy,SNOMED,Myopathy_difference,reviewed_seed,Imported from master codelists,Condition,standard,Myopathy_difference
myopathy,Myopathy,condition,4262911,FALSE,Dilated cardiomyopathy due to dermatomyositis,SNOMED,Myopathy_difference,reviewed_seed,Imported from master codelists,Condition,standard,Myopathy_difference
myopathy,Myopathy,condition,4268155,FALSE,Congenital hourglass stomach,SNOMED,Myopathy_difference,reviewed_seed,Imported from master codelists,Condition,standard,Myopathy_difference
myopathy,Myopathy,condition,4268879,FALSE,Congenital fibrosis syndrome,SNOMED,Myopathy_difference,reviewed_seed,Imported from master codelists,Condition,standard,Myopathy_difference
myopathy,Myopathy,condition,4269448,FALSE,Dilated cardiomyopathy due to systemic lupus erythematosus,SNOMED,Myopathy_difference,reviewed_seed,Imported from master codelists,Condition,standard,Myopathy_difference
myopathy,Myopathy,condition,4270625,FALSE,Primary idiopathic hypertrophic cardiomyopathy,SNOMED,Myopathy_difference,reviewed_seed,Imported from master codelists,Condition,standard,Myopathy_difference
myopathy,Myopathy,condition,4270789,FALSE,Hereditary hollow viscus myopathy,SNOMED,Myopathy_difference,reviewed_seed,Imported from master codelists,Condition,standard,Myopathy_difference
myopathy,Myopathy,condition,4273369,FALSE,Restrictive cardiomyopathy secondary to glycogen storage disease,SNOMED,Myopathy_difference,reviewed_seed,Imported from master codelists,Condition,standard,Myopathy_difference
myopathy,Myopathy,condition,4273401,FALSE,Dilated cardiomyopathy due to infiltration,SNOMED,Myopathy_difference,reviewed_seed,Imported from master codelists,Condition,standard,Myopathy_difference
myopathy,Myopathy,condition,4274635,FALSE,Primary idiopathic restrictive cardiomyopathy,SNOMED,Myopathy_difference,reviewed_seed,Imported from master codelists,Condition,standard,Myopathy_difference
myopathy,Myopathy,condition,4280235,FALSE,Strain of thoracic region,SNOMED,Myopathy_difference,reviewed_seed,Imported from master codelists,Condition,standard,Myopathy_difference
myopathy,Myopathy,condition,4288868,FALSE,Nonobstructive cardiomyopathy,SNOMED,Myopathy_difference,reviewed_seed,Imported from master codelists,Condition,standard,Myopathy_difference
myopathy,Myopathy,condition,4290767,FALSE,Congenital eventration of right crus of diaphragm,SNOMED,Myopathy_difference,reviewed_seed,Imported from master codelists,Condition,standard,Myopathy_difference
myopathy,Myopathy,condition,4294833,FALSE,Cloquet's hernia,SNOMED,Myopathy_difference,reviewed_seed,Imported from master codelists,Condition,standard,Myopathy_difference
myopathy,Myopathy,condition,4294859,FALSE,Congenital fibrosis of inferior rectus muscle,SNOMED,Myopathy_difference,reviewed_seed,Imported from master codelists,Condition,standard,Myopathy_difference
myopathy,Myopathy,condition,4296473,FALSE,Duchenne muscular dystrophy,SNOMED,Myopathy_difference,reviewed_seed,Imported from master codelists,Condition,standard,Myopathy_difference
myopathy,Myopathy,condition,4296494,FALSE,Denervation atrophy of tongue,SNOMED,Myopathy_difference,reviewed_seed,Imported from master codelists,Condition,standard,Myopathy_difference
myopathy,Myopathy,condition,4297316,FALSE,Restrictive cardiomyopathy secondary to granulomas,SNOMED,Myopathy_difference,reviewed_seed,Imported from master codelists,Condition,standard,Myopathy_difference
myopathy,Myopathy,condition,4297463,FALSE,Oculopharyngeal muscular dystrophy,SNOMED,Myopathy_difference,reviewed_seed,Imported from master codelists,Condition,standard,Myopathy_difference
myopathy,Myopathy,condition,4301289,FALSE,Eosinophilia-myalgia syndrome from tryptophan,SNOMED,Myopathy_difference,reviewed_seed,Imported from master codelists,Condition,standard,Myopathy_difference
myopathy,Myopathy,condition,4302459,FALSE,Erb's muscular dystrophy,SNOMED,Myopathy_difference,reviewed_seed,Imported from master codelists,Condition,non-standard,Myopathy_difference
myopathy,Myopathy,condition,4302678,FALSE,Congenital absence of skeletal muscle,SNOMED,Myopathy_difference,reviewed_seed,Imported from master codelists,Condition,standard,Myopathy_difference
myopathy,Myopathy,condition,4307028,FALSE,FH: Cardiomyopathy,SNOMED,Myopathy_difference,reviewed_seed,Imported from master codelists,Observation,standard,Myopathy_difference
myopathy,Myopathy,condition,4308668,FALSE,Becker muscular dystrophy,SNOMED,Myopathy_difference,reviewed_seed,Imported from master codelists,Condition,standard,Myopathy_difference
myopathy,Myopathy,condition,4311485,FALSE,Primary malignant neoplasm of muscle of abdomen,SNOMED,Myopathy_difference,reviewed_seed,Imported from master codelists,Condition,standard,Myopathy_difference
myopathy,Myopathy,condition,4311486,FALSE,Primary malignant neoplasm of muscle of buttock,SNOMED,Myopathy_difference,reviewed_seed,Imported from master codelists,Condition,standard,Myopathy_difference
myopathy,Myopathy,condition,4311487,FALSE,Primary malignant neoplasm of muscle of face,SNOMED,Myopathy_difference,reviewed_seed,Imported from master codelists,Condition,standard,Myopathy_difference
myopathy,Myopathy,condition,4311488,FALSE,Primary malignant neoplasm of muscle of lower limb,SNOMED,Myopathy_difference,reviewed_seed,Imported from master codelists,Condition,standard,Myopathy_difference
myopathy,Myopathy,condition,4311489,FALSE,Primary malignant neoplasm of muscle of neck,SNOMED,Myopathy_difference,reviewed_seed,Imported from master codelists,Condition,standard,Myopathy_difference
myopathy,Myopathy,condition,4311490,FALSE,Primary malignant neoplasm of muscle of pelvis,SNOMED,Myopathy_difference,reviewed_seed,Imported from master codelists,Condition,standard,Myopathy_difference
myopathy,Myopathy,condition,4311491,FALSE,Primary malignant neoplasm of muscle of shoulder,SNOMED,Myopathy_difference,reviewed_seed,Imported from master codelists,Condition,standard,Myopathy_difference
myopathy,Myopathy,condition,4311492,FALSE,Primary malignant neoplasm of muscle,SNOMED,Myopathy_difference,reviewed_seed,Imported from master codelists,Condition,standard,Myopathy_difference
myopathy,Myopathy,condition,4311876,FALSE,Metastatic malignant neoplasm to diaphragm,SNOMED,Myopathy_difference,reviewed_seed,Imported from master codelists,Condition,non-standard,Myopathy_difference
myopathy,Myopathy,condition,4312551,FALSE,Metastatic malignant neoplasm to muscle of face,SNOMED,Myopathy_difference,reviewed_seed,Imported from master codelists,Condition,non-standard,Myopathy_difference
myopathy,Myopathy,condition,4312552,FALSE,Metastatic malignant neoplasm to muscle of hip,SNOMED,Myopathy_difference,reviewed_seed,Imported from master codelists,Condition,non-standard,Myopathy_difference
myopathy,Myopathy,condition,4312553,FALSE,Metastatic malignant neoplasm to muscle of perineum,SNOMED,Myopathy_difference,reviewed_seed,Imported from master codelists,Condition,non-standard,Myopathy_difference
myopathy,Myopathy,condition,4312554,FALSE,Metastatic malignant neoplasm to muscle of shoulder,SNOMED,Myopathy_difference,reviewed_seed,Imported from master codelists,Condition,non-standard,Myopathy_difference
myopathy,Myopathy,condition,4312555,FALSE,Metastatic malignant neoplasm to muscle of upper limb,SNOMED,Myopathy_difference,reviewed_seed,Imported from master codelists,Condition,non-standard,Myopathy_difference
myopathy,Myopathy,condition,4313305,FALSE,Dilated cardiomyopathy due to infectious disease,SNOMED,Myopathy_difference,reviewed_seed,Imported from master codelists,Condition,standard,Myopathy_difference
myopathy,Myopathy,condition,4313646,FALSE,Neoplasm of uncertain behavior of muscle of abdomen,SNOMED,Myopathy_difference,reviewed_seed,Imported from master codelists,Condition,standard,Myopathy_difference
myopathy,Myopathy,condition,4313647,FALSE,Neoplasm of uncertain behavior of muscle of neck,SNOMED,Myopathy_difference,reviewed_seed,Imported from master codelists,Condition,standard,Myopathy_difference
myopathy,Myopathy,condition,4313648,FALSE,Neoplasm of uncertain behavior of muscle of shoulder,SNOMED,Myopathy_difference,reviewed_seed,Imported from master codelists,Condition,standard,Myopathy_difference
myopathy,Myopathy,condition,4313650,FALSE,Neoplasm of uncertain behavior of muscle,SNOMED,Myopathy_difference,reviewed_seed,Imported from master codelists,Condition,standard,Myopathy_difference
myopathy,Myopathy,condition,4313794,FALSE,Metastatic malignant neoplasm to muscle of buttock,SNOMED,Myopathy_difference,reviewed_seed,Imported from master codelists,Condition,non-standard,Myopathy_difference
myopathy,Myopathy,condition,4313795,FALSE,Metastatic malignant neoplasm to muscle of head,SNOMED,Myopathy_difference,reviewed_seed,Imported from master codelists,Condition,non-standard,Myopathy_difference
myopathy,Myopathy,condition,4313796,FALSE,Metastatic malignant neoplasm to muscle of pelvis,SNOMED,Myopathy_difference,reviewed_seed,Imported from master codelists,Condition,non-standard,Myopathy_difference
myopathy,Myopathy,condition,4313797,FALSE,Metastatic malignant neoplasm to muscle of thorax,SNOMED,Myopathy_difference,reviewed_seed,Imported from master codelists,Condition,non-standard,Myopathy_difference
myopathy,Myopathy,condition,4314400,FALSE,Dilated cardiomyopathy due to mucopolysaccharidosis,SNOMED,Myopathy_difference,reviewed_seed,Imported from master codelists,Condition,standard,Myopathy_difference
myopathy,Myopathy,condition,4315528,FALSE,Neoplasm of uncertain behavior of muscle of inguinal region,SNOMED,Myopathy_difference,reviewed_seed,Imported from master codelists,Condition,standard,Myopathy_difference
myopathy,Myopathy,condition,4315529,FALSE,Neoplasm of uncertain behavior of muscle of pelvis,SNOMED,Myopathy_difference,reviewed_seed,Imported from master codelists,Condition,standard,Myopathy_difference
myopathy,Myopathy,condition,4315530,FALSE,Neoplasm of uncertain behavior of muscle of perineum,SNOMED,Myopathy_difference,reviewed_seed,Imported from master codelists,Condition,standard,Myopathy_difference
myopathy,Myopathy,condition,4315541,FALSE,Metastatic malignant neoplasm to muscle of abdomen,SNOMED,Myopathy_difference,reviewed_seed,Imported from master codelists,Condition,non-standard,Myopathy_difference
myopathy,Myopathy,condition,4315542,FALSE,Metastatic malignant neoplasm to muscle of inguinal region,SNOMED,Myopathy_difference,reviewed_seed,Imported from master codelists,Condition,non-standard,Myopathy_difference
myopathy,Myopathy,condition,4315543,FALSE,Metastatic malignant neoplasm to muscle of trunk,SNOMED,Myopathy_difference,reviewed_seed,Imported from master codelists,Condition,non-standard,Myopathy_difference
myopathy,Myopathy,condition,4316379,FALSE,Neoplasm of uncertain behavior of diaphragm,SNOMED,Myopathy_difference,reviewed_seed,Imported from master codelists,Condition,standard,Myopathy_difference
myopathy,Myopathy,condition,4316508,FALSE,Neoplasm of uncertain behavior of muscle of buttock,SNOMED,Myopathy_difference,reviewed_seed,Imported from master codelists,Condition,standard,Myopathy_difference
myopathy,Myopathy,condition,4316509,FALSE,Neoplasm of uncertain behavior of muscle of head,SNOMED,Myopathy_difference,reviewed_seed,Imported from master codelists,Condition,standard,Myopathy_difference
myopathy,Myopathy,condition,4316510,FALSE,Neoplasm of uncertain behavior of muscle of trunk,SNOMED,Myopathy_difference,reviewed_seed,Imported from master codelists,Condition,standard,Myopathy_difference
myopathy,Myopathy,condition,4316511,FALSE,Neoplasm of uncertain behavior of muscle of upper limb,SNOMED,Myopathy_difference,reviewed_seed,Imported from master codelists,Condition,standard,Myopathy_difference
myopathy,Myopathy,condition,4317556,FALSE,Neoplasm of uncertain behavior of muscle of face,SNOMED,Myopathy_difference,reviewed_seed,Imported from master codelists,Condition,standard,Myopathy_difference
myopathy,Myopathy,condition,4317557,FALSE,Neoplasm of uncertain behavior of muscle of hip,SNOMED,Myopathy_difference,reviewed_seed,Imported from master codelists,Condition,standard,Myopathy_difference
myopathy,Myopathy,condition,4317558,FALSE,Neoplasm of uncertain behavior of muscle of lower limb,SNOMED,Myopathy_difference,reviewed_seed,Imported from master codelists,Condition,standard,Myopathy_difference
myopathy,Myopathy,condition,4317559,FALSE,Neoplasm of uncertain behavior of muscle of thorax,SNOMED,Myopathy_difference,reviewed_seed,Imported from master codelists,Condition,standard,Myopathy_difference
myopathy,Myopathy,condition,4320821,FALSE,Injury of muscle,SNOMED,Myopathy_difference,reviewed_seed,Imported from master codelists,Condition,standard,Myopathy_difference
myopathy,Myopathy,condition,4323060,FALSE,Strain of triceps brachii muscle,SNOMED,Myopathy_difference,reviewed_seed,Imported from master codelists,Condition,standard,Myopathy_difference
myopathy,Myopathy,condition,4328805,FALSE,Strain of muscle of chest wall,SNOMED,Myopathy_difference,reviewed_seed,Imported from master codelists,Condition,standard,Myopathy_difference
myopathy,Myopathy,condition,4328807,FALSE,Strain of rectus femoris muscle,SNOMED,Myopathy_difference,reviewed_seed,Imported from master codelists,Condition,standard,Myopathy_difference
myopathy,Myopathy,condition,4328879,FALSE,Volkmann ischemic contracture following traumatic compartment syndrome,SNOMED,Myopathy_difference,reviewed_seed,Imported from master codelists,Condition,standard,Myopathy_difference
myopathy,Myopathy,condition,4339191,FALSE,Intermuscular hernia,SNOMED,Myopathy_difference,reviewed_seed,Imported from master codelists,Condition,standard,Myopathy_difference
myopathy,Myopathy,condition,4340500,FALSE,Familial hypertrophy of sphincter of Oddi,SNOMED,Myopathy_difference,reviewed_seed,Imported from master codelists,Condition,standard,Myopathy_difference
myopathy,Myopathy,condition,4340514,FALSE,Perineal incisional hernia,SNOMED,Myopathy_difference,reviewed_seed,Imported from master codelists,Condition,standard,Myopathy_difference
myopathy,Myopathy,condition,4340519,FALSE,Traumatic diaphragmatic hernia,SNOMED,Myopathy_difference,reviewed_seed,Imported from master codelists,Condition,standard,Myopathy_difference
myopathy,Myopathy,condition,4342897,FALSE,Central tendon hernia,SNOMED,Myopathy_difference,reviewed_seed,Imported from master codelists,Condition,standard,Myopathy_difference
myopathy,Myopathy,condition,4343683,FALSE,Congenital erector pili hamartoma,SNOMED,Myopathy_difference,reviewed_seed,Imported from master codelists,Condition,standard,Myopathy_difference
myopathy,Myopathy,condition,4343926,FALSE,Polymyositis with malignant disease,SNOMED,Myopathy_difference,reviewed_seed,Imported from master codelists,Condition,standard,Myopathy_difference
myopathy,Myopathy,condition,4344042,FALSE,Muscular dystrophy with predominantly proximal limb girdle distribution,SNOMED,Myopathy_difference,reviewed_seed,Imported from master codelists,Condition,standard,Myopathy_difference
myopathy,Myopathy,condition,4344045,FALSE,Hutterite type of muscular dystrophy,SNOMED,Myopathy_difference,reviewed_seed,Imported from master codelists,Condition,standard,Myopathy_difference
myopathy,Myopathy,condition,4344046,FALSE,Autosomal dominant muscular dystrophy not predominantly limb girdle,SNOMED,Myopathy_difference,reviewed_seed,Imported from master codelists,Condition,standard,Myopathy_difference
myopathy,Myopathy,condition,4344047,FALSE,Benign congenital hypotonia,SNOMED,Myopathy_difference,reviewed_seed,Imported from master codelists,Condition,standard,Myopathy_difference
myopathy,Myopathy,condition,4344051,FALSE,Viral myositis,SNOMED,Myopathy_difference,reviewed_seed,Imported from master codelists,Condition,standard,Myopathy_difference
myopathy,Myopathy,condition,4344138,FALSE,Traumatic rhabdomyolysis,SNOMED,Myopathy_difference,reviewed_seed,Imported from master codelists,Condition,standard,Myopathy_difference
myopathy,Myopathy,condition,4344140,FALSE,Non-traumatic rhabdomyolysis,SNOMED,Myopathy_difference,reviewed_seed,Imported from master codelists,Condition,standard,Myopathy_difference
myopathy,Myopathy,condition,4344161,FALSE,Dermatomyositis with malignant disease,SNOMED,Myopathy_difference,reviewed_seed,Imported from master codelists,Condition,standard,Myopathy_difference
myopathy,Myopathy,condition,4344276,FALSE,X-linked muscular dystrophy with abnormal dystrophin,SNOMED,Myopathy_difference,reviewed_seed,Imported from master codelists,Condition,standard,Myopathy_difference
myopathy,Myopathy,condition,4344277,FALSE,Intermediate X-linked muscular dystrophy,SNOMED,Myopathy_difference,reviewed_seed,Imported from master codelists,Condition,standard,Myopathy_difference
myopathy,Myopathy,condition,4344278,FALSE,Manifesting female carrier of X-linked muscular dystrophy,SNOMED,Myopathy_difference,reviewed_seed,Imported from master codelists,Condition,standard,Myopathy_difference
myopathy,Myopathy,condition,4344279,FALSE,Autosomal recessive muscular dystrophy with abnormal dystrophin-associated glycoprotein,SNOMED,Myopathy_difference,reviewed_seed,Imported from master codelists,Condition,standard,Myopathy_difference
myopathy,Myopathy,condition,4344281,FALSE,Congenital muscular dystrophy with arthrogryposis multiplex congenita,SNOMED,Myopathy_difference,reviewed_seed,Imported from master codelists,Condition,standard,Myopathy_difference
myopathy,Myopathy,condition,4344282,FALSE,Autosomal recessive muscular dystrophy not predominantly limb girdle,SNOMED,Myopathy_difference,reviewed_seed,Imported from master codelists,Condition,standard,Myopathy_difference
myopathy,Myopathy,condition,4344283,FALSE,Benign congenital muscular dystrophy with finger flexion contractures,SNOMED,Myopathy_difference,reviewed_seed,Imported from master codelists,Condition,standard,Myopathy_difference
myopathy,Myopathy,condition,4344284,FALSE,Autosomal recessive centronuclear myopathy,SNOMED,Myopathy_difference,reviewed_seed,Imported from master codelists,Condition,standard,Myopathy_difference
myopathy,Myopathy,condition,4344370,FALSE,Viral myalgia,SNOMED,Myopathy_difference,reviewed_seed,Imported from master codelists,Condition,standard,Myopathy_difference
myopathy,Myopathy,condition,4344604,FALSE,X-linked muscular dystrophy with limb girdle distribution,SNOMED,Myopathy_difference,reviewed_seed,Imported from master codelists,Condition,standard,Myopathy_difference
myopathy,Myopathy,condition,4344605,FALSE,Ji muscular dystrophy,SNOMED,Myopathy_difference,reviewed_seed,Imported from master codelists,Condition,non-standard,Myopathy_difference
myopathy,Myopathy,condition,4344606,FALSE,Reunion-Indiana Amish type muscular dystrophy,SNOMED,Myopathy_difference,reviewed_seed,Imported from master codelists,Condition,standard,Myopathy_difference
myopathy,Myopathy,condition,4344607,FALSE,Western type of congenital muscular dystrophy,SNOMED,Myopathy_difference,reviewed_seed,Imported from master codelists,Condition,standard,Myopathy_difference
myopathy,Myopathy,condition,4344608,FALSE,Ullrich congenital muscular dystrophy,SNOMED,Myopathy_difference,reviewed_seed,Imported from master codelists,Condition,standard,Myopathy_difference
myopathy,Myopathy,condition,4345481,FALSE,Muscular dystrophy not predominantly limb girdle in distribution,SNOMED,Myopathy_difference,reviewed_seed,Imported from master codelists,Condition,standard,Myopathy_difference
myopathy,Myopathy,condition,4345563,FALSE,X-linked muscular dystrophy not predominantly limb girdle,SNOMED,Myopathy_difference,reviewed_seed,Imported from master codelists,Condition,standard,Myopathy_difference
myopathy,Myopathy,condition,4345564,FALSE,Benign scapuloperoneal muscular dystrophy with cardiomyopathy,SNOMED,Myopathy_difference,reviewed_seed,Imported from master codelists,Condition,non-standard,Myopathy_difference
myopathy,Myopathy,condition,4345565,FALSE,Severe scapuloperoneal muscular dystrophy with cardiomyopathy,SNOMED,Myopathy_difference,reviewed_seed,Imported from master codelists,Condition,standard,Myopathy_difference
myopathy,Myopathy,condition,4345571,FALSE,Benign acute myositis,SNOMED,Myopathy_difference,reviewed_seed,Imported from master codelists,Condition,standard,Myopathy_difference
myopathy,Myopathy,condition,4345579,FALSE,Familial paroxysmal rhabdomyolysis,SNOMED,Myopathy_difference,reviewed_seed,Imported from master codelists,Condition,standard,Myopathy_difference
myopathy,Myopathy,condition,4347183,FALSE,X-linked limb girdle muscular dystrophy with normal dystrophin,SNOMED,Myopathy_difference,reviewed_seed,Imported from master codelists,Condition,standard,Myopathy_difference
myopathy,Myopathy,condition,4347184,FALSE,Hereditary myopathy limited to females,SNOMED,Myopathy_difference,reviewed_seed,Imported from master codelists,Condition,standard,Myopathy_difference
myopathy,Myopathy,condition,4347185,FALSE,Autosomal recessive muscular dystrophy with limb girdle distribution,SNOMED,Myopathy_difference,reviewed_seed,Imported from master codelists,Condition,standard,Myopathy_difference
myopathy,Myopathy,condition,4347186,FALSE,Eichsfeld type congenital muscular dystrophy,SNOMED,Myopathy_difference,reviewed_seed,Imported from master codelists,Condition,standard,Myopathy_difference
myopathy,Myopathy,condition,4347187,FALSE,Adult onset autosomal recessive muscular dystrophy with normal dystrophin,SNOMED,Myopathy_difference,reviewed_seed,Imported from master codelists,Condition,standard,Myopathy_difference
myopathy,Myopathy,condition,4347189,FALSE,Autosomal dominant muscular dystrophy with limb girdle distribution,SNOMED,Myopathy_difference,reviewed_seed,Imported from master codelists,Condition,standard,Myopathy_difference
myopathy,Myopathy,condition,4347190,FALSE,Autosomal dominant muscular dystrophy with gene located at 5q31,SNOMED,Myopathy_difference,reviewed_seed,Imported from master codelists,Condition,standard,Myopathy_difference
myopathy,Myopathy,condition,4347191,FALSE,Late onset proximal muscular dystrophy with dysarthria,SNOMED,Myopathy_difference,reviewed_seed,Imported from master codelists,Condition,standard,Myopathy_difference
myopathy,Myopathy,condition,4347192,FALSE,Scapulohumeral muscular dystrophy,SNOMED,Myopathy_difference,reviewed_seed,Imported from master codelists,Condition,standard,Myopathy_difference
myopathy,Myopathy,condition,4347193,FALSE,Benign scapuloperoneal muscular dystrophy,SNOMED,Myopathy_difference,reviewed_seed,Imported from master codelists,Condition,standard,Myopathy_difference
myopathy,Myopathy,condition,4347282,FALSE,Congenital myopathy with fiber type disproportion,SNOMED,Myopathy_difference,reviewed_seed,Imported from master codelists,Condition,standard,Myopathy_difference
myopathy,Myopathy,condition,4347283,FALSE,Congenital myopathy with uniform fiber type,SNOMED,Myopathy_difference,reviewed_seed,Imported from master codelists,Condition,standard,Myopathy_difference
myopathy,Myopathy,condition,35608124,FALSE,Symptomatic form of muscular dystrophy of Duchenne and Becker in female carrier,SNOMED,Myopathy_difference,reviewed_seed,Imported from master codelists,Condition,standard,Myopathy_difference
myopathy,Myopathy,condition,35614921,FALSE,Congenital absence of right hemidiaphragm,SNOMED,Myopathy_difference,reviewed_seed,Imported from master codelists,Condition,standard,Myopathy_difference
myopathy,Myopathy,condition,35615148,FALSE,Cardiomyopathy caused by drug,SNOMED,Myopathy_difference,reviewed_seed,Imported from master codelists,Condition,standard,Myopathy_difference
myopathy,Myopathy,condition,35621979,FALSE,"Encephalopathy, hypertrophic cardiomyopathy, renal tubular disease syndrome",SNOMED,Myopathy_difference,reviewed_seed,Imported from master codelists,Condition,standard,Myopathy_difference
myopathy,Myopathy,condition,35622006,FALSE,Congenital muscular dystrophy with hyperlaxity,SNOMED,Myopathy_difference,reviewed_seed,Imported from master codelists,Condition,standard,Myopathy_difference
myopathy,Myopathy,condition,35622007,FALSE,Congenital myopathy with myasthenic-like onset,SNOMED,Myopathy_difference,reviewed_seed,Imported from master codelists,Condition,standard,Myopathy_difference
myopathy,Myopathy,condition,35622034,FALSE,Lethal congenital contracture syndrome type 5,SNOMED,Myopathy_difference,reviewed_seed,Imported from master codelists,Condition,standard,Myopathy_difference
myopathy,Myopathy,condition,35622040,FALSE,Familial dyskinesia and facial myokymia,SNOMED,Myopathy_difference,reviewed_seed,Imported from master codelists,Condition,standard,Myopathy_difference
myopathy,Myopathy,condition,35622689,FALSE,Autosomal recessive myogenic arthrogryposis multiplex congenita,SNOMED,Myopathy_difference,reviewed_seed,Imported from master codelists,Condition,standard,Myopathy_difference
myopathy,Myopathy,condition,35622763,FALSE,Congenital muscular dystrophy type 1B,SNOMED,Myopathy_difference,reviewed_seed,Imported from master codelists,Condition,standard,Myopathy_difference
myopathy,Myopathy,condition,35622764,FALSE,Congenital myopathy with internal nuclei and atypical cores,SNOMED,Myopathy_difference,reviewed_seed,Imported from master codelists,Condition,standard,Myopathy_difference
myopathy,Myopathy,condition,35622874,FALSE,"RRM2B-related mitochondrial DNA depletion syndrome, encephalomyopathic form with renal tubulopathy",SNOMED,Myopathy_difference,reviewed_seed,Imported from master codelists,Condition,standard,Myopathy_difference
myopathy,Myopathy,condition,35623097,FALSE,Mitochondrial DNA depletion syndrome encephalomyopathic form,SNOMED,Myopathy_difference,reviewed_seed,Imported from master codelists,Condition,standard,Myopathy_difference
myopathy,Myopathy,condition,35623098,FALSE,FBXL4-related encephalomyopathic mitochondrial DNA depletion syndrome,SNOMED,Myopathy_difference,reviewed_seed,Imported from master codelists,Condition,standard,Myopathy_difference
myopathy,Myopathy,condition,35623822,FALSE,Lethal infantile mitochondrial myopathy,SNOMED,Myopathy_difference,reviewed_seed,Imported from master codelists,Condition,standard,Myopathy_difference
myopathy,Myopathy,condition,35624231,FALSE,Familial dilated cardiomyopathy with conduction defect due to LMNA mutation,SNOMED,Myopathy_difference,reviewed_seed,Imported from master codelists,Condition,standard,Myopathy_difference
myopathy,Myopathy,condition,35624533,FALSE,Congenital absence of left hemidiaphragm,SNOMED,Myopathy_difference,reviewed_seed,Imported from master codelists,Condition,standard,Myopathy_difference
myopathy,Myopathy,condition,36303523,FALSE,Kansas City Cardiomyopathy Questionnaire - 12 item [KCCQ-12],LOINC,Myopathy_difference,reviewed_seed,Imported from master codelists,Observation,standard,Myopathy_difference
myopathy,Myopathy,condition,36674283,FALSE,Congenital muscular dystrophy due to LMNA mutation,SNOMED,Myopathy_difference,reviewed_seed,Imported from master codelists,Condition,standard,Myopathy_difference
myopathy,Myopathy,condition,36674391,FALSE,X-linked myopathy with postural muscle atrophy,SNOMED,Myopathy_difference,reviewed_seed,Imported from master codelists,Condition,standard,Myopathy_difference
myopathy,Myopathy,condition,36674477,FALSE,Neonatal dermatomyositis,SNOMED,Myopathy_difference,reviewed_seed,Imported from master codelists,Condition,standard,Myopathy_difference
myopathy,Myopathy,condition,36674899,FALSE,Hereditary inclusion body myopathy type 4,SNOMED,Myopathy_difference,reviewed_seed,Imported from master codelists,Condition,standard,Myopathy_difference
myopathy,Myopathy,condition,36674900,FALSE,Benign Samaritan congenital myopathy,SNOMED,Myopathy_difference,reviewed_seed,Imported from master codelists,Condition,standard,Myopathy_difference
myopathy,Myopathy,condition,36675030,FALSE,Congenital muscular dystrophy with integrin alpha-7 deficiency,SNOMED,Myopathy_difference,reviewed_seed,Imported from master codelists,Condition,standard,Myopathy_difference
myopathy,Myopathy,condition,36675038,FALSE,Autosomal recessive lower motor neuron disease with childhood onset,SNOMED,Myopathy_difference,reviewed_seed,Imported from master codelists,Condition,standard,Myopathy_difference
myopathy,Myopathy,condition,36675042,FALSE,"Hereditary fibrosing poikiloderma, tendon contractures, myopathy, pulmonary fibrosis syndrome",SNOMED,Myopathy_difference,reviewed_seed,Imported from master codelists,Condition,standard,Myopathy_difference
myopathy,Myopathy,condition,36675058,FALSE,Autosomal dominant limb-girdle muscular dystrophy type 1H,SNOMED,Myopathy_difference,reviewed_seed,Imported from master codelists,Condition,standard,Myopathy_difference
myopathy,Myopathy,condition,36675150,FALSE,Mitochondrial hypertrophic cardiomyopathy with lactic acidosis due to MTO1 deficiency,SNOMED,Myopathy_difference,reviewed_seed,Imported from master codelists,Condition,standard,Myopathy_difference
myopathy,Myopathy,condition,36675174,FALSE,Hypertrophic cardiomyopathy and renal tubular disease due to mitochondrial DNA mutation,SNOMED,Myopathy_difference,reviewed_seed,Imported from master codelists,Condition,standard,Myopathy_difference
myopathy,Myopathy,condition,36675178,FALSE,Infantile hypertrophic cardiomyopathy due to MRPL44 deficiency,SNOMED,Myopathy_difference,reviewed_seed,Imported from master codelists,Condition,standard,Myopathy_difference
myopathy,Myopathy,condition,36676395,FALSE,Obstructed perineal hernia,SNOMED,Myopathy_difference,reviewed_seed,Imported from master codelists,Condition,standard,Myopathy_difference
myopathy,Myopathy,condition,36676396,FALSE,Perineal hernia with gangrene,SNOMED,Myopathy_difference,reviewed_seed,Imported from master codelists,Condition,standard,Myopathy_difference
myopathy,Myopathy,condition,36676398,FALSE,Irreducible perineal hernia,SNOMED,Myopathy_difference,reviewed_seed,Imported from master codelists,Condition,standard,Myopathy_difference
myopathy,Myopathy,condition,36676429,FALSE,Congenital lethal myopathy Compton North type,SNOMED,Myopathy_difference,reviewed_seed,Imported from master codelists,Condition,standard,Myopathy_difference
myopathy,Myopathy,condition,36676498,FALSE,"Congenital cataract, progressive muscular hypotonia, hearing loss, developmental delay syndrome",SNOMED,Myopathy_difference,reviewed_seed,Imported from master codelists,Condition,standard,Myopathy_difference
myopathy,Myopathy,condition,36678496,FALSE,Combined oxidative phosphorylation defect type 17,SNOMED,Myopathy_difference,reviewed_seed,Imported from master codelists,Condition,standard,Myopathy_difference
myopathy,Myopathy,condition,36680590,FALSE,FASTKD2-related infantile mitochondrial encephalomyopathy,SNOMED,Myopathy_difference,reviewed_seed,Imported from master codelists,Condition,standard,Myopathy_difference
myopathy,Myopathy,condition,36680602,FALSE,Idiopathic eosinophilic myositis,SNOMED,Myopathy_difference,reviewed_seed,Imported from master codelists,Condition,standard,Myopathy_difference
myopathy,Myopathy,condition,36683538,FALSE,Strain of plantaris tendon,SNOMED,Myopathy_difference,reviewed_seed,Imported from master codelists,Condition,standard,Myopathy_difference
myopathy,Myopathy,condition,36684439,FALSE,Strain of intercostal muscle,SNOMED,Myopathy_difference,reviewed_seed,Imported from master codelists,Condition,standard,Myopathy_difference
myopathy,Myopathy,condition,36684545,FALSE,Atrophy of muscle of left hand,SNOMED,Myopathy_difference,reviewed_seed,Imported from master codelists,Condition,standard,Myopathy_difference
myopathy,Myopathy,condition,36684546,FALSE,Atrophy of muscle of left lower leg,SNOMED,Myopathy_difference,reviewed_seed,Imported from master codelists,Condition,standard,Myopathy_difference
myopathy,Myopathy,condition,36684547,FALSE,Atrophy of muscle of left shoulder,SNOMED,Myopathy_difference,reviewed_seed,Imported from master codelists,Condition,standard,Myopathy_difference
myopathy,Myopathy,condition,36684548,FALSE,Atrophy of muscle of left thigh,SNOMED,Myopathy_difference,reviewed_seed,Imported from master codelists,Condition,standard,Myopathy_difference
myopathy,Myopathy,condition,36684549,FALSE,Atrophy of muscle of left upper arm,SNOMED,Myopathy_difference,reviewed_seed,Imported from master codelists,Condition,standard,Myopathy_difference
myopathy,Myopathy,condition,36684550,FALSE,Atrophy of muscle of right hand,SNOMED,Myopathy_difference,reviewed_seed,Imported from master codelists,Condition,standard,Myopathy_difference
myopathy,Myopathy,condition,36684551,FALSE,Atrophy of muscle of right lower leg,SNOMED,Myopathy_difference,reviewed_seed,Imported from master codelists,Condition,standard,Myopathy_difference
myopathy,Myopathy,condition,36684552,FALSE,Atrophy of muscle of right shoulder,SNOMED,Myopathy_difference,reviewed_seed,Imported from master codelists,Condition,standard,Myopathy_difference
myopathy,Myopathy,condition,36684553,FALSE,Atrophy of muscle of right thigh,SNOMED,Myopathy_difference,reviewed_seed,Imported from master codelists,Condition,standard,Myopathy_difference
myopathy,Myopathy,condition,36684554,FALSE,Atrophy of muscle of right upper arm,SNOMED,Myopathy_difference,reviewed_seed,Imported from master codelists,Condition,standard,Myopathy_difference
myopathy,Myopathy,condition,36686398,FALSE,Laceration of diaphragm,SNOMED,Myopathy_difference,reviewed_seed,Imported from master codelists,Condition,standard,Myopathy_difference
myopathy,Myopathy,condition,36686407,FALSE,Laceration of muscle of chest wall,SNOMED,Myopathy_difference,reviewed_seed,Imported from master codelists,Condition,standard,Myopathy_difference
myopathy,Myopathy,condition,36686447,FALSE,Strain of muscle of left hand,SNOMED,Myopathy_difference,reviewed_seed,Imported from master codelists,Condition,standard,Myopathy_difference
myopathy,Myopathy,condition,36686458,FALSE,Strain of intrinsic muscle of left thumb,SNOMED,Myopathy_difference,reviewed_seed,Imported from master codelists,Condition,standard,Myopathy_difference
myopathy,Myopathy,condition,36686459,FALSE,Strain of muscle of right hand,SNOMED,Myopathy_difference,reviewed_seed,Imported from master codelists,Condition,standard,Myopathy_difference
myopathy,Myopathy,condition,36686460,FALSE,Strain of intrinsic muscle of right thumb,SNOMED,Myopathy_difference,reviewed_seed,Imported from master codelists,Condition,standard,Myopathy_difference
myopathy,Myopathy,condition,36686467,FALSE,Laceration of muscle of right foot,SNOMED,Myopathy_difference,reviewed_seed,Imported from master codelists,Condition,standard,Myopathy_difference
myopathy,Myopathy,condition,36686468,FALSE,Laceration of muscle of left foot,SNOMED,Myopathy_difference,reviewed_seed,Imported from master codelists,Condition,standard,Myopathy_difference
myopathy,Myopathy,condition,36686469,FALSE,Strain of muscle of right foot,SNOMED,Myopathy_difference,reviewed_seed,Imported from master codelists,Condition,standard,Myopathy_difference
myopathy,Myopathy,condition,36686470,FALSE,Strain of muscle of left foot,SNOMED,Myopathy_difference,reviewed_seed,Imported from master codelists,Condition,standard,Myopathy_difference
myopathy,Myopathy,condition,36686481,FALSE,Laceration of muscle of face,SNOMED,Myopathy_difference,reviewed_seed,Imported from master codelists,Condition,standard,Myopathy_difference
myopathy,Myopathy,condition,36686510,FALSE,Injury of muscle of right foot,SNOMED,Myopathy_difference,reviewed_seed,Imported from master codelists,Condition,standard,Myopathy_difference
myopathy,Myopathy,condition,36686511,FALSE,Injury of muscle of left foot,SNOMED,Myopathy_difference,reviewed_seed,Imported from master codelists,Condition,standard,Myopathy_difference
myopathy,Myopathy,condition,36686515,FALSE,Strain of muscle of right lower leg,SNOMED,Myopathy_difference,reviewed_seed,Imported from master codelists,Condition,standard,Myopathy_difference
myopathy,Myopathy,condition,36686516,FALSE,Strain of muscle of left lower leg,SNOMED,Myopathy_difference,reviewed_seed,Imported from master codelists,Condition,standard,Myopathy_difference
myopathy,Myopathy,condition,36687021,FALSE,Bilateral atrophy of muscle of lower legs,SNOMED,Myopathy_difference,reviewed_seed,Imported from master codelists,Condition,standard,Myopathy_difference
myopathy,Myopathy,condition,36712757,FALSE,Cardiomyopathy due to hypertension,SNOMED,Myopathy_difference,reviewed_seed,Imported from master codelists,Condition,standard,Myopathy_difference
myopathy,Myopathy,condition,36712927,FALSE,Congestive heart failure stage C due to ischemic cardiomyopathy,SNOMED,Myopathy_difference,reviewed_seed,Imported from master codelists,Condition,standard,Myopathy_difference
myopathy,Myopathy,condition,36712928,FALSE,Congestive heart failure stage B due to ischemic cardiomyopathy,SNOMED,Myopathy_difference,reviewed_seed,Imported from master codelists,Condition,standard,Myopathy_difference
myopathy,Myopathy,condition,36712929,FALSE,Systolic heart failure stage C due to ischemic cardiomyopathy,SNOMED,Myopathy_difference,reviewed_seed,Imported from master codelists,Condition,standard,Myopathy_difference
myopathy,Myopathy,condition,36713473,FALSE,"Congenital cataract, hypertrophic cardiomyopathy, mitochondrial myopathy syndrome",SNOMED,Myopathy_difference,reviewed_seed,Imported from master codelists,Condition,standard,Myopathy_difference
myopathy,Myopathy,condition,36713480,FALSE,Glycogen storage disease with severe cardiomyopathy due to glycogenin deficiency,SNOMED,Myopathy_difference,reviewed_seed,Imported from master codelists,Condition,standard,Myopathy_difference
myopathy,Myopathy,condition,36713761,FALSE,Hypertrophic cardiomyopathy with hypotonia and lactic acidosis syndrome,SNOMED,Myopathy_difference,reviewed_seed,Imported from master codelists,Condition,standard,Myopathy_difference
myopathy,Myopathy,condition,36713857,FALSE,Autosomal recessive limb girdle muscular dystrophy type 2E,SNOMED,Myopathy_difference,reviewed_seed,Imported from master codelists,Condition,standard,Myopathy_difference
myopathy,Myopathy,condition,36714090,FALSE,Atrophy of quadriceps femoris muscle,SNOMED,Myopathy_difference,reviewed_seed,Imported from master codelists,Condition,standard,Myopathy_difference
myopathy,Myopathy,condition,36714091,FALSE,Atrophy of trapezius muscle,SNOMED,Myopathy_difference,reviewed_seed,Imported from master codelists,Condition,standard,Myopathy_difference
myopathy,Myopathy,condition,36714092,FALSE,Atrophy of temporalis muscle,SNOMED,Myopathy_difference,reviewed_seed,Imported from master codelists,Condition,standard,Myopathy_difference
myopathy,Myopathy,condition,36714093,FALSE,Atrophy of pectoral muscle,SNOMED,Myopathy_difference,reviewed_seed,Imported from master codelists,Condition,standard,Myopathy_difference
myopathy,Myopathy,condition,36714094,FALSE,Atrophy of interosseous muscle of hand,SNOMED,Myopathy_difference,reviewed_seed,Imported from master codelists,Condition,standard,Myopathy_difference
myopathy,Myopathy,condition,36714095,FALSE,Atrophy of gastrocnemius muscle,SNOMED,Myopathy_difference,reviewed_seed,Imported from master codelists,Condition,standard,Myopathy_difference
myopathy,Myopathy,condition,36714157,FALSE,Progressive sensorineural hearing loss and hypertrophic cardiomyopathy syndrome,SNOMED,Myopathy_difference,reviewed_seed,Imported from master codelists,Condition,standard,Myopathy_difference
myopathy,Myopathy,condition,36714240,FALSE,Microcephalus cardiomyopathy syndrome,SNOMED,Myopathy_difference,reviewed_seed,Imported from master codelists,Condition,standard,Myopathy_difference
myopathy,Myopathy,condition,36714255,FALSE,Malignant hyperthermia with arthrogryposis and torticollis syndrome,SNOMED,Myopathy_difference,reviewed_seed,Imported from master codelists,Condition,standard,Myopathy_difference
myopathy,Myopathy,condition,36714338,FALSE,Benign paroxysmal torticollis of infancy,SNOMED,Myopathy_difference,reviewed_seed,Imported from master codelists,Condition,standard,Myopathy_difference
myopathy,Myopathy,condition,36714540,FALSE,Vici syndrome,SNOMED,Myopathy_difference,reviewed_seed,Imported from master codelists,Condition,standard,Myopathy_difference
myopathy,Myopathy,condition,36714549,FALSE,Wooly hair and palmoplantar keratoderma with dilated cardiomyopathy syndrome,SNOMED,Myopathy_difference,reviewed_seed,Imported from master codelists,Condition,standard,Myopathy_difference
myopathy,Myopathy,condition,36714666,FALSE,Autosomal dominant limb girdle muscular dystrophy type 1A,SNOMED,Myopathy_difference,reviewed_seed,Imported from master codelists,Condition,standard,Myopathy_difference
myopathy,Myopathy,condition,36714667,FALSE,Autosomal dominant limb girdle muscular dystrophy type 1C,SNOMED,Myopathy_difference,reviewed_seed,Imported from master codelists,Condition,non-standard,Myopathy_difference
myopathy,Myopathy,condition,36714668,FALSE,Autosomal dominant limb girdle muscular dystrophy type 1D,SNOMED,Myopathy_difference,reviewed_seed,Imported from master codelists,Condition,standard,Myopathy_difference
myopathy,Myopathy,condition,36714669,FALSE,Autosomal dominant limb girdle muscular dystrophy type 1E,SNOMED,Myopathy_difference,reviewed_seed,Imported from master codelists,Condition,standard,Myopathy_difference
myopathy,Myopathy,condition,36714670,FALSE,Autosomal dominant limb girdle muscular dystrophy type 1F,SNOMED,Myopathy_difference,reviewed_seed,Imported from master codelists,Condition,standard,Myopathy_difference
myopathy,Myopathy,condition,36714671,FALSE,Autosomal dominant limb girdle muscular dystrophy type 1G,SNOMED,Myopathy_difference,reviewed_seed,Imported from master codelists,Condition,standard,Myopathy_difference
myopathy,Myopathy,condition,36715054,FALSE,Autosomal recessive limb girdle muscular dystrophy type 2G,SNOMED,Myopathy_difference,reviewed_seed,Imported from master codelists,Condition,standard,Myopathy_difference
myopathy,Myopathy,condition,36715055,FALSE,Autosomal recessive limb girdle muscular dystrophy type 2K,SNOMED,Myopathy_difference,reviewed_seed,Imported from master codelists,Condition,standard,Myopathy_difference
myopathy,Myopathy,condition,36715121,FALSE,Cardiomyopathy with cataract and hip spine disease syndrome,SNOMED,Myopathy_difference,reviewed_seed,Imported from master codelists,Condition,standard,Myopathy_difference
myopathy,Myopathy,condition,36715122,FALSE,Cardiomyopathy and renal anomaly syndrome,SNOMED,Myopathy_difference,reviewed_seed,Imported from master codelists,Condition,standard,Myopathy_difference
myopathy,Myopathy,condition,36715466,FALSE,Congenital absence of gastric muscle,SNOMED,Myopathy_difference,reviewed_seed,Imported from master codelists,Condition,standard,Myopathy_difference
myopathy,Myopathy,condition,36715613,FALSE,Laceration of muscle of head,SNOMED,Myopathy_difference,reviewed_seed,Imported from master codelists,Condition,standard,Myopathy_difference
myopathy,Myopathy,condition,36716065,FALSE,Strain of muscle of anterior chest wall,SNOMED,Myopathy_difference,reviewed_seed,Imported from master codelists,Condition,standard,Myopathy_difference
myopathy,Myopathy,condition,36716157,FALSE,Oculogastrointestinal muscular dystrophy,SNOMED,Myopathy_difference,reviewed_seed,Imported from master codelists,Condition,standard,Myopathy_difference
myopathy,Myopathy,condition,36716263,FALSE,Severe X-linked mitochondrial encephalomyopathy,SNOMED,Myopathy_difference,reviewed_seed,Imported from master codelists,Condition,standard,Myopathy_difference
myopathy,Myopathy,condition,36716671,FALSE,Strain of muscle of wrist,SNOMED,Myopathy_difference,reviewed_seed,Imported from master codelists,Condition,standard,Myopathy_difference
myopathy,Myopathy,condition,36717072,FALSE,Atrophy of latissimus dorsi muscle,SNOMED,Myopathy_difference,reviewed_seed,Imported from master codelists,Condition,standard,Myopathy_difference
myopathy,Myopathy,condition,36717073,FALSE,Atrophy of deltoid muscle,SNOMED,Myopathy_difference,reviewed_seed,Imported from master codelists,Condition,standard,Myopathy_difference
myopathy,Myopathy,condition,36717148,FALSE,Congenital chalasia of esophagus,SNOMED,Myopathy_difference,reviewed_seed,Imported from master codelists,Condition,standard,Myopathy_difference
myopathy,Myopathy,condition,36717359,FALSE,Systolic heart failure stage B due to ischemic cardiomyopathy,SNOMED,Myopathy_difference,reviewed_seed,Imported from master codelists,Condition,standard,Myopathy_difference
myopathy,Myopathy,condition,36717700,FALSE,Atrophy of gluteus maximus muscle,SNOMED,Myopathy_difference,reviewed_seed,Imported from master codelists,Condition,standard,Myopathy_difference
myopathy,Myopathy,condition,36717720,FALSE,Dilated cardiomyopathy with hypergonadotropic hypogonadism syndrome,SNOMED,Myopathy_difference,reviewed_seed,Imported from master codelists,Condition,standard,Myopathy_difference
myopathy,Myopathy,condition,36717761,FALSE,Tubular renal disease with cardiomyopathy syndrome,SNOMED,Myopathy_difference,reviewed_seed,Imported from master codelists,Condition,standard,Myopathy_difference
myopathy,Myopathy,condition,37017276,FALSE,Cardiomyopathy co-occurrent with human immunodeficiency virus infection,SNOMED,Myopathy_difference,reviewed_seed,Imported from master codelists,Condition,standard,Myopathy_difference
myopathy,Myopathy,condition,37108569,FALSE,Injury of diaphragm during surgery,SNOMED,Myopathy_difference,reviewed_seed,Imported from master codelists,Condition,standard,Myopathy_difference
myopathy,Myopathy,condition,37108733,FALSE,Strain of muscle of left posterior lower leg,SNOMED,Myopathy_difference,reviewed_seed,Imported from master codelists,Condition,standard,Myopathy_difference
myopathy,Myopathy,condition,37109462,FALSE,Family history of Steinert myotonic dystrophy,SNOMED,Myopathy_difference,reviewed_seed,Imported from master codelists,Observation,standard,Myopathy_difference
myopathy,Myopathy,condition,37109579,FALSE,Epidermolysis bullosa simplex with muscular dystrophy,SNOMED,Myopathy_difference,reviewed_seed,Imported from master codelists,Condition,standard,Myopathy_difference
myopathy,Myopathy,condition,37109644,FALSE,Muscular dystrophy Selcen type,SNOMED,Myopathy_difference,reviewed_seed,Imported from master codelists,Condition,standard,Myopathy_difference
myopathy,Myopathy,condition,37109990,FALSE,Sensorineural deafness with dilated cardiomyopathy syndrome,SNOMED,Myopathy_difference,reviewed_seed,Imported from master codelists,Condition,standard,Myopathy_difference
myopathy,Myopathy,condition,37110070,FALSE,Mitochondrial myopathy with sideroblastic anemia syndrome,SNOMED,Myopathy_difference,reviewed_seed,Imported from master codelists,Condition,standard,Myopathy_difference
myopathy,Myopathy,condition,37110185,FALSE,"Hereditary inclusion body myopathy, joint contracture, ophthalmoplegia syndrome",SNOMED,Myopathy_difference,reviewed_seed,Imported from master codelists,Condition,standard,Myopathy_difference
myopathy,Myopathy,condition,37110596,FALSE,Injury of muscle of thorax,SNOMED,Myopathy_difference,reviewed_seed,Imported from master codelists,Condition,standard,Myopathy_difference
myopathy,Myopathy,condition,37110605,FALSE,Strain of muscle of pelvis,SNOMED,Myopathy_difference,reviewed_seed,Imported from master codelists,Condition,standard,Myopathy_difference
myopathy,Myopathy,condition,37110609,FALSE,Laceration of muscle of lower back,SNOMED,Myopathy_difference,reviewed_seed,Imported from master codelists,Condition,standard,Myopathy_difference
myopathy,Myopathy,condition,37110612,FALSE,Laceration of muscle of pelvis,SNOMED,Myopathy_difference,reviewed_seed,Imported from master codelists,Condition,standard,Myopathy_difference
myopathy,Myopathy,condition,37110615,FALSE,Injury of muscle at shoulder level,SNOMED,Myopathy_difference,reviewed_seed,Imported from master codelists,Condition,standard,Myopathy_difference
myopathy,Myopathy,condition,37110622,FALSE,Injury of muscle of long head of biceps,SNOMED,Myopathy_difference,reviewed_seed,Imported from master codelists,Condition,standard,Myopathy_difference
myopathy,Myopathy,condition,37110626,FALSE,Laceration of muscle of long head of biceps brachii,SNOMED,Myopathy_difference,reviewed_seed,Imported from master codelists,Condition,standard,Myopathy_difference
myopathy,Myopathy,condition,37110629,FALSE,Injury of biceps brachii muscle,SNOMED,Myopathy_difference,reviewed_seed,Imported from master codelists,Condition,standard,Myopathy_difference
myopathy,Myopathy,condition,37110632,FALSE,Strain of biceps brachii muscle,SNOMED,Myopathy_difference,reviewed_seed,Imported from master codelists,Condition,standard,Myopathy_difference
myopathy,Myopathy,condition,37110637,FALSE,Injury of triceps brachii muscle,SNOMED,Myopathy_difference,reviewed_seed,Imported from master codelists,Condition,standard,Myopathy_difference
myopathy,Myopathy,condition,37110641,FALSE,Laceration of triceps brachii,SNOMED,Myopathy_difference,reviewed_seed,Imported from master codelists,Condition,standard,Myopathy_difference
myopathy,Myopathy,condition,37110645,FALSE,Injury of muscle at forearm level,SNOMED,Myopathy_difference,reviewed_seed,Imported from master codelists,Condition,standard,Myopathy_difference
myopathy,Myopathy,condition,37110648,FALSE,Injury of flexor muscle of thumb at forearm level,SNOMED,Myopathy_difference,reviewed_seed,Imported from master codelists,Condition,standard,Myopathy_difference
myopathy,Myopathy,condition,37110649,FALSE,Laceration of flexor muscle of thumb at forearm level,SNOMED,Myopathy_difference,reviewed_seed,Imported from master codelists,Condition,standard,Myopathy_difference
myopathy,Myopathy,condition,37110651,FALSE,Injury of flexor muscle of finger at forearm level,SNOMED,Myopathy_difference,reviewed_seed,Imported from master codelists,Condition,standard,Myopathy_difference
myopathy,Myopathy,condition,37110653,FALSE,Strain of flexor muscle of finger at forearm level,SNOMED,Myopathy_difference,reviewed_seed,Imported from master codelists,Condition,standard,Myopathy_difference
myopathy,Myopathy,condition,37110655,FALSE,Laceration of flexor muscle of finger at forearm level,SNOMED,Myopathy_difference,reviewed_seed,Imported from master codelists,Condition,standard,Myopathy_difference
myopathy,Myopathy,condition,37110656,FALSE,Strain of flexor muscle at forearm level,SNOMED,Myopathy_difference,reviewed_seed,Imported from master codelists,Condition,standard,Myopathy_difference
myopathy,Myopathy,condition,37110663,FALSE,Strain of extensor muscle of finger at forearm level,SNOMED,Myopathy_difference,reviewed_seed,Imported from master codelists,Condition,standard,Myopathy_difference
myopathy,Myopathy,condition,37110666,FALSE,Laceration of extensor muscle of finger at forearm level,SNOMED,Myopathy_difference,reviewed_seed,Imported from master codelists,Condition,standard,Myopathy_difference
myopathy,Myopathy,condition,37110668,FALSE,Injury of extensor muscle at forearm level,SNOMED,Myopathy_difference,reviewed_seed,Imported from master codelists,Condition,standard,Myopathy_difference
myopathy,Myopathy,condition,37110671,FALSE,Strain of extensor muscle at forearm level,SNOMED,Myopathy_difference,reviewed_seed,Imported from master codelists,Condition,standard,Myopathy_difference
myopathy,Myopathy,condition,37110687,FALSE,Injury of muscle of head,SNOMED,Myopathy_difference,reviewed_seed,Imported from master codelists,Condition,standard,Myopathy_difference
myopathy,Myopathy,condition,37110690,FALSE,Strain of muscle of head,SNOMED,Myopathy_difference,reviewed_seed,Imported from master codelists,Condition,standard,Myopathy_difference
myopathy,Myopathy,condition,37110697,FALSE,Injury of muscle of neck,SNOMED,Myopathy_difference,reviewed_seed,Imported from master codelists,Condition,standard,Myopathy_difference
myopathy,Myopathy,condition,37110701,FALSE,Laceration of muscle of neck,SNOMED,Myopathy_difference,reviewed_seed,Imported from master codelists,Condition,standard,Myopathy_difference
myopathy,Myopathy,condition,37110717,FALSE,Autosomal recessive limb girdle muscular dystrophy type 2O,SNOMED,Myopathy_difference,reviewed_seed,Imported from master codelists,Condition,standard,Myopathy_difference
myopathy,Myopathy,condition,37110890,FALSE,Cirrhotic cardiomyopathy,SNOMED,Myopathy_difference,reviewed_seed,Imported from master codelists,Condition,standard,Myopathy_difference
myopathy,Myopathy,condition,37110894,FALSE,Congenital muscular dystrophy Paradas type,SNOMED,Myopathy_difference,reviewed_seed,Imported from master codelists,Condition,standard,Myopathy_difference
myopathy,Myopathy,condition,37110924,FALSE,Adult-onset chronic progressive external ophthalmoplegia with mitochondrial myopathy,SNOMED,Myopathy_difference,reviewed_seed,Imported from master codelists,Condition,standard,Myopathy_difference
myopathy,Myopathy,condition,37111243,FALSE,Autosomal dominant myoglobinuria,SNOMED,Myopathy_difference,reviewed_seed,Imported from master codelists,Condition,standard,Myopathy_difference
myopathy,Myopathy,condition,37111246,FALSE,Autosomal recessive limb girdle muscular dystrophy type 2Y,SNOMED,Myopathy_difference,reviewed_seed,Imported from master codelists,Condition,standard,Myopathy_difference
myopathy,Myopathy,condition,37111382,FALSE,Laceration of intrinsic muscle of thumb,SNOMED,Myopathy_difference,reviewed_seed,Imported from master codelists,Condition,standard,Myopathy_difference
myopathy,Myopathy,condition,37111384,FALSE,Injury of intrinsic muscle of finger,SNOMED,Myopathy_difference,reviewed_seed,Imported from master codelists,Condition,standard,Myopathy_difference
myopathy,Myopathy,condition,37111388,FALSE,Laceration of intrinsic muscle of finger,SNOMED,Myopathy_difference,reviewed_seed,Imported from master codelists,Condition,standard,Myopathy_difference
myopathy,Myopathy,condition,37111389,FALSE,Injury of muscle of hip,SNOMED,Myopathy_difference,reviewed_seed,Imported from master codelists,Condition,standard,Myopathy_difference
myopathy,Myopathy,condition,37111392,FALSE,Strain of muscle of hip,SNOMED,Myopathy_difference,reviewed_seed,Imported from master codelists,Condition,standard,Myopathy_difference
myopathy,Myopathy,condition,37111396,FALSE,Injury of adductor muscle of thigh,SNOMED,Myopathy_difference,reviewed_seed,Imported from master codelists,Condition,standard,Myopathy_difference
myopathy,Myopathy,condition,37111399,FALSE,Strain of adductor muscle of thigh,SNOMED,Myopathy_difference,reviewed_seed,Imported from master codelists,Condition,standard,Myopathy_difference
myopathy,Myopathy,condition,37111403,FALSE,Laceration of intrinsic muscle of foot,SNOMED,Myopathy_difference,reviewed_seed,Imported from master codelists,Condition,standard,Myopathy_difference
myopathy,Myopathy,condition,37111406,FALSE,Injury of muscle of trunk,SNOMED,Myopathy_difference,reviewed_seed,Imported from master codelists,Condition,standard,Myopathy_difference
myopathy,Myopathy,condition,37111584,FALSE,Autosomal recessive limb girdle muscular dystrophy type 2P,SNOMED,Myopathy_difference,reviewed_seed,Imported from master codelists,Condition,standard,Myopathy_difference
myopathy,Myopathy,condition,37111585,FALSE,Autosomal recessive limb girdle muscular dystrophy type 2Q,SNOMED,Myopathy_difference,reviewed_seed,Imported from master codelists,Condition,standard,Myopathy_difference
myopathy,Myopathy,condition,37111586,FALSE,Autosomal recessive limb girdle muscular dystrophy type 2L,SNOMED,Myopathy_difference,reviewed_seed,Imported from master codelists,Condition,standard,Myopathy_difference
myopathy,Myopathy,condition,37111587,FALSE,Autosomal recessive limb girdle muscular dystrophy type 2N,SNOMED,Myopathy_difference,reviewed_seed,Imported from master codelists,Condition,standard,Myopathy_difference
myopathy,Myopathy,condition,37111588,FALSE,Autosomal recessive limb girdle muscular dystrophy type 2M,SNOMED,Myopathy_difference,reviewed_seed,Imported from master codelists,Condition,standard,Myopathy_difference
myopathy,Myopathy,condition,37111632,FALSE,Hernia of muscle through fascia of lower leg,SNOMED,Myopathy_difference,reviewed_seed,Imported from master codelists,Condition,standard,Myopathy_difference
myopathy,Myopathy,condition,37115757,FALSE,Pure mitochondrial myopathy,SNOMED,Myopathy_difference,reviewed_seed,Imported from master codelists,Condition,standard,Myopathy_difference
myopathy,Myopathy,condition,37116271,FALSE,Autosomal recessive limb girdle muscular dystrophy type 2S,SNOMED,Myopathy_difference,reviewed_seed,Imported from master codelists,Condition,standard,Myopathy_difference
myopathy,Myopathy,condition,37116272,FALSE,Autosomal recessive limb girdle muscular dystrophy type 2T,SNOMED,Myopathy_difference,reviewed_seed,Imported from master codelists,Condition,standard,Myopathy_difference
myopathy,Myopathy,condition,37116273,FALSE,Autosomal recessive limb girdle muscular dystrophy type 2R,SNOMED,Myopathy_difference,reviewed_seed,Imported from master codelists,Condition,non-standard,Myopathy_difference
myopathy,Myopathy,condition,37116289,FALSE,"Mitochondrial myopathy, lactic acidosis, deafness syndrome",SNOMED,Myopathy_difference,reviewed_seed,Imported from master codelists,Condition,standard,Myopathy_difference
myopathy,Myopathy,condition,37116497,FALSE,Injury of muscle of rotator cuff,SNOMED,Myopathy_difference,reviewed_seed,Imported from master codelists,Condition,standard,Myopathy_difference
myopathy,Myopathy,condition,37116538,FALSE,Injury of quadriceps muscle,SNOMED,Myopathy_difference,reviewed_seed,Imported from master codelists,Condition,standard,Myopathy_difference
myopathy,Myopathy,condition,37116540,FALSE,Laceration of quadriceps muscle,SNOMED,Myopathy_difference,reviewed_seed,Imported from master codelists,Condition,standard,Myopathy_difference
myopathy,Myopathy,condition,37116571,FALSE,Injury of sphincter pupillae muscle,SNOMED,Myopathy_difference,reviewed_seed,Imported from master codelists,Condition,standard,Myopathy_difference
myopathy,Myopathy,condition,37116723,FALSE,Adult-onset multiple mitochondrial deoxyribonucleic acid deletion syndrome due to deoxyguanosine kinase deficiency,SNOMED,Myopathy_difference,reviewed_seed,Imported from master codelists,Condition,standard,Myopathy_difference
myopathy,Myopathy,condition,37117224,FALSE,Strain of muscle at thorax level,SNOMED,Myopathy_difference,reviewed_seed,Imported from master codelists,Condition,standard,Myopathy_difference
myopathy,Myopathy,condition,37117227,FALSE,Laceration of muscle of abdomen,SNOMED,Myopathy_difference,reviewed_seed,Imported from master codelists,Condition,standard,Myopathy_difference
myopathy,Myopathy,condition,37117230,FALSE,Laceration of flexor muscle at forearm level,SNOMED,Myopathy_difference,reviewed_seed,Imported from master codelists,Condition,standard,Myopathy_difference
myopathy,Myopathy,condition,37117231,FALSE,Injury of extensor muscle of finger at forearm level,SNOMED,Myopathy_difference,reviewed_seed,Imported from master codelists,Condition,standard,Myopathy_difference
myopathy,Myopathy,condition,37117235,FALSE,Autosomal recessive limb girdle muscular dystrophy type 2J,SNOMED,Myopathy_difference,reviewed_seed,Imported from master codelists,Condition,standard,Myopathy_difference
myopathy,Myopathy,condition,37118007,FALSE,Strain of intrinsic muscle of thumb,SNOMED,Myopathy_difference,reviewed_seed,Imported from master codelists,Condition,standard,Myopathy_difference
myopathy,Myopathy,condition,37118008,FALSE,Strain of intrinsic muscle of finger,SNOMED,Myopathy_difference,reviewed_seed,Imported from master codelists,Condition,standard,Myopathy_difference
myopathy,Myopathy,condition,37119055,FALSE,Maternally inherited cardiomyopathy and hearing loss syndrome,SNOMED,Myopathy_difference,reviewed_seed,Imported from master codelists,Condition,standard,Myopathy_difference
myopathy,Myopathy,condition,37119071,FALSE,Hereditary hyperekplexia,SNOMED,Myopathy_difference,reviewed_seed,Imported from master codelists,Condition,standard,Myopathy_difference
myopathy,Myopathy,condition,37119164,FALSE,Laceration of muscle of thorax,SNOMED,Myopathy_difference,reviewed_seed,Imported from master codelists,Condition,standard,Myopathy_difference
myopathy,Myopathy,condition,37119166,FALSE,Injury of muscle at upper arm level,SNOMED,Myopathy_difference,reviewed_seed,Imported from master codelists,Condition,standard,Myopathy_difference
myopathy,Myopathy,condition,37119167,FALSE,Strain of muscle of long head of biceps brachii,SNOMED,Myopathy_difference,reviewed_seed,Imported from master codelists,Condition,standard,Myopathy_difference
myopathy,Myopathy,condition,37119168,FALSE,Laceration of biceps brachii,SNOMED,Myopathy_difference,reviewed_seed,Imported from master codelists,Condition,standard,Myopathy_difference
myopathy,Myopathy,condition,37119245,FALSE,Laceration of muscle of hip,SNOMED,Myopathy_difference,reviewed_seed,Imported from master codelists,Condition,standard,Myopathy_difference
myopathy,Myopathy,condition,37203915,FALSE,Muscle eye brain disease with bilateral multicystic leukodystrophy,SNOMED,Myopathy_difference,reviewed_seed,Imported from master codelists,Condition,standard,Myopathy_difference
myopathy,Myopathy,condition,37204001,FALSE,Congenital muscular dystrophy type 1A,SNOMED,Myopathy_difference,reviewed_seed,Imported from master codelists,Condition,standard,Myopathy_difference
myopathy,Myopathy,condition,37204083,FALSE,Congenital rhabdomyomatous mesenchymal hamartoma,SNOMED,Myopathy_difference,reviewed_seed,Imported from master codelists,Condition,standard,Myopathy_difference
myopathy,Myopathy,condition,37204238,FALSE,Congenital muscular dystrophy with intellectual disability and severe epilepsy,SNOMED,Myopathy_difference,reviewed_seed,Imported from master codelists,Condition,standard,Myopathy_difference
myopathy,Myopathy,condition,37204405,FALSE,DNA2-related mitochondrial DNA deletion syndrome,SNOMED,Myopathy_difference,reviewed_seed,Imported from master codelists,Condition,standard,Myopathy_difference
myopathy,Myopathy,condition,37204504,FALSE,Congenital muscular dystrophy with intellectual disability,SNOMED,Myopathy_difference,reviewed_seed,Imported from master codelists,Condition,standard,Myopathy_difference
myopathy,Myopathy,condition,37204505,FALSE,Congenital muscular dystrophy without intellectual disability,SNOMED,Myopathy_difference,reviewed_seed,Imported from master codelists,Condition,standard,Myopathy_difference
myopathy,Myopathy,condition,37204506,FALSE,Congenital muscular dystrophy with cerebellar involvement,SNOMED,Myopathy_difference,reviewed_seed,Imported from master codelists,Condition,standard,Myopathy_difference
myopathy,Myopathy,condition,37204689,FALSE,Autosomal recessive limb girdle muscular dystrophy type 2U,SNOMED,Myopathy_difference,reviewed_seed,Imported from master codelists,Condition,standard,Myopathy_difference
myopathy,Myopathy,condition,37205074,FALSE,X-linked scapuloperoneal muscular dystrophy,SNOMED,Myopathy_difference,reviewed_seed,Imported from master codelists,Condition,standard,Myopathy_difference
myopathy,Myopathy,condition,37205083,FALSE,Mitochondrial myopathy with reversible cytochrome C oxidase deficiency,SNOMED,Myopathy_difference,reviewed_seed,Imported from master codelists,Condition,standard,Myopathy_difference
myopathy,Myopathy,condition,37205773,FALSE,"Multiple congenital anomalies, hypotonia, seizures syndrome",SNOMED,Myopathy_difference,reviewed_seed,Imported from master codelists,Condition,standard,Myopathy_difference
myopathy,Myopathy,condition,37206250,FALSE,Contracture of muscle following injury,SNOMED,Myopathy_difference,reviewed_seed,Imported from master codelists,Condition,standard,Myopathy_difference
myopathy,Myopathy,condition,37206611,FALSE,Idiopathic detrusor overactivity,SNOMED,Myopathy_difference,reviewed_seed,Imported from master codelists,Condition,standard,Myopathy_difference
myopathy,Myopathy,condition,37206826,FALSE,Childhood-onset autosomal recessive myopathy with external ophthalmoplegia,SNOMED,Myopathy_difference,reviewed_seed,Imported from master codelists,Condition,standard,Myopathy_difference
myopathy,Myopathy,condition,37207422,FALSE,Mild muscle atrophy,SNOMED,Myopathy_difference,reviewed_seed,Imported from master codelists,Condition,standard,Myopathy_difference
myopathy,Myopathy,condition,37207423,FALSE,Moderate muscle atrophy,SNOMED,Myopathy_difference,reviewed_seed,Imported from master codelists,Condition,standard,Myopathy_difference
myopathy,Myopathy,condition,37207424,FALSE,Severe muscle atrophy,SNOMED,Myopathy_difference,reviewed_seed,Imported from master codelists,Condition,standard,Myopathy_difference
myopathy,Myopathy,condition,37209303,FALSE,Congenital deformity of left sternocleidomastoid muscle,SNOMED,Myopathy_difference,reviewed_seed,Imported from master codelists,Condition,standard,Myopathy_difference
myopathy,Myopathy,condition,37209309,FALSE,Congenital absence of left pectoral muscle,SNOMED,Myopathy_difference,reviewed_seed,Imported from master codelists,Condition,standard,Myopathy_difference
myopathy,Myopathy,condition,37209310,FALSE,Congenital absence of right pectoral muscle,SNOMED,Myopathy_difference,reviewed_seed,Imported from master codelists,Condition,standard,Myopathy_difference
myopathy,Myopathy,condition,37309939,FALSE,Injury of muscle of left lower leg,SNOMED,Myopathy_difference,reviewed_seed,Imported from master codelists,Condition,standard,Myopathy_difference
myopathy,Myopathy,condition,37309940,FALSE,Injury of muscle of right lower leg,SNOMED,Myopathy_difference,reviewed_seed,Imported from master codelists,Condition,standard,Myopathy_difference
myopathy,Myopathy,condition,37309948,FALSE,Injury of left peroneal muscle,SNOMED,Myopathy_difference,reviewed_seed,Imported from master codelists,Condition,standard,Myopathy_difference
myopathy,Myopathy,condition,37309949,FALSE,Injury of right peroneal muscle,SNOMED,Myopathy_difference,reviewed_seed,Imported from master codelists,Condition,standard,Myopathy_difference
myopathy,Myopathy,condition,37309962,FALSE,Injury of intrinsic muscle of left hand,SNOMED,Myopathy_difference,reviewed_seed,Imported from master codelists,Condition,standard,Myopathy_difference
myopathy,Myopathy,condition,37309963,FALSE,Injury of intrinsic muscle of right hand,SNOMED,Myopathy_difference,reviewed_seed,Imported from master codelists,Condition,standard,Myopathy_difference
myopathy,Myopathy,condition,37309974,FALSE,Laceration of muscle of left hand,SNOMED,Myopathy_difference,reviewed_seed,Imported from master codelists,Condition,standard,Myopathy_difference
myopathy,Myopathy,condition,37309975,FALSE,Laceration of muscle of right hand,SNOMED,Myopathy_difference,reviewed_seed,Imported from master codelists,Condition,standard,Myopathy_difference
myopathy,Myopathy,condition,37309976,FALSE,Injury of muscle of left thigh,SNOMED,Myopathy_difference,reviewed_seed,Imported from master codelists,Condition,standard,Myopathy_difference
myopathy,Myopathy,condition,37309977,FALSE,Injury of muscle of right thigh,SNOMED,Myopathy_difference,reviewed_seed,Imported from master codelists,Condition,standard,Myopathy_difference
myopathy,Myopathy,condition,37310058,FALSE,Laceration of right biceps brachii muscle,SNOMED,Myopathy_difference,reviewed_seed,Imported from master codelists,Condition,standard,Myopathy_difference
myopathy,Myopathy,condition,37310059,FALSE,Injury of muscle of left upper arm,SNOMED,Myopathy_difference,reviewed_seed,Imported from master codelists,Condition,standard,Myopathy_difference
myopathy,Myopathy,condition,37310060,FALSE,Injury of muscle of right upper arm,SNOMED,Myopathy_difference,reviewed_seed,Imported from master codelists,Condition,standard,Myopathy_difference
myopathy,Myopathy,condition,37310065,FALSE,Laceration of left biceps brachii muscle,SNOMED,Myopathy_difference,reviewed_seed,Imported from master codelists,Condition,standard,Myopathy_difference
myopathy,Myopathy,condition,37310068,FALSE,Laceration of muscle of right upper arm,SNOMED,Myopathy_difference,reviewed_seed,Imported from master codelists,Condition,standard,Myopathy_difference
myopathy,Myopathy,condition,37310074,FALSE,Laceration of muscle of left forearm,SNOMED,Myopathy_difference,reviewed_seed,Imported from master codelists,Condition,standard,Myopathy_difference
myopathy,Myopathy,condition,37310075,FALSE,Laceration of muscle of right forearm,SNOMED,Myopathy_difference,reviewed_seed,Imported from master codelists,Condition,standard,Myopathy_difference
myopathy,Myopathy,condition,37310087,FALSE,Laceration of muscle of left upper arm,SNOMED,Myopathy_difference,reviewed_seed,Imported from master codelists,Condition,standard,Myopathy_difference
myopathy,Myopathy,condition,37311114,FALSE,Autosomal recessive progressive external ophthalmoplegia,SNOMED,Myopathy_difference,reviewed_seed,Imported from master codelists,Condition,standard,Myopathy_difference
myopathy,Myopathy,condition,37311116,FALSE,Autosomal dominant progressive external ophthalmoplegia,SNOMED,Myopathy_difference,reviewed_seed,Imported from master codelists,Condition,standard,Myopathy_difference
myopathy,Myopathy,condition,37312019,FALSE,Diabetic cardiomyopathy,SNOMED,Myopathy_difference,reviewed_seed,Imported from master codelists,Condition,standard,Myopathy_difference
myopathy,Myopathy,condition,37312596,FALSE,Rheumatic cardiomyopathy,SNOMED,Myopathy_difference,reviewed_seed,Imported from master codelists,Condition,standard,Myopathy_difference
myopathy,Myopathy,condition,37395781,FALSE,Autosomal recessive limb girdle muscular dystrophy type 2D,SNOMED,Myopathy_difference,reviewed_seed,Imported from master codelists,Condition,standard,Myopathy_difference
myopathy,Myopathy,condition,37395782,FALSE,Autosomal recessive limb girdle muscular dystrophy type 2A,SNOMED,Myopathy_difference,reviewed_seed,Imported from master codelists,Condition,standard,Myopathy_difference
myopathy,Myopathy,condition,37395841,FALSE,Lethal congenital contracture syndrome type 2,SNOMED,Myopathy_difference,reviewed_seed,Imported from master codelists,Condition,standard,Myopathy_difference
myopathy,Myopathy,condition,37395848,FALSE,Congenital muscular dystrophy with infantile cataract and hypogonadism syndrome,SNOMED,Myopathy_difference,reviewed_seed,Imported from master codelists,Condition,standard,Myopathy_difference
myopathy,Myopathy,condition,37395855,FALSE,Familial partial lipodystrophy Dunnigan type,SNOMED,Myopathy_difference,reviewed_seed,Imported from master codelists,Condition,standard,Myopathy_difference
myopathy,Myopathy,condition,37396000,FALSE,Transthyretin related familial amyloid cardiomyopathy,SNOMED,Myopathy_difference,reviewed_seed,Imported from master codelists,Condition,standard,Myopathy_difference
myopathy,Myopathy,condition,37396333,FALSE,Hand muscle strain,SNOMED,Myopathy_difference,reviewed_seed,Imported from master codelists,Condition,standard,Myopathy_difference
myopathy,Myopathy,condition,37396784,FALSE,Genetic recurrent myoglobinuria,SNOMED,Myopathy_difference,reviewed_seed,Imported from master codelists,Condition,standard,Myopathy_difference
myopathy,Myopathy,condition,37397521,FALSE,Autosomal recessive limb girdle muscular dystrophy type 2F,SNOMED,Myopathy_difference,reviewed_seed,Imported from master codelists,Condition,standard,Myopathy_difference
myopathy,Myopathy,condition,37397522,FALSE,Autosomal dominant limb girdle muscular dystrophy type 1B,SNOMED,Myopathy_difference,reviewed_seed,Imported from master codelists,Condition,non-standard,Myopathy_difference
myopathy,Myopathy,condition,37397523,FALSE,Autosomal recessive limb girdle muscular dystrophy type 2B,SNOMED,Myopathy_difference,reviewed_seed,Imported from master codelists,Condition,standard,Myopathy_difference
myopathy,Myopathy,condition,37397524,FALSE,Autosomal recessive limb girdle muscular dystrophy type 2I,SNOMED,Myopathy_difference,reviewed_seed,Imported from master codelists,Condition,standard,Myopathy_difference
myopathy,Myopathy,condition,37397548,FALSE,TMEM70 related mitochondrial encephalo-cardio-myopathy,SNOMED,Myopathy_difference,reviewed_seed,Imported from master codelists,Condition,standard,Myopathy_difference
myopathy,Myopathy,condition,37397550,FALSE,Mitochondrial neurogastrointestinal encephalomyopathy syndrome,SNOMED,Myopathy_difference,reviewed_seed,Imported from master codelists,Condition,standard,Myopathy_difference
myopathy,Myopathy,condition,37398931,FALSE,Tropical endomyocardial fibrosis,SNOMED,Myopathy_difference,reviewed_seed,Imported from master codelists,Condition,standard,Myopathy_difference
myopathy,Myopathy,condition,37399011,FALSE,Autosomal dominant centronuclear myopathy,SNOMED,Myopathy_difference,reviewed_seed,Imported from master codelists,Condition,standard,Myopathy_difference
myopathy,Myopathy,condition,37399401,FALSE,Autosomal recessive limb girdle muscular dystrophy type 2C,SNOMED,Myopathy_difference,reviewed_seed,Imported from master codelists,Condition,standard,Myopathy_difference
myopathy,Myopathy,condition,37399476,FALSE,Familial isolated arrhythmogenic right ventricular dysplasia,SNOMED,Myopathy_difference,reviewed_seed,Imported from master codelists,Condition,standard,Myopathy_difference
myopathy,Myopathy,condition,40479589,FALSE,Takotsubo cardiomyopathy,SNOMED,Myopathy_difference,reviewed_seed,Imported from master codelists,Condition,standard,Myopathy_difference
myopathy,Myopathy,condition,40480217,FALSE,Atrophy of skeletal muscle of pelvis,SNOMED,Myopathy_difference,reviewed_seed,Imported from master codelists,Condition,standard,Myopathy_difference
myopathy,Myopathy,condition,40481325,FALSE,Strain of muscle and/or tendon of lower leg,SNOMED,Myopathy_difference,reviewed_seed,Imported from master codelists,Condition,standard,Myopathy_difference
myopathy,Myopathy,condition,40481837,FALSE,Strain of muscle of face,SNOMED,Myopathy_difference,reviewed_seed,Imported from master codelists,Condition,standard,Myopathy_difference
myopathy,Myopathy,condition,40482209,FALSE,Strain of muscle and/or tendon of elbow region,SNOMED,Myopathy_difference,reviewed_seed,Imported from master codelists,Condition,standard,Myopathy_difference
myopathy,Myopathy,condition,40482683,FALSE,Strain of muscle and/or tendon of forearm,SNOMED,Myopathy_difference,reviewed_seed,Imported from master codelists,Condition,non-standard,Myopathy_difference
myopathy,Myopathy,condition,40483134,FALSE,Strain of muscle and/or tendon of thigh,SNOMED,Myopathy_difference,reviewed_seed,Imported from master codelists,Condition,standard,Myopathy_difference
myopathy,Myopathy,condition,40483296,FALSE,Hypertrophic cardiomyopathy associated with another disorder,SNOMED,Myopathy_difference,reviewed_seed,Imported from master codelists,Condition,non-standard,Myopathy_difference
myopathy,Myopathy,condition,40486607,FALSE,Congenital posterolateral diaphragmatic hernia,SNOMED,Myopathy_difference,reviewed_seed,Imported from master codelists,Condition,standard,Myopathy_difference
myopathy,Myopathy,condition,40486906,FALSE,Strain of infraspinatus muscle,SNOMED,Myopathy_difference,reviewed_seed,Imported from master codelists,Condition,standard,Myopathy_difference
myopathy,Myopathy,condition,40486907,FALSE,Strain of supraspinatus muscle,SNOMED,Myopathy_difference,reviewed_seed,Imported from master codelists,Condition,standard,Myopathy_difference
myopathy,Myopathy,condition,40487104,FALSE,Right ventricular myocardial noncompaction cardiomyopathy,SNOMED,Myopathy_difference,reviewed_seed,Imported from master codelists,Condition,standard,Myopathy_difference
myopathy,Myopathy,condition,40487105,FALSE,Left ventricular myocardial noncompaction cardiomyopathy,SNOMED,Myopathy_difference,reviewed_seed,Imported from master codelists,Condition,standard,Myopathy_difference
myopathy,Myopathy,condition,40487824,FALSE,Traumatic injury of popliteus muscle,SNOMED,Myopathy_difference,reviewed_seed,Imported from master codelists,Condition,standard,Myopathy_difference
myopathy,Myopathy,condition,40491902,FALSE,Mitochondrial encephalomyopathy,SNOMED,Myopathy_difference,reviewed_seed,Imported from master codelists,Condition,standard,Myopathy_difference
myopathy,Myopathy,condition,40625963,FALSE,Ischiorectal hernia,SNOMED,Myopathy_difference,reviewed_seed,Imported from master codelists,Condition,standard,Myopathy_difference
myopathy,Myopathy,condition,40769285,FALSE,Cardiomyopathy [Reported],LOINC,Myopathy_difference,reviewed_seed,Imported from master codelists,Observation,standard,Myopathy_difference
myopathy,Myopathy,condition,42535719,FALSE,Injury of intrinsic muscle of thumb,SNOMED,Myopathy_difference,reviewed_seed,Imported from master codelists,Condition,standard,Myopathy_difference
myopathy,Myopathy,condition,42535724,FALSE,Laceration of adductor muscle of thigh,SNOMED,Myopathy_difference,reviewed_seed,Imported from master codelists,Condition,standard,Myopathy_difference
myopathy,Myopathy,condition,42535726,FALSE,Laceration of posterior muscle of thigh,SNOMED,Myopathy_difference,reviewed_seed,Imported from master codelists,Condition,standard,Myopathy_difference
myopathy,Myopathy,condition,42535730,FALSE,Strain of intrinsic muscle of foot,SNOMED,Myopathy_difference,reviewed_seed,Imported from master codelists,Condition,standard,Myopathy_difference
myopathy,Myopathy,condition,42536831,FALSE,Strain of quadriceps muscle,SNOMED,Myopathy_difference,reviewed_seed,Imported from master codelists,Condition,standard,Myopathy_difference
myopathy,Myopathy,condition,42536886,FALSE,Ischemia of muscle due to traumatic injury,SNOMED,Myopathy_difference,reviewed_seed,Imported from master codelists,Condition,standard,Myopathy_difference
myopathy,Myopathy,condition,42537714,FALSE,Injury of muscle of lower back,SNOMED,Myopathy_difference,reviewed_seed,Imported from master codelists,Condition,standard,Myopathy_difference
myopathy,Myopathy,condition,42537715,FALSE,Injury of muscle of pelvis,SNOMED,Myopathy_difference,reviewed_seed,Imported from master codelists,Condition,standard,Myopathy_difference
myopathy,Myopathy,condition,42539044,FALSE,Laceration of muscle of rotator cuff,SNOMED,Myopathy_difference,reviewed_seed,Imported from master codelists,Condition,standard,Myopathy_difference
myopathy,Myopathy,condition,42539094,FALSE,Injury of muscle of abdomen,SNOMED,Myopathy_difference,reviewed_seed,Imported from master codelists,Condition,standard,Myopathy_difference
myopathy,Myopathy,condition,42539484,FALSE,Strain of muscle of right posterior lower leg,SNOMED,Myopathy_difference,reviewed_seed,Imported from master codelists,Condition,standard,Myopathy_difference
myopathy,Myopathy,condition,42539790,FALSE,Injury of intrinsic muscle of foot,SNOMED,Myopathy_difference,reviewed_seed,Imported from master codelists,Condition,standard,Myopathy_difference
myopathy,Myopathy,condition,42573031,FALSE,NA,NA,Myopathy_difference,reviewed_seed,Imported from master codelists,NA,NA,Myopathy_difference
myopathy,Myopathy,condition,42573032,FALSE,NA,NA,Myopathy_difference,reviewed_seed,Imported from master codelists,NA,NA,Myopathy_difference
myopathy,Myopathy,condition,42573033,FALSE,NA,NA,Myopathy_difference,reviewed_seed,Imported from master codelists,NA,NA,Myopathy_difference
myopathy,Myopathy,condition,42573212,FALSE,NA,NA,Myopathy_difference,reviewed_seed,Imported from master codelists,NA,NA,Myopathy_difference
myopathy,Myopathy,condition,42573213,FALSE,NA,NA,Myopathy_difference,reviewed_seed,Imported from master codelists,NA,NA,Myopathy_difference
myopathy,Myopathy,condition,42573214,FALSE,NA,NA,Myopathy_difference,reviewed_seed,Imported from master codelists,NA,NA,Myopathy_difference
myopathy,Myopathy,condition,42573220,FALSE,NA,NA,Myopathy_difference,reviewed_seed,Imported from master codelists,NA,NA,Myopathy_difference
myopathy,Myopathy,condition,42573350,FALSE,NA,NA,Myopathy_difference,reviewed_seed,Imported from master codelists,NA,NA,Myopathy_difference
myopathy,Myopathy,condition,42593431,FALSE,NA,NA,Myopathy_difference,reviewed_seed,Imported from master codelists,NA,NA,Myopathy_difference
myopathy,Myopathy,condition,42596095,FALSE,NA,NA,Myopathy_difference,reviewed_seed,Imported from master codelists,NA,NA,Myopathy_difference
myopathy,Myopathy,condition,42596187,FALSE,NA,NA,Myopathy_difference,reviewed_seed,Imported from master codelists,NA,NA,Myopathy_difference
myopathy,Myopathy,condition,42596272,FALSE,NA,NA,Myopathy_difference,reviewed_seed,Imported from master codelists,NA,NA,Myopathy_difference
myopathy,Myopathy,condition,42596310,FALSE,NA,NA,Myopathy_difference,reviewed_seed,Imported from master codelists,NA,NA,Myopathy_difference
myopathy,Myopathy,condition,42596312,FALSE,NA,NA,Myopathy_difference,reviewed_seed,Imported from master codelists,NA,NA,Myopathy_difference
myopathy,Myopathy,condition,42596359,FALSE,NA,NA,Myopathy_difference,reviewed_seed,Imported from master codelists,NA,NA,Myopathy_difference
myopathy,Myopathy,condition,42596381,FALSE,NA,NA,Myopathy_difference,reviewed_seed,Imported from master codelists,NA,NA,Myopathy_difference
myopathy,Myopathy,condition,42596400,FALSE,NA,NA,Myopathy_difference,reviewed_seed,Imported from master codelists,NA,NA,Myopathy_difference
myopathy,Myopathy,condition,42596448,FALSE,NA,NA,Myopathy_difference,reviewed_seed,Imported from master codelists,NA,NA,Myopathy_difference
myopathy,Myopathy,condition,42597039,FALSE,NA,NA,Myopathy_difference,reviewed_seed,Imported from master codelists,NA,NA,Myopathy_difference
myopathy,Myopathy,condition,42598715,FALSE,NA,NA,Myopathy_difference,reviewed_seed,Imported from master codelists,NA,NA,Myopathy_difference
myopathy,Myopathy,condition,42598803,FALSE,NA,NA,Myopathy_difference,reviewed_seed,Imported from master codelists,NA,NA,Myopathy_difference
myopathy,Myopathy,condition,42599291,FALSE,NA,NA,Myopathy_difference,reviewed_seed,Imported from master codelists,NA,NA,Myopathy_difference
myopathy,Myopathy,condition,42599292,FALSE,NA,NA,Myopathy_difference,reviewed_seed,Imported from master codelists,NA,NA,Myopathy_difference
myopathy,Myopathy,condition,42599293,FALSE,NA,NA,Myopathy_difference,reviewed_seed,Imported from master codelists,NA,NA,Myopathy_difference
myopathy,Myopathy,condition,42599761,FALSE,NA,NA,Myopathy_difference,reviewed_seed,Imported from master codelists,NA,NA,Myopathy_difference
myopathy,Myopathy,condition,42599794,FALSE,NA,NA,Myopathy_difference,reviewed_seed,Imported from master codelists,NA,NA,Myopathy_difference
myopathy,Myopathy,condition,42606060,FALSE,NA,NA,Myopathy_difference,reviewed_seed,Imported from master codelists,NA,NA,Myopathy_difference
myopathy,Myopathy,condition,42606061,FALSE,NA,NA,Myopathy_difference,reviewed_seed,Imported from master codelists,NA,NA,Myopathy_difference
myopathy,Myopathy,condition,42709935,FALSE,Type 3a third degree laceration of perineum,SNOMED,Myopathy_difference,reviewed_seed,Imported from master codelists,Condition,standard,Myopathy_difference
myopathy,Myopathy,condition,42709936,FALSE,Type 3b third degree laceration of perineum,SNOMED,Myopathy_difference,reviewed_seed,Imported from master codelists,Condition,standard,Myopathy_difference
myopathy,Myopathy,condition,42709937,FALSE,Type 3c third degree laceration of perineum,SNOMED,Myopathy_difference,reviewed_seed,Imported from master codelists,Condition,standard,Myopathy_difference
myopathy,Myopathy,condition,42869696,FALSE,Kansas City Cardiomyopathy Questionnaire [KCCQ],LOINC,Myopathy_difference,reviewed_seed,Imported from master codelists,Observation,standard,Myopathy_difference
myopathy,Myopathy,condition,42872390,FALSE,Nonischemic congestive cardiomyopathy,SNOMED,Myopathy_difference,reviewed_seed,Imported from master codelists,Condition,standard,Myopathy_difference
myopathy,Myopathy,condition,42873049,FALSE,Strain of hamstring muscle,SNOMED,Myopathy_difference,reviewed_seed,Imported from master codelists,Condition,standard,Myopathy_difference
myopathy,Myopathy,condition,43020652,FALSE,Inflammatory cardiomyopathy,SNOMED,Myopathy_difference,reviewed_seed,Imported from master codelists,Condition,standard,Myopathy_difference
myopathy,Myopathy,condition,43020654,FALSE,Valvular cardiomyopathy,SNOMED,Myopathy_difference,reviewed_seed,Imported from master codelists,Condition,standard,Myopathy_difference
myopathy,Myopathy,condition,43020656,FALSE,Pacing-induced cardiomyopathy,SNOMED,Myopathy_difference,reviewed_seed,Imported from master codelists,Condition,standard,Myopathy_difference
myopathy,Myopathy,condition,43020658,FALSE,Hypertrophic cardiomyopathy with genetic marker,SNOMED,Myopathy_difference,reviewed_seed,Imported from master codelists,Condition,standard,Myopathy_difference
myopathy,Myopathy,condition,43020659,FALSE,Dilated cardiomyopathy with genetic marker,SNOMED,Myopathy_difference,reviewed_seed,Imported from master codelists,Condition,standard,Myopathy_difference
myopathy,Myopathy,condition,43020660,FALSE,Ischemic dilated cardiomyopathy due to coronary artery disease,SNOMED,Myopathy_difference,reviewed_seed,Imported from master codelists,Condition,standard,Myopathy_difference
myopathy,Myopathy,condition,43020666,FALSE,Mitochondrial cardiomyopathy,SNOMED,Myopathy_difference,reviewed_seed,Imported from master codelists,Condition,standard,Myopathy_difference
myopathy,Myopathy,condition,43020667,FALSE,Histiocytoid mitochondrial cardiomyopathy,SNOMED,Myopathy_difference,reviewed_seed,Imported from master codelists,Condition,standard,Myopathy_difference
myopathy,Myopathy,condition,43020668,FALSE,Hypertrophic mitochondrial cardiomyopathy associated with cataracts and lactic acidosis,SNOMED,Myopathy_difference,reviewed_seed,Imported from master codelists,Condition,standard,Myopathy_difference
myopathy,Myopathy,condition,43020669,FALSE,Fatal infantile mitochondrial cardiomyopathy,SNOMED,Myopathy_difference,reviewed_seed,Imported from master codelists,Condition,standard,Myopathy_difference
myopathy,Myopathy,condition,43020781,FALSE,Fetal cardiomyopathy,SNOMED,Myopathy_difference,reviewed_seed,Imported from master codelists,Condition,standard,Myopathy_difference
myopathy,Myopathy,condition,43020782,FALSE,Fetal hypertrophic cardiomyopathy,SNOMED,Myopathy_difference,reviewed_seed,Imported from master codelists,Condition,standard,Myopathy_difference
myopathy,Myopathy,condition,43020783,FALSE,Fetal hypertrophic cardiomyopathy due to twin to twin transfusion syndrome,SNOMED,Myopathy_difference,reviewed_seed,Imported from master codelists,Condition,standard,Myopathy_difference
myopathy,Myopathy,condition,43020784,FALSE,Fetal hypertrophic cardiomyopathy associated with renal disease,SNOMED,Myopathy_difference,reviewed_seed,Imported from master codelists,Condition,standard,Myopathy_difference
myopathy,Myopathy,condition,43020785,FALSE,Fetal dilated cardiomyopathy,SNOMED,Myopathy_difference,reviewed_seed,Imported from master codelists,Condition,standard,Myopathy_difference
myopathy,Myopathy,condition,43021299,FALSE,Histiocytoid mitochondrial cardiomyopathy due to cytochrome aa3 deficiency,SNOMED,Myopathy_difference,reviewed_seed,Imported from master codelists,Condition,standard,Myopathy_difference
myopathy,Myopathy,condition,43021902,FALSE,Cardiomyopathy due to neuromuscular disorder,SNOMED,Myopathy_difference,reviewed_seed,Imported from master codelists,Condition,standard,Myopathy_difference
myopathy,Myopathy,condition,43021903,FALSE,Ventricular myocardial noncompaction cardiomyopathy,SNOMED,Myopathy_difference,reviewed_seed,Imported from master codelists,Condition,standard,Myopathy_difference
myopathy,Myopathy,condition,43021905,FALSE,Hypertrophic mitochondrial cardiomyopathy,SNOMED,Myopathy_difference,reviewed_seed,Imported from master codelists,Condition,standard,Myopathy_difference
myopathy,Myopathy,condition,43021906,FALSE,Maternally inherited mitochondrial cardiomyopathy and myopathy,SNOMED,Myopathy_difference,reviewed_seed,Imported from master codelists,Condition,standard,Myopathy_difference
myopathy,Myopathy,condition,44782428,FALSE,Congestive heart failure due to cardiomyopathy,SNOMED,Myopathy_difference,reviewed_seed,Imported from master codelists,Condition,standard,Myopathy_difference
myopathy,Myopathy,condition,44782849,FALSE,Tibial muscular dystrophy,SNOMED,Myopathy_difference,reviewed_seed,Imported from master codelists,Condition,standard,Myopathy_difference
myopathy,Myopathy,condition,44783374,FALSE,Neoplasm of muscle of mastication,SNOMED,Myopathy_difference,reviewed_seed,Imported from master codelists,Condition,standard,Myopathy_difference
myopathy,Myopathy,condition,44783568,FALSE,Secondary nonischemic congestive cardiomyopathy,SNOMED,Myopathy_difference,reviewed_seed,Imported from master codelists,Condition,standard,Myopathy_difference
myopathy,Myopathy,condition,44783947,FALSE,Neoplasm of skeletal muscle,SNOMED,Myopathy_difference,reviewed_seed,Imported from master codelists,Condition,standard,Myopathy_difference
myopathy,Myopathy,condition,44784145,FALSE,Primary hypertrophic cardiomyopathy,SNOMED,Myopathy_difference,reviewed_seed,Imported from master codelists,Condition,standard,Myopathy_difference
myopathy,Myopathy,condition,44788721,FALSE,FH: Hypertrophic obstructive cardiomyopathy,SNOMED,Myopathy_difference,reviewed_seed,Imported from master codelists,Observation,standard,Myopathy_difference
myopathy,Myopathy,condition,44806493,FALSE,Injury of muscle of upper back,SNOMED,Myopathy_difference,reviewed_seed,Imported from master codelists,Condition,standard,Myopathy_difference
myopathy,Myopathy,condition,44806512,FALSE,Injury of muscle of hand,SNOMED,Myopathy_difference,reviewed_seed,Imported from master codelists,Condition,non-standard,Myopathy_difference
myopathy,Myopathy,condition,44806514,FALSE,Injury of muscle of thigh,SNOMED,Myopathy_difference,reviewed_seed,Imported from master codelists,Condition,non-standard,Myopathy_difference
myopathy,Myopathy,condition,44806515,FALSE,Injury of muscle of lower leg,SNOMED,Myopathy_difference,reviewed_seed,Imported from master codelists,Condition,non-standard,Myopathy_difference
myopathy,Myopathy,condition,44806516,FALSE,Injury of muscle of foot,SNOMED,Myopathy_difference,reviewed_seed,Imported from master codelists,Condition,standard,Myopathy_difference
myopathy,Myopathy,condition,44807892,FALSE,Amyloid cardiomyopathy,SNOMED,Myopathy_difference,reviewed_seed,Imported from master codelists,Condition,standard,Myopathy_difference
myopathy,Myopathy,condition,45757557,FALSE,Cardiomyopathy due to viral infection,SNOMED,Myopathy_difference,reviewed_seed,Imported from master codelists,Condition,standard,Myopathy_difference
myopathy,Myopathy,condition,45763777,FALSE,Congenital velopharyngeal dysfunction,SNOMED,Myopathy_difference,reviewed_seed,Imported from master codelists,Condition,standard,Myopathy_difference
myopathy,Myopathy,condition,45765411,FALSE,Early onset myopathy with fatal cardiomyopathy,SNOMED,Myopathy_difference,reviewed_seed,Imported from master codelists,Condition,standard,Myopathy_difference
myopathy,Myopathy,condition,45765437,FALSE,Hereditary myopathy with early respiratory failure,SNOMED,Myopathy_difference,reviewed_seed,Imported from master codelists,Condition,standard,Myopathy_difference
myopathy,Myopathy,condition,45765443,FALSE,Idiopathic inflammatory myopathy,SNOMED,Myopathy_difference,reviewed_seed,Imported from master codelists,Condition,standard,Myopathy_difference
myopathy,Myopathy,condition,45765475,FALSE,Dilated cardiomyopathy 3B,SNOMED,Myopathy_difference,reviewed_seed,Imported from master codelists,Condition,standard,Myopathy_difference
myopathy,Myopathy,condition,45766167,FALSE,Heart failure with reduced ejection fraction due to cardiomyopathy,SNOMED,Myopathy_difference,reviewed_seed,Imported from master codelists,Condition,standard,Myopathy_difference
myopathy,Myopathy,condition,45766382,FALSE,TK2-related mitochondrial deoxyribonucleic acid depletion syndrome myopathic form,SNOMED,Myopathy_difference,reviewed_seed,Imported from master codelists,Condition,standard,Myopathy_difference
myopathy,Myopathy,condition,45766963,FALSE,Fetal hypertrophic cardiomyopathy due to maternal diabetes mellitus,SNOMED,Myopathy_difference,reviewed_seed,Imported from master codelists,Condition,standard,Myopathy_difference
myopathy,Myopathy,condition,45769863,FALSE,Female perineal hernia,SNOMED,Myopathy_difference,reviewed_seed,Imported from master codelists,Condition,standard,Myopathy_difference
myopathy,Myopathy,condition,45771323,FALSE,Mitral valve regurgitation due to cardiomyopathy,SNOMED,Myopathy_difference,reviewed_seed,Imported from master codelists,Condition,standard,Myopathy_difference
myopathy,Myopathy,condition,46269894,FALSE,Cardiomyopathy due to diphtheria,SNOMED,Myopathy_difference,reviewed_seed,Imported from master codelists,Condition,standard,Myopathy_difference
myopathy,Myopathy,condition,46270605,FALSE,History of cardiomyopathy,SNOMED,Myopathy_difference,reviewed_seed,Imported from master codelists,Observation,non-standard,Myopathy_difference
myopathy,Myopathy,condition,46273300,FALSE,Spasmodic torticollis due to infection,SNOMED,Myopathy_difference,reviewed_seed,Imported from master codelists,Condition,standard,Myopathy_difference
