cohort_name,cohort_label,cohort_domain,concept_id,include_descendants,concept_name,vocabulary_id,concept_code,review_status,phenotype_note,domain_id,standard_concept,drug
sglt2_inhibitors,SGLT2 inhibitors,drug,715760,TRUE,ipragliflozin; oral,ATC,A10BK_sodium_glucose_co_transporter_2_sglt2_inhibitors,reviewed_seed,Imported from master codelists,Drug,classification,A10BK_sodium_glucose_co_transporter_2_sglt2_inhibitors
sglt2_inhibitors,SGLT2 inhibitors,drug,715762,TRUE,sotagliflozin; oral,ATC,A10BK_sodium_glucose_co_transporter_2_sglt2_inhibitors,reviewed_seed,Imported from master codelists,Drug,classification,A10BK_sodium_glucose_co_transporter_2_sglt2_inhibitors
sglt2_inhibitors,SGLT2 inhibitors,drug,715887,TRUE,ertugliflozin; oral,ATC,A10BK_sodium_glucose_co_transporter_2_sglt2_inhibitors,reviewed_seed,Imported from master codelists,Drug,classification,A10BK_sodium_glucose_co_transporter_2_sglt2_inhibitors
sglt2_inhibitors,SGLT2 inhibitors,drug,723187,TRUE,enavogliflozin,ATC,A10BK_sodium_glucose_co_transporter_2_sglt2_inhibitors,reviewed_seed,Imported from master codelists,Drug,classification,A10BK_sodium_glucose_co_transporter_2_sglt2_inhibitors
sglt2_inhibitors,SGLT2 inhibitors,drug,784068,TRUE,canagliflozin 300 MG Oral Tablet [Invokana] Box of 30 by Mundipharma,RxNorm Extension,A10BK_sodium_glucose_co_transporter_2_sglt2_inhibitors,reviewed_seed,Imported from master codelists,Drug,standard,A10BK_sodium_glucose_co_transporter_2_sglt2_inhibitors
sglt2_inhibitors,SGLT2 inhibitors,drug,784069,TRUE,canagliflozin 300 MG Oral Tablet [Invokana] Box of 90 by Mundipharma,RxNorm Extension,A10BK_sodium_glucose_co_transporter_2_sglt2_inhibitors,reviewed_seed,Imported from master codelists,Drug,standard,A10BK_sodium_glucose_co_transporter_2_sglt2_inhibitors
sglt2_inhibitors,SGLT2 inhibitors,drug,784070,TRUE,canagliflozin 100 MG Oral Tablet [Invokana] Box of 30 by Mundipharma,RxNorm Extension,A10BK_sodium_glucose_co_transporter_2_sglt2_inhibitors,reviewed_seed,Imported from master codelists,Drug,standard,A10BK_sodium_glucose_co_transporter_2_sglt2_inhibitors
sglt2_inhibitors,SGLT2 inhibitors,drug,784071,TRUE,canagliflozin 100 MG Oral Tablet [Invokana] Box of 90 by Mundipharma,RxNorm Extension,A10BK_sodium_glucose_co_transporter_2_sglt2_inhibitors,reviewed_seed,Imported from master codelists,Drug,standard,A10BK_sodium_glucose_co_transporter_2_sglt2_inhibitors
sglt2_inhibitors,SGLT2 inhibitors,drug,793293,TRUE,ertugliflozin,RxNorm,A10BK_sodium_glucose_co_transporter_2_sglt2_inhibitors,reviewed_seed,Imported from master codelists,Drug,standard,A10BK_sodium_glucose_co_transporter_2_sglt2_inhibitors
sglt2_inhibitors,SGLT2 inhibitors,drug,793317,TRUE,ertugliflozin 5 MG,RxNorm,A10BK_sodium_glucose_co_transporter_2_sglt2_inhibitors,reviewed_seed,Imported from master codelists,Drug,standard,A10BK_sodium_glucose_co_transporter_2_sglt2_inhibitors
sglt2_inhibitors,SGLT2 inhibitors,drug,793320,TRUE,ertugliflozin Oral Tablet,RxNorm,A10BK_sodium_glucose_co_transporter_2_sglt2_inhibitors,reviewed_seed,Imported from master codelists,Drug,standard,A10BK_sodium_glucose_co_transporter_2_sglt2_inhibitors
sglt2_inhibitors,SGLT2 inhibitors,drug,793321,TRUE,ertugliflozin 5 MG Oral Tablet,RxNorm,A10BK_sodium_glucose_co_transporter_2_sglt2_inhibitors,reviewed_seed,Imported from master codelists,Drug,standard,A10BK_sodium_glucose_co_transporter_2_sglt2_inhibitors
sglt2_inhibitors,SGLT2 inhibitors,drug,793323,TRUE,ertugliflozin 5 MG [Steglatro],RxNorm,A10BK_sodium_glucose_co_transporter_2_sglt2_inhibitors,reviewed_seed,Imported from master codelists,Drug,standard,A10BK_sodium_glucose_co_transporter_2_sglt2_inhibitors
sglt2_inhibitors,SGLT2 inhibitors,drug,793324,TRUE,ertugliflozin Oral Tablet [Steglatro],RxNorm,A10BK_sodium_glucose_co_transporter_2_sglt2_inhibitors,reviewed_seed,Imported from master codelists,Drug,standard,A10BK_sodium_glucose_co_transporter_2_sglt2_inhibitors
sglt2_inhibitors,SGLT2 inhibitors,drug,793327,TRUE,ertugliflozin 5 MG Oral Tablet [Steglatro],RxNorm,A10BK_sodium_glucose_co_transporter_2_sglt2_inhibitors,reviewed_seed,Imported from master codelists,Drug,standard,A10BK_sodium_glucose_co_transporter_2_sglt2_inhibitors
sglt2_inhibitors,SGLT2 inhibitors,drug,793328,TRUE,ertugliflozin 15 MG,RxNorm,A10BK_sodium_glucose_co_transporter_2_sglt2_inhibitors,reviewed_seed,Imported from master codelists,Drug,standard,A10BK_sodium_glucose_co_transporter_2_sglt2_inhibitors
sglt2_inhibitors,SGLT2 inhibitors,drug,793329,TRUE,ertugliflozin 15 MG Oral Tablet,RxNorm,A10BK_sodium_glucose_co_transporter_2_sglt2_inhibitors,reviewed_seed,Imported from master codelists,Drug,standard,A10BK_sodium_glucose_co_transporter_2_sglt2_inhibitors
sglt2_inhibitors,SGLT2 inhibitors,drug,793330,TRUE,ertugliflozin 15 MG [Steglatro],RxNorm,A10BK_sodium_glucose_co_transporter_2_sglt2_inhibitors,reviewed_seed,Imported from master codelists,Drug,standard,A10BK_sodium_glucose_co_transporter_2_sglt2_inhibitors
sglt2_inhibitors,SGLT2 inhibitors,drug,793331,TRUE,ertugliflozin 15 MG Oral Tablet [Steglatro],RxNorm,A10BK_sodium_glucose_co_transporter_2_sglt2_inhibitors,reviewed_seed,Imported from master codelists,Drug,standard,A10BK_sodium_glucose_co_transporter_2_sglt2_inhibitors
sglt2_inhibitors,SGLT2 inhibitors,drug,947981,TRUE,luseogliflozin; oral,ATC,A10BK_sodium_glucose_co_transporter_2_sglt2_inhibitors,reviewed_seed,Imported from master codelists,Drug,classification,A10BK_sodium_glucose_co_transporter_2_sglt2_inhibitors
sglt2_inhibitors,SGLT2 inhibitors,drug,954894,TRUE,bexagliflozin; oral,ATC,A10BK_sodium_glucose_co_transporter_2_sglt2_inhibitors,reviewed_seed,Imported from master codelists,Drug,classification,A10BK_sodium_glucose_co_transporter_2_sglt2_inhibitors
sglt2_inhibitors,SGLT2 inhibitors,drug,1123627,TRUE,Sodium-glucose co-transporter 2 (SGLT2) inhibitors,ATC,A10BK_sodium_glucose_co_transporter_2_sglt2_inhibitors,reviewed_seed,Imported from master codelists,Drug,classification,A10BK_sodium_glucose_co_transporter_2_sglt2_inhibitors
sglt2_inhibitors,SGLT2 inhibitors,drug,1123673,TRUE,canagliflozin; oral,ATC,A10BK_sodium_glucose_co_transporter_2_sglt2_inhibitors,reviewed_seed,Imported from master codelists,Drug,classification,A10BK_sodium_glucose_co_transporter_2_sglt2_inhibitors
sglt2_inhibitors,SGLT2 inhibitors,drug,1123740,TRUE,empagliflozin; oral,ATC,A10BK_sodium_glucose_co_transporter_2_sglt2_inhibitors,reviewed_seed,Imported from master codelists,Drug,classification,A10BK_sodium_glucose_co_transporter_2_sglt2_inhibitors
sglt2_inhibitors,SGLT2 inhibitors,drug,1123890,TRUE,dapagliflozin; oral,ATC,A10BK_sodium_glucose_co_transporter_2_sglt2_inhibitors,reviewed_seed,Imported from master codelists,Drug,classification,A10BK_sodium_glucose_co_transporter_2_sglt2_inhibitors
sglt2_inhibitors,SGLT2 inhibitors,drug,1201314,TRUE,bexagliflozin 20 MG,RxNorm,A10BK_sodium_glucose_co_transporter_2_sglt2_inhibitors,reviewed_seed,Imported from master codelists,Drug,standard,A10BK_sodium_glucose_co_transporter_2_sglt2_inhibitors
sglt2_inhibitors,SGLT2 inhibitors,drug,1201315,TRUE,bexagliflozin 20 MG Oral Tablet,RxNorm,A10BK_sodium_glucose_co_transporter_2_sglt2_inhibitors,reviewed_seed,Imported from master codelists,Drug,standard,A10BK_sodium_glucose_co_transporter_2_sglt2_inhibitors
sglt2_inhibitors,SGLT2 inhibitors,drug,1201317,TRUE,bexagliflozin 20 MG [Brenzavvy],RxNorm,A10BK_sodium_glucose_co_transporter_2_sglt2_inhibitors,reviewed_seed,Imported from master codelists,Drug,standard,A10BK_sodium_glucose_co_transporter_2_sglt2_inhibitors
sglt2_inhibitors,SGLT2 inhibitors,drug,1201320,TRUE,bexagliflozin Oral Tablet [Brenzavvy],RxNorm,A10BK_sodium_glucose_co_transporter_2_sglt2_inhibitors,reviewed_seed,Imported from master codelists,Drug,standard,A10BK_sodium_glucose_co_transporter_2_sglt2_inhibitors
sglt2_inhibitors,SGLT2 inhibitors,drug,1201321,TRUE,bexagliflozin 20 MG Oral Tablet [Brenzavvy],RxNorm,A10BK_sodium_glucose_co_transporter_2_sglt2_inhibitors,reviewed_seed,Imported from master codelists,Drug,standard,A10BK_sodium_glucose_co_transporter_2_sglt2_inhibitors
sglt2_inhibitors,SGLT2 inhibitors,drug,1201376,TRUE,sotagliflozin Oral Tablet,RxNorm,A10BK_sodium_glucose_co_transporter_2_sglt2_inhibitors,reviewed_seed,Imported from master codelists,Drug,standard,A10BK_sodium_glucose_co_transporter_2_sglt2_inhibitors
sglt2_inhibitors,SGLT2 inhibitors,drug,1201377,TRUE,sotagliflozin 200 MG Oral Tablet,RxNorm,A10BK_sodium_glucose_co_transporter_2_sglt2_inhibitors,reviewed_seed,Imported from master codelists,Drug,standard,A10BK_sodium_glucose_co_transporter_2_sglt2_inhibitors
sglt2_inhibitors,SGLT2 inhibitors,drug,1201379,TRUE,sotagliflozin 200 MG [Inpefa],RxNorm,A10BK_sodium_glucose_co_transporter_2_sglt2_inhibitors,reviewed_seed,Imported from master codelists,Drug,standard,A10BK_sodium_glucose_co_transporter_2_sglt2_inhibitors
sglt2_inhibitors,SGLT2 inhibitors,drug,1201382,TRUE,sotagliflozin Oral Tablet [Inpefa],RxNorm,A10BK_sodium_glucose_co_transporter_2_sglt2_inhibitors,reviewed_seed,Imported from master codelists,Drug,standard,A10BK_sodium_glucose_co_transporter_2_sglt2_inhibitors
sglt2_inhibitors,SGLT2 inhibitors,drug,1201383,TRUE,sotagliflozin 200 MG Oral Tablet [Inpefa],RxNorm,A10BK_sodium_glucose_co_transporter_2_sglt2_inhibitors,reviewed_seed,Imported from master codelists,Drug,standard,A10BK_sodium_glucose_co_transporter_2_sglt2_inhibitors
sglt2_inhibitors,SGLT2 inhibitors,drug,1201385,TRUE,sotagliflozin 400 MG Oral Tablet,RxNorm,A10BK_sodium_glucose_co_transporter_2_sglt2_inhibitors,reviewed_seed,Imported from master codelists,Drug,standard,A10BK_sodium_glucose_co_transporter_2_sglt2_inhibitors
sglt2_inhibitors,SGLT2 inhibitors,drug,1201386,TRUE,sotagliflozin 400 MG [Inpefa],RxNorm,A10BK_sodium_glucose_co_transporter_2_sglt2_inhibitors,reviewed_seed,Imported from master codelists,Drug,standard,A10BK_sodium_glucose_co_transporter_2_sglt2_inhibitors
sglt2_inhibitors,SGLT2 inhibitors,drug,1201387,TRUE,sotagliflozin 400 MG Oral Tablet [Inpefa],RxNorm,A10BK_sodium_glucose_co_transporter_2_sglt2_inhibitors,reviewed_seed,Imported from master codelists,Drug,standard,A10BK_sodium_glucose_co_transporter_2_sglt2_inhibitors
sglt2_inhibitors,SGLT2 inhibitors,drug,1301517,TRUE,bexagliflozin,RxNorm,A10BK_sodium_glucose_co_transporter_2_sglt2_inhibitors,reviewed_seed,Imported from master codelists,Drug,standard,A10BK_sodium_glucose_co_transporter_2_sglt2_inhibitors
sglt2_inhibitors,SGLT2 inhibitors,drug,1301518,TRUE,bexagliflozin 15 MG,RxNorm,A10BK_sodium_glucose_co_transporter_2_sglt2_inhibitors,reviewed_seed,Imported from master codelists,Drug,standard,A10BK_sodium_glucose_co_transporter_2_sglt2_inhibitors
sglt2_inhibitors,SGLT2 inhibitors,drug,1301521,TRUE,bexagliflozin Oral Tablet,RxNorm,A10BK_sodium_glucose_co_transporter_2_sglt2_inhibitors,reviewed_seed,Imported from master codelists,Drug,standard,A10BK_sodium_glucose_co_transporter_2_sglt2_inhibitors
sglt2_inhibitors,SGLT2 inhibitors,drug,1301522,TRUE,bexagliflozin 15 MG Oral Tablet,RxNorm,A10BK_sodium_glucose_co_transporter_2_sglt2_inhibitors,reviewed_seed,Imported from master codelists,Drug,standard,A10BK_sodium_glucose_co_transporter_2_sglt2_inhibitors
sglt2_inhibitors,SGLT2 inhibitors,drug,1301524,TRUE,bexagliflozin 15 MG [Bexacat],RxNorm,A10BK_sodium_glucose_co_transporter_2_sglt2_inhibitors,reviewed_seed,Imported from master codelists,Drug,standard,A10BK_sodium_glucose_co_transporter_2_sglt2_inhibitors
sglt2_inhibitors,SGLT2 inhibitors,drug,1301527,TRUE,bexagliflozin Oral Tablet [Bexacat],RxNorm,A10BK_sodium_glucose_co_transporter_2_sglt2_inhibitors,reviewed_seed,Imported from master codelists,Drug,standard,A10BK_sodium_glucose_co_transporter_2_sglt2_inhibitors
sglt2_inhibitors,SGLT2 inhibitors,drug,1301528,TRUE,bexagliflozin 15 MG Oral Tablet [Bexacat],RxNorm,A10BK_sodium_glucose_co_transporter_2_sglt2_inhibitors,reviewed_seed,Imported from master codelists,Drug,standard,A10BK_sodium_glucose_co_transporter_2_sglt2_inhibitors
sglt2_inhibitors,SGLT2 inhibitors,drug,1831711,TRUE,ertugliflozin 5 MG Oral Tablet Box of 98,RxNorm Extension,A10BK_sodium_glucose_co_transporter_2_sglt2_inhibitors,reviewed_seed,Imported from master codelists,Drug,standard,A10BK_sodium_glucose_co_transporter_2_sglt2_inhibitors
sglt2_inhibitors,SGLT2 inhibitors,drug,1831712,TRUE,ertugliflozin 5 MG Oral Tablet [Steglatro] Box of 28 by MSD,RxNorm Extension,A10BK_sodium_glucose_co_transporter_2_sglt2_inhibitors,reviewed_seed,Imported from master codelists,Drug,standard,A10BK_sodium_glucose_co_transporter_2_sglt2_inhibitors
sglt2_inhibitors,SGLT2 inhibitors,drug,1831713,TRUE,ertugliflozin 5 MG Oral Tablet [Steglatro] Box of 98,RxNorm Extension,A10BK_sodium_glucose_co_transporter_2_sglt2_inhibitors,reviewed_seed,Imported from master codelists,Drug,standard,A10BK_sodium_glucose_co_transporter_2_sglt2_inhibitors
sglt2_inhibitors,SGLT2 inhibitors,drug,1831714,TRUE,ertugliflozin 5 MG Oral Tablet [Steglatro] Box of 98 by MSD,RxNorm Extension,A10BK_sodium_glucose_co_transporter_2_sglt2_inhibitors,reviewed_seed,Imported from master codelists,Drug,standard,A10BK_sodium_glucose_co_transporter_2_sglt2_inhibitors
sglt2_inhibitors,SGLT2 inhibitors,drug,1831715,TRUE,ertugliflozin 15 MG Oral Tablet Box of 98,RxNorm Extension,A10BK_sodium_glucose_co_transporter_2_sglt2_inhibitors,reviewed_seed,Imported from master codelists,Drug,standard,A10BK_sodium_glucose_co_transporter_2_sglt2_inhibitors
sglt2_inhibitors,SGLT2 inhibitors,drug,1831716,TRUE,ertugliflozin 15 MG Oral Tablet [Steglatro] Box of 28 by MSD,RxNorm Extension,A10BK_sodium_glucose_co_transporter_2_sglt2_inhibitors,reviewed_seed,Imported from master codelists,Drug,standard,A10BK_sodium_glucose_co_transporter_2_sglt2_inhibitors
sglt2_inhibitors,SGLT2 inhibitors,drug,1831717,TRUE,ertugliflozin 15 MG Oral Tablet [Steglatro] Box of 98,RxNorm Extension,A10BK_sodium_glucose_co_transporter_2_sglt2_inhibitors,reviewed_seed,Imported from master codelists,Drug,standard,A10BK_sodium_glucose_co_transporter_2_sglt2_inhibitors
sglt2_inhibitors,SGLT2 inhibitors,drug,1831718,TRUE,ertugliflozin 15 MG Oral Tablet [Steglatro] Box of 98 by MSD,RxNorm Extension,A10BK_sodium_glucose_co_transporter_2_sglt2_inhibitors,reviewed_seed,Imported from master codelists,Drug,standard,A10BK_sodium_glucose_co_transporter_2_sglt2_inhibitors
sglt2_inhibitors,SGLT2 inhibitors,drug,1970879,TRUE,dapagliflozin 10 MG Delayed Release Oral Tablet Box of 10,RxNorm Extension,A10BK_sodium_glucose_co_transporter_2_sglt2_inhibitors,reviewed_seed,Imported from master codelists,Drug,standard,A10BK_sodium_glucose_co_transporter_2_sglt2_inhibitors
sglt2_inhibitors,SGLT2 inhibitors,drug,1970880,TRUE,dapagliflozin 10 MG Delayed Release Oral Tablet [Forxiga] Box of 10,RxNorm Extension,A10BK_sodium_glucose_co_transporter_2_sglt2_inhibitors,reviewed_seed,Imported from master codelists,Drug,standard,A10BK_sodium_glucose_co_transporter_2_sglt2_inhibitors
sglt2_inhibitors,SGLT2 inhibitors,drug,1970881,TRUE,dapagliflozin 10 MG Delayed Release Oral Tablet [Forxiga] Box of 10 by Astrazeneca,RxNorm Extension,A10BK_sodium_glucose_co_transporter_2_sglt2_inhibitors,reviewed_seed,Imported from master codelists,Drug,standard,A10BK_sodium_glucose_co_transporter_2_sglt2_inhibitors
sglt2_inhibitors,SGLT2 inhibitors,drug,1970882,TRUE,dapagliflozin 10 MG Oral Tablet Box of 10,RxNorm Extension,A10BK_sodium_glucose_co_transporter_2_sglt2_inhibitors,reviewed_seed,Imported from master codelists,Drug,standard,A10BK_sodium_glucose_co_transporter_2_sglt2_inhibitors
sglt2_inhibitors,SGLT2 inhibitors,drug,1970883,TRUE,dapagliflozin 10 MG Oral Tablet [Forxiga] Box of 10,RxNorm Extension,A10BK_sodium_glucose_co_transporter_2_sglt2_inhibitors,reviewed_seed,Imported from master codelists,Drug,standard,A10BK_sodium_glucose_co_transporter_2_sglt2_inhibitors
sglt2_inhibitors,SGLT2 inhibitors,drug,1970884,TRUE,dapagliflozin 10 MG Oral Tablet [Forxiga] Box of 10 by Astrazeneca,RxNorm Extension,A10BK_sodium_glucose_co_transporter_2_sglt2_inhibitors,reviewed_seed,Imported from master codelists,Drug,standard,A10BK_sodium_glucose_co_transporter_2_sglt2_inhibitors
sglt2_inhibitors,SGLT2 inhibitors,drug,1970923,TRUE,empagliflozin 10 MG Oral Tablet [Jardiance] Box of 100 by Bb Farma,RxNorm Extension,A10BK_sodium_glucose_co_transporter_2_sglt2_inhibitors,reviewed_seed,Imported from master codelists,Drug,standard,A10BK_sodium_glucose_co_transporter_2_sglt2_inhibitors
sglt2_inhibitors,SGLT2 inhibitors,drug,1970924,TRUE,empagliflozin 25 MG Oral Tablet [Jardiance] Box of 100 by Bb Farma,RxNorm Extension,A10BK_sodium_glucose_co_transporter_2_sglt2_inhibitors,reviewed_seed,Imported from master codelists,Drug,standard,A10BK_sodium_glucose_co_transporter_2_sglt2_inhibitors
sglt2_inhibitors,SGLT2 inhibitors,drug,2043007,TRUE,ertugliflozin 15 MG Oral Tablet [Steglatro] by MSD,RxNorm Extension,A10BK_sodium_glucose_co_transporter_2_sglt2_inhibitors,reviewed_seed,Imported from master codelists,Drug,standard,A10BK_sodium_glucose_co_transporter_2_sglt2_inhibitors
sglt2_inhibitors,SGLT2 inhibitors,drug,2043008,TRUE,ertugliflozin 5 MG Oral Tablet [Steglatro] by MSD,RxNorm Extension,A10BK_sodium_glucose_co_transporter_2_sglt2_inhibitors,reviewed_seed,Imported from master codelists,Drug,standard,A10BK_sodium_glucose_co_transporter_2_sglt2_inhibitors
sglt2_inhibitors,SGLT2 inhibitors,drug,2912420,TRUE,ertugliflozin 15 MG Oral Tablet [Steglatro] Box of 7,RxNorm Extension,A10BK_sodium_glucose_co_transporter_2_sglt2_inhibitors,reviewed_seed,Imported from master codelists,Drug,standard,A10BK_sodium_glucose_co_transporter_2_sglt2_inhibitors
sglt2_inhibitors,SGLT2 inhibitors,drug,2912421,TRUE,ertugliflozin 15 MG Oral Tablet Box of 7,RxNorm Extension,A10BK_sodium_glucose_co_transporter_2_sglt2_inhibitors,reviewed_seed,Imported from master codelists,Drug,standard,A10BK_sodium_glucose_co_transporter_2_sglt2_inhibitors
sglt2_inhibitors,SGLT2 inhibitors,drug,2912422,TRUE,ertugliflozin 5 MG Oral Tablet [Steglatro] Box of 7,RxNorm Extension,A10BK_sodium_glucose_co_transporter_2_sglt2_inhibitors,reviewed_seed,Imported from master codelists,Drug,standard,A10BK_sodium_glucose_co_transporter_2_sglt2_inhibitors
sglt2_inhibitors,SGLT2 inhibitors,drug,2912423,TRUE,ertugliflozin 5 MG Oral Tablet Box of 7,RxNorm Extension,A10BK_sodium_glucose_co_transporter_2_sglt2_inhibitors,reviewed_seed,Imported from master codelists,Drug,standard,A10BK_sodium_glucose_co_transporter_2_sglt2_inhibitors
sglt2_inhibitors,SGLT2 inhibitors,drug,2926540,TRUE,empagliflozin 25 MG Oral Tablet [Jardiance] Box of 10,RxNorm Extension,A10BK_sodium_glucose_co_transporter_2_sglt2_inhibitors,reviewed_seed,Imported from master codelists,Drug,standard,A10BK_sodium_glucose_co_transporter_2_sglt2_inhibitors
sglt2_inhibitors,SGLT2 inhibitors,drug,2926541,TRUE,empagliflozin 25 MG Oral Tablet Box of 10,RxNorm Extension,A10BK_sodium_glucose_co_transporter_2_sglt2_inhibitors,reviewed_seed,Imported from master codelists,Drug,standard,A10BK_sodium_glucose_co_transporter_2_sglt2_inhibitors
sglt2_inhibitors,SGLT2 inhibitors,drug,2926542,TRUE,empagliflozin 10 MG Oral Tablet [Jardiance] Box of 10,RxNorm Extension,A10BK_sodium_glucose_co_transporter_2_sglt2_inhibitors,reviewed_seed,Imported from master codelists,Drug,standard,A10BK_sodium_glucose_co_transporter_2_sglt2_inhibitors
sglt2_inhibitors,SGLT2 inhibitors,drug,2926543,TRUE,empagliflozin 10 MG Oral Tablet Box of 10,RxNorm Extension,A10BK_sodium_glucose_co_transporter_2_sglt2_inhibitors,reviewed_seed,Imported from master codelists,Drug,standard,A10BK_sodium_glucose_co_transporter_2_sglt2_inhibitors
sglt2_inhibitors,SGLT2 inhibitors,drug,21027308,TRUE,empagliflozin 25 MG Oral Tablet [Jardiance] Box of 28 by Boehringer Ingelheim,RxNorm Extension,A10BK_sodium_glucose_co_transporter_2_sglt2_inhibitors,reviewed_seed,Imported from master codelists,Drug,standard,A10BK_sodium_glucose_co_transporter_2_sglt2_inhibitors
sglt2_inhibitors,SGLT2 inhibitors,drug,21037074,TRUE,dapagliflozin Oral Tablet [Forxiga],RxNorm Extension,A10BK_sodium_glucose_co_transporter_2_sglt2_inhibitors,reviewed_seed,Imported from master codelists,Drug,standard,A10BK_sodium_glucose_co_transporter_2_sglt2_inhibitors
sglt2_inhibitors,SGLT2 inhibitors,drug,21037075,TRUE,dapagliflozin 5 MG Oral Tablet [Forxiga] Box of 28 by Waymade,RxNorm Extension,A10BK_sodium_glucose_co_transporter_2_sglt2_inhibitors,reviewed_seed,Imported from master codelists,Drug,standard,A10BK_sodium_glucose_co_transporter_2_sglt2_inhibitors
sglt2_inhibitors,SGLT2 inhibitors,drug,21037076,TRUE,dapagliflozin 10 MG Oral Tablet [Forxiga],RxNorm Extension,A10BK_sodium_glucose_co_transporter_2_sglt2_inhibitors,reviewed_seed,Imported from master codelists,Drug,standard,A10BK_sodium_glucose_co_transporter_2_sglt2_inhibitors
sglt2_inhibitors,SGLT2 inhibitors,drug,21037077,TRUE,dapagliflozin 10 MG Oral Tablet [Forxiga] by Waymade,RxNorm Extension,A10BK_sodium_glucose_co_transporter_2_sglt2_inhibitors,reviewed_seed,Imported from master codelists,Drug,standard,A10BK_sodium_glucose_co_transporter_2_sglt2_inhibitors
sglt2_inhibitors,SGLT2 inhibitors,drug,21037078,TRUE,dapagliflozin 10 MG Oral Tablet [Forxiga] Box of 28,RxNorm Extension,A10BK_sodium_glucose_co_transporter_2_sglt2_inhibitors,reviewed_seed,Imported from master codelists,Drug,standard,A10BK_sodium_glucose_co_transporter_2_sglt2_inhibitors
sglt2_inhibitors,SGLT2 inhibitors,drug,21037079,TRUE,canagliflozin 100 MG Oral Tablet [Invokana] by Janssen,RxNorm Extension,A10BK_sodium_glucose_co_transporter_2_sglt2_inhibitors,reviewed_seed,Imported from master codelists,Drug,standard,A10BK_sodium_glucose_co_transporter_2_sglt2_inhibitors
sglt2_inhibitors,SGLT2 inhibitors,drug,21046995,TRUE,dapagliflozin 10 MG [Forxiga],RxNorm Extension,A10BK_sodium_glucose_co_transporter_2_sglt2_inhibitors,reviewed_seed,Imported from master codelists,Drug,standard,A10BK_sodium_glucose_co_transporter_2_sglt2_inhibitors
sglt2_inhibitors,SGLT2 inhibitors,drug,21046996,TRUE,dapagliflozin 10 MG Oral Tablet [Forxiga] Box of 28 by Astrazeneca,RxNorm Extension,A10BK_sodium_glucose_co_transporter_2_sglt2_inhibitors,reviewed_seed,Imported from master codelists,Drug,standard,A10BK_sodium_glucose_co_transporter_2_sglt2_inhibitors
sglt2_inhibitors,SGLT2 inhibitors,drug,21046997,TRUE,canagliflozin 100 MG Oral Tablet by Colorama,RxNorm Extension,A10BK_sodium_glucose_co_transporter_2_sglt2_inhibitors,reviewed_seed,Imported from master codelists,Drug,standard,A10BK_sodium_glucose_co_transporter_2_sglt2_inhibitors
sglt2_inhibitors,SGLT2 inhibitors,drug,21046998,TRUE,canagliflozin 100 MG Oral Tablet Box of 30 by Niche,RxNorm Extension,A10BK_sodium_glucose_co_transporter_2_sglt2_inhibitors,reviewed_seed,Imported from master codelists,Drug,standard,A10BK_sodium_glucose_co_transporter_2_sglt2_inhibitors
sglt2_inhibitors,SGLT2 inhibitors,drug,21056724,TRUE,dapagliflozin 5 MG Oral Tablet [Forxiga] by Waymade,RxNorm Extension,A10BK_sodium_glucose_co_transporter_2_sglt2_inhibitors,reviewed_seed,Imported from master codelists,Drug,standard,A10BK_sodium_glucose_co_transporter_2_sglt2_inhibitors
sglt2_inhibitors,SGLT2 inhibitors,drug,21056725,TRUE,dapagliflozin 10 MG Oral Tablet [Forxiga] by Astrazeneca,RxNorm Extension,A10BK_sodium_glucose_co_transporter_2_sglt2_inhibitors,reviewed_seed,Imported from master codelists,Drug,standard,A10BK_sodium_glucose_co_transporter_2_sglt2_inhibitors
sglt2_inhibitors,SGLT2 inhibitors,drug,21056726,TRUE,canagliflozin 100 MG Oral Tablet Box of 30,RxNorm Extension,A10BK_sodium_glucose_co_transporter_2_sglt2_inhibitors,reviewed_seed,Imported from master codelists,Drug,standard,A10BK_sodium_glucose_co_transporter_2_sglt2_inhibitors
sglt2_inhibitors,SGLT2 inhibitors,drug,21056727,TRUE,canagliflozin 300 MG Oral Tablet [Invokana] by Janssen,RxNorm Extension,A10BK_sodium_glucose_co_transporter_2_sglt2_inhibitors,reviewed_seed,Imported from master codelists,Drug,standard,A10BK_sodium_glucose_co_transporter_2_sglt2_inhibitors
sglt2_inhibitors,SGLT2 inhibitors,drug,21066569,TRUE,canagliflozin 100 MG Oral Tablet [Invokana] Box of 30 by Janssen,RxNorm Extension,A10BK_sodium_glucose_co_transporter_2_sglt2_inhibitors,reviewed_seed,Imported from master codelists,Drug,standard,A10BK_sodium_glucose_co_transporter_2_sglt2_inhibitors
sglt2_inhibitors,SGLT2 inhibitors,drug,21066576,TRUE,empagliflozin 10 MG Oral Tablet [Jardiance] Box of 28,RxNorm Extension,A10BK_sodium_glucose_co_transporter_2_sglt2_inhibitors,reviewed_seed,Imported from master codelists,Drug,standard,A10BK_sodium_glucose_co_transporter_2_sglt2_inhibitors
sglt2_inhibitors,SGLT2 inhibitors,drug,21076477,TRUE,dapagliflozin 5 MG Oral Tablet [Forxiga] Box of 28,RxNorm Extension,A10BK_sodium_glucose_co_transporter_2_sglt2_inhibitors,reviewed_seed,Imported from master codelists,Drug,standard,A10BK_sodium_glucose_co_transporter_2_sglt2_inhibitors
sglt2_inhibitors,SGLT2 inhibitors,drug,21076478,TRUE,canagliflozin 100 MG Oral Tablet by Niche,RxNorm Extension,A10BK_sodium_glucose_co_transporter_2_sglt2_inhibitors,reviewed_seed,Imported from master codelists,Drug,standard,A10BK_sodium_glucose_co_transporter_2_sglt2_inhibitors
sglt2_inhibitors,SGLT2 inhibitors,drug,21076479,TRUE,canagliflozin 100 MG Oral Tablet Box of 30 by J M McGill,RxNorm Extension,A10BK_sodium_glucose_co_transporter_2_sglt2_inhibitors,reviewed_seed,Imported from master codelists,Drug,standard,A10BK_sodium_glucose_co_transporter_2_sglt2_inhibitors
sglt2_inhibitors,SGLT2 inhibitors,drug,21086192,TRUE,dapagliflozin 5 MG Oral Tablet [Forxiga],RxNorm Extension,A10BK_sodium_glucose_co_transporter_2_sglt2_inhibitors,reviewed_seed,Imported from master codelists,Drug,standard,A10BK_sodium_glucose_co_transporter_2_sglt2_inhibitors
sglt2_inhibitors,SGLT2 inhibitors,drug,21086203,TRUE,empagliflozin 10 MG Oral Tablet Box of 28,RxNorm Extension,A10BK_sodium_glucose_co_transporter_2_sglt2_inhibitors,reviewed_seed,Imported from master codelists,Drug,standard,A10BK_sodium_glucose_co_transporter_2_sglt2_inhibitors
sglt2_inhibitors,SGLT2 inhibitors,drug,21086204,TRUE,empagliflozin 25 MG Oral Tablet [Jardiance] Box of 28,RxNorm Extension,A10BK_sodium_glucose_co_transporter_2_sglt2_inhibitors,reviewed_seed,Imported from master codelists,Drug,standard,A10BK_sodium_glucose_co_transporter_2_sglt2_inhibitors
sglt2_inhibitors,SGLT2 inhibitors,drug,21105861,TRUE,dapagliflozin 5 MG Oral Tablet Box of 28,RxNorm Extension,A10BK_sodium_glucose_co_transporter_2_sglt2_inhibitors,reviewed_seed,Imported from master codelists,Drug,standard,A10BK_sodium_glucose_co_transporter_2_sglt2_inhibitors
sglt2_inhibitors,SGLT2 inhibitors,drug,21105862,TRUE,dapagliflozin 5 MG Oral Tablet [Forxiga] by Astrazeneca,RxNorm Extension,A10BK_sodium_glucose_co_transporter_2_sglt2_inhibitors,reviewed_seed,Imported from master codelists,Drug,standard,A10BK_sodium_glucose_co_transporter_2_sglt2_inhibitors
sglt2_inhibitors,SGLT2 inhibitors,drug,21105863,TRUE,canagliflozin 300 MG Oral Tablet by Colorama,RxNorm Extension,A10BK_sodium_glucose_co_transporter_2_sglt2_inhibitors,reviewed_seed,Imported from master codelists,Drug,standard,A10BK_sodium_glucose_co_transporter_2_sglt2_inhibitors
sglt2_inhibitors,SGLT2 inhibitors,drug,21105864,TRUE,canagliflozin 300 MG Oral Tablet Box of 30,RxNorm Extension,A10BK_sodium_glucose_co_transporter_2_sglt2_inhibitors,reviewed_seed,Imported from master codelists,Drug,standard,A10BK_sodium_glucose_co_transporter_2_sglt2_inhibitors
sglt2_inhibitors,SGLT2 inhibitors,drug,21115639,TRUE,dapagliflozin 10 MG Oral Tablet Box of 28,RxNorm Extension,A10BK_sodium_glucose_co_transporter_2_sglt2_inhibitors,reviewed_seed,Imported from master codelists,Drug,standard,A10BK_sodium_glucose_co_transporter_2_sglt2_inhibitors
sglt2_inhibitors,SGLT2 inhibitors,drug,21125279,TRUE,dapagliflozin 5 MG [Forxiga],RxNorm Extension,A10BK_sodium_glucose_co_transporter_2_sglt2_inhibitors,reviewed_seed,Imported from master codelists,Drug,standard,A10BK_sodium_glucose_co_transporter_2_sglt2_inhibitors
sglt2_inhibitors,SGLT2 inhibitors,drug,21125280,TRUE,dapagliflozin 5 MG Oral Tablet [Forxiga] Box of 28 by Astrazeneca,RxNorm Extension,A10BK_sodium_glucose_co_transporter_2_sglt2_inhibitors,reviewed_seed,Imported from master codelists,Drug,standard,A10BK_sodium_glucose_co_transporter_2_sglt2_inhibitors
sglt2_inhibitors,SGLT2 inhibitors,drug,21125281,TRUE,canagliflozin 100 MG Oral Tablet by J M McGill,RxNorm Extension,A10BK_sodium_glucose_co_transporter_2_sglt2_inhibitors,reviewed_seed,Imported from master codelists,Drug,standard,A10BK_sodium_glucose_co_transporter_2_sglt2_inhibitors
sglt2_inhibitors,SGLT2 inhibitors,drug,21125282,TRUE,canagliflozin 100 MG Oral Tablet Box of 30 by Colorama,RxNorm Extension,A10BK_sodium_glucose_co_transporter_2_sglt2_inhibitors,reviewed_seed,Imported from master codelists,Drug,standard,A10BK_sodium_glucose_co_transporter_2_sglt2_inhibitors
sglt2_inhibitors,SGLT2 inhibitors,drug,21125283,TRUE,canagliflozin 300 MG Oral Tablet [Invokana] Box of 30,RxNorm Extension,A10BK_sodium_glucose_co_transporter_2_sglt2_inhibitors,reviewed_seed,Imported from master codelists,Drug,standard,A10BK_sodium_glucose_co_transporter_2_sglt2_inhibitors
sglt2_inhibitors,SGLT2 inhibitors,drug,21125291,TRUE,empagliflozin 10 MG Oral Tablet [Jardiance] by Boehringer Ingelheim,RxNorm Extension,A10BK_sodium_glucose_co_transporter_2_sglt2_inhibitors,reviewed_seed,Imported from master codelists,Drug,standard,A10BK_sodium_glucose_co_transporter_2_sglt2_inhibitors
sglt2_inhibitors,SGLT2 inhibitors,drug,21145066,TRUE,canagliflozin 300 MG Oral Tablet Box of 30 by Colorama,RxNorm Extension,A10BK_sodium_glucose_co_transporter_2_sglt2_inhibitors,reviewed_seed,Imported from master codelists,Drug,standard,A10BK_sodium_glucose_co_transporter_2_sglt2_inhibitors
sglt2_inhibitors,SGLT2 inhibitors,drug,21145067,TRUE,canagliflozin 300 MG Oral Tablet [Invokana] Box of 30 by Janssen,RxNorm Extension,A10BK_sodium_glucose_co_transporter_2_sglt2_inhibitors,reviewed_seed,Imported from master codelists,Drug,standard,A10BK_sodium_glucose_co_transporter_2_sglt2_inhibitors
sglt2_inhibitors,SGLT2 inhibitors,drug,21145074,TRUE,empagliflozin 10 MG Oral Tablet [Jardiance] Box of 28 by Boehringer Ingelheim,RxNorm Extension,A10BK_sodium_glucose_co_transporter_2_sglt2_inhibitors,reviewed_seed,Imported from master codelists,Drug,standard,A10BK_sodium_glucose_co_transporter_2_sglt2_inhibitors
sglt2_inhibitors,SGLT2 inhibitors,drug,21155014,TRUE,empagliflozin 25 MG Oral Tablet Box of 28,RxNorm Extension,A10BK_sodium_glucose_co_transporter_2_sglt2_inhibitors,reviewed_seed,Imported from master codelists,Drug,standard,A10BK_sodium_glucose_co_transporter_2_sglt2_inhibitors
sglt2_inhibitors,SGLT2 inhibitors,drug,21164839,TRUE,canagliflozin 100 MG Oral Tablet [Invokana] Box of 30,RxNorm Extension,A10BK_sodium_glucose_co_transporter_2_sglt2_inhibitors,reviewed_seed,Imported from master codelists,Drug,standard,A10BK_sodium_glucose_co_transporter_2_sglt2_inhibitors
sglt2_inhibitors,SGLT2 inhibitors,drug,21174561,TRUE,dapagliflozin 10 MG Oral Tablet [Forxiga] Box of 28 by Waymade,RxNorm Extension,A10BK_sodium_glucose_co_transporter_2_sglt2_inhibitors,reviewed_seed,Imported from master codelists,Drug,standard,A10BK_sodium_glucose_co_transporter_2_sglt2_inhibitors
sglt2_inhibitors,SGLT2 inhibitors,drug,21174570,TRUE,empagliflozin 25 MG Oral Tablet [Jardiance] by Boehringer Ingelheim,RxNorm Extension,A10BK_sodium_glucose_co_transporter_2_sglt2_inhibitors,reviewed_seed,Imported from master codelists,Drug,standard,A10BK_sodium_glucose_co_transporter_2_sglt2_inhibitors
sglt2_inhibitors,SGLT2 inhibitors,drug,35130600,TRUE,ipragliflozin 25 MG Oral Tablet,RxNorm Extension,A10BK_sodium_glucose_co_transporter_2_sglt2_inhibitors,reviewed_seed,Imported from master codelists,Drug,standard,A10BK_sodium_glucose_co_transporter_2_sglt2_inhibitors
sglt2_inhibitors,SGLT2 inhibitors,drug,35131592,TRUE,luseogliflozin hydrate 2.5 MG Oral Tablet [Lusefi],RxNorm Extension,A10BK_sodium_glucose_co_transporter_2_sglt2_inhibitors,reviewed_seed,Imported from master codelists,Drug,standard,A10BK_sodium_glucose_co_transporter_2_sglt2_inhibitors
sglt2_inhibitors,SGLT2 inhibitors,drug,35132200,TRUE,luseogliflozin hydrate 5 MG Oral Tablet [Lusefi],RxNorm Extension,A10BK_sodium_glucose_co_transporter_2_sglt2_inhibitors,reviewed_seed,Imported from master codelists,Drug,standard,A10BK_sodium_glucose_co_transporter_2_sglt2_inhibitors
sglt2_inhibitors,SGLT2 inhibitors,drug,35133042,TRUE,canagliflozin 20 MG [TENELIA],RxNorm Extension,A10BK_sodium_glucose_co_transporter_2_sglt2_inhibitors,reviewed_seed,Imported from master codelists,Drug,standard,A10BK_sodium_glucose_co_transporter_2_sglt2_inhibitors
sglt2_inhibitors,SGLT2 inhibitors,drug,35133449,TRUE,canagliflozin 20 MG Oral Tablet [TENELIA],RxNorm Extension,A10BK_sodium_glucose_co_transporter_2_sglt2_inhibitors,reviewed_seed,Imported from master codelists,Drug,standard,A10BK_sodium_glucose_co_transporter_2_sglt2_inhibitors
sglt2_inhibitors,SGLT2 inhibitors,drug,35135114,TRUE,luseogliflozin hydrate 2.5 MG Oral Tablet,RxNorm Extension,A10BK_sodium_glucose_co_transporter_2_sglt2_inhibitors,reviewed_seed,Imported from master codelists,Drug,standard,A10BK_sodium_glucose_co_transporter_2_sglt2_inhibitors
sglt2_inhibitors,SGLT2 inhibitors,drug,35137912,TRUE,canagliflozin 20 MG,RxNorm Extension,A10BK_sodium_glucose_co_transporter_2_sglt2_inhibitors,reviewed_seed,Imported from master codelists,Drug,standard,A10BK_sodium_glucose_co_transporter_2_sglt2_inhibitors
sglt2_inhibitors,SGLT2 inhibitors,drug,35139070,TRUE,ipragliflozin 25 MG Oral Tablet [SUGLAT],RxNorm Extension,A10BK_sodium_glucose_co_transporter_2_sglt2_inhibitors,reviewed_seed,Imported from master codelists,Drug,standard,A10BK_sodium_glucose_co_transporter_2_sglt2_inhibitors
sglt2_inhibitors,SGLT2 inhibitors,drug,35141352,TRUE,canagliflozin 100 MG [Canaglu],RxNorm Extension,A10BK_sodium_glucose_co_transporter_2_sglt2_inhibitors,reviewed_seed,Imported from master codelists,Drug,standard,A10BK_sodium_glucose_co_transporter_2_sglt2_inhibitors
sglt2_inhibitors,SGLT2 inhibitors,drug,35141791,TRUE,luseogliflozin hydrate Oral Tablet,RxNorm Extension,A10BK_sodium_glucose_co_transporter_2_sglt2_inhibitors,reviewed_seed,Imported from master codelists,Drug,standard,A10BK_sodium_glucose_co_transporter_2_sglt2_inhibitors
sglt2_inhibitors,SGLT2 inhibitors,drug,35143968,TRUE,canagliflozin Oral Tablet [TENELIA],RxNorm Extension,A10BK_sodium_glucose_co_transporter_2_sglt2_inhibitors,reviewed_seed,Imported from master codelists,Drug,standard,A10BK_sodium_glucose_co_transporter_2_sglt2_inhibitors
sglt2_inhibitors,SGLT2 inhibitors,drug,35146420,TRUE,ipragliflozin 25 MG,RxNorm Extension,A10BK_sodium_glucose_co_transporter_2_sglt2_inhibitors,reviewed_seed,Imported from master codelists,Drug,standard,A10BK_sodium_glucose_co_transporter_2_sglt2_inhibitors
sglt2_inhibitors,SGLT2 inhibitors,drug,35147878,TRUE,luseogliflozin hydrate Oral Tablet [Lusefi],RxNorm Extension,A10BK_sodium_glucose_co_transporter_2_sglt2_inhibitors,reviewed_seed,Imported from master codelists,Drug,standard,A10BK_sodium_glucose_co_transporter_2_sglt2_inhibitors
sglt2_inhibitors,SGLT2 inhibitors,drug,35151855,TRUE,luseogliflozin hydrate 5 MG [Lusefi],RxNorm Extension,A10BK_sodium_glucose_co_transporter_2_sglt2_inhibitors,reviewed_seed,Imported from master codelists,Drug,standard,A10BK_sodium_glucose_co_transporter_2_sglt2_inhibitors
sglt2_inhibitors,SGLT2 inhibitors,drug,35153086,TRUE,luseogliflozin hydrate 5 MG,RxNorm Extension,A10BK_sodium_glucose_co_transporter_2_sglt2_inhibitors,reviewed_seed,Imported from master codelists,Drug,standard,A10BK_sodium_glucose_co_transporter_2_sglt2_inhibitors
sglt2_inhibitors,SGLT2 inhibitors,drug,35154435,TRUE,luseogliflozin hydrate 5 MG Oral Tablet,RxNorm Extension,A10BK_sodium_glucose_co_transporter_2_sglt2_inhibitors,reviewed_seed,Imported from master codelists,Drug,standard,A10BK_sodium_glucose_co_transporter_2_sglt2_inhibitors
sglt2_inhibitors,SGLT2 inhibitors,drug,35155065,TRUE,canagliflozin 20 MG Oral Tablet,RxNorm Extension,A10BK_sodium_glucose_co_transporter_2_sglt2_inhibitors,reviewed_seed,Imported from master codelists,Drug,standard,A10BK_sodium_glucose_co_transporter_2_sglt2_inhibitors
sglt2_inhibitors,SGLT2 inhibitors,drug,35155579,TRUE,canagliflozin 100 MG Oral Tablet [Canaglu],RxNorm Extension,A10BK_sodium_glucose_co_transporter_2_sglt2_inhibitors,reviewed_seed,Imported from master codelists,Drug,standard,A10BK_sodium_glucose_co_transporter_2_sglt2_inhibitors
sglt2_inhibitors,SGLT2 inhibitors,drug,35155816,TRUE,canagliflozin Oral Tablet [Canaglu],RxNorm Extension,A10BK_sodium_glucose_co_transporter_2_sglt2_inhibitors,reviewed_seed,Imported from master codelists,Drug,standard,A10BK_sodium_glucose_co_transporter_2_sglt2_inhibitors
sglt2_inhibitors,SGLT2 inhibitors,drug,35157372,TRUE,ipragliflozin / sitagliptin Oral Tablet [Sujanu],RxNorm Extension,A10BK_sodium_glucose_co_transporter_2_sglt2_inhibitors,reviewed_seed,Imported from master codelists,Drug,standard,A10BK_sodium_glucose_co_transporter_2_sglt2_inhibitors
sglt2_inhibitors,SGLT2 inhibitors,drug,35157424,TRUE,luseogliflozin hydrate 2.5 MG [Lusefi],RxNorm Extension,A10BK_sodium_glucose_co_transporter_2_sglt2_inhibitors,reviewed_seed,Imported from master codelists,Drug,standard,A10BK_sodium_glucose_co_transporter_2_sglt2_inhibitors
sglt2_inhibitors,SGLT2 inhibitors,drug,35158145,TRUE,ipragliflozin / sitagliptin Oral Tablet,RxNorm Extension,A10BK_sodium_glucose_co_transporter_2_sglt2_inhibitors,reviewed_seed,Imported from master codelists,Drug,standard,A10BK_sodium_glucose_co_transporter_2_sglt2_inhibitors
sglt2_inhibitors,SGLT2 inhibitors,drug,35158377,TRUE,luseogliflozin hydrate 2.5 MG,RxNorm Extension,A10BK_sodium_glucose_co_transporter_2_sglt2_inhibitors,reviewed_seed,Imported from master codelists,Drug,standard,A10BK_sodium_glucose_co_transporter_2_sglt2_inhibitors
sglt2_inhibitors,SGLT2 inhibitors,drug,35159956,TRUE,ipragliflozin 25 MG [SUGLAT],RxNorm Extension,A10BK_sodium_glucose_co_transporter_2_sglt2_inhibitors,reviewed_seed,Imported from master codelists,Drug,standard,A10BK_sodium_glucose_co_transporter_2_sglt2_inhibitors
sglt2_inhibitors,SGLT2 inhibitors,drug,35198021,TRUE,luseogliflozin hydrate,RxNorm Extension,A10BK_sodium_glucose_co_transporter_2_sglt2_inhibitors,reviewed_seed,Imported from master codelists,Drug,standard,A10BK_sodium_glucose_co_transporter_2_sglt2_inhibitors
sglt2_inhibitors,SGLT2 inhibitors,drug,35754222,TRUE,dapagliflozin 5 MG Extended Release Oral Tablet [Forxiga] Box of 28,RxNorm Extension,A10BK_sodium_glucose_co_transporter_2_sglt2_inhibitors,reviewed_seed,Imported from master codelists,Drug,standard,A10BK_sodium_glucose_co_transporter_2_sglt2_inhibitors
sglt2_inhibitors,SGLT2 inhibitors,drug,35757868,TRUE,dapagliflozin Extended Release Oral Tablet [Forxiga],RxNorm Extension,A10BK_sodium_glucose_co_transporter_2_sglt2_inhibitors,reviewed_seed,Imported from master codelists,Drug,standard,A10BK_sodium_glucose_co_transporter_2_sglt2_inhibitors
sglt2_inhibitors,SGLT2 inhibitors,drug,35758345,TRUE,dapagliflozin 5 MG Extended Release Oral Tablet [Forxiga],RxNorm Extension,A10BK_sodium_glucose_co_transporter_2_sglt2_inhibitors,reviewed_seed,Imported from master codelists,Drug,standard,A10BK_sodium_glucose_co_transporter_2_sglt2_inhibitors
sglt2_inhibitors,SGLT2 inhibitors,drug,35759111,TRUE,dapagliflozin 5 MG Extended Release Oral Tablet [Forxiga] Box of 28 by Waymade,RxNorm Extension,A10BK_sodium_glucose_co_transporter_2_sglt2_inhibitors,reviewed_seed,Imported from master codelists,Drug,standard,A10BK_sodium_glucose_co_transporter_2_sglt2_inhibitors
sglt2_inhibitors,SGLT2 inhibitors,drug,35759112,TRUE,dapagliflozin 5 MG Extended Release Oral Tablet [Forxiga] by Waymade,RxNorm Extension,A10BK_sodium_glucose_co_transporter_2_sglt2_inhibitors,reviewed_seed,Imported from master codelists,Drug,standard,A10BK_sodium_glucose_co_transporter_2_sglt2_inhibitors
sglt2_inhibitors,SGLT2 inhibitors,drug,35762252,TRUE,dapagliflozin 5 MG Extended Release Oral Tablet Box of 28,RxNorm Extension,A10BK_sodium_glucose_co_transporter_2_sglt2_inhibitors,reviewed_seed,Imported from master codelists,Drug,standard,A10BK_sodium_glucose_co_transporter_2_sglt2_inhibitors
sglt2_inhibitors,SGLT2 inhibitors,drug,35762253,TRUE,dapagliflozin 5 MG Extended Release Oral Tablet,RxNorm Extension,A10BK_sodium_glucose_co_transporter_2_sglt2_inhibitors,reviewed_seed,Imported from master codelists,Drug,standard,A10BK_sodium_glucose_co_transporter_2_sglt2_inhibitors
sglt2_inhibitors,SGLT2 inhibitors,drug,35763316,TRUE,dapagliflozin 5 MG Extended Release Oral Tablet [Forxiga] Box of 28 by Astrazeneca,RxNorm Extension,A10BK_sodium_glucose_co_transporter_2_sglt2_inhibitors,reviewed_seed,Imported from master codelists,Drug,standard,A10BK_sodium_glucose_co_transporter_2_sglt2_inhibitors
sglt2_inhibitors,SGLT2 inhibitors,drug,35763317,TRUE,dapagliflozin 5 MG Extended Release Oral Tablet [Forxiga] by Astrazeneca,RxNorm Extension,A10BK_sodium_glucose_co_transporter_2_sglt2_inhibitors,reviewed_seed,Imported from master codelists,Drug,standard,A10BK_sodium_glucose_co_transporter_2_sglt2_inhibitors
sglt2_inhibitors,SGLT2 inhibitors,drug,35766101,TRUE,dapagliflozin Extended Release Oral Tablet,RxNorm Extension,A10BK_sodium_glucose_co_transporter_2_sglt2_inhibitors,reviewed_seed,Imported from master codelists,Drug,standard,A10BK_sodium_glucose_co_transporter_2_sglt2_inhibitors
sglt2_inhibitors,SGLT2 inhibitors,drug,35831423,TRUE,canagliflozin 40 MG Oral Tablet [TENELIA],RxNorm Extension,A10BK_sodium_glucose_co_transporter_2_sglt2_inhibitors,reviewed_seed,Imported from master codelists,Drug,standard,A10BK_sodium_glucose_co_transporter_2_sglt2_inhibitors
sglt2_inhibitors,SGLT2 inhibitors,drug,35831424,TRUE,canagliflozin 40 MG Oral Tablet,RxNorm Extension,A10BK_sodium_glucose_co_transporter_2_sglt2_inhibitors,reviewed_seed,Imported from master codelists,Drug,standard,A10BK_sodium_glucose_co_transporter_2_sglt2_inhibitors
sglt2_inhibitors,SGLT2 inhibitors,drug,35831425,TRUE,canagliflozin 40 MG [TENELIA],RxNorm Extension,A10BK_sodium_glucose_co_transporter_2_sglt2_inhibitors,reviewed_seed,Imported from master codelists,Drug,standard,A10BK_sodium_glucose_co_transporter_2_sglt2_inhibitors
sglt2_inhibitors,SGLT2 inhibitors,drug,35831426,TRUE,canagliflozin 40 MG,RxNorm Extension,A10BK_sodium_glucose_co_transporter_2_sglt2_inhibitors,reviewed_seed,Imported from master codelists,Drug,standard,A10BK_sodium_glucose_co_transporter_2_sglt2_inhibitors
sglt2_inhibitors,SGLT2 inhibitors,drug,35887723,TRUE,dapagliflozin 5 MG Oral Tablet [Forxiga] Box of 28 by Ethigen,RxNorm Extension,A10BK_sodium_glucose_co_transporter_2_sglt2_inhibitors,reviewed_seed,Imported from master codelists,Drug,standard,A10BK_sodium_glucose_co_transporter_2_sglt2_inhibitors
sglt2_inhibitors,SGLT2 inhibitors,drug,35887724,TRUE,dapagliflozin 5 MG Oral Tablet [Forxiga] by Ethigen,RxNorm Extension,A10BK_sodium_glucose_co_transporter_2_sglt2_inhibitors,reviewed_seed,Imported from master codelists,Drug,standard,A10BK_sodium_glucose_co_transporter_2_sglt2_inhibitors
sglt2_inhibitors,SGLT2 inhibitors,drug,36035501,TRUE,empagliflozin 10 MG Oral Tablet [Jardiance] Box of 100 by Abacus Medicine,RxNorm Extension,A10BK_sodium_glucose_co_transporter_2_sglt2_inhibitors,reviewed_seed,Imported from master codelists,Drug,standard,A10BK_sodium_glucose_co_transporter_2_sglt2_inhibitors
sglt2_inhibitors,SGLT2 inhibitors,drug,36035502,TRUE,empagliflozin 10 MG Oral Tablet [Jardiance] Box of 100 by Eurim-Pharm,RxNorm Extension,A10BK_sodium_glucose_co_transporter_2_sglt2_inhibitors,reviewed_seed,Imported from master codelists,Drug,standard,A10BK_sodium_glucose_co_transporter_2_sglt2_inhibitors
sglt2_inhibitors,SGLT2 inhibitors,drug,36035503,TRUE,empagliflozin 25 MG Oral Tablet [Jardiance] Box of 100 by Eurim-Pharm,RxNorm Extension,A10BK_sodium_glucose_co_transporter_2_sglt2_inhibitors,reviewed_seed,Imported from master codelists,Drug,standard,A10BK_sodium_glucose_co_transporter_2_sglt2_inhibitors
sglt2_inhibitors,SGLT2 inhibitors,drug,36065376,TRUE,empagliflozin 25 MG Oral Tablet [Jardiance] Box of 30 by CST,RxNorm Extension,A10BK_sodium_glucose_co_transporter_2_sglt2_inhibitors,reviewed_seed,Imported from master codelists,Drug,standard,A10BK_sodium_glucose_co_transporter_2_sglt2_inhibitors
sglt2_inhibitors,SGLT2 inhibitors,drug,36065475,TRUE,empagliflozin 25 MG Oral Tablet [Jardiance] Box of 30 by Mawdsley-Brooks,RxNorm Extension,A10BK_sodium_glucose_co_transporter_2_sglt2_inhibitors,reviewed_seed,Imported from master codelists,Drug,standard,A10BK_sodium_glucose_co_transporter_2_sglt2_inhibitors
sglt2_inhibitors,SGLT2 inhibitors,drug,36065476,TRUE,empagliflozin 25 MG Oral Tablet [Jardiance] Box of 30 by DE,RxNorm Extension,A10BK_sodium_glucose_co_transporter_2_sglt2_inhibitors,reviewed_seed,Imported from master codelists,Drug,standard,A10BK_sodium_glucose_co_transporter_2_sglt2_inhibitors
sglt2_inhibitors,SGLT2 inhibitors,drug,36065477,TRUE,empagliflozin 25 MG Oral Tablet [Jardiance] Box of 30 by Originalis B.V.,RxNorm Extension,A10BK_sodium_glucose_co_transporter_2_sglt2_inhibitors,reviewed_seed,Imported from master codelists,Drug,standard,A10BK_sodium_glucose_co_transporter_2_sglt2_inhibitors
sglt2_inhibitors,SGLT2 inhibitors,drug,36065478,TRUE,empagliflozin 25 MG Oral Tablet [Jardiance] Box of 28 by DE,RxNorm Extension,A10BK_sodium_glucose_co_transporter_2_sglt2_inhibitors,reviewed_seed,Imported from master codelists,Drug,standard,A10BK_sodium_glucose_co_transporter_2_sglt2_inhibitors
sglt2_inhibitors,SGLT2 inhibitors,drug,36065479,TRUE,empagliflozin 25 MG Oral Tablet [Jardiance] Box of 28 by CST,RxNorm Extension,A10BK_sodium_glucose_co_transporter_2_sglt2_inhibitors,reviewed_seed,Imported from master codelists,Drug,standard,A10BK_sodium_glucose_co_transporter_2_sglt2_inhibitors
sglt2_inhibitors,SGLT2 inhibitors,drug,36065480,TRUE,empagliflozin 25 MG Oral Tablet [Jardiance] by Mawdsley-Brooks,RxNorm Extension,A10BK_sodium_glucose_co_transporter_2_sglt2_inhibitors,reviewed_seed,Imported from master codelists,Drug,standard,A10BK_sodium_glucose_co_transporter_2_sglt2_inhibitors
sglt2_inhibitors,SGLT2 inhibitors,drug,36065481,TRUE,empagliflozin 25 MG Oral Tablet [Jardiance] by DE,RxNorm Extension,A10BK_sodium_glucose_co_transporter_2_sglt2_inhibitors,reviewed_seed,Imported from master codelists,Drug,standard,A10BK_sodium_glucose_co_transporter_2_sglt2_inhibitors
sglt2_inhibitors,SGLT2 inhibitors,drug,36065482,TRUE,empagliflozin 25 MG Oral Tablet [Jardiance] by CST,RxNorm Extension,A10BK_sodium_glucose_co_transporter_2_sglt2_inhibitors,reviewed_seed,Imported from master codelists,Drug,standard,A10BK_sodium_glucose_co_transporter_2_sglt2_inhibitors
sglt2_inhibitors,SGLT2 inhibitors,drug,36065483,TRUE,empagliflozin 25 MG Oral Tablet [Jardiance] by Originalis B.V.,RxNorm Extension,A10BK_sodium_glucose_co_transporter_2_sglt2_inhibitors,reviewed_seed,Imported from master codelists,Drug,standard,A10BK_sodium_glucose_co_transporter_2_sglt2_inhibitors
sglt2_inhibitors,SGLT2 inhibitors,drug,36065484,TRUE,empagliflozin 10 MG Oral Tablet [Jardiance] Box of 30 by Mawdsley-Brooks,RxNorm Extension,A10BK_sodium_glucose_co_transporter_2_sglt2_inhibitors,reviewed_seed,Imported from master codelists,Drug,standard,A10BK_sodium_glucose_co_transporter_2_sglt2_inhibitors
sglt2_inhibitors,SGLT2 inhibitors,drug,36065485,TRUE,empagliflozin 10 MG Oral Tablet [Jardiance] Box of 30 by DE,RxNorm Extension,A10BK_sodium_glucose_co_transporter_2_sglt2_inhibitors,reviewed_seed,Imported from master codelists,Drug,standard,A10BK_sodium_glucose_co_transporter_2_sglt2_inhibitors
sglt2_inhibitors,SGLT2 inhibitors,drug,36065486,TRUE,empagliflozin 10 MG Oral Tablet [Jardiance] Box of 30 by CST,RxNorm Extension,A10BK_sodium_glucose_co_transporter_2_sglt2_inhibitors,reviewed_seed,Imported from master codelists,Drug,standard,A10BK_sodium_glucose_co_transporter_2_sglt2_inhibitors
sglt2_inhibitors,SGLT2 inhibitors,drug,36065487,TRUE,empagliflozin 10 MG Oral Tablet [Jardiance] Box of 30 by Ethigen,RxNorm Extension,A10BK_sodium_glucose_co_transporter_2_sglt2_inhibitors,reviewed_seed,Imported from master codelists,Drug,standard,A10BK_sodium_glucose_co_transporter_2_sglt2_inhibitors
sglt2_inhibitors,SGLT2 inhibitors,drug,36065488,TRUE,empagliflozin 10 MG Oral Tablet [Jardiance] Box of 30 by Originalis B.V.,RxNorm Extension,A10BK_sodium_glucose_co_transporter_2_sglt2_inhibitors,reviewed_seed,Imported from master codelists,Drug,standard,A10BK_sodium_glucose_co_transporter_2_sglt2_inhibitors
sglt2_inhibitors,SGLT2 inhibitors,drug,36065489,TRUE,empagliflozin 10 MG Oral Tablet [Jardiance] Box of 28 by DE,RxNorm Extension,A10BK_sodium_glucose_co_transporter_2_sglt2_inhibitors,reviewed_seed,Imported from master codelists,Drug,standard,A10BK_sodium_glucose_co_transporter_2_sglt2_inhibitors
sglt2_inhibitors,SGLT2 inhibitors,drug,36065490,TRUE,empagliflozin 10 MG Oral Tablet [Jardiance] Box of 28 by CST,RxNorm Extension,A10BK_sodium_glucose_co_transporter_2_sglt2_inhibitors,reviewed_seed,Imported from master codelists,Drug,standard,A10BK_sodium_glucose_co_transporter_2_sglt2_inhibitors
sglt2_inhibitors,SGLT2 inhibitors,drug,36065491,TRUE,empagliflozin 10 MG Oral Tablet [Jardiance] by Mawdsley-Brooks,RxNorm Extension,A10BK_sodium_glucose_co_transporter_2_sglt2_inhibitors,reviewed_seed,Imported from master codelists,Drug,standard,A10BK_sodium_glucose_co_transporter_2_sglt2_inhibitors
sglt2_inhibitors,SGLT2 inhibitors,drug,36065492,TRUE,empagliflozin 10 MG Oral Tablet [Jardiance] by DE,RxNorm Extension,A10BK_sodium_glucose_co_transporter_2_sglt2_inhibitors,reviewed_seed,Imported from master codelists,Drug,standard,A10BK_sodium_glucose_co_transporter_2_sglt2_inhibitors
sglt2_inhibitors,SGLT2 inhibitors,drug,36065493,TRUE,empagliflozin 10 MG Oral Tablet [Jardiance] by CST,RxNorm Extension,A10BK_sodium_glucose_co_transporter_2_sglt2_inhibitors,reviewed_seed,Imported from master codelists,Drug,standard,A10BK_sodium_glucose_co_transporter_2_sglt2_inhibitors
sglt2_inhibitors,SGLT2 inhibitors,drug,36065494,TRUE,empagliflozin 10 MG Oral Tablet [Jardiance] by Ethigen,RxNorm Extension,A10BK_sodium_glucose_co_transporter_2_sglt2_inhibitors,reviewed_seed,Imported from master codelists,Drug,standard,A10BK_sodium_glucose_co_transporter_2_sglt2_inhibitors
sglt2_inhibitors,SGLT2 inhibitors,drug,36065495,TRUE,empagliflozin 10 MG Oral Tablet [Jardiance] by Originalis B.V.,RxNorm Extension,A10BK_sodium_glucose_co_transporter_2_sglt2_inhibitors,reviewed_seed,Imported from master codelists,Drug,standard,A10BK_sodium_glucose_co_transporter_2_sglt2_inhibitors
sglt2_inhibitors,SGLT2 inhibitors,drug,36065594,TRUE,dapagliflozin 10 MG Oral Tablet [Forxiga] Box of 30 by DE,RxNorm Extension,A10BK_sodium_glucose_co_transporter_2_sglt2_inhibitors,reviewed_seed,Imported from master codelists,Drug,standard,A10BK_sodium_glucose_co_transporter_2_sglt2_inhibitors
sglt2_inhibitors,SGLT2 inhibitors,drug,36065595,TRUE,dapagliflozin 10 MG Oral Tablet [Forxiga] Box of 30,RxNorm Extension,A10BK_sodium_glucose_co_transporter_2_sglt2_inhibitors,reviewed_seed,Imported from master codelists,Drug,standard,A10BK_sodium_glucose_co_transporter_2_sglt2_inhibitors
sglt2_inhibitors,SGLT2 inhibitors,drug,36065596,TRUE,dapagliflozin 10 MG Oral Tablet [Forxiga] Box of 30 by Pharmaram,RxNorm Extension,A10BK_sodium_glucose_co_transporter_2_sglt2_inhibitors,reviewed_seed,Imported from master codelists,Drug,standard,A10BK_sodium_glucose_co_transporter_2_sglt2_inhibitors
sglt2_inhibitors,SGLT2 inhibitors,drug,36065597,TRUE,dapagliflozin 10 MG Oral Tablet [Forxiga] Box of 28 by DE,RxNorm Extension,A10BK_sodium_glucose_co_transporter_2_sglt2_inhibitors,reviewed_seed,Imported from master codelists,Drug,standard,A10BK_sodium_glucose_co_transporter_2_sglt2_inhibitors
sglt2_inhibitors,SGLT2 inhibitors,drug,36065598,TRUE,dapagliflozin 10 MG Oral Tablet [Forxiga] Box of 28 by CST,RxNorm Extension,A10BK_sodium_glucose_co_transporter_2_sglt2_inhibitors,reviewed_seed,Imported from master codelists,Drug,standard,A10BK_sodium_glucose_co_transporter_2_sglt2_inhibitors
sglt2_inhibitors,SGLT2 inhibitors,drug,36065599,TRUE,dapagliflozin 10 MG Oral Tablet [Forxiga] Box of 28 by Ethigen,RxNorm Extension,A10BK_sodium_glucose_co_transporter_2_sglt2_inhibitors,reviewed_seed,Imported from master codelists,Drug,standard,A10BK_sodium_glucose_co_transporter_2_sglt2_inhibitors
sglt2_inhibitors,SGLT2 inhibitors,drug,36065600,TRUE,dapagliflozin 10 MG Oral Tablet [Forxiga] Box of 28 by Pharmaram,RxNorm Extension,A10BK_sodium_glucose_co_transporter_2_sglt2_inhibitors,reviewed_seed,Imported from master codelists,Drug,standard,A10BK_sodium_glucose_co_transporter_2_sglt2_inhibitors
sglt2_inhibitors,SGLT2 inhibitors,drug,36065601,TRUE,dapagliflozin 10 MG Oral Tablet [Forxiga] by DE,RxNorm Extension,A10BK_sodium_glucose_co_transporter_2_sglt2_inhibitors,reviewed_seed,Imported from master codelists,Drug,standard,A10BK_sodium_glucose_co_transporter_2_sglt2_inhibitors
sglt2_inhibitors,SGLT2 inhibitors,drug,36065602,TRUE,dapagliflozin 10 MG Oral Tablet [Forxiga] by CST,RxNorm Extension,A10BK_sodium_glucose_co_transporter_2_sglt2_inhibitors,reviewed_seed,Imported from master codelists,Drug,standard,A10BK_sodium_glucose_co_transporter_2_sglt2_inhibitors
sglt2_inhibitors,SGLT2 inhibitors,drug,36065603,TRUE,dapagliflozin 10 MG Oral Tablet [Forxiga] by Ethigen,RxNorm Extension,A10BK_sodium_glucose_co_transporter_2_sglt2_inhibitors,reviewed_seed,Imported from master codelists,Drug,standard,A10BK_sodium_glucose_co_transporter_2_sglt2_inhibitors
sglt2_inhibitors,SGLT2 inhibitors,drug,36065604,TRUE,dapagliflozin 10 MG Oral Tablet [Forxiga] by Pharmaram,RxNorm Extension,A10BK_sodium_glucose_co_transporter_2_sglt2_inhibitors,reviewed_seed,Imported from master codelists,Drug,standard,A10BK_sodium_glucose_co_transporter_2_sglt2_inhibitors
sglt2_inhibitors,SGLT2 inhibitors,drug,36065605,TRUE,dapagliflozin 10 MG Oral Tablet Box of 30,RxNorm Extension,A10BK_sodium_glucose_co_transporter_2_sglt2_inhibitors,reviewed_seed,Imported from master codelists,Drug,standard,A10BK_sodium_glucose_co_transporter_2_sglt2_inhibitors
sglt2_inhibitors,SGLT2 inhibitors,drug,36065606,TRUE,dapagliflozin 5 MG Oral Tablet [Forxiga] Box of 28 by DE,RxNorm Extension,A10BK_sodium_glucose_co_transporter_2_sglt2_inhibitors,reviewed_seed,Imported from master codelists,Drug,standard,A10BK_sodium_glucose_co_transporter_2_sglt2_inhibitors
sglt2_inhibitors,SGLT2 inhibitors,drug,36065607,TRUE,dapagliflozin 5 MG Oral Tablet [Forxiga] Box of 28 by CST,RxNorm Extension,A10BK_sodium_glucose_co_transporter_2_sglt2_inhibitors,reviewed_seed,Imported from master codelists,Drug,standard,A10BK_sodium_glucose_co_transporter_2_sglt2_inhibitors
sglt2_inhibitors,SGLT2 inhibitors,drug,36065608,TRUE,dapagliflozin 5 MG Oral Tablet [Forxiga] Box of 28 by Pharmaram,RxNorm Extension,A10BK_sodium_glucose_co_transporter_2_sglt2_inhibitors,reviewed_seed,Imported from master codelists,Drug,standard,A10BK_sodium_glucose_co_transporter_2_sglt2_inhibitors
sglt2_inhibitors,SGLT2 inhibitors,drug,36065609,TRUE,dapagliflozin 5 MG Oral Tablet [Forxiga] by DE,RxNorm Extension,A10BK_sodium_glucose_co_transporter_2_sglt2_inhibitors,reviewed_seed,Imported from master codelists,Drug,standard,A10BK_sodium_glucose_co_transporter_2_sglt2_inhibitors
sglt2_inhibitors,SGLT2 inhibitors,drug,36065610,TRUE,dapagliflozin 5 MG Oral Tablet [Forxiga] by CST,RxNorm Extension,A10BK_sodium_glucose_co_transporter_2_sglt2_inhibitors,reviewed_seed,Imported from master codelists,Drug,standard,A10BK_sodium_glucose_co_transporter_2_sglt2_inhibitors
sglt2_inhibitors,SGLT2 inhibitors,drug,36065611,TRUE,dapagliflozin 5 MG Oral Tablet [Forxiga] by Pharmaram,RxNorm Extension,A10BK_sodium_glucose_co_transporter_2_sglt2_inhibitors,reviewed_seed,Imported from master codelists,Drug,standard,A10BK_sodium_glucose_co_transporter_2_sglt2_inhibitors
sglt2_inhibitors,SGLT2 inhibitors,drug,36066342,TRUE,canagliflozin 300 MG Oral Tablet [Invokana] Box of 30 by Mawdsley-Brooks,RxNorm Extension,A10BK_sodium_glucose_co_transporter_2_sglt2_inhibitors,reviewed_seed,Imported from master codelists,Drug,standard,A10BK_sodium_glucose_co_transporter_2_sglt2_inhibitors
sglt2_inhibitors,SGLT2 inhibitors,drug,36066343,TRUE,canagliflozin 300 MG Oral Tablet [Invokana] by Mawdsley-Brooks,RxNorm Extension,A10BK_sodium_glucose_co_transporter_2_sglt2_inhibitors,reviewed_seed,Imported from master codelists,Drug,standard,A10BK_sodium_glucose_co_transporter_2_sglt2_inhibitors
sglt2_inhibitors,SGLT2 inhibitors,drug,36066344,TRUE,canagliflozin 100 MG Oral Tablet [Invokana] Box of 30 by Mawdsley-Brooks,RxNorm Extension,A10BK_sodium_glucose_co_transporter_2_sglt2_inhibitors,reviewed_seed,Imported from master codelists,Drug,standard,A10BK_sodium_glucose_co_transporter_2_sglt2_inhibitors
sglt2_inhibitors,SGLT2 inhibitors,drug,36066345,TRUE,canagliflozin 100 MG Oral Tablet [Invokana] Box of 30 by DE,RxNorm Extension,A10BK_sodium_glucose_co_transporter_2_sglt2_inhibitors,reviewed_seed,Imported from master codelists,Drug,standard,A10BK_sodium_glucose_co_transporter_2_sglt2_inhibitors
sglt2_inhibitors,SGLT2 inhibitors,drug,36066346,TRUE,canagliflozin 100 MG Oral Tablet [Invokana] Box of 30 by Ethigen,RxNorm Extension,A10BK_sodium_glucose_co_transporter_2_sglt2_inhibitors,reviewed_seed,Imported from master codelists,Drug,standard,A10BK_sodium_glucose_co_transporter_2_sglt2_inhibitors
sglt2_inhibitors,SGLT2 inhibitors,drug,36066347,TRUE,canagliflozin 100 MG Oral Tablet [Invokana] Box of 28,RxNorm Extension,A10BK_sodium_glucose_co_transporter_2_sglt2_inhibitors,reviewed_seed,Imported from master codelists,Drug,standard,A10BK_sodium_glucose_co_transporter_2_sglt2_inhibitors
sglt2_inhibitors,SGLT2 inhibitors,drug,36066348,TRUE,canagliflozin 100 MG Oral Tablet [Invokana] Box of 28 by Pharmaram,RxNorm Extension,A10BK_sodium_glucose_co_transporter_2_sglt2_inhibitors,reviewed_seed,Imported from master codelists,Drug,standard,A10BK_sodium_glucose_co_transporter_2_sglt2_inhibitors
sglt2_inhibitors,SGLT2 inhibitors,drug,36066349,TRUE,canagliflozin 100 MG Oral Tablet [Invokana] by Mawdsley-Brooks,RxNorm Extension,A10BK_sodium_glucose_co_transporter_2_sglt2_inhibitors,reviewed_seed,Imported from master codelists,Drug,standard,A10BK_sodium_glucose_co_transporter_2_sglt2_inhibitors
sglt2_inhibitors,SGLT2 inhibitors,drug,36066350,TRUE,canagliflozin 100 MG Oral Tablet [Invokana] by DE,RxNorm Extension,A10BK_sodium_glucose_co_transporter_2_sglt2_inhibitors,reviewed_seed,Imported from master codelists,Drug,standard,A10BK_sodium_glucose_co_transporter_2_sglt2_inhibitors
sglt2_inhibitors,SGLT2 inhibitors,drug,36066351,TRUE,canagliflozin 100 MG Oral Tablet [Invokana] by Ethigen,RxNorm Extension,A10BK_sodium_glucose_co_transporter_2_sglt2_inhibitors,reviewed_seed,Imported from master codelists,Drug,standard,A10BK_sodium_glucose_co_transporter_2_sglt2_inhibitors
sglt2_inhibitors,SGLT2 inhibitors,drug,36066352,TRUE,canagliflozin 100 MG Oral Tablet [Invokana] by Pharmaram,RxNorm Extension,A10BK_sodium_glucose_co_transporter_2_sglt2_inhibitors,reviewed_seed,Imported from master codelists,Drug,standard,A10BK_sodium_glucose_co_transporter_2_sglt2_inhibitors
sglt2_inhibitors,SGLT2 inhibitors,drug,36074835,TRUE,dapagliflozin 10 MG Oral Tablet [Forxiga] Box of 30 by CST,RxNorm Extension,A10BK_sodium_glucose_co_transporter_2_sglt2_inhibitors,reviewed_seed,Imported from master codelists,Drug,standard,A10BK_sodium_glucose_co_transporter_2_sglt2_inhibitors
sglt2_inhibitors,SGLT2 inhibitors,drug,36074836,TRUE,dapagliflozin 10 MG Oral Tablet [Forxiga] Box of 30 by Ethigen,RxNorm Extension,A10BK_sodium_glucose_co_transporter_2_sglt2_inhibitors,reviewed_seed,Imported from master codelists,Drug,standard,A10BK_sodium_glucose_co_transporter_2_sglt2_inhibitors
sglt2_inhibitors,SGLT2 inhibitors,drug,36074921,TRUE,canagliflozin 100 MG Oral Tablet Box of 28,RxNorm Extension,A10BK_sodium_glucose_co_transporter_2_sglt2_inhibitors,reviewed_seed,Imported from master codelists,Drug,standard,A10BK_sodium_glucose_co_transporter_2_sglt2_inhibitors
sglt2_inhibitors,SGLT2 inhibitors,drug,36258765,TRUE,canagliflozin 300 MG Oral Tablet [Invokana] Box of 90 by Janssen,RxNorm Extension,A10BK_sodium_glucose_co_transporter_2_sglt2_inhibitors,reviewed_seed,Imported from master codelists,Drug,standard,A10BK_sodium_glucose_co_transporter_2_sglt2_inhibitors
sglt2_inhibitors,SGLT2 inhibitors,drug,36262387,TRUE,canagliflozin 300 MG Oral Tablet [Invokana] Box of 90,RxNorm Extension,A10BK_sodium_glucose_co_transporter_2_sglt2_inhibitors,reviewed_seed,Imported from master codelists,Drug,standard,A10BK_sodium_glucose_co_transporter_2_sglt2_inhibitors
sglt2_inhibitors,SGLT2 inhibitors,drug,36273902,TRUE,canagliflozin 100 MG Oral Tablet [Invokana] Box of 90 by Janssen,RxNorm Extension,A10BK_sodium_glucose_co_transporter_2_sglt2_inhibitors,reviewed_seed,Imported from master codelists,Drug,standard,A10BK_sodium_glucose_co_transporter_2_sglt2_inhibitors
sglt2_inhibitors,SGLT2 inhibitors,drug,36274846,TRUE,canagliflozin 100 MG Oral Tablet Box of 90,RxNorm Extension,A10BK_sodium_glucose_co_transporter_2_sglt2_inhibitors,reviewed_seed,Imported from master codelists,Drug,standard,A10BK_sodium_glucose_co_transporter_2_sglt2_inhibitors
sglt2_inhibitors,SGLT2 inhibitors,drug,36274847,TRUE,canagliflozin 300 MG Oral Tablet Box of 90,RxNorm Extension,A10BK_sodium_glucose_co_transporter_2_sglt2_inhibitors,reviewed_seed,Imported from master codelists,Drug,standard,A10BK_sodium_glucose_co_transporter_2_sglt2_inhibitors
sglt2_inhibitors,SGLT2 inhibitors,drug,36275199,TRUE,canagliflozin 100 MG Oral Tablet [Invokana] Box of 90,RxNorm Extension,A10BK_sodium_glucose_co_transporter_2_sglt2_inhibitors,reviewed_seed,Imported from master codelists,Drug,standard,A10BK_sodium_glucose_co_transporter_2_sglt2_inhibitors
sglt2_inhibitors,SGLT2 inhibitors,drug,36509850,TRUE,empagliflozin 10 MG Delayed Release Oral Tablet [Jardiance] by Boehringer Ingelheim,RxNorm Extension,A10BK_sodium_glucose_co_transporter_2_sglt2_inhibitors,reviewed_seed,Imported from master codelists,Drug,standard,A10BK_sodium_glucose_co_transporter_2_sglt2_inhibitors
sglt2_inhibitors,SGLT2 inhibitors,drug,36782042,TRUE,canagliflozin 100 MG Delayed Release Oral Tablet [Invokana] Box of 90 by Mundipharma,RxNorm Extension,A10BK_sodium_glucose_co_transporter_2_sglt2_inhibitors,reviewed_seed,Imported from master codelists,Drug,standard,A10BK_sodium_glucose_co_transporter_2_sglt2_inhibitors
sglt2_inhibitors,SGLT2 inhibitors,drug,36782043,TRUE,canagliflozin 100 MG Delayed Release Oral Tablet [Invokana] Box of 90,RxNorm Extension,A10BK_sodium_glucose_co_transporter_2_sglt2_inhibitors,reviewed_seed,Imported from master codelists,Drug,standard,A10BK_sodium_glucose_co_transporter_2_sglt2_inhibitors
sglt2_inhibitors,SGLT2 inhibitors,drug,36782044,TRUE,canagliflozin 100 MG Delayed Release Oral Tablet [Invokana] Box of 30 by Mundipharma,RxNorm Extension,A10BK_sodium_glucose_co_transporter_2_sglt2_inhibitors,reviewed_seed,Imported from master codelists,Drug,standard,A10BK_sodium_glucose_co_transporter_2_sglt2_inhibitors
sglt2_inhibitors,SGLT2 inhibitors,drug,36782045,TRUE,canagliflozin 100 MG Delayed Release Oral Tablet [Invokana] Box of 30,RxNorm Extension,A10BK_sodium_glucose_co_transporter_2_sglt2_inhibitors,reviewed_seed,Imported from master codelists,Drug,standard,A10BK_sodium_glucose_co_transporter_2_sglt2_inhibitors
sglt2_inhibitors,SGLT2 inhibitors,drug,36782046,TRUE,canagliflozin 100 MG Delayed Release Oral Tablet [Invokana],RxNorm Extension,A10BK_sodium_glucose_co_transporter_2_sglt2_inhibitors,reviewed_seed,Imported from master codelists,Drug,standard,A10BK_sodium_glucose_co_transporter_2_sglt2_inhibitors
sglt2_inhibitors,SGLT2 inhibitors,drug,36782047,TRUE,canagliflozin 100 MG Delayed Release Oral Tablet Box of 90,RxNorm Extension,A10BK_sodium_glucose_co_transporter_2_sglt2_inhibitors,reviewed_seed,Imported from master codelists,Drug,standard,A10BK_sodium_glucose_co_transporter_2_sglt2_inhibitors
sglt2_inhibitors,SGLT2 inhibitors,drug,36782048,TRUE,canagliflozin 100 MG Delayed Release Oral Tablet Box of 30,RxNorm Extension,A10BK_sodium_glucose_co_transporter_2_sglt2_inhibitors,reviewed_seed,Imported from master codelists,Drug,standard,A10BK_sodium_glucose_co_transporter_2_sglt2_inhibitors
sglt2_inhibitors,SGLT2 inhibitors,drug,36782049,TRUE,canagliflozin 100 MG Delayed Release Oral Tablet,RxNorm Extension,A10BK_sodium_glucose_co_transporter_2_sglt2_inhibitors,reviewed_seed,Imported from master codelists,Drug,standard,A10BK_sodium_glucose_co_transporter_2_sglt2_inhibitors
sglt2_inhibitors,SGLT2 inhibitors,drug,36782050,TRUE,canagliflozin 300 MG Delayed Release Oral Tablet [Invokana] Box of 90 by Mundipharma,RxNorm Extension,A10BK_sodium_glucose_co_transporter_2_sglt2_inhibitors,reviewed_seed,Imported from master codelists,Drug,standard,A10BK_sodium_glucose_co_transporter_2_sglt2_inhibitors
sglt2_inhibitors,SGLT2 inhibitors,drug,36782051,TRUE,canagliflozin 300 MG Delayed Release Oral Tablet [Invokana] Box of 90,RxNorm Extension,A10BK_sodium_glucose_co_transporter_2_sglt2_inhibitors,reviewed_seed,Imported from master codelists,Drug,standard,A10BK_sodium_glucose_co_transporter_2_sglt2_inhibitors
sglt2_inhibitors,SGLT2 inhibitors,drug,36782052,TRUE,canagliflozin 300 MG Delayed Release Oral Tablet [Invokana] Box of 30 by Mundipharma,RxNorm Extension,A10BK_sodium_glucose_co_transporter_2_sglt2_inhibitors,reviewed_seed,Imported from master codelists,Drug,standard,A10BK_sodium_glucose_co_transporter_2_sglt2_inhibitors
sglt2_inhibitors,SGLT2 inhibitors,drug,36782053,TRUE,canagliflozin 300 MG Delayed Release Oral Tablet [Invokana] Box of 30,RxNorm Extension,A10BK_sodium_glucose_co_transporter_2_sglt2_inhibitors,reviewed_seed,Imported from master codelists,Drug,standard,A10BK_sodium_glucose_co_transporter_2_sglt2_inhibitors
sglt2_inhibitors,SGLT2 inhibitors,drug,36782054,TRUE,canagliflozin 300 MG Delayed Release Oral Tablet [Invokana],RxNorm Extension,A10BK_sodium_glucose_co_transporter_2_sglt2_inhibitors,reviewed_seed,Imported from master codelists,Drug,standard,A10BK_sodium_glucose_co_transporter_2_sglt2_inhibitors
sglt2_inhibitors,SGLT2 inhibitors,drug,36782055,TRUE,canagliflozin 300 MG Delayed Release Oral Tablet Box of 90,RxNorm Extension,A10BK_sodium_glucose_co_transporter_2_sglt2_inhibitors,reviewed_seed,Imported from master codelists,Drug,standard,A10BK_sodium_glucose_co_transporter_2_sglt2_inhibitors
sglt2_inhibitors,SGLT2 inhibitors,drug,36782056,TRUE,canagliflozin 300 MG Delayed Release Oral Tablet Box of 30,RxNorm Extension,A10BK_sodium_glucose_co_transporter_2_sglt2_inhibitors,reviewed_seed,Imported from master codelists,Drug,standard,A10BK_sodium_glucose_co_transporter_2_sglt2_inhibitors
sglt2_inhibitors,SGLT2 inhibitors,drug,36782057,TRUE,canagliflozin 300 MG Delayed Release Oral Tablet,RxNorm Extension,A10BK_sodium_glucose_co_transporter_2_sglt2_inhibitors,reviewed_seed,Imported from master codelists,Drug,standard,A10BK_sodium_glucose_co_transporter_2_sglt2_inhibitors
sglt2_inhibitors,SGLT2 inhibitors,drug,36782058,TRUE,canagliflozin Delayed Release Oral Tablet [Invokana],RxNorm Extension,A10BK_sodium_glucose_co_transporter_2_sglt2_inhibitors,reviewed_seed,Imported from master codelists,Drug,standard,A10BK_sodium_glucose_co_transporter_2_sglt2_inhibitors
sglt2_inhibitors,SGLT2 inhibitors,drug,36782059,TRUE,canagliflozin Delayed Release Oral Tablet,RxNorm Extension,A10BK_sodium_glucose_co_transporter_2_sglt2_inhibitors,reviewed_seed,Imported from master codelists,Drug,standard,A10BK_sodium_glucose_co_transporter_2_sglt2_inhibitors
sglt2_inhibitors,SGLT2 inhibitors,drug,36788049,TRUE,empagliflozin 25 MG Delayed Release Oral Tablet [Jardiance] Box of 100 by Boehringer Ingelheim,RxNorm Extension,A10BK_sodium_glucose_co_transporter_2_sglt2_inhibitors,reviewed_seed,Imported from master codelists,Drug,standard,A10BK_sodium_glucose_co_transporter_2_sglt2_inhibitors
sglt2_inhibitors,SGLT2 inhibitors,drug,36788050,TRUE,empagliflozin 25 MG Delayed Release Oral Tablet [Jardiance] Box of 100,RxNorm Extension,A10BK_sodium_glucose_co_transporter_2_sglt2_inhibitors,reviewed_seed,Imported from master codelists,Drug,standard,A10BK_sodium_glucose_co_transporter_2_sglt2_inhibitors
sglt2_inhibitors,SGLT2 inhibitors,drug,36788051,TRUE,empagliflozin 25 MG Delayed Release Oral Tablet [Jardiance] Box of 30 by Boehringer Ingelheim,RxNorm Extension,A10BK_sodium_glucose_co_transporter_2_sglt2_inhibitors,reviewed_seed,Imported from master codelists,Drug,standard,A10BK_sodium_glucose_co_transporter_2_sglt2_inhibitors
sglt2_inhibitors,SGLT2 inhibitors,drug,36788052,TRUE,empagliflozin 25 MG Delayed Release Oral Tablet [Jardiance] Box of 30,RxNorm Extension,A10BK_sodium_glucose_co_transporter_2_sglt2_inhibitors,reviewed_seed,Imported from master codelists,Drug,standard,A10BK_sodium_glucose_co_transporter_2_sglt2_inhibitors
sglt2_inhibitors,SGLT2 inhibitors,drug,36788053,TRUE,empagliflozin 25 MG Delayed Release Oral Tablet [Jardiance],RxNorm Extension,A10BK_sodium_glucose_co_transporter_2_sglt2_inhibitors,reviewed_seed,Imported from master codelists,Drug,standard,A10BK_sodium_glucose_co_transporter_2_sglt2_inhibitors
sglt2_inhibitors,SGLT2 inhibitors,drug,36788054,TRUE,empagliflozin 25 MG Delayed Release Oral Tablet Box of 100,RxNorm Extension,A10BK_sodium_glucose_co_transporter_2_sglt2_inhibitors,reviewed_seed,Imported from master codelists,Drug,standard,A10BK_sodium_glucose_co_transporter_2_sglt2_inhibitors
sglt2_inhibitors,SGLT2 inhibitors,drug,36788055,TRUE,empagliflozin 25 MG Delayed Release Oral Tablet Box of 30,RxNorm Extension,A10BK_sodium_glucose_co_transporter_2_sglt2_inhibitors,reviewed_seed,Imported from master codelists,Drug,standard,A10BK_sodium_glucose_co_transporter_2_sglt2_inhibitors
sglt2_inhibitors,SGLT2 inhibitors,drug,36788056,TRUE,empagliflozin 25 MG Delayed Release Oral Tablet,RxNorm Extension,A10BK_sodium_glucose_co_transporter_2_sglt2_inhibitors,reviewed_seed,Imported from master codelists,Drug,standard,A10BK_sodium_glucose_co_transporter_2_sglt2_inhibitors
sglt2_inhibitors,SGLT2 inhibitors,drug,36788057,TRUE,empagliflozin 10 MG Delayed Release Oral Tablet [Jardiance] Box of 100 by Boehringer Ingelheim,RxNorm Extension,A10BK_sodium_glucose_co_transporter_2_sglt2_inhibitors,reviewed_seed,Imported from master codelists,Drug,standard,A10BK_sodium_glucose_co_transporter_2_sglt2_inhibitors
sglt2_inhibitors,SGLT2 inhibitors,drug,36788058,TRUE,empagliflozin 10 MG Delayed Release Oral Tablet [Jardiance] Box of 100,RxNorm Extension,A10BK_sodium_glucose_co_transporter_2_sglt2_inhibitors,reviewed_seed,Imported from master codelists,Drug,standard,A10BK_sodium_glucose_co_transporter_2_sglt2_inhibitors
sglt2_inhibitors,SGLT2 inhibitors,drug,36788059,TRUE,empagliflozin 10 MG Delayed Release Oral Tablet [Jardiance] Box of 30 by Boehringer Ingelheim,RxNorm Extension,A10BK_sodium_glucose_co_transporter_2_sglt2_inhibitors,reviewed_seed,Imported from master codelists,Drug,standard,A10BK_sodium_glucose_co_transporter_2_sglt2_inhibitors
sglt2_inhibitors,SGLT2 inhibitors,drug,36788060,TRUE,empagliflozin 10 MG Delayed Release Oral Tablet [Jardiance] Box of 30,RxNorm Extension,A10BK_sodium_glucose_co_transporter_2_sglt2_inhibitors,reviewed_seed,Imported from master codelists,Drug,standard,A10BK_sodium_glucose_co_transporter_2_sglt2_inhibitors
sglt2_inhibitors,SGLT2 inhibitors,drug,36788061,TRUE,empagliflozin 10 MG Delayed Release Oral Tablet [Jardiance],RxNorm Extension,A10BK_sodium_glucose_co_transporter_2_sglt2_inhibitors,reviewed_seed,Imported from master codelists,Drug,standard,A10BK_sodium_glucose_co_transporter_2_sglt2_inhibitors
sglt2_inhibitors,SGLT2 inhibitors,drug,36788062,TRUE,empagliflozin 10 MG Delayed Release Oral Tablet Box of 100,RxNorm Extension,A10BK_sodium_glucose_co_transporter_2_sglt2_inhibitors,reviewed_seed,Imported from master codelists,Drug,standard,A10BK_sodium_glucose_co_transporter_2_sglt2_inhibitors
sglt2_inhibitors,SGLT2 inhibitors,drug,36788063,TRUE,empagliflozin 10 MG Delayed Release Oral Tablet Box of 30,RxNorm Extension,A10BK_sodium_glucose_co_transporter_2_sglt2_inhibitors,reviewed_seed,Imported from master codelists,Drug,standard,A10BK_sodium_glucose_co_transporter_2_sglt2_inhibitors
sglt2_inhibitors,SGLT2 inhibitors,drug,36788064,TRUE,empagliflozin 10 MG Delayed Release Oral Tablet,RxNorm Extension,A10BK_sodium_glucose_co_transporter_2_sglt2_inhibitors,reviewed_seed,Imported from master codelists,Drug,standard,A10BK_sodium_glucose_co_transporter_2_sglt2_inhibitors
sglt2_inhibitors,SGLT2 inhibitors,drug,36788065,TRUE,empagliflozin Delayed Release Oral Tablet [Jardiance],RxNorm Extension,A10BK_sodium_glucose_co_transporter_2_sglt2_inhibitors,reviewed_seed,Imported from master codelists,Drug,standard,A10BK_sodium_glucose_co_transporter_2_sglt2_inhibitors
sglt2_inhibitors,SGLT2 inhibitors,drug,36788066,TRUE,empagliflozin Delayed Release Oral Tablet,RxNorm Extension,A10BK_sodium_glucose_co_transporter_2_sglt2_inhibitors,reviewed_seed,Imported from master codelists,Drug,standard,A10BK_sodium_glucose_co_transporter_2_sglt2_inhibitors
sglt2_inhibitors,SGLT2 inhibitors,drug,36788779,TRUE,dapagliflozin 10 MG Delayed Release Oral Tablet [Forxiga] Box of 98 by Astrazeneca,RxNorm Extension,A10BK_sodium_glucose_co_transporter_2_sglt2_inhibitors,reviewed_seed,Imported from master codelists,Drug,standard,A10BK_sodium_glucose_co_transporter_2_sglt2_inhibitors
sglt2_inhibitors,SGLT2 inhibitors,drug,36788780,TRUE,dapagliflozin 10 MG Delayed Release Oral Tablet [Forxiga] Box of 98,RxNorm Extension,A10BK_sodium_glucose_co_transporter_2_sglt2_inhibitors,reviewed_seed,Imported from master codelists,Drug,standard,A10BK_sodium_glucose_co_transporter_2_sglt2_inhibitors
sglt2_inhibitors,SGLT2 inhibitors,drug,36788781,TRUE,dapagliflozin 10 MG Delayed Release Oral Tablet [Forxiga] Box of 28 by Astrazeneca,RxNorm Extension,A10BK_sodium_glucose_co_transporter_2_sglt2_inhibitors,reviewed_seed,Imported from master codelists,Drug,standard,A10BK_sodium_glucose_co_transporter_2_sglt2_inhibitors
sglt2_inhibitors,SGLT2 inhibitors,drug,36788782,TRUE,dapagliflozin 10 MG Delayed Release Oral Tablet [Forxiga] Box of 28,RxNorm Extension,A10BK_sodium_glucose_co_transporter_2_sglt2_inhibitors,reviewed_seed,Imported from master codelists,Drug,standard,A10BK_sodium_glucose_co_transporter_2_sglt2_inhibitors
sglt2_inhibitors,SGLT2 inhibitors,drug,36788783,TRUE,dapagliflozin 10 MG Delayed Release Oral Tablet [Forxiga],RxNorm Extension,A10BK_sodium_glucose_co_transporter_2_sglt2_inhibitors,reviewed_seed,Imported from master codelists,Drug,standard,A10BK_sodium_glucose_co_transporter_2_sglt2_inhibitors
sglt2_inhibitors,SGLT2 inhibitors,drug,36788784,TRUE,dapagliflozin 10 MG Delayed Release Oral Tablet Box of 98,RxNorm Extension,A10BK_sodium_glucose_co_transporter_2_sglt2_inhibitors,reviewed_seed,Imported from master codelists,Drug,standard,A10BK_sodium_glucose_co_transporter_2_sglt2_inhibitors
sglt2_inhibitors,SGLT2 inhibitors,drug,36788786,TRUE,dapagliflozin 10 MG Delayed Release Oral Tablet Box of 28,RxNorm Extension,A10BK_sodium_glucose_co_transporter_2_sglt2_inhibitors,reviewed_seed,Imported from master codelists,Drug,standard,A10BK_sodium_glucose_co_transporter_2_sglt2_inhibitors
sglt2_inhibitors,SGLT2 inhibitors,drug,36788787,TRUE,dapagliflozin 10 MG Delayed Release Oral Tablet,RxNorm Extension,A10BK_sodium_glucose_co_transporter_2_sglt2_inhibitors,reviewed_seed,Imported from master codelists,Drug,standard,A10BK_sodium_glucose_co_transporter_2_sglt2_inhibitors
sglt2_inhibitors,SGLT2 inhibitors,drug,36788788,TRUE,dapagliflozin Delayed Release Oral Tablet [Forxiga],RxNorm Extension,A10BK_sodium_glucose_co_transporter_2_sglt2_inhibitors,reviewed_seed,Imported from master codelists,Drug,standard,A10BK_sodium_glucose_co_transporter_2_sglt2_inhibitors
sglt2_inhibitors,SGLT2 inhibitors,drug,36788789,TRUE,dapagliflozin Delayed Release Oral Tablet,RxNorm Extension,A10BK_sodium_glucose_co_transporter_2_sglt2_inhibitors,reviewed_seed,Imported from master codelists,Drug,standard,A10BK_sodium_glucose_co_transporter_2_sglt2_inhibitors
sglt2_inhibitors,SGLT2 inhibitors,drug,36810294,TRUE,ertugliflozin 15 MG Oral Tablet Box of 28,RxNorm Extension,A10BK_sodium_glucose_co_transporter_2_sglt2_inhibitors,reviewed_seed,Imported from master codelists,Drug,standard,A10BK_sodium_glucose_co_transporter_2_sglt2_inhibitors
sglt2_inhibitors,SGLT2 inhibitors,drug,36810445,TRUE,ertugliflozin 5 MG Oral Tablet Box of 28,RxNorm Extension,A10BK_sodium_glucose_co_transporter_2_sglt2_inhibitors,reviewed_seed,Imported from master codelists,Drug,standard,A10BK_sodium_glucose_co_transporter_2_sglt2_inhibitors
sglt2_inhibitors,SGLT2 inhibitors,drug,36811625,TRUE,ertugliflozin 5 MG Oral Tablet [Steglatro] by Merck,RxNorm Extension,A10BK_sodium_glucose_co_transporter_2_sglt2_inhibitors,reviewed_seed,Imported from master codelists,Drug,standard,A10BK_sodium_glucose_co_transporter_2_sglt2_inhibitors
sglt2_inhibitors,SGLT2 inhibitors,drug,36812927,TRUE,ertugliflozin 5 MG Oral Tablet [Steglatro] Box of 28,RxNorm Extension,A10BK_sodium_glucose_co_transporter_2_sglt2_inhibitors,reviewed_seed,Imported from master codelists,Drug,standard,A10BK_sodium_glucose_co_transporter_2_sglt2_inhibitors
sglt2_inhibitors,SGLT2 inhibitors,drug,36812966,TRUE,ertugliflozin 15 MG Oral Tablet [Steglatro] Box of 28 by Merck,RxNorm Extension,A10BK_sodium_glucose_co_transporter_2_sglt2_inhibitors,reviewed_seed,Imported from master codelists,Drug,standard,A10BK_sodium_glucose_co_transporter_2_sglt2_inhibitors
sglt2_inhibitors,SGLT2 inhibitors,drug,36813349,TRUE,ertugliflozin 15 MG Oral Tablet [Steglatro] by Merck,RxNorm Extension,A10BK_sodium_glucose_co_transporter_2_sglt2_inhibitors,reviewed_seed,Imported from master codelists,Drug,standard,A10BK_sodium_glucose_co_transporter_2_sglt2_inhibitors
sglt2_inhibitors,SGLT2 inhibitors,drug,36813884,TRUE,ertugliflozin 15 MG Oral Tablet [Steglatro] Box of 28,RxNorm Extension,A10BK_sodium_glucose_co_transporter_2_sglt2_inhibitors,reviewed_seed,Imported from master codelists,Drug,standard,A10BK_sodium_glucose_co_transporter_2_sglt2_inhibitors
sglt2_inhibitors,SGLT2 inhibitors,drug,36814594,TRUE,ertugliflozin 5 MG Oral Tablet [Steglatro] Box of 28 by Merck,RxNorm Extension,A10BK_sodium_glucose_co_transporter_2_sglt2_inhibitors,reviewed_seed,Imported from master codelists,Drug,standard,A10BK_sodium_glucose_co_transporter_2_sglt2_inhibitors
sglt2_inhibitors,SGLT2 inhibitors,drug,36927492,TRUE,empagliflozin 10 MG Oral Tablet [Jardiance] Box of 28,RxNorm Extension,A10BK_sodium_glucose_co_transporter_2_sglt2_inhibitors,reviewed_seed,Imported from master codelists,Drug,standard,A10BK_sodium_glucose_co_transporter_2_sglt2_inhibitors
sglt2_inhibitors,SGLT2 inhibitors,drug,36927535,TRUE,canagliflozin 300 MG Oral Tablet [Invokana] Box of 30 by Pilsco,RxNorm Extension,A10BK_sodium_glucose_co_transporter_2_sglt2_inhibitors,reviewed_seed,Imported from master codelists,Drug,standard,A10BK_sodium_glucose_co_transporter_2_sglt2_inhibitors
sglt2_inhibitors,SGLT2 inhibitors,drug,36928709,TRUE,canagliflozin 300 MG Oral Tablet [Invokana] by Pilsco,RxNorm Extension,A10BK_sodium_glucose_co_transporter_2_sglt2_inhibitors,reviewed_seed,Imported from master codelists,Drug,standard,A10BK_sodium_glucose_co_transporter_2_sglt2_inhibitors
sglt2_inhibitors,SGLT2 inhibitors,drug,36945567,TRUE,dapagliflozin 5 MG Oral Tablet [Forxiga] Box of 30 by DE,RxNorm Extension,A10BK_sodium_glucose_co_transporter_2_sglt2_inhibitors,reviewed_seed,Imported from master codelists,Drug,standard,A10BK_sodium_glucose_co_transporter_2_sglt2_inhibitors
sglt2_inhibitors,SGLT2 inhibitors,drug,36946454,TRUE,empagliflozin 10 MG Oral Tablet [Jardiance] Box of 28 by Ethigen,RxNorm Extension,A10BK_sodium_glucose_co_transporter_2_sglt2_inhibitors,reviewed_seed,Imported from master codelists,Drug,standard,A10BK_sodium_glucose_co_transporter_2_sglt2_inhibitors
sglt2_inhibitors,SGLT2 inhibitors,drug,36947610,TRUE,canagliflozin 300 MG Oral Tablet [Invokana] Box of 30,RxNorm Extension,A10BK_sodium_glucose_co_transporter_2_sglt2_inhibitors,reviewed_seed,Imported from master codelists,Drug,standard,A10BK_sodium_glucose_co_transporter_2_sglt2_inhibitors
sglt2_inhibitors,SGLT2 inhibitors,drug,36962935,TRUE,dapagliflozin 5 MG Oral Tablet Box of 30,RxNorm Extension,A10BK_sodium_glucose_co_transporter_2_sglt2_inhibitors,reviewed_seed,Imported from master codelists,Drug,standard,A10BK_sodium_glucose_co_transporter_2_sglt2_inhibitors
sglt2_inhibitors,SGLT2 inhibitors,drug,36969247,TRUE,dapagliflozin 5 MG Oral Tablet [Forxiga] Box of 30,RxNorm Extension,A10BK_sodium_glucose_co_transporter_2_sglt2_inhibitors,reviewed_seed,Imported from master codelists,Drug,standard,A10BK_sodium_glucose_co_transporter_2_sglt2_inhibitors
sglt2_inhibitors,SGLT2 inhibitors,drug,40721261,TRUE,canagliflozin 100 MG Oral Tablet [Invokana] Box of 30 by Napp,RxNorm Extension,A10BK_sodium_glucose_co_transporter_2_sglt2_inhibitors,reviewed_seed,Imported from master codelists,Drug,standard,A10BK_sodium_glucose_co_transporter_2_sglt2_inhibitors
sglt2_inhibitors,SGLT2 inhibitors,drug,40721262,TRUE,canagliflozin 100 MG Oral Tablet [Invokana] by Napp,RxNorm Extension,A10BK_sodium_glucose_co_transporter_2_sglt2_inhibitors,reviewed_seed,Imported from master codelists,Drug,standard,A10BK_sodium_glucose_co_transporter_2_sglt2_inhibitors
sglt2_inhibitors,SGLT2 inhibitors,drug,40721263,TRUE,canagliflozin 300 MG Oral Tablet [Invokana] Box of 30 by Napp,RxNorm Extension,A10BK_sodium_glucose_co_transporter_2_sglt2_inhibitors,reviewed_seed,Imported from master codelists,Drug,standard,A10BK_sodium_glucose_co_transporter_2_sglt2_inhibitors
sglt2_inhibitors,SGLT2 inhibitors,drug,40721264,TRUE,canagliflozin 300 MG Oral Tablet [Invokana] by Napp,RxNorm Extension,A10BK_sodium_glucose_co_transporter_2_sglt2_inhibitors,reviewed_seed,Imported from master codelists,Drug,standard,A10BK_sodium_glucose_co_transporter_2_sglt2_inhibitors
sglt2_inhibitors,SGLT2 inhibitors,drug,40846851,TRUE,empagliflozin 25 MG Oral Tablet [Jardiance] Box of 100,RxNorm Extension,A10BK_sodium_glucose_co_transporter_2_sglt2_inhibitors,reviewed_seed,Imported from master codelists,Drug,standard,A10BK_sodium_glucose_co_transporter_2_sglt2_inhibitors
sglt2_inhibitors,SGLT2 inhibitors,drug,40855378,TRUE,empagliflozin 10 MG Oral Tablet [Jardiance] Box of 30 by Boehringer Ingelheim,RxNorm Extension,A10BK_sodium_glucose_co_transporter_2_sglt2_inhibitors,reviewed_seed,Imported from master codelists,Drug,standard,A10BK_sodium_glucose_co_transporter_2_sglt2_inhibitors
sglt2_inhibitors,SGLT2 inhibitors,drug,40855800,TRUE,dapagliflozin 10 MG Oral Tablet [Forxiga] Box of 98 by Astrazeneca,RxNorm Extension,A10BK_sodium_glucose_co_transporter_2_sglt2_inhibitors,reviewed_seed,Imported from master codelists,Drug,standard,A10BK_sodium_glucose_co_transporter_2_sglt2_inhibitors
sglt2_inhibitors,SGLT2 inhibitors,drug,40856479,TRUE,canagliflozin 100 MG Oral Tablet [Invokana] Box of 100 by Janssen,RxNorm Extension,A10BK_sodium_glucose_co_transporter_2_sglt2_inhibitors,reviewed_seed,Imported from master codelists,Drug,standard,A10BK_sodium_glucose_co_transporter_2_sglt2_inhibitors
sglt2_inhibitors,SGLT2 inhibitors,drug,40880199,TRUE,canagliflozin 300 MG Oral Tablet [Invokana] Box of 100,RxNorm Extension,A10BK_sodium_glucose_co_transporter_2_sglt2_inhibitors,reviewed_seed,Imported from master codelists,Drug,standard,A10BK_sodium_glucose_co_transporter_2_sglt2_inhibitors
sglt2_inhibitors,SGLT2 inhibitors,drug,40886683,TRUE,empagliflozin 25 MG Oral Tablet [Jardiance] Box of 30 by Boehringer Ingelheim,RxNorm Extension,A10BK_sodium_glucose_co_transporter_2_sglt2_inhibitors,reviewed_seed,Imported from master codelists,Drug,standard,A10BK_sodium_glucose_co_transporter_2_sglt2_inhibitors
sglt2_inhibitors,SGLT2 inhibitors,drug,40887126,TRUE,dapagliflozin 10 MG Oral Tablet [Forxiga] Box of 28 by Eurim-Pharm,RxNorm Extension,A10BK_sodium_glucose_co_transporter_2_sglt2_inhibitors,reviewed_seed,Imported from master codelists,Drug,standard,A10BK_sodium_glucose_co_transporter_2_sglt2_inhibitors
sglt2_inhibitors,SGLT2 inhibitors,drug,40898738,TRUE,empagliflozin 10 MG Oral Tablet Box of 70,RxNorm Extension,A10BK_sodium_glucose_co_transporter_2_sglt2_inhibitors,reviewed_seed,Imported from master codelists,Drug,standard,A10BK_sodium_glucose_co_transporter_2_sglt2_inhibitors
sglt2_inhibitors,SGLT2 inhibitors,drug,40929856,TRUE,empagliflozin 25 MG Oral Tablet Box of 100,RxNorm Extension,A10BK_sodium_glucose_co_transporter_2_sglt2_inhibitors,reviewed_seed,Imported from master codelists,Drug,standard,A10BK_sodium_glucose_co_transporter_2_sglt2_inhibitors
sglt2_inhibitors,SGLT2 inhibitors,drug,40930896,TRUE,canagliflozin 100 MG Oral Tablet Box of 100,RxNorm Extension,A10BK_sodium_glucose_co_transporter_2_sglt2_inhibitors,reviewed_seed,Imported from master codelists,Drug,standard,A10BK_sodium_glucose_co_transporter_2_sglt2_inhibitors
sglt2_inhibitors,SGLT2 inhibitors,drug,40962151,TRUE,canagliflozin 300 MG Oral Tablet Box of 100,RxNorm Extension,A10BK_sodium_glucose_co_transporter_2_sglt2_inhibitors,reviewed_seed,Imported from master codelists,Drug,standard,A10BK_sodium_glucose_co_transporter_2_sglt2_inhibitors
sglt2_inhibitors,SGLT2 inhibitors,drug,40980366,TRUE,dapagliflozin 10 MG Oral Tablet [Forxiga] Box of 98 by European,RxNorm Extension,A10BK_sodium_glucose_co_transporter_2_sglt2_inhibitors,reviewed_seed,Imported from master codelists,Drug,standard,A10BK_sodium_glucose_co_transporter_2_sglt2_inhibitors
sglt2_inhibitors,SGLT2 inhibitors,drug,40981049,TRUE,canagliflozin 300 MG Oral Tablet [Invokana] Box of 30 by Orifarm Leverkus,RxNorm Extension,A10BK_sodium_glucose_co_transporter_2_sglt2_inhibitors,reviewed_seed,Imported from master codelists,Drug,standard,A10BK_sodium_glucose_co_transporter_2_sglt2_inhibitors
sglt2_inhibitors,SGLT2 inhibitors,drug,40981050,TRUE,canagliflozin 300 MG Oral Tablet [Invokana] Box of 100 by Orifarm Leverkus,RxNorm Extension,A10BK_sodium_glucose_co_transporter_2_sglt2_inhibitors,reviewed_seed,Imported from master codelists,Drug,standard,A10BK_sodium_glucose_co_transporter_2_sglt2_inhibitors
sglt2_inhibitors,SGLT2 inhibitors,drug,40992435,TRUE,empagliflozin 10 MG Oral Tablet Box of 100,RxNorm Extension,A10BK_sodium_glucose_co_transporter_2_sglt2_inhibitors,reviewed_seed,Imported from master codelists,Drug,standard,A10BK_sodium_glucose_co_transporter_2_sglt2_inhibitors
sglt2_inhibitors,SGLT2 inhibitors,drug,41011261,TRUE,empagliflozin 25 MG Oral Tablet [Jardiance] Box of 100 by Boehringer Ingelheim,RxNorm Extension,A10BK_sodium_glucose_co_transporter_2_sglt2_inhibitors,reviewed_seed,Imported from master codelists,Drug,standard,A10BK_sodium_glucose_co_transporter_2_sglt2_inhibitors
sglt2_inhibitors,SGLT2 inhibitors,drug,41023709,TRUE,dapagliflozin 10 MG Oral Tablet Box of 98,RxNorm Extension,A10BK_sodium_glucose_co_transporter_2_sglt2_inhibitors,reviewed_seed,Imported from master codelists,Drug,standard,A10BK_sodium_glucose_co_transporter_2_sglt2_inhibitors
sglt2_inhibitors,SGLT2 inhibitors,drug,41033737,TRUE,empagliflozin 25 MG Oral Tablet [Jardiance] Box of 70,RxNorm Extension,A10BK_sodium_glucose_co_transporter_2_sglt2_inhibitors,reviewed_seed,Imported from master codelists,Drug,standard,A10BK_sodium_glucose_co_transporter_2_sglt2_inhibitors
sglt2_inhibitors,SGLT2 inhibitors,drug,41042795,TRUE,dapagliflozin 10 MG Oral Tablet [Forxiga] Box of 28 by European,RxNorm Extension,A10BK_sodium_glucose_co_transporter_2_sglt2_inhibitors,reviewed_seed,Imported from master codelists,Drug,standard,A10BK_sodium_glucose_co_transporter_2_sglt2_inhibitors
sglt2_inhibitors,SGLT2 inhibitors,drug,41042796,TRUE,dapagliflozin 10 MG Oral Tablet [Forxiga] Box of 98 by Eurim-Pharm,RxNorm Extension,A10BK_sodium_glucose_co_transporter_2_sglt2_inhibitors,reviewed_seed,Imported from master codelists,Drug,standard,A10BK_sodium_glucose_co_transporter_2_sglt2_inhibitors
sglt2_inhibitors,SGLT2 inhibitors,drug,41064872,TRUE,empagliflozin 10 MG Oral Tablet [Jardiance] Box of 70,RxNorm Extension,A10BK_sodium_glucose_co_transporter_2_sglt2_inhibitors,reviewed_seed,Imported from master codelists,Drug,standard,A10BK_sodium_glucose_co_transporter_2_sglt2_inhibitors
sglt2_inhibitors,SGLT2 inhibitors,drug,41074785,TRUE,canagliflozin 300 MG Oral Tablet [Invokana] Box of 100 by Janssen,RxNorm Extension,A10BK_sodium_glucose_co_transporter_2_sglt2_inhibitors,reviewed_seed,Imported from master codelists,Drug,standard,A10BK_sodium_glucose_co_transporter_2_sglt2_inhibitors
sglt2_inhibitors,SGLT2 inhibitors,drug,41097250,TRUE,dapagliflozin 10 MG Oral Tablet [Forxiga] Box of 98,RxNorm Extension,A10BK_sodium_glucose_co_transporter_2_sglt2_inhibitors,reviewed_seed,Imported from master codelists,Drug,standard,A10BK_sodium_glucose_co_transporter_2_sglt2_inhibitors
sglt2_inhibitors,SGLT2 inhibitors,drug,41105129,TRUE,empagliflozin 25 MG Oral Tablet [Jardiance] Box of 70 by Boehringer Ingelheim,RxNorm Extension,A10BK_sodium_glucose_co_transporter_2_sglt2_inhibitors,reviewed_seed,Imported from master codelists,Drug,standard,A10BK_sodium_glucose_co_transporter_2_sglt2_inhibitors
sglt2_inhibitors,SGLT2 inhibitors,drug,41117427,TRUE,empagliflozin 25 MG Oral Tablet Box of 70,RxNorm Extension,A10BK_sodium_glucose_co_transporter_2_sglt2_inhibitors,reviewed_seed,Imported from master codelists,Drug,standard,A10BK_sodium_glucose_co_transporter_2_sglt2_inhibitors
sglt2_inhibitors,SGLT2 inhibitors,drug,41136536,TRUE,empagliflozin 10 MG Oral Tablet [Jardiance] Box of 100 by Boehringer Ingelheim,RxNorm Extension,A10BK_sodium_glucose_co_transporter_2_sglt2_inhibitors,reviewed_seed,Imported from master codelists,Drug,standard,A10BK_sodium_glucose_co_transporter_2_sglt2_inhibitors
sglt2_inhibitors,SGLT2 inhibitors,drug,41137648,TRUE,canagliflozin 100 MG Oral Tablet [Invokana] Box of 100 by Orifarm Leverkus,RxNorm Extension,A10BK_sodium_glucose_co_transporter_2_sglt2_inhibitors,reviewed_seed,Imported from master codelists,Drug,standard,A10BK_sodium_glucose_co_transporter_2_sglt2_inhibitors
sglt2_inhibitors,SGLT2 inhibitors,drug,41190318,TRUE,empagliflozin 10 MG Oral Tablet [Jardiance] Box of 100,RxNorm Extension,A10BK_sodium_glucose_co_transporter_2_sglt2_inhibitors,reviewed_seed,Imported from master codelists,Drug,standard,A10BK_sodium_glucose_co_transporter_2_sglt2_inhibitors
sglt2_inhibitors,SGLT2 inhibitors,drug,41230230,TRUE,empagliflozin 10 MG Oral Tablet [Jardiance] Box of 70 by Boehringer Ingelheim,RxNorm Extension,A10BK_sodium_glucose_co_transporter_2_sglt2_inhibitors,reviewed_seed,Imported from master codelists,Drug,standard,A10BK_sodium_glucose_co_transporter_2_sglt2_inhibitors
sglt2_inhibitors,SGLT2 inhibitors,drug,41285598,TRUE,canagliflozin 100 MG Oral Tablet [Invokana] Box of 100,RxNorm Extension,A10BK_sodium_glucose_co_transporter_2_sglt2_inhibitors,reviewed_seed,Imported from master codelists,Drug,standard,A10BK_sodium_glucose_co_transporter_2_sglt2_inhibitors
sglt2_inhibitors,SGLT2 inhibitors,drug,41293190,TRUE,canagliflozin 100 MG Oral Tablet [Invokana] Box of 30 by Orifarm Leverkus,RxNorm Extension,A10BK_sodium_glucose_co_transporter_2_sglt2_inhibitors,reviewed_seed,Imported from master codelists,Drug,standard,A10BK_sodium_glucose_co_transporter_2_sglt2_inhibitors
sglt2_inhibitors,SGLT2 inhibitors,drug,42875429,TRUE,empagliflozin 25 MG Delayed Release Oral Tablet Box of 14,RxNorm Extension,A10BK_sodium_glucose_co_transporter_2_sglt2_inhibitors,reviewed_seed,Imported from master codelists,Drug,standard,A10BK_sodium_glucose_co_transporter_2_sglt2_inhibitors
sglt2_inhibitors,SGLT2 inhibitors,drug,42875430,TRUE,empagliflozin 25 MG Delayed Release Oral Tablet [Jardiance] Box of 14,RxNorm Extension,A10BK_sodium_glucose_co_transporter_2_sglt2_inhibitors,reviewed_seed,Imported from master codelists,Drug,standard,A10BK_sodium_glucose_co_transporter_2_sglt2_inhibitors
sglt2_inhibitors,SGLT2 inhibitors,drug,42875431,TRUE,empagliflozin 25 MG Delayed Release Oral Tablet [Jardiance] Box of 14 by Boehringer Ingelheim,RxNorm Extension,A10BK_sodium_glucose_co_transporter_2_sglt2_inhibitors,reviewed_seed,Imported from master codelists,Drug,standard,A10BK_sodium_glucose_co_transporter_2_sglt2_inhibitors
sglt2_inhibitors,SGLT2 inhibitors,drug,42875432,TRUE,empagliflozin 25 MG Oral Tablet Box of 14,RxNorm Extension,A10BK_sodium_glucose_co_transporter_2_sglt2_inhibitors,reviewed_seed,Imported from master codelists,Drug,standard,A10BK_sodium_glucose_co_transporter_2_sglt2_inhibitors
sglt2_inhibitors,SGLT2 inhibitors,drug,42875433,TRUE,empagliflozin 25 MG Oral Tablet [Jardiance] Box of 14,RxNorm Extension,A10BK_sodium_glucose_co_transporter_2_sglt2_inhibitors,reviewed_seed,Imported from master codelists,Drug,standard,A10BK_sodium_glucose_co_transporter_2_sglt2_inhibitors
sglt2_inhibitors,SGLT2 inhibitors,drug,42875434,TRUE,empagliflozin 25 MG Oral Tablet [Jardiance] Box of 14 by Boehringer Ingelheim,RxNorm Extension,A10BK_sodium_glucose_co_transporter_2_sglt2_inhibitors,reviewed_seed,Imported from master codelists,Drug,standard,A10BK_sodium_glucose_co_transporter_2_sglt2_inhibitors
sglt2_inhibitors,SGLT2 inhibitors,drug,42962855,TRUE,ipragliflozin 50 MG Oral Tablet,RxNorm Extension,A10BK_sodium_glucose_co_transporter_2_sglt2_inhibitors,reviewed_seed,Imported from master codelists,Drug,standard,A10BK_sodium_glucose_co_transporter_2_sglt2_inhibitors
sglt2_inhibitors,SGLT2 inhibitors,drug,42962856,TRUE,ipragliflozin 50 MG Oral Tablet [SUGLAT],RxNorm Extension,A10BK_sodium_glucose_co_transporter_2_sglt2_inhibitors,reviewed_seed,Imported from master codelists,Drug,standard,A10BK_sodium_glucose_co_transporter_2_sglt2_inhibitors
sglt2_inhibitors,SGLT2 inhibitors,drug,42962857,TRUE,ipragliflozin 50 MG,RxNorm Extension,A10BK_sodium_glucose_co_transporter_2_sglt2_inhibitors,reviewed_seed,Imported from master codelists,Drug,standard,A10BK_sodium_glucose_co_transporter_2_sglt2_inhibitors
sglt2_inhibitors,SGLT2 inhibitors,drug,42962858,TRUE,ipragliflozin 50 MG [SUGLAT],RxNorm Extension,A10BK_sodium_glucose_co_transporter_2_sglt2_inhibitors,reviewed_seed,Imported from master codelists,Drug,standard,A10BK_sodium_glucose_co_transporter_2_sglt2_inhibitors
sglt2_inhibitors,SGLT2 inhibitors,drug,42962859,TRUE,ipragliflozin Oral Tablet,RxNorm Extension,A10BK_sodium_glucose_co_transporter_2_sglt2_inhibitors,reviewed_seed,Imported from master codelists,Drug,standard,A10BK_sodium_glucose_co_transporter_2_sglt2_inhibitors
sglt2_inhibitors,SGLT2 inhibitors,drug,42962860,TRUE,ipragliflozin Oral Tablet [SUGLAT],RxNorm Extension,A10BK_sodium_glucose_co_transporter_2_sglt2_inhibitors,reviewed_seed,Imported from master codelists,Drug,standard,A10BK_sodium_glucose_co_transporter_2_sglt2_inhibitors
sglt2_inhibitors,SGLT2 inhibitors,drug,43009020,TRUE,ipragliflozin,RxNorm Extension,A10BK_sodium_glucose_co_transporter_2_sglt2_inhibitors,reviewed_seed,Imported from master codelists,Drug,standard,A10BK_sodium_glucose_co_transporter_2_sglt2_inhibitors
sglt2_inhibitors,SGLT2 inhibitors,drug,43258480,TRUE,empagliflozin 25 MG Oral Tablet Box of 30,RxNorm Extension,A10BK_sodium_glucose_co_transporter_2_sglt2_inhibitors,reviewed_seed,Imported from master codelists,Drug,standard,A10BK_sodium_glucose_co_transporter_2_sglt2_inhibitors
sglt2_inhibitors,SGLT2 inhibitors,drug,43258637,TRUE,dapagliflozin 10 MG Oral Tablet [Forxiga] Box of 7,RxNorm Extension,A10BK_sodium_glucose_co_transporter_2_sglt2_inhibitors,reviewed_seed,Imported from master codelists,Drug,standard,A10BK_sodium_glucose_co_transporter_2_sglt2_inhibitors
sglt2_inhibitors,SGLT2 inhibitors,drug,43269375,TRUE,empagliflozin 10 MG Oral Tablet Box of 30,RxNorm Extension,A10BK_sodium_glucose_co_transporter_2_sglt2_inhibitors,reviewed_seed,Imported from master codelists,Drug,standard,A10BK_sodium_glucose_co_transporter_2_sglt2_inhibitors
sglt2_inhibitors,SGLT2 inhibitors,drug,43280253,TRUE,empagliflozin 25 MG Oral Tablet [Jardiance] Box of 30,RxNorm Extension,A10BK_sodium_glucose_co_transporter_2_sglt2_inhibitors,reviewed_seed,Imported from master codelists,Drug,standard,A10BK_sodium_glucose_co_transporter_2_sglt2_inhibitors
sglt2_inhibitors,SGLT2 inhibitors,drug,43291260,TRUE,dapagliflozin 10 MG Oral Tablet Box of 7,RxNorm Extension,A10BK_sodium_glucose_co_transporter_2_sglt2_inhibitors,reviewed_seed,Imported from master codelists,Drug,standard,A10BK_sodium_glucose_co_transporter_2_sglt2_inhibitors
sglt2_inhibitors,SGLT2 inhibitors,drug,43296487,TRUE,empagliflozin 10 MG Oral Tablet [Jardiance] Box of 30,RxNorm Extension,A10BK_sodium_glucose_co_transporter_2_sglt2_inhibitors,reviewed_seed,Imported from master codelists,Drug,standard,A10BK_sodium_glucose_co_transporter_2_sglt2_inhibitors
sglt2_inhibitors,SGLT2 inhibitors,drug,43526465,TRUE,canagliflozin,RxNorm,A10BK_sodium_glucose_co_transporter_2_sglt2_inhibitors,reviewed_seed,Imported from master codelists,Drug,standard,A10BK_sodium_glucose_co_transporter_2_sglt2_inhibitors
sglt2_inhibitors,SGLT2 inhibitors,drug,43526466,TRUE,canagliflozin 100 MG,RxNorm,A10BK_sodium_glucose_co_transporter_2_sglt2_inhibitors,reviewed_seed,Imported from master codelists,Drug,standard,A10BK_sodium_glucose_co_transporter_2_sglt2_inhibitors
sglt2_inhibitors,SGLT2 inhibitors,drug,43526467,TRUE,canagliflozin 100 MG Oral Tablet,RxNorm,A10BK_sodium_glucose_co_transporter_2_sglt2_inhibitors,reviewed_seed,Imported from master codelists,Drug,standard,A10BK_sodium_glucose_co_transporter_2_sglt2_inhibitors
sglt2_inhibitors,SGLT2 inhibitors,drug,43526468,TRUE,canagliflozin 100 MG Oral Tablet [Invokana],RxNorm,A10BK_sodium_glucose_co_transporter_2_sglt2_inhibitors,reviewed_seed,Imported from master codelists,Drug,standard,A10BK_sodium_glucose_co_transporter_2_sglt2_inhibitors
sglt2_inhibitors,SGLT2 inhibitors,drug,43526469,TRUE,canagliflozin 100 MG [Invokana],RxNorm,A10BK_sodium_glucose_co_transporter_2_sglt2_inhibitors,reviewed_seed,Imported from master codelists,Drug,standard,A10BK_sodium_glucose_co_transporter_2_sglt2_inhibitors
sglt2_inhibitors,SGLT2 inhibitors,drug,43526470,TRUE,canagliflozin 300 MG,RxNorm,A10BK_sodium_glucose_co_transporter_2_sglt2_inhibitors,reviewed_seed,Imported from master codelists,Drug,standard,A10BK_sodium_glucose_co_transporter_2_sglt2_inhibitors
sglt2_inhibitors,SGLT2 inhibitors,drug,43526471,TRUE,canagliflozin 300 MG Oral Tablet,RxNorm,A10BK_sodium_glucose_co_transporter_2_sglt2_inhibitors,reviewed_seed,Imported from master codelists,Drug,standard,A10BK_sodium_glucose_co_transporter_2_sglt2_inhibitors
sglt2_inhibitors,SGLT2 inhibitors,drug,43526472,TRUE,canagliflozin 300 MG Oral Tablet [Invokana],RxNorm,A10BK_sodium_glucose_co_transporter_2_sglt2_inhibitors,reviewed_seed,Imported from master codelists,Drug,standard,A10BK_sodium_glucose_co_transporter_2_sglt2_inhibitors
sglt2_inhibitors,SGLT2 inhibitors,drug,43526473,TRUE,canagliflozin 300 MG [Invokana],RxNorm,A10BK_sodium_glucose_co_transporter_2_sglt2_inhibitors,reviewed_seed,Imported from master codelists,Drug,standard,A10BK_sodium_glucose_co_transporter_2_sglt2_inhibitors
sglt2_inhibitors,SGLT2 inhibitors,drug,43526474,TRUE,canagliflozin Oral Tablet,RxNorm,A10BK_sodium_glucose_co_transporter_2_sglt2_inhibitors,reviewed_seed,Imported from master codelists,Drug,standard,A10BK_sodium_glucose_co_transporter_2_sglt2_inhibitors
sglt2_inhibitors,SGLT2 inhibitors,drug,43526475,TRUE,canagliflozin Oral Tablet [Invokana],RxNorm,A10BK_sodium_glucose_co_transporter_2_sglt2_inhibitors,reviewed_seed,Imported from master codelists,Drug,standard,A10BK_sodium_glucose_co_transporter_2_sglt2_inhibitors
sglt2_inhibitors,SGLT2 inhibitors,drug,44037881,TRUE,dapagliflozin 5 MG Oral Tablet [Farxiga] by Astrazeneca,RxNorm Extension,A10BK_sodium_glucose_co_transporter_2_sglt2_inhibitors,reviewed_seed,Imported from master codelists,Drug,standard,A10BK_sodium_glucose_co_transporter_2_sglt2_inhibitors
sglt2_inhibitors,SGLT2 inhibitors,drug,44128622,TRUE,dapagliflozin 10 MG Oral Tablet [Farxiga] by Astrazeneca,RxNorm Extension,A10BK_sodium_glucose_co_transporter_2_sglt2_inhibitors,reviewed_seed,Imported from master codelists,Drug,standard,A10BK_sodium_glucose_co_transporter_2_sglt2_inhibitors
sglt2_inhibitors,SGLT2 inhibitors,drug,44160227,TRUE,dapagliflozin 10 MG Oral Tablet [Forxiga] Box of 98 by European,RxNorm Extension,A10BK_sodium_glucose_co_transporter_2_sglt2_inhibitors,reviewed_seed,Imported from master codelists,Drug,standard,A10BK_sodium_glucose_co_transporter_2_sglt2_inhibitors
sglt2_inhibitors,SGLT2 inhibitors,drug,44182774,TRUE,dapagliflozin 10 MG Oral Tablet [Forxiga] Box of 28 by European,RxNorm Extension,A10BK_sodium_glucose_co_transporter_2_sglt2_inhibitors,reviewed_seed,Imported from master codelists,Drug,standard,A10BK_sodium_glucose_co_transporter_2_sglt2_inhibitors
sglt2_inhibitors,SGLT2 inhibitors,drug,44785473,TRUE,dapagliflozin 10 MG Oral Tablet [Farxiga],RxNorm,A10BK_sodium_glucose_co_transporter_2_sglt2_inhibitors,reviewed_seed,Imported from master codelists,Drug,standard,A10BK_sodium_glucose_co_transporter_2_sglt2_inhibitors
sglt2_inhibitors,SGLT2 inhibitors,drug,44785477,TRUE,dapagliflozin 5 MG Oral Tablet [Farxiga],RxNorm,A10BK_sodium_glucose_co_transporter_2_sglt2_inhibitors,reviewed_seed,Imported from master codelists,Drug,standard,A10BK_sodium_glucose_co_transporter_2_sglt2_inhibitors
sglt2_inhibitors,SGLT2 inhibitors,drug,44785829,TRUE,dapagliflozin,RxNorm,A10BK_sodium_glucose_co_transporter_2_sglt2_inhibitors,reviewed_seed,Imported from master codelists,Drug,standard,A10BK_sodium_glucose_co_transporter_2_sglt2_inhibitors
sglt2_inhibitors,SGLT2 inhibitors,drug,44785830,TRUE,dapagliflozin 10 MG,RxNorm,A10BK_sodium_glucose_co_transporter_2_sglt2_inhibitors,reviewed_seed,Imported from master codelists,Drug,standard,A10BK_sodium_glucose_co_transporter_2_sglt2_inhibitors
sglt2_inhibitors,SGLT2 inhibitors,drug,44785831,TRUE,dapagliflozin 10 MG Oral Tablet,RxNorm,A10BK_sodium_glucose_co_transporter_2_sglt2_inhibitors,reviewed_seed,Imported from master codelists,Drug,standard,A10BK_sodium_glucose_co_transporter_2_sglt2_inhibitors
sglt2_inhibitors,SGLT2 inhibitors,drug,44785832,TRUE,dapagliflozin 5 MG,RxNorm,A10BK_sodium_glucose_co_transporter_2_sglt2_inhibitors,reviewed_seed,Imported from master codelists,Drug,standard,A10BK_sodium_glucose_co_transporter_2_sglt2_inhibitors
sglt2_inhibitors,SGLT2 inhibitors,drug,44785833,TRUE,dapagliflozin 5 MG Oral Tablet,RxNorm,A10BK_sodium_glucose_co_transporter_2_sglt2_inhibitors,reviewed_seed,Imported from master codelists,Drug,standard,A10BK_sodium_glucose_co_transporter_2_sglt2_inhibitors
sglt2_inhibitors,SGLT2 inhibitors,drug,44785834,TRUE,dapagliflozin Oral Tablet,RxNorm,A10BK_sodium_glucose_co_transporter_2_sglt2_inhibitors,reviewed_seed,Imported from master codelists,Drug,standard,A10BK_sodium_glucose_co_transporter_2_sglt2_inhibitors
sglt2_inhibitors,SGLT2 inhibitors,drug,44815995,TRUE,dapagliflozin Oral Tablet [Farxiga],RxNorm,A10BK_sodium_glucose_co_transporter_2_sglt2_inhibitors,reviewed_seed,Imported from master codelists,Drug,standard,A10BK_sodium_glucose_co_transporter_2_sglt2_inhibitors
sglt2_inhibitors,SGLT2 inhibitors,drug,44815996,TRUE,dapagliflozin 5 MG [Farxiga],RxNorm,A10BK_sodium_glucose_co_transporter_2_sglt2_inhibitors,reviewed_seed,Imported from master codelists,Drug,standard,A10BK_sodium_glucose_co_transporter_2_sglt2_inhibitors
sglt2_inhibitors,SGLT2 inhibitors,drug,44816049,TRUE,dapagliflozin 10 MG [Farxiga],RxNorm,A10BK_sodium_glucose_co_transporter_2_sglt2_inhibitors,reviewed_seed,Imported from master codelists,Drug,standard,A10BK_sodium_glucose_co_transporter_2_sglt2_inhibitors
sglt2_inhibitors,SGLT2 inhibitors,drug,45774751,TRUE,empagliflozin,RxNorm,A10BK_sodium_glucose_co_transporter_2_sglt2_inhibitors,reviewed_seed,Imported from master codelists,Drug,standard,A10BK_sodium_glucose_co_transporter_2_sglt2_inhibitors
sglt2_inhibitors,SGLT2 inhibitors,drug,45774752,TRUE,empagliflozin 10 MG,RxNorm,A10BK_sodium_glucose_co_transporter_2_sglt2_inhibitors,reviewed_seed,Imported from master codelists,Drug,standard,A10BK_sodium_glucose_co_transporter_2_sglt2_inhibitors
sglt2_inhibitors,SGLT2 inhibitors,drug,45774753,TRUE,empagliflozin Oral Tablet,RxNorm,A10BK_sodium_glucose_co_transporter_2_sglt2_inhibitors,reviewed_seed,Imported from master codelists,Drug,standard,A10BK_sodium_glucose_co_transporter_2_sglt2_inhibitors
sglt2_inhibitors,SGLT2 inhibitors,drug,45774754,TRUE,empagliflozin 10 MG Oral Tablet,RxNorm,A10BK_sodium_glucose_co_transporter_2_sglt2_inhibitors,reviewed_seed,Imported from master codelists,Drug,standard,A10BK_sodium_glucose_co_transporter_2_sglt2_inhibitors
sglt2_inhibitors,SGLT2 inhibitors,drug,45774756,TRUE,empagliflozin 10 MG [Jardiance],RxNorm,A10BK_sodium_glucose_co_transporter_2_sglt2_inhibitors,reviewed_seed,Imported from master codelists,Drug,standard,A10BK_sodium_glucose_co_transporter_2_sglt2_inhibitors
sglt2_inhibitors,SGLT2 inhibitors,drug,45774757,TRUE,empagliflozin Oral Tablet [Jardiance],RxNorm,A10BK_sodium_glucose_co_transporter_2_sglt2_inhibitors,reviewed_seed,Imported from master codelists,Drug,standard,A10BK_sodium_glucose_co_transporter_2_sglt2_inhibitors
sglt2_inhibitors,SGLT2 inhibitors,drug,45774758,TRUE,empagliflozin 10 MG Oral Tablet [Jardiance],RxNorm,A10BK_sodium_glucose_co_transporter_2_sglt2_inhibitors,reviewed_seed,Imported from master codelists,Drug,standard,A10BK_sodium_glucose_co_transporter_2_sglt2_inhibitors
sglt2_inhibitors,SGLT2 inhibitors,drug,45774759,TRUE,empagliflozin 25 MG,RxNorm,A10BK_sodium_glucose_co_transporter_2_sglt2_inhibitors,reviewed_seed,Imported from master codelists,Drug,standard,A10BK_sodium_glucose_co_transporter_2_sglt2_inhibitors
sglt2_inhibitors,SGLT2 inhibitors,drug,45774893,TRUE,empagliflozin 25 MG Oral Tablet,RxNorm,A10BK_sodium_glucose_co_transporter_2_sglt2_inhibitors,reviewed_seed,Imported from master codelists,Drug,standard,A10BK_sodium_glucose_co_transporter_2_sglt2_inhibitors
sglt2_inhibitors,SGLT2 inhibitors,drug,45774894,TRUE,empagliflozin 25 MG [Jardiance],RxNorm,A10BK_sodium_glucose_co_transporter_2_sglt2_inhibitors,reviewed_seed,Imported from master codelists,Drug,standard,A10BK_sodium_glucose_co_transporter_2_sglt2_inhibitors
sglt2_inhibitors,SGLT2 inhibitors,drug,45774895,TRUE,empagliflozin 25 MG Oral Tablet [Jardiance],RxNorm,A10BK_sodium_glucose_co_transporter_2_sglt2_inhibitors,reviewed_seed,Imported from master codelists,Drug,standard,A10BK_sodium_glucose_co_transporter_2_sglt2_inhibitors
