concept_id,concept_name,domain_id,vocabulary_id,standard_concept,drug,cohort_name,cohort_label,cohort_domain
701596,levothyroxine sodium 0.0625 MG/ML,Drug,RxNorm,standard,H03A_thyroid_preparations,thyroid_hormones,Thyroid hormones,drug
701597,levothyroxine sodium 0.0625 MG/ML Oral Solution,Drug,RxNorm,standard,H03A_thyroid_preparations,thyroid_hormones,Thyroid hormones,drug
701598,levothyroxine sodium 0.0625 MG/ML [Tirosint],Drug,RxNorm,standard,H03A_thyroid_preparations,thyroid_hormones,Thyroid hormones,drug
701599,levothyroxine sodium 0.0625 MG/ML Oral Solution [Tirosint],Drug,RxNorm,standard,H03A_thyroid_preparations,thyroid_hormones,Thyroid hormones,drug
701600,levothyroxine sodium 0.0375 MG/ML,Drug,RxNorm,standard,H03A_thyroid_preparations,thyroid_hormones,Thyroid hormones,drug
701601,levothyroxine sodium 0.0375 MG/ML Oral Solution,Drug,RxNorm,standard,H03A_thyroid_preparations,thyroid_hormones,Thyroid hormones,drug
701602,levothyroxine sodium 0.0375 MG/ML [Tirosint],Drug,RxNorm,standard,H03A_thyroid_preparations,thyroid_hormones,Thyroid hormones,drug
701603,levothyroxine sodium 0.0375 MG/ML Oral Solution [Tirosint],Drug,RxNorm,standard,H03A_thyroid_preparations,thyroid_hormones,Thyroid hormones,drug
701604,levothyroxine sodium 0.044 MG/ML,Drug,RxNorm,standard,H03A_thyroid_preparations,thyroid_hormones,Thyroid hormones,drug
701605,levothyroxine sodium 0.044 MG/ML Oral Solution,Drug,RxNorm,standard,H03A_thyroid_preparations,thyroid_hormones,Thyroid hormones,drug
701606,levothyroxine sodium 0.044 MG/ML [Tirosint],Drug,RxNorm,standard,H03A_thyroid_preparations,thyroid_hormones,Thyroid hormones,drug
701607,levothyroxine sodium 0.044 MG/ML Oral Solution [Tirosint],Drug,RxNorm,standard,H03A_thyroid_preparations,thyroid_hormones,Thyroid hormones,drug
701864,levothyroxine sodium 1 MG [ThyroKare],Drug,RxNorm,standard,H03A_thyroid_preparations,thyroid_hormones,Thyroid hormones,drug
701865,levothyroxine sodium 1 MG Oral Tablet [ThyroKare],Drug,RxNorm,standard,H03A_thyroid_preparations,thyroid_hormones,Thyroid hormones,drug
739498,levothyroxine sodium 0.02 MG/ML Oral Solution,Drug,RxNorm,standard,H03A_thyroid_preparations,thyroid_hormones,Thyroid hormones,drug
739500,levothyroxine sodium 0.02 MG/ML [Thyquidity],Drug,RxNorm,standard,H03A_thyroid_preparations,thyroid_hormones,Thyroid hormones,drug
739501,levothyroxine Oral Solution [Thyquidity],Drug,RxNorm,standard,H03A_thyroid_preparations,thyroid_hormones,Thyroid hormones,drug
739504,levothyroxine sodium 0.02 MG/ML Oral Solution [Thyquidity],Drug,RxNorm,standard,H03A_thyroid_preparations,thyroid_hormones,Thyroid hormones,drug
742168,1 ML levothyroxine sodium 0.1 MG/ML Injection,Drug,RxNorm,standard,H03A_thyroid_preparations,thyroid_hormones,Thyroid hormones,drug
746200,thyroid (USP) 120 MG [Niva Thyroid],Drug,RxNorm,standard,H03A_thyroid_preparations,thyroid_hormones,Thyroid hormones,drug
746203,thyroid (USP) Oral Tablet [Niva Thyroid],Drug,RxNorm,standard,H03A_thyroid_preparations,thyroid_hormones,Thyroid hormones,drug
746204,thyroid (USP) 120 MG Oral Tablet [Niva Thyroid],Drug,RxNorm,standard,H03A_thyroid_preparations,thyroid_hormones,Thyroid hormones,drug
746205,thyroid (USP) 15 MG [Niva Thyroid],Drug,RxNorm,standard,H03A_thyroid_preparations,thyroid_hormones,Thyroid hormones,drug
746206,thyroid (USP) 15 MG Oral Tablet [Niva Thyroid],Drug,RxNorm,standard,H03A_thyroid_preparations,thyroid_hormones,Thyroid hormones,drug
746207,thyroid (USP) 180 MG [Niva Thyroid],Drug,RxNorm,standard,H03A_thyroid_preparations,thyroid_hormones,Thyroid hormones,drug
746208,thyroid (USP) 180 MG Oral Tablet [Niva Thyroid],Drug,RxNorm,standard,H03A_thyroid_preparations,thyroid_hormones,Thyroid hormones,drug
746209,thyroid (USP) 240 MG [Niva Thyroid],Drug,RxNorm,standard,H03A_thyroid_preparations,thyroid_hormones,Thyroid hormones,drug
746210,thyroid (USP) 240 MG Oral Tablet [Niva Thyroid],Drug,RxNorm,standard,H03A_thyroid_preparations,thyroid_hormones,Thyroid hormones,drug
746211,thyroid (USP) 30 MG [Niva Thyroid],Drug,RxNorm,standard,H03A_thyroid_preparations,thyroid_hormones,Thyroid hormones,drug
746212,thyroid (USP) 30 MG Oral Tablet [Niva Thyroid],Drug,RxNorm,standard,H03A_thyroid_preparations,thyroid_hormones,Thyroid hormones,drug
746213,thyroid (USP) 300 MG [Niva Thyroid],Drug,RxNorm,standard,H03A_thyroid_preparations,thyroid_hormones,Thyroid hormones,drug
746214,thyroid (USP) 300 MG Oral Tablet [Niva Thyroid],Drug,RxNorm,standard,H03A_thyroid_preparations,thyroid_hormones,Thyroid hormones,drug
746215,thyroid (USP) 60 MG [Niva Thyroid],Drug,RxNorm,standard,H03A_thyroid_preparations,thyroid_hormones,Thyroid hormones,drug
746216,thyroid (USP) 60 MG Oral Tablet [Niva Thyroid],Drug,RxNorm,standard,H03A_thyroid_preparations,thyroid_hormones,Thyroid hormones,drug
746217,thyroid (USP) 90 MG [Niva Thyroid],Drug,RxNorm,standard,H03A_thyroid_preparations,thyroid_hormones,Thyroid hormones,drug
746218,thyroid (USP) 90 MG Oral Tablet [Niva Thyroid],Drug,RxNorm,standard,H03A_thyroid_preparations,thyroid_hormones,Thyroid hormones,drug
747485,thyroid (USP) 15 MG [Adthyza],Drug,RxNorm,standard,H03A_thyroid_preparations,thyroid_hormones,Thyroid hormones,drug
747488,thyroid (USP) Oral Tablet [Adthyza],Drug,RxNorm,standard,H03A_thyroid_preparations,thyroid_hormones,Thyroid hormones,drug
747489,thyroid (USP) 15 MG Oral Tablet [Adthyza],Drug,RxNorm,standard,H03A_thyroid_preparations,thyroid_hormones,Thyroid hormones,drug
747490,thyroid (USP) 30 MG [Adthyza],Drug,RxNorm,standard,H03A_thyroid_preparations,thyroid_hormones,Thyroid hormones,drug
747491,thyroid (USP) 30 MG Oral Tablet [Adthyza],Drug,RxNorm,standard,H03A_thyroid_preparations,thyroid_hormones,Thyroid hormones,drug
747492,thyroid (USP) 60 MG [Adthyza],Drug,RxNorm,standard,H03A_thyroid_preparations,thyroid_hormones,Thyroid hormones,drug
747493,thyroid (USP) 60 MG Oral Tablet [Adthyza],Drug,RxNorm,standard,H03A_thyroid_preparations,thyroid_hormones,Thyroid hormones,drug
747494,thyroid (USP) 90 MG [Adthyza],Drug,RxNorm,standard,H03A_thyroid_preparations,thyroid_hormones,Thyroid hormones,drug
747495,thyroid (USP) 90 MG Oral Tablet [Adthyza],Drug,RxNorm,standard,H03A_thyroid_preparations,thyroid_hormones,Thyroid hormones,drug
747496,thyroid (USP) 120 MG [Adthyza],Drug,RxNorm,standard,H03A_thyroid_preparations,thyroid_hormones,Thyroid hormones,drug
747497,thyroid (USP) 120 MG Oral Tablet [Adthyza],Drug,RxNorm,standard,H03A_thyroid_preparations,thyroid_hormones,Thyroid hormones,drug
790128,levothyroxine sodium 0.02 MG/ML,Drug,RxNorm,standard,H03A_thyroid_preparations,thyroid_hormones,Thyroid hormones,drug
794245,mazindol 2.5 MG / tiratricol 1 MG Extended Release Oral Capsule,Drug,RxNorm,standard,H03A_thyroid_preparations,thyroid_hormones,Thyroid hormones,drug
955044,levothyroxine sodium and iodine compounds; systemic,Drug,ATC,classification,H03A_thyroid_preparations,thyroid_hormones,Thyroid hormones,drug
1235298,liothyronine 0.0125 MG [Cytomel],Drug,RxNorm Extension,standard,H03A_thyroid_preparations,thyroid_hormones,Thyroid hormones,drug
1235355,liothyronine 0.0125 MG Oral Tablet,Drug,RxNorm Extension,standard,H03A_thyroid_preparations,thyroid_hormones,Thyroid hormones,drug
1235356,liothyronine 0.0125 MG Oral Tablet [Cytomel],Drug,RxNorm Extension,standard,H03A_thyroid_preparations,thyroid_hormones,Thyroid hormones,drug
1301368,levothyroxine sodium 0.03 MG/ML,Drug,RxNorm,standard,H03A_thyroid_preparations,thyroid_hormones,Thyroid hormones,drug
1301369,levothyroxine sodium 0.03 MG/ML Oral Solution,Drug,RxNorm,standard,H03A_thyroid_preparations,thyroid_hormones,Thyroid hormones,drug
1301371,levothyroxine sodium 0.03 MG/ML [Ermeza],Drug,RxNorm,standard,H03A_thyroid_preparations,thyroid_hormones,Thyroid hormones,drug
1301374,levothyroxine Oral Solution [Ermeza],Drug,RxNorm,standard,H03A_thyroid_preparations,thyroid_hormones,Thyroid hormones,drug
1301375,levothyroxine sodium 0.03 MG/ML Oral Solution [Ermeza],Drug,RxNorm,standard,H03A_thyroid_preparations,thyroid_hormones,Thyroid hormones,drug
1301790,levothyroxine sodium 0.0375 MG,Drug,RxNorm,standard,H03A_thyroid_preparations,thyroid_hormones,Thyroid hormones,drug
1301791,levothyroxine sodium 0.0375 MG Oral Capsule,Drug,RxNorm,standard,H03A_thyroid_preparations,thyroid_hormones,Thyroid hormones,drug
1301792,levothyroxine sodium 0.0375 MG [Tirosint],Drug,RxNorm,standard,H03A_thyroid_preparations,thyroid_hormones,Thyroid hormones,drug
1301793,levothyroxine sodium 0.0375 MG Oral Capsule [Tirosint],Drug,RxNorm,standard,H03A_thyroid_preparations,thyroid_hormones,Thyroid hormones,drug
1301794,levothyroxine sodium 0.044 MG,Drug,RxNorm,standard,H03A_thyroid_preparations,thyroid_hormones,Thyroid hormones,drug
1301795,levothyroxine sodium 0.044 MG Oral Capsule,Drug,RxNorm,standard,H03A_thyroid_preparations,thyroid_hormones,Thyroid hormones,drug
1301796,levothyroxine sodium 0.044 MG [Tirosint],Drug,RxNorm,standard,H03A_thyroid_preparations,thyroid_hormones,Thyroid hormones,drug
1301797,levothyroxine sodium 0.044 MG Oral Capsule [Tirosint],Drug,RxNorm,standard,H03A_thyroid_preparations,thyroid_hormones,Thyroid hormones,drug
1301798,levothyroxine sodium 0.0625 MG,Drug,RxNorm,standard,H03A_thyroid_preparations,thyroid_hormones,Thyroid hormones,drug
1301799,levothyroxine sodium 0.0625 MG Oral Capsule,Drug,RxNorm,standard,H03A_thyroid_preparations,thyroid_hormones,Thyroid hormones,drug
1301800,levothyroxine sodium 0.0625 MG [Tirosint],Drug,RxNorm,standard,H03A_thyroid_preparations,thyroid_hormones,Thyroid hormones,drug
1301801,levothyroxine sodium 0.0625 MG Oral Capsule [Tirosint],Drug,RxNorm,standard,H03A_thyroid_preparations,thyroid_hormones,Thyroid hormones,drug
1355680,levothyroxine sodium 0.137 MG [Euthyrox],Drug,RxNorm,standard,H03A_thyroid_preparations,thyroid_hormones,Thyroid hormones,drug
1355681,levothyroxine sodium 0.137 MG Oral Tablet [Euthyrox],Drug,RxNorm,standard,H03A_thyroid_preparations,thyroid_hormones,Thyroid hormones,drug
1465582,thyroid (USP) 180 MG [Renthyroid],Drug,RxNorm,standard,H03A_thyroid_preparations,thyroid_hormones,Thyroid hormones,drug
1465585,thyroid (USP) Oral Tablet [Renthyroid],Drug,RxNorm,standard,H03A_thyroid_preparations,thyroid_hormones,Thyroid hormones,drug
1465586,thyroid (USP) 180 MG Oral Tablet [Renthyroid],Drug,RxNorm,standard,H03A_thyroid_preparations,thyroid_hormones,Thyroid hormones,drug
1465587,thyroid (USP) 30 MG [Renthyroid],Drug,RxNorm,standard,H03A_thyroid_preparations,thyroid_hormones,Thyroid hormones,drug
1465588,thyroid (USP) 30 MG Oral Tablet [Renthyroid],Drug,RxNorm,standard,H03A_thyroid_preparations,thyroid_hormones,Thyroid hormones,drug
1465589,thyroid (USP) 45 MG,Drug,RxNorm,standard,H03A_thyroid_preparations,thyroid_hormones,Thyroid hormones,drug
1465590,thyroid (USP) 45 MG Oral Tablet,Drug,RxNorm,standard,H03A_thyroid_preparations,thyroid_hormones,Thyroid hormones,drug
1465591,thyroid (USP) 45 MG [Renthyroid],Drug,RxNorm,standard,H03A_thyroid_preparations,thyroid_hormones,Thyroid hormones,drug
1465592,thyroid (USP) 45 MG Oral Tablet [Renthyroid],Drug,RxNorm,standard,H03A_thyroid_preparations,thyroid_hormones,Thyroid hormones,drug
1465593,thyroid (USP) 60 MG [Renthyroid],Drug,RxNorm,standard,H03A_thyroid_preparations,thyroid_hormones,Thyroid hormones,drug
1465594,thyroid (USP) 60 MG Oral Tablet [Renthyroid],Drug,RxNorm,standard,H03A_thyroid_preparations,thyroid_hormones,Thyroid hormones,drug
1465595,thyroid (USP) 75 MG,Drug,RxNorm,standard,H03A_thyroid_preparations,thyroid_hormones,Thyroid hormones,drug
1465596,thyroid (USP) 75 MG Oral Tablet,Drug,RxNorm,standard,H03A_thyroid_preparations,thyroid_hormones,Thyroid hormones,drug
1465597,thyroid (USP) 75 MG [Renthyroid],Drug,RxNorm,standard,H03A_thyroid_preparations,thyroid_hormones,Thyroid hormones,drug
1465598,thyroid (USP) 75 MG Oral Tablet [Renthyroid],Drug,RxNorm,standard,H03A_thyroid_preparations,thyroid_hormones,Thyroid hormones,drug
1465599,thyroid (USP) 90 MG [Renthyroid],Drug,RxNorm,standard,H03A_thyroid_preparations,thyroid_hormones,Thyroid hormones,drug
1465600,thyroid (USP) 90 MG Oral Tablet [Renthyroid],Drug,RxNorm,standard,H03A_thyroid_preparations,thyroid_hormones,Thyroid hormones,drug
1465601,thyroid (USP) 120 MG [Renthyroid],Drug,RxNorm,standard,H03A_thyroid_preparations,thyroid_hormones,Thyroid hormones,drug
1465602,thyroid (USP) 120 MG Oral Tablet [Renthyroid],Drug,RxNorm,standard,H03A_thyroid_preparations,thyroid_hormones,Thyroid hormones,drug
1465603,thyroid (USP) 15 MG [Renthyroid],Drug,RxNorm,standard,H03A_thyroid_preparations,thyroid_hormones,Thyroid hormones,drug
1465604,thyroid (USP) 15 MG Oral Tablet [Renthyroid],Drug,RxNorm,standard,H03A_thyroid_preparations,thyroid_hormones,Thyroid hormones,drug
1466008,thyroid (USP) 16.25 MG [Adthyza],Drug,RxNorm,standard,H03A_thyroid_preparations,thyroid_hormones,Thyroid hormones,drug
1466009,thyroid (USP) 16.25 MG Oral Tablet [Adthyza],Drug,RxNorm,standard,H03A_thyroid_preparations,thyroid_hormones,Thyroid hormones,drug
1466010,thyroid (USP) 65 MG [Adthyza],Drug,RxNorm,standard,H03A_thyroid_preparations,thyroid_hormones,Thyroid hormones,drug
1466011,thyroid (USP) 65 MG Oral Tablet [Adthyza],Drug,RxNorm,standard,H03A_thyroid_preparations,thyroid_hormones,Thyroid hormones,drug
1466012,thyroid (USP) 97.5 MG [Adthyza],Drug,RxNorm,standard,H03A_thyroid_preparations,thyroid_hormones,Thyroid hormones,drug
1466013,thyroid (USP) 97.5 MG Oral Tablet [Adthyza],Drug,RxNorm,standard,H03A_thyroid_preparations,thyroid_hormones,Thyroid hormones,drug
1466014,thyroid (USP) 130 MG [Adthyza],Drug,RxNorm,standard,H03A_thyroid_preparations,thyroid_hormones,Thyroid hormones,drug
1466015,thyroid (USP) 130 MG Oral Tablet [Adthyza],Drug,RxNorm,standard,H03A_thyroid_preparations,thyroid_hormones,Thyroid hormones,drug
1466016,thyroid (USP) 32.5 MG [Adthyza],Drug,RxNorm,standard,H03A_thyroid_preparations,thyroid_hormones,Thyroid hormones,drug
1466017,thyroid (USP) 32.5 MG Oral Tablet [Adthyza],Drug,RxNorm,standard,H03A_thyroid_preparations,thyroid_hormones,Thyroid hormones,drug
1501309,thyroid (USP),Drug,RxNorm,standard,H03A_thyroid_preparations,thyroid_hormones,Thyroid hormones,drug
1501310,thyroid (USP) 120 MG Oral Capsule,Drug,RxNorm,standard,H03A_thyroid_preparations,thyroid_hormones,Thyroid hormones,drug
1501311,thyroid (USP) 130 MG Oral Tablet,Drug,RxNorm,standard,H03A_thyroid_preparations,thyroid_hormones,Thyroid hormones,drug
1501352,thyroid (USP) 180 MG Oral Tablet,Drug,RxNorm,standard,H03A_thyroid_preparations,thyroid_hormones,Thyroid hormones,drug
1501353,thyroid (USP) 300 MG Oral Capsule,Drug,RxNorm,standard,H03A_thyroid_preparations,thyroid_hormones,Thyroid hormones,drug
1501428,thyroid (USP) 30 MG Delayed Release Oral Tablet,Drug,RxNorm,standard,H03A_thyroid_preparations,thyroid_hormones,Thyroid hormones,drug
1501429,thyroid (USP) 32 MG Oral Tablet,Drug,RxNorm,standard,H03A_thyroid_preparations,thyroid_hormones,Thyroid hormones,drug
1501430,thyroid (USP) 130 MG Oral Tablet [Natural Thyroid],Drug,RxNorm,standard,H03A_thyroid_preparations,thyroid_hormones,Thyroid hormones,drug
1501431,thyroid (USP) 8 MG Oral Capsule,Drug,RxNorm,standard,H03A_thyroid_preparations,thyroid_hormones,Thyroid hormones,drug
1501452,thyroid (USP) 150 MG Oral Capsule,Drug,RxNorm,standard,H03A_thyroid_preparations,thyroid_hormones,Thyroid hormones,drug
1501453,thyroid (USP) 15 MG Oral Capsule,Drug,RxNorm,standard,H03A_thyroid_preparations,thyroid_hormones,Thyroid hormones,drug
1501454,thyroid (USP) 180 MG Oral Capsule,Drug,RxNorm,standard,H03A_thyroid_preparations,thyroid_hormones,Thyroid hormones,drug
1501457,thyroid (USP) 125 MG Oral Tablet,Drug,RxNorm,standard,H03A_thyroid_preparations,thyroid_hormones,Thyroid hormones,drug
1501458,thyroid (USP) 130 MG Delayed Release Oral Tablet,Drug,RxNorm,standard,H03A_thyroid_preparations,thyroid_hormones,Thyroid hormones,drug
1501459,thyroid (USP) 16 MG Oral Tablet,Drug,RxNorm,standard,H03A_thyroid_preparations,thyroid_hormones,Thyroid hormones,drug
1501460,thyroid (USP) 240 MG Oral Tablet,Drug,RxNorm,standard,H03A_thyroid_preparations,thyroid_hormones,Thyroid hormones,drug
1501461,thyroid (USP) 260 MG Oral Tablet,Drug,RxNorm,standard,H03A_thyroid_preparations,thyroid_hormones,Thyroid hormones,drug
1501492,thyroid (USP) 30 MG Oral Tablet,Drug,RxNorm,standard,H03A_thyroid_preparations,thyroid_hormones,Thyroid hormones,drug
1501493,thyroid (USP) 325 MG Oral Capsule,Drug,RxNorm,standard,H03A_thyroid_preparations,thyroid_hormones,Thyroid hormones,drug
1501494,thyroid (USP) 325 MG Oral Tablet,Drug,RxNorm,standard,H03A_thyroid_preparations,thyroid_hormones,Thyroid hormones,drug
1501496,thyroid (USP) 60 MG Oral Tablet,Drug,RxNorm,standard,H03A_thyroid_preparations,thyroid_hormones,Thyroid hormones,drug
1501497,thyroid (USP) 65 MG Delayed Release Oral Tablet,Drug,RxNorm,standard,H03A_thyroid_preparations,thyroid_hormones,Thyroid hormones,drug
1501498,thyroid (USP) 90 MG Oral Tablet,Drug,RxNorm,standard,H03A_thyroid_preparations,thyroid_hormones,Thyroid hormones,drug
1501499,thyroid (USP) 200 MG Oral Tablet,Drug,RxNorm,standard,H03A_thyroid_preparations,thyroid_hormones,Thyroid hormones,drug
1501500,thyroid (USP) 65 MG Oral Tablet,Drug,RxNorm,standard,H03A_thyroid_preparations,thyroid_hormones,Thyroid hormones,drug
1501501,thyroid (USP) 15 MG Oral Tablet,Drug,RxNorm,standard,H03A_thyroid_preparations,thyroid_hormones,Thyroid hormones,drug
1501542,thyroid (USP) 130 MG Oral Capsule,Drug,RxNorm,standard,H03A_thyroid_preparations,thyroid_hormones,Thyroid hormones,drug
1501543,thyroid (USP) 195 MG Oral Tablet,Drug,RxNorm,standard,H03A_thyroid_preparations,thyroid_hormones,Thyroid hormones,drug
1501544,thyroid (USP) 300 MG Oral Tablet,Drug,RxNorm,standard,H03A_thyroid_preparations,thyroid_hormones,Thyroid hormones,drug
1501545,thyroid (USP) 65 MG Oral Capsule,Drug,RxNorm,standard,H03A_thyroid_preparations,thyroid_hormones,Thyroid hormones,drug
1501546,thyroid (USP) 125 MG,Drug,RxNorm,standard,H03A_thyroid_preparations,thyroid_hormones,Thyroid hormones,drug
1501547,thyroid (USP) 130 MG,Drug,RxNorm,standard,H03A_thyroid_preparations,thyroid_hormones,Thyroid hormones,drug
1501548,thyroid (USP) 15 MG,Drug,RxNorm,standard,H03A_thyroid_preparations,thyroid_hormones,Thyroid hormones,drug
1501549,thyroid (USP) 16 MG,Drug,RxNorm,standard,H03A_thyroid_preparations,thyroid_hormones,Thyroid hormones,drug
1501550,thyroid (USP) 200 MG,Drug,RxNorm,standard,H03A_thyroid_preparations,thyroid_hormones,Thyroid hormones,drug
1501551,thyroid (USP) 260 MG,Drug,RxNorm,standard,H03A_thyroid_preparations,thyroid_hormones,Thyroid hormones,drug
1501572,thyroid (USP) 32 MG,Drug,RxNorm,standard,H03A_thyroid_preparations,thyroid_hormones,Thyroid hormones,drug
1501573,thyroid (USP) 325 MG,Drug,RxNorm,standard,H03A_thyroid_preparations,thyroid_hormones,Thyroid hormones,drug
1501574,thyroid (USP) 65 MG,Drug,RxNorm,standard,H03A_thyroid_preparations,thyroid_hormones,Thyroid hormones,drug
1501575,thyroid (USP) 30 MG,Drug,RxNorm,standard,H03A_thyroid_preparations,thyroid_hormones,Thyroid hormones,drug
1501576,thyroid (USP) 8 MG,Drug,RxNorm,standard,H03A_thyroid_preparations,thyroid_hormones,Thyroid hormones,drug
1501577,thyroid (USP) 60 MG,Drug,RxNorm,standard,H03A_thyroid_preparations,thyroid_hormones,Thyroid hormones,drug
1501579,thyroid (USP) 120 MG,Drug,RxNorm,standard,H03A_thyroid_preparations,thyroid_hormones,Thyroid hormones,drug
1501580,thyroid (USP) 150 MG,Drug,RxNorm,standard,H03A_thyroid_preparations,thyroid_hormones,Thyroid hormones,drug
1501581,thyroid (USP) 240 MG,Drug,RxNorm,standard,H03A_thyroid_preparations,thyroid_hormones,Thyroid hormones,drug
1501602,thyroid (USP) 180 MG,Drug,RxNorm,standard,H03A_thyroid_preparations,thyroid_hormones,Thyroid hormones,drug
1501603,thyroid (USP) 64.8 MG,Drug,RxNorm,standard,H03A_thyroid_preparations,thyroid_hormones,Thyroid hormones,drug
1501604,thyroid (USP) 32.4 MG,Drug,RxNorm,standard,H03A_thyroid_preparations,thyroid_hormones,Thyroid hormones,drug
1501606,thyroid (USP) 195 MG,Drug,RxNorm,standard,H03A_thyroid_preparations,thyroid_hormones,Thyroid hormones,drug
1501607,thyroid (USP) 300 MG,Drug,RxNorm,standard,H03A_thyroid_preparations,thyroid_hormones,Thyroid hormones,drug
1501608,thyroid (USP) 32.5 MG Oral Tablet,Drug,RxNorm,standard,H03A_thyroid_preparations,thyroid_hormones,Thyroid hormones,drug
1501609,thyroid (USP) 32.5 MG,Drug,RxNorm,standard,H03A_thyroid_preparations,thyroid_hormones,Thyroid hormones,drug
1501610,thyroid (USP) 130 MG Oral Tablet [Nature-Throid],Drug,RxNorm,standard,H03A_thyroid_preparations,thyroid_hormones,Thyroid hormones,drug
1501611,thyroid (USP) 130 MG Oral Tablet [Westhroid],Drug,RxNorm,standard,H03A_thyroid_preparations,thyroid_hormones,Thyroid hormones,drug
1501665,thyroid (USP) 65 MG Oral Tablet [Westhroid],Drug,RxNorm,standard,H03A_thyroid_preparations,thyroid_hormones,Thyroid hormones,drug
1501667,thyroid (USP) 16.25 MG Oral Tablet,Drug,RxNorm,standard,H03A_thyroid_preparations,thyroid_hormones,Thyroid hormones,drug
1501668,thyroid (USP) 16.25 MG Oral Tablet [Nature-Throid],Drug,RxNorm,standard,H03A_thyroid_preparations,thyroid_hormones,Thyroid hormones,drug
1501669,thyroid (USP) 195 MG Oral Tablet [Nature-Throid],Drug,RxNorm,standard,H03A_thyroid_preparations,thyroid_hormones,Thyroid hormones,drug
1501670,thyroid (USP) 32.5 MG Oral Tablet [Nature-Throid],Drug,RxNorm,standard,H03A_thyroid_preparations,thyroid_hormones,Thyroid hormones,drug
1501671,thyroid (USP) 65 MG Oral Tablet [Nature-Throid],Drug,RxNorm,standard,H03A_thyroid_preparations,thyroid_hormones,Thyroid hormones,drug
1501700,levothyroxine,Drug,RxNorm,standard,H03A_thyroid_preparations,thyroid_hormones,Thyroid hormones,drug
1505346,liothyronine,Drug,RxNorm,standard,H03A_thyroid_preparations,thyroid_hormones,Thyroid hormones,drug
1511396,levothyroxine sodium 0.1 MG/ML Injection,Drug,RxNorm,standard,H03A_thyroid_preparations,thyroid_hormones,Thyroid hormones,drug
1511398,levothyroxine sodium 0.02 MG/ML Injection,Drug,RxNorm,standard,H03A_thyroid_preparations,thyroid_hormones,Thyroid hormones,drug
1511399,levothyroxine sodium 0.04 MG/ML,Drug,RxNorm,standard,H03A_thyroid_preparations,thyroid_hormones,Thyroid hormones,drug
1511400,levothyroxine sodium 0.04 MG/ML Injection,Drug,RxNorm,standard,H03A_thyroid_preparations,thyroid_hormones,Thyroid hormones,drug
1511442,5 ML levothyroxine sodium 0.1 MG/ML Injection,Drug,RxNorm,standard,H03A_thyroid_preparations,thyroid_hormones,Thyroid hormones,drug
1511443,5 ML levothyroxine sodium 0.02 MG/ML Injection,Drug,RxNorm,standard,H03A_thyroid_preparations,thyroid_hormones,Thyroid hormones,drug
1511444,5 ML levothyroxine sodium 0.04 MG/ML Injection,Drug,RxNorm,standard,H03A_thyroid_preparations,thyroid_hormones,Thyroid hormones,drug
1593525,thyroid (USP) 113.75 MG,Drug,RxNorm,standard,H03A_thyroid_preparations,thyroid_hormones,Thyroid hormones,drug
1593526,thyroid (USP) 113.75 MG [Nature-Throid],Drug,RxNorm,standard,H03A_thyroid_preparations,thyroid_hormones,Thyroid hormones,drug
1593527,thyroid (USP) 113.75 MG [Westhroid],Drug,RxNorm,standard,H03A_thyroid_preparations,thyroid_hormones,Thyroid hormones,drug
1593528,thyroid (USP) 113.75 MG [WP Thyroid],Drug,RxNorm,standard,H03A_thyroid_preparations,thyroid_hormones,Thyroid hormones,drug
1593529,thyroid (USP) 146.25 MG,Drug,RxNorm,standard,H03A_thyroid_preparations,thyroid_hormones,Thyroid hormones,drug
1593530,thyroid (USP) 146.25 MG [Nature-Throid],Drug,RxNorm,standard,H03A_thyroid_preparations,thyroid_hormones,Thyroid hormones,drug
1593531,thyroid (USP) 146.25 MG [Westhroid],Drug,RxNorm,standard,H03A_thyroid_preparations,thyroid_hormones,Thyroid hormones,drug
1593782,liothyronine Injection,Drug,RxNorm,standard,H03A_thyroid_preparations,thyroid_hormones,Thyroid hormones,drug
1593783,liothyronine Injection [Triostat],Drug,RxNorm,standard,H03A_thyroid_preparations,thyroid_hormones,Thyroid hormones,drug
1593784,liothyronine sodium 0.01 MG/ML Injection,Drug,RxNorm,standard,H03A_thyroid_preparations,thyroid_hormones,Thyroid hormones,drug
1593785,liothyronine sodium 0.01 MG/ML Injection [Triostat],Drug,RxNorm,standard,H03A_thyroid_preparations,thyroid_hormones,Thyroid hormones,drug
1593922,levothyroxine Injection,Drug,RxNorm,standard,H03A_thyroid_preparations,thyroid_hormones,Thyroid hormones,drug
1594566,levothyroxine sodium 0.175 MG Oral Capsule,Drug,RxNorm,standard,H03A_thyroid_preparations,thyroid_hormones,Thyroid hormones,drug
1594567,levothyroxine sodium 0.175 MG [Tirosint],Drug,RxNorm,standard,H03A_thyroid_preparations,thyroid_hormones,Thyroid hormones,drug
1594568,levothyroxine sodium 0.175 MG Oral Capsule [Tirosint],Drug,RxNorm,standard,H03A_thyroid_preparations,thyroid_hormones,Thyroid hormones,drug
1594569,levothyroxine sodium 0.2 MG Oral Capsule,Drug,RxNorm,standard,H03A_thyroid_preparations,thyroid_hormones,Thyroid hormones,drug
1594570,levothyroxine sodium 0.2 MG [Tirosint],Drug,RxNorm,standard,H03A_thyroid_preparations,thyroid_hormones,Thyroid hormones,drug
1594571,levothyroxine sodium 0.2 MG Oral Capsule [Tirosint],Drug,RxNorm,standard,H03A_thyroid_preparations,thyroid_hormones,Thyroid hormones,drug
1594748,thyroid (USP) 120 MG [NP Thyroid],Drug,RxNorm,standard,H03A_thyroid_preparations,thyroid_hormones,Thyroid hormones,drug
1594749,thyroid (USP) 120 MG Oral Tablet [NP Thyroid],Drug,RxNorm,standard,H03A_thyroid_preparations,thyroid_hormones,Thyroid hormones,drug
1718240,thyroid (USP) 15 MG [NP Thyroid],Drug,RxNorm,standard,H03A_thyroid_preparations,thyroid_hormones,Thyroid hormones,drug
1718241,thyroid (USP) 15 MG Oral Tablet [NP Thyroid],Drug,RxNorm,standard,H03A_thyroid_preparations,thyroid_hormones,Thyroid hormones,drug
1971347,levothyroxine 0.025 MG Oral Capsule Box of 100,Drug,RxNorm Extension,standard,H03A_thyroid_preparations,thyroid_hormones,Thyroid hormones,drug
1971348,levothyroxine 0.025 MG Oral Capsule [Tirosint] Box of 100,Drug,RxNorm Extension,standard,H03A_thyroid_preparations,thyroid_hormones,Thyroid hormones,drug
1971349,levothyroxine 0.025 MG Oral Capsule [Tirosint] Box of 100 by Marckyrl,Drug,RxNorm Extension,standard,H03A_thyroid_preparations,thyroid_hormones,Thyroid hormones,drug
1971350,levothyroxine 0.05 MG Oral Capsule Box of 100,Drug,RxNorm Extension,standard,H03A_thyroid_preparations,thyroid_hormones,Thyroid hormones,drug
1971351,levothyroxine 0.05 MG Oral Capsule [Tirosint] Box of 100,Drug,RxNorm Extension,standard,H03A_thyroid_preparations,thyroid_hormones,Thyroid hormones,drug
1971352,levothyroxine 0.05 MG Oral Capsule [Tirosint] Box of 100 by Marckyrl,Drug,RxNorm Extension,standard,H03A_thyroid_preparations,thyroid_hormones,Thyroid hormones,drug
1971353,levothyroxine 0.06 MG Oral Tablet Box of 50,Drug,RxNorm Extension,standard,H03A_thyroid_preparations,thyroid_hormones,Thyroid hormones,drug
1971354,levothyroxine 0.06 MG Oral Tablet Box of 50 by Sanofi,Drug,RxNorm Extension,standard,H03A_thyroid_preparations,thyroid_hormones,Thyroid hormones,drug
1971355,levothyroxine 0.06 MG Oral Tablet Box of 100,Drug,RxNorm Extension,standard,H03A_thyroid_preparations,thyroid_hormones,Thyroid hormones,drug
1971356,levothyroxine 0.06 MG Oral Tablet Box of 100 by Sanofi,Drug,RxNorm Extension,standard,H03A_thyroid_preparations,thyroid_hormones,Thyroid hormones,drug
1971357,levothyroxine 0.075 MG Oral Capsule Box of 100,Drug,RxNorm Extension,standard,H03A_thyroid_preparations,thyroid_hormones,Thyroid hormones,drug
1971358,levothyroxine 0.075 MG Oral Capsule [Tirosint] Box of 100,Drug,RxNorm Extension,standard,H03A_thyroid_preparations,thyroid_hormones,Thyroid hormones,drug
1971359,levothyroxine 0.075 MG Oral Capsule [Tirosint] Box of 100 by Marckyrl,Drug,RxNorm Extension,standard,H03A_thyroid_preparations,thyroid_hormones,Thyroid hormones,drug
1971360,levothyroxine 0.088 MG Oral Tablet Box of 50 by Sanofi,Drug,RxNorm Extension,standard,H03A_thyroid_preparations,thyroid_hormones,Thyroid hormones,drug
1971361,levothyroxine 0.088 MG Oral Tablet Box of 100 by Sanofi,Drug,RxNorm Extension,standard,H03A_thyroid_preparations,thyroid_hormones,Thyroid hormones,drug
1971362,levothyroxine 0.1 MG Oral Capsule Box of 100,Drug,RxNorm Extension,standard,H03A_thyroid_preparations,thyroid_hormones,Thyroid hormones,drug
1971363,levothyroxine 0.1 MG Oral Capsule [Tirosint] Box of 100,Drug,RxNorm Extension,standard,H03A_thyroid_preparations,thyroid_hormones,Thyroid hormones,drug
1971364,levothyroxine 0.1 MG Oral Capsule [Tirosint] Box of 100 by Marckyrl,Drug,RxNorm Extension,standard,H03A_thyroid_preparations,thyroid_hormones,Thyroid hormones,drug
1971365,levothyroxine 0.112 MG Oral Tablet Box of 28,Drug,RxNorm Extension,standard,H03A_thyroid_preparations,thyroid_hormones,Thyroid hormones,drug
1971366,levothyroxine 0.112 MG Oral Tablet Box of 28 by Novartis,Drug,RxNorm Extension,standard,H03A_thyroid_preparations,thyroid_hormones,Thyroid hormones,drug
1971367,levothyroxine 0.112 MG Oral Tablet Box of 50 by Sanofi,Drug,RxNorm Extension,standard,H03A_thyroid_preparations,thyroid_hormones,Thyroid hormones,drug
1971368,levothyroxine 0.112 MG Oral Tablet Box of 100 by Sanofi,Drug,RxNorm Extension,standard,H03A_thyroid_preparations,thyroid_hormones,Thyroid hormones,drug
1971369,levothyroxine 0.125 MG Oral Capsule Box of 100,Drug,RxNorm Extension,standard,H03A_thyroid_preparations,thyroid_hormones,Thyroid hormones,drug
1971370,levothyroxine 0.125 MG Oral Capsule [Tirosint] Box of 100,Drug,RxNorm Extension,standard,H03A_thyroid_preparations,thyroid_hormones,Thyroid hormones,drug
1971371,levothyroxine 0.125 MG Oral Capsule [Tirosint] Box of 100 by Marckyrl,Drug,RxNorm Extension,standard,H03A_thyroid_preparations,thyroid_hormones,Thyroid hormones,drug
1971372,levothyroxine 0.137 MG Oral Capsule Box of 100,Drug,RxNorm Extension,standard,H03A_thyroid_preparations,thyroid_hormones,Thyroid hormones,drug
1971373,levothyroxine 0.137 MG Oral Capsule [Tirosint] Box of 100,Drug,RxNorm Extension,standard,H03A_thyroid_preparations,thyroid_hormones,Thyroid hormones,drug
1971374,levothyroxine 0.137 MG Oral Capsule [Tirosint] Box of 100 by Marckyrl,Drug,RxNorm Extension,standard,H03A_thyroid_preparations,thyroid_hormones,Thyroid hormones,drug
1971375,levothyroxine 0.137 MG Oral Tablet Box of 100 by Sanofi,Drug,RxNorm Extension,standard,H03A_thyroid_preparations,thyroid_hormones,Thyroid hormones,drug
1971376,levothyroxine 0.15 MG Oral Capsule Box of 100,Drug,RxNorm Extension,standard,H03A_thyroid_preparations,thyroid_hormones,Thyroid hormones,drug
1971377,levothyroxine 0.15 MG Oral Capsule [Tirosint] Box of 100,Drug,RxNorm Extension,standard,H03A_thyroid_preparations,thyroid_hormones,Thyroid hormones,drug
1971378,levothyroxine 0.15 MG Oral Capsule [Tirosint] Box of 100 by Marckyrl,Drug,RxNorm Extension,standard,H03A_thyroid_preparations,thyroid_hormones,Thyroid hormones,drug
1973113,30 ML levothyroxine 0.1 MG/ML Oral Solution by Sanofi,Drug,RxNorm Extension,standard,H03A_thyroid_preparations,thyroid_hormones,Thyroid hormones,drug
2012355,levothyroxine 0.1 MG Oral Tablet [L-GYROID],Drug,RxNorm Extension,standard,H03A_thyroid_preparations,thyroid_hormones,Thyroid hormones,drug
2012356,levothyroxine 0.1 MG Oral Tablet [L-GYROID] by Samnam,Drug,RxNorm Extension,standard,H03A_thyroid_preparations,thyroid_hormones,Thyroid hormones,drug
2012357,levothyroxine 0.1 MG [L-GYROID],Drug,RxNorm Extension,standard,H03A_thyroid_preparations,thyroid_hormones,Thyroid hormones,drug
2012358,levothyroxine Oral Tablet [L-GYROID],Drug,RxNorm Extension,standard,H03A_thyroid_preparations,thyroid_hormones,Thyroid hormones,drug
2057396,liothyronine 0.02 MG Oral Tablet [TETRONINE],Drug,RxNorm Extension,standard,H03A_thyroid_preparations,thyroid_hormones,Thyroid hormones,drug
2057397,liothyronine 0.02 MG Oral Tablet [TETRONINE] by Dalim Biotech,Drug,RxNorm Extension,standard,H03A_thyroid_preparations,thyroid_hormones,Thyroid hormones,drug
2057398,liothyronine 0.02 MG [TETRONINE],Drug,RxNorm Extension,standard,H03A_thyroid_preparations,thyroid_hormones,Thyroid hormones,drug
2057399,liothyronine Oral Tablet [TETRONINE],Drug,RxNorm Extension,standard,H03A_thyroid_preparations,thyroid_hormones,Thyroid hormones,drug
2058136,levothyroxine 0.05 MG / liothyronine 0.0125 MG Oral Tablet [LTRIX],Drug,RxNorm Extension,standard,H03A_thyroid_preparations,thyroid_hormones,Thyroid hormones,drug
2058137,levothyroxine 0.05 MG / liothyronine 0.0125 MG Oral Tablet [LTRIX] by Samnam,Drug,RxNorm Extension,standard,H03A_thyroid_preparations,thyroid_hormones,Thyroid hormones,drug
2058138,levothyroxine 0.05 MG / liothyronine 0.0125 MG [LTRIX],Drug,RxNorm Extension,standard,H03A_thyroid_preparations,thyroid_hormones,Thyroid hormones,drug
2058139,levothyroxine / liothyronine Oral Tablet [LTRIX],Drug,RxNorm Extension,standard,H03A_thyroid_preparations,thyroid_hormones,Thyroid hormones,drug
2058140,levothyroxine 0.2 MG Oral Tablet [SYNTHYROID],Drug,RxNorm Extension,standard,H03A_thyroid_preparations,thyroid_hormones,Thyroid hormones,drug
2058141,levothyroxine 0.2 MG Oral Tablet [SYNTHYROID] by Bukwang,Drug,RxNorm Extension,standard,H03A_thyroid_preparations,thyroid_hormones,Thyroid hormones,drug
2058142,levothyroxine 0.2 MG [SYNTHYROID],Drug,RxNorm Extension,standard,H03A_thyroid_preparations,thyroid_hormones,Thyroid hormones,drug
2058143,levothyroxine 0.112 MG Oral Tablet [SYNTHYROID],Drug,RxNorm Extension,standard,H03A_thyroid_preparations,thyroid_hormones,Thyroid hormones,drug
2058144,levothyroxine 0.112 MG Oral Tablet [SYNTHYROID] by Bukwang,Drug,RxNorm Extension,standard,H03A_thyroid_preparations,thyroid_hormones,Thyroid hormones,drug
2058145,levothyroxine 0.112 MG [SYNTHYROID],Drug,RxNorm Extension,standard,H03A_thyroid_preparations,thyroid_hormones,Thyroid hormones,drug
2058146,levothyroxine 0.025 MG Oral Tablet [SYNTHYROID],Drug,RxNorm Extension,standard,H03A_thyroid_preparations,thyroid_hormones,Thyroid hormones,drug
2058147,levothyroxine 0.025 MG Oral Tablet [SYNTHYROID] by Bukwang,Drug,RxNorm Extension,standard,H03A_thyroid_preparations,thyroid_hormones,Thyroid hormones,drug
2058148,levothyroxine 0.025 MG [SYNTHYROID],Drug,RxNorm Extension,standard,H03A_thyroid_preparations,thyroid_hormones,Thyroid hormones,drug
2058149,levothyroxine 0.0375 MG Oral Tablet [SYNTHYROID],Drug,RxNorm Extension,standard,H03A_thyroid_preparations,thyroid_hormones,Thyroid hormones,drug
2058150,levothyroxine 0.0375 MG Oral Tablet [SYNTHYROID] by Bukwang,Drug,RxNorm Extension,standard,H03A_thyroid_preparations,thyroid_hormones,Thyroid hormones,drug
2058151,levothyroxine 0.0375 MG Oral Tablet,Drug,RxNorm Extension,standard,H03A_thyroid_preparations,thyroid_hormones,Thyroid hormones,drug
2058152,levothyroxine 0.0375 MG [SYNTHYROID],Drug,RxNorm Extension,standard,H03A_thyroid_preparations,thyroid_hormones,Thyroid hormones,drug
2058153,levothyroxine 0.0375 MG,Drug,RxNorm Extension,standard,H03A_thyroid_preparations,thyroid_hormones,Thyroid hormones,drug
2921226,levothyroxine 0.175 MG Oral Tablet [Eltroxin] Box of 200,Drug,RxNorm Extension,standard,H03A_thyroid_preparations,thyroid_hormones,Thyroid hormones,drug
2921227,levothyroxine 0.175 MG Oral Tablet [Eltroxin] Box of 100,Drug,RxNorm Extension,standard,H03A_thyroid_preparations,thyroid_hormones,Thyroid hormones,drug
2921228,levothyroxine 0.175 MG Oral Tablet Box of 200,Drug,RxNorm Extension,standard,H03A_thyroid_preparations,thyroid_hormones,Thyroid hormones,drug
2921229,levothyroxine 0.15 MG Oral Tablet [Eltroxin] Box of 200,Drug,RxNorm Extension,standard,H03A_thyroid_preparations,thyroid_hormones,Thyroid hormones,drug
2921230,levothyroxine 0.15 MG Oral Tablet [Eltroxin] Box of 100,Drug,RxNorm Extension,standard,H03A_thyroid_preparations,thyroid_hormones,Thyroid hormones,drug
2921232,levothyroxine 0.137 MG Oral Tablet [Eltroxin] Box of 200,Drug,RxNorm Extension,standard,H03A_thyroid_preparations,thyroid_hormones,Thyroid hormones,drug
2921233,levothyroxine 0.137 MG Oral Tablet [Eltroxin] Box of 100,Drug,RxNorm Extension,standard,H03A_thyroid_preparations,thyroid_hormones,Thyroid hormones,drug
2921234,levothyroxine 0.137 MG Oral Tablet Box of 200,Drug,RxNorm Extension,standard,H03A_thyroid_preparations,thyroid_hormones,Thyroid hormones,drug
2921235,levothyroxine 0.137 MG Oral Tablet Box of 100,Drug,RxNorm Extension,standard,H03A_thyroid_preparations,thyroid_hormones,Thyroid hormones,drug
2921236,levothyroxine 0.112 MG Oral Tablet [Eltroxin] Box of 200,Drug,RxNorm Extension,standard,H03A_thyroid_preparations,thyroid_hormones,Thyroid hormones,drug
2921237,levothyroxine 0.112 MG Oral Tablet [Eltroxin] Box of 100,Drug,RxNorm Extension,standard,H03A_thyroid_preparations,thyroid_hormones,Thyroid hormones,drug
2921238,levothyroxine 0.112 MG Oral Tablet Box of 200,Drug,RxNorm Extension,standard,H03A_thyroid_preparations,thyroid_hormones,Thyroid hormones,drug
2921239,levothyroxine 0.1 MG Oral Tablet [Eltroxin] Box of 100,Drug,RxNorm Extension,standard,H03A_thyroid_preparations,thyroid_hormones,Thyroid hormones,drug
2921240,levothyroxine 0.088 MG Oral Tablet [Eltroxin] Box of 200,Drug,RxNorm Extension,standard,H03A_thyroid_preparations,thyroid_hormones,Thyroid hormones,drug
2921241,levothyroxine 0.088 MG Oral Tablet [Eltroxin] Box of 100,Drug,RxNorm Extension,standard,H03A_thyroid_preparations,thyroid_hormones,Thyroid hormones,drug
2921242,levothyroxine 0.088 MG Oral Tablet Box of 200,Drug,RxNorm Extension,standard,H03A_thyroid_preparations,thyroid_hormones,Thyroid hormones,drug
19016959,tiratricol,Drug,RxNorm,standard,H03A_thyroid_preparations,thyroid_hormones,Thyroid hormones,drug
19016960,tiratricol 0.35 MG Oral Tablet,Drug,RxNorm,standard,H03A_thyroid_preparations,thyroid_hormones,Thyroid hormones,drug
19016982,tiratricol 1 MG,Drug,RxNorm,standard,H03A_thyroid_preparations,thyroid_hormones,Thyroid hormones,drug
19016983,tiratricol 2 MG,Drug,RxNorm,standard,H03A_thyroid_preparations,thyroid_hormones,Thyroid hormones,drug
19017575,thyroid (beef),Drug,RxNorm,standard,H03A_thyroid_preparations,thyroid_hormones,Thyroid hormones,drug
19019857,thyroid (USP) 60 MG Oral Capsule,Drug,RxNorm,standard,H03A_thyroid_preparations,thyroid_hormones,Thyroid hormones,drug
19021434,thyroid (USP) 64.8 MG Oral Tablet,Drug,RxNorm,standard,H03A_thyroid_preparations,thyroid_hormones,Thyroid hormones,drug
19023553,thyroid (USP) 30 MG Oral Capsule,Drug,RxNorm,standard,H03A_thyroid_preparations,thyroid_hormones,Thyroid hormones,drug
19023554,thyroid (USP) 90 MG Oral Capsule,Drug,RxNorm,standard,H03A_thyroid_preparations,thyroid_hormones,Thyroid hormones,drug
19023555,thyroid (USP) 240 MG Oral Capsule,Drug,RxNorm,standard,H03A_thyroid_preparations,thyroid_hormones,Thyroid hormones,drug
19023557,thyroid (USP) 32.4 MG Oral Tablet,Drug,RxNorm,standard,H03A_thyroid_preparations,thyroid_hormones,Thyroid hormones,drug
19033724,thyroid (USP) 16.25 MG [Nature-Throid],Drug,RxNorm,standard,H03A_thyroid_preparations,thyroid_hormones,Thyroid hormones,drug
19033725,thyroid (USP) 195 MG [Nature-Throid],Drug,RxNorm,standard,H03A_thyroid_preparations,thyroid_hormones,Thyroid hormones,drug
19033726,thyroid (USP) 32.5 MG [Nature-Throid],Drug,RxNorm,standard,H03A_thyroid_preparations,thyroid_hormones,Thyroid hormones,drug
19033727,thyroid (USP) 65 MG [Nature-Throid],Drug,RxNorm,standard,H03A_thyroid_preparations,thyroid_hormones,Thyroid hormones,drug
19038852,thyroid (USP) 15 MG Oral Tablet [Armour Thyroid],Drug,RxNorm,standard,H03A_thyroid_preparations,thyroid_hormones,Thyroid hormones,drug
19038853,thyroid (USP) 30 MG Oral Tablet [Armour Thyroid],Drug,RxNorm,standard,H03A_thyroid_preparations,thyroid_hormones,Thyroid hormones,drug
19038854,thyroid (USP) 30 MG Oral Tablet [Natural Thyroid],Drug,RxNorm,standard,H03A_thyroid_preparations,thyroid_hormones,Thyroid hormones,drug
19038855,thyroid (USP) 30 MG Oral Tablet [Westhroid],Drug,RxNorm,standard,H03A_thyroid_preparations,thyroid_hormones,Thyroid hormones,drug
19038856,thyroid (USP) 60 MG Oral Tablet [Armour Thyroid],Drug,RxNorm,standard,H03A_thyroid_preparations,thyroid_hormones,Thyroid hormones,drug
19038857,thyroid (USP) 60 MG Oral Tablet [Westhroid],Drug,RxNorm,standard,H03A_thyroid_preparations,thyroid_hormones,Thyroid hormones,drug
19038858,thyroid (USP) 65 MG Oral Tablet [Natural Thyroid],Drug,RxNorm,standard,H03A_thyroid_preparations,thyroid_hormones,Thyroid hormones,drug
19038859,thyroid (USP) 90 MG Oral Tablet [Armour Thyroid],Drug,RxNorm,standard,H03A_thyroid_preparations,thyroid_hormones,Thyroid hormones,drug
19038860,thyroid (USP) 120 MG Oral Tablet [Armour Thyroid],Drug,RxNorm,standard,H03A_thyroid_preparations,thyroid_hormones,Thyroid hormones,drug
19038861,thyroid (USP) 120 MG Oral Tablet,Drug,RxNorm,standard,H03A_thyroid_preparations,thyroid_hormones,Thyroid hormones,drug
19038862,thyroid (USP) 120 MG Oral Tablet [Westhroid],Drug,RxNorm,standard,H03A_thyroid_preparations,thyroid_hormones,Thyroid hormones,drug
19038863,thyroid (USP) 180 MG Oral Tablet [Armour Thyroid],Drug,RxNorm,standard,H03A_thyroid_preparations,thyroid_hormones,Thyroid hormones,drug
19038864,thyroid (USP) 180 MG Oral Tablet [Westhroid],Drug,RxNorm,standard,H03A_thyroid_preparations,thyroid_hormones,Thyroid hormones,drug
19038865,thyroid (USP) 240 MG Oral Tablet [Armour Thyroid],Drug,RxNorm,standard,H03A_thyroid_preparations,thyroid_hormones,Thyroid hormones,drug
19038866,thyroid (USP) 240 MG Oral Tablet [Westhroid],Drug,RxNorm,standard,H03A_thyroid_preparations,thyroid_hormones,Thyroid hormones,drug
19038867,thyroid (USP) 300 MG Oral Tablet [Armour Thyroid],Drug,RxNorm,standard,H03A_thyroid_preparations,thyroid_hormones,Thyroid hormones,drug
19038868,thyroid (USP) 300 MG Oral Tablet [Westhroid],Drug,RxNorm,standard,H03A_thyroid_preparations,thyroid_hormones,Thyroid hormones,drug
19055098,thyroid (USP) 15 MG [Armour Thyroid],Drug,RxNorm,standard,H03A_thyroid_preparations,thyroid_hormones,Thyroid hormones,drug
19055099,thyroid (USP) 30 MG [Armour Thyroid],Drug,RxNorm,standard,H03A_thyroid_preparations,thyroid_hormones,Thyroid hormones,drug
19055100,thyroid (USP) 60 MG [Armour Thyroid],Drug,RxNorm,standard,H03A_thyroid_preparations,thyroid_hormones,Thyroid hormones,drug
19055141,thyroid (USP) 90 MG [Armour Thyroid],Drug,RxNorm,standard,H03A_thyroid_preparations,thyroid_hormones,Thyroid hormones,drug
19055142,thyroid (USP) 120 MG [Armour Thyroid],Drug,RxNorm,standard,H03A_thyroid_preparations,thyroid_hormones,Thyroid hormones,drug
19055143,thyroid (USP) 180 MG [Armour Thyroid],Drug,RxNorm,standard,H03A_thyroid_preparations,thyroid_hormones,Thyroid hormones,drug
19055144,thyroid (USP) 240 MG [Armour Thyroid],Drug,RxNorm,standard,H03A_thyroid_preparations,thyroid_hormones,Thyroid hormones,drug
19055145,thyroid (USP) 300 MG [Armour Thyroid],Drug,RxNorm,standard,H03A_thyroid_preparations,thyroid_hormones,Thyroid hormones,drug
19064793,tiratricol 2 MG Extended Release Oral Capsule,Drug,RxNorm,standard,H03A_thyroid_preparations,thyroid_hormones,Thyroid hormones,drug
19074632,thyroid (USP) 30 MG [Natural Thyroid],Drug,RxNorm,standard,H03A_thyroid_preparations,thyroid_hormones,Thyroid hormones,drug
19074633,thyroid (USP) 65 MG [Natural Thyroid],Drug,RxNorm,standard,H03A_thyroid_preparations,thyroid_hormones,Thyroid hormones,drug
19079747,thyroid (USP) 32 MG Delayed Release Oral Tablet,Drug,RxNorm,standard,H03A_thyroid_preparations,thyroid_hormones,Thyroid hormones,drug
19085619,thyroid (USP) 30 MG [Westhroid],Drug,RxNorm,standard,H03A_thyroid_preparations,thyroid_hormones,Thyroid hormones,drug
19085641,thyroid (USP) 120 MG [Westhroid],Drug,RxNorm,standard,H03A_thyroid_preparations,thyroid_hormones,Thyroid hormones,drug
19085642,thyroid (USP) 180 MG [Westhroid],Drug,RxNorm,standard,H03A_thyroid_preparations,thyroid_hormones,Thyroid hormones,drug
19085643,thyroid (USP) 240 MG [Westhroid],Drug,RxNorm,standard,H03A_thyroid_preparations,thyroid_hormones,Thyroid hormones,drug
19085646,thyroid (USP) 65 MG [Westhroid],Drug,RxNorm,standard,H03A_thyroid_preparations,thyroid_hormones,Thyroid hormones,drug
19087408,thyroid (USP) 90 MG,Drug,RxNorm,standard,H03A_thyroid_preparations,thyroid_hormones,Thyroid hormones,drug
19095500,tiratricol 0.35 MG,Drug,RxNorm,standard,H03A_thyroid_preparations,thyroid_hormones,Thyroid hormones,drug
19098214,thyroid (USP) 30 MG Oral Tablet [Nature-Throid],Drug,RxNorm,standard,H03A_thyroid_preparations,thyroid_hormones,Thyroid hormones,drug
19098215,thyroid (USP) 60 MG Oral Tablet [Nature-Throid],Drug,RxNorm,standard,H03A_thyroid_preparations,thyroid_hormones,Thyroid hormones,drug
19098216,thyroid (USP) 180 MG Oral Tablet [Nature-Throid],Drug,RxNorm,standard,H03A_thyroid_preparations,thyroid_hormones,Thyroid hormones,drug
19103400,mazindol 2.5 MG / tiratricol 1 MG Oral Capsule,Drug,RxNorm,standard,H03A_thyroid_preparations,thyroid_hormones,Thyroid hormones,drug
19113534,thyroid (USP) 32.4 MG [Thyrotab],Drug,RxNorm,standard,H03A_thyroid_preparations,thyroid_hormones,Thyroid hormones,drug
19113535,thyroid (USP) 32.4 MG Oral Tablet [Thyrotab],Drug,RxNorm,standard,H03A_thyroid_preparations,thyroid_hormones,Thyroid hormones,drug
19113536,thyroid (USP) 64.8 MG [Thyrotab],Drug,RxNorm,standard,H03A_thyroid_preparations,thyroid_hormones,Thyroid hormones,drug
19113537,thyroid (USP) 64.8 MG Oral Tablet [Thyrotab],Drug,RxNorm,standard,H03A_thyroid_preparations,thyroid_hormones,Thyroid hormones,drug
19113538,thyroid (USP) 65 MG [Etwon],Drug,RxNorm,standard,H03A_thyroid_preparations,thyroid_hormones,Thyroid hormones,drug
19113539,thyroid (USP) 65 MG Oral Tablet [Etwon],Drug,RxNorm,standard,H03A_thyroid_preparations,thyroid_hormones,Thyroid hormones,drug
19118691,thyroid (USP) 60 MG [Westhroid],Drug,RxNorm,standard,H03A_thyroid_preparations,thyroid_hormones,Thyroid hormones,drug
19118692,thyroid (USP) 300 MG [Westhroid],Drug,RxNorm,standard,H03A_thyroid_preparations,thyroid_hormones,Thyroid hormones,drug
19120557,thyroid (USP) 130 MG [Natural Thyroid],Drug,RxNorm,standard,H03A_thyroid_preparations,thyroid_hormones,Thyroid hormones,drug
19120880,thyroid (USP) 30 MG [Nature-Throid],Drug,RxNorm,standard,H03A_thyroid_preparations,thyroid_hormones,Thyroid hormones,drug
19120881,thyroid (USP) 60 MG [Nature-Throid],Drug,RxNorm,standard,H03A_thyroid_preparations,thyroid_hormones,Thyroid hormones,drug
19120882,thyroid (USP) 130 MG [Nature-Throid],Drug,RxNorm,standard,H03A_thyroid_preparations,thyroid_hormones,Thyroid hormones,drug
19120883,thyroid (USP) 130 MG [Westhroid],Drug,RxNorm,standard,H03A_thyroid_preparations,thyroid_hormones,Thyroid hormones,drug
19120884,thyroid (USP) 180 MG [Nature-Throid],Drug,RxNorm,standard,H03A_thyroid_preparations,thyroid_hormones,Thyroid hormones,drug
19125878,thyroid (USP) 120 MG [Bio-Throid],Drug,RxNorm,standard,H03A_thyroid_preparations,thyroid_hormones,Thyroid hormones,drug
19125879,thyroid (USP) 120 MG Oral Capsule [Bio-Throid],Drug,RxNorm,standard,H03A_thyroid_preparations,thyroid_hormones,Thyroid hormones,drug
19125880,thyroid (USP) 15 MG [Bio-Throid],Drug,RxNorm,standard,H03A_thyroid_preparations,thyroid_hormones,Thyroid hormones,drug
19125881,thyroid (USP) 15 MG Oral Capsule [Bio-Throid],Drug,RxNorm,standard,H03A_thyroid_preparations,thyroid_hormones,Thyroid hormones,drug
19125884,thyroid (USP) 180 MG [Bio-Throid],Drug,RxNorm,standard,H03A_thyroid_preparations,thyroid_hormones,Thyroid hormones,drug
19125885,thyroid (USP) 180 MG Oral Capsule [Bio-Throid],Drug,RxNorm,standard,H03A_thyroid_preparations,thyroid_hormones,Thyroid hormones,drug
19125886,thyroid (USP) 240 MG [Bio-Throid],Drug,RxNorm,standard,H03A_thyroid_preparations,thyroid_hormones,Thyroid hormones,drug
19125887,thyroid (USP) 240 MG Oral Capsule [Bio-Throid],Drug,RxNorm,standard,H03A_thyroid_preparations,thyroid_hormones,Thyroid hormones,drug
19125888,thyroid (USP) 30 MG [Bio-Throid],Drug,RxNorm,standard,H03A_thyroid_preparations,thyroid_hormones,Thyroid hormones,drug
19125889,thyroid (USP) 30 MG Oral Capsule [Bio-Throid],Drug,RxNorm,standard,H03A_thyroid_preparations,thyroid_hormones,Thyroid hormones,drug
19125890,thyroid (USP) 60 MG [Bio-Throid],Drug,RxNorm,standard,H03A_thyroid_preparations,thyroid_hormones,Thyroid hormones,drug
19125891,thyroid (USP) 60 MG Oral Capsule [Bio-Throid],Drug,RxNorm,standard,H03A_thyroid_preparations,thyroid_hormones,Thyroid hormones,drug
19125892,thyroid (USP) 90 MG [Bio-Throid],Drug,RxNorm,standard,H03A_thyroid_preparations,thyroid_hormones,Thyroid hormones,drug
19125893,thyroid (USP) 90 MG Oral Capsule [Bio-Throid],Drug,RxNorm,standard,H03A_thyroid_preparations,thyroid_hormones,Thyroid hormones,drug
19127283,thyroid (USP) 16.25 MG,Drug,RxNorm,standard,H03A_thyroid_preparations,thyroid_hormones,Thyroid hormones,drug
21027043,liothyronine 0.02 MG Oral Tablet Box of 28 by A A H,Drug,RxNorm Extension,standard,H03A_thyroid_preparations,thyroid_hormones,Thyroid hormones,drug
21027044,liothyronine 0.02 MG Oral Tablet Box of 100,Drug,RxNorm Extension,standard,H03A_thyroid_preparations,thyroid_hormones,Thyroid hormones,drug
21027045,liothyronine 0.02 MG Oral Tablet [Tertroxin] by Mercury,Drug,RxNorm Extension,standard,H03A_thyroid_preparations,thyroid_hormones,Thyroid hormones,drug
21027046,liothyronine 0.02 MG Injection Box of 1,Drug,RxNorm Extension,standard,H03A_thyroid_preparations,thyroid_hormones,Thyroid hormones,drug
21027047,liothyronine 0.02 MG Injection Box of 5 by AMCo,Drug,RxNorm Extension,standard,H03A_thyroid_preparations,thyroid_hormones,Thyroid hormones,drug
21027048,liothyronine 0.02 MG/ML Oral Solution,Drug,RxNorm Extension,standard,H03A_thyroid_preparations,thyroid_hormones,Thyroid hormones,drug
21027050,levothyroxine 0.019 MG / liothyronine 0.0045 MG [Nature-Throid],Drug,RxNorm Extension,standard,H03A_thyroid_preparations,thyroid_hormones,Thyroid hormones,drug
21027051,levothyroxine 0.0095 MG / liothyronine 0.00225 MG Oral Tablet [Nature-Throid],Drug,RxNorm Extension,standard,H03A_thyroid_preparations,thyroid_hormones,Thyroid hormones,drug
21027055,levothyroxine 0.035 MG / liothyronine 0.0075 MG [Erfa Thyroid],Drug,RxNorm Extension,standard,H03A_thyroid_preparations,thyroid_hormones,Thyroid hormones,drug
21027056,levothyroxine 0.035 MG / liothyronine 0.0075 MG Oral Tablet,Drug,RxNorm Extension,standard,H03A_thyroid_preparations,thyroid_hormones,Thyroid hormones,drug
21027058,levothyroxine 0.04 MG / liothyronine 0.009 MG Oral Tablet [Nature-Throid] Box of 60,Drug,RxNorm Extension,standard,H03A_thyroid_preparations,thyroid_hormones,Thyroid hormones,drug
21027352,levothyroxine 0.02 MG/ML Oral Solution [Evotrox] by Kappin,Drug,RxNorm Extension,standard,H03A_thyroid_preparations,thyroid_hormones,Thyroid hormones,drug
21027353,levothyroxine 0.025 MG/ML Oral Suspension,Drug,RxNorm Extension,standard,H03A_thyroid_preparations,thyroid_hormones,Thyroid hormones,drug
21027356,levothyroxine 0.012 MG/ML Oral Solution,Drug,RxNorm Extension,standard,H03A_thyroid_preparations,thyroid_hormones,Thyroid hormones,drug
21027357,levothyroxine 0.09 MG/ML Oral Solution,Drug,RxNorm Extension,standard,H03A_thyroid_preparations,thyroid_hormones,Thyroid hormones,drug
21027359,levothyroxine 0.00125 MG/ML Oral Suspension,Drug,RxNorm Extension,standard,H03A_thyroid_preparations,thyroid_hormones,Thyroid hormones,drug
21027361,levothyroxine 0.05 MG Oral Tablet by A A H,Drug,RxNorm Extension,standard,H03A_thyroid_preparations,thyroid_hormones,Thyroid hormones,drug
21027362,levothyroxine 0.05 MG Oral Tablet Box of 28 by A A H,Drug,RxNorm Extension,standard,H03A_thyroid_preparations,thyroid_hormones,Thyroid hormones,drug
21027363,levothyroxine 0.05 MG Oral Tablet Box of 100,Drug,RxNorm Extension,standard,H03A_thyroid_preparations,thyroid_hormones,Thyroid hormones,drug
21027365,levothyroxine 0.05 MG Oral Tablet Box of 1000 by Boots,Drug,RxNorm Extension,standard,H03A_thyroid_preparations,thyroid_hormones,Thyroid hormones,drug
21027366,levothyroxine 0.057 MG/ML Oral Suspension,Drug,RxNorm Extension,standard,H03A_thyroid_preparations,thyroid_hormones,Thyroid hormones,drug
21027367,levothyroxine 0.14 MG/ML Oral Suspension,Drug,RxNorm Extension,standard,H03A_thyroid_preparations,thyroid_hormones,Thyroid hormones,drug
21027368,levothyroxine 0.0175 MG/ML Oral Solution,Drug,RxNorm Extension,standard,H03A_thyroid_preparations,thyroid_hormones,Thyroid hormones,drug
21027370,levothyroxine 0.0175 MG/ML Oral Suspension,Drug,RxNorm Extension,standard,H03A_thyroid_preparations,thyroid_hormones,Thyroid hormones,drug
21027373,levothyroxine 0.1 MG Oral Tablet Box of 28 by Phoenix Labs,Drug,RxNorm Extension,standard,H03A_thyroid_preparations,thyroid_hormones,Thyroid hormones,drug
21027374,levothyroxine 0.1 MG Oral Tablet Box of 28 by Zanza,Drug,RxNorm Extension,standard,H03A_thyroid_preparations,thyroid_hormones,Thyroid hormones,drug
21027375,levothyroxine 0.1 MG Oral Tablet Box of 84 by TEVA,Drug,RxNorm Extension,standard,H03A_thyroid_preparations,thyroid_hormones,Thyroid hormones,drug
21027376,levothyroxine 0.1 MG Oral Tablet Box of 1000 by AMCo,Drug,RxNorm Extension,standard,H03A_thyroid_preparations,thyroid_hormones,Thyroid hormones,drug
21027377,levothyroxine 0.1 MG Oral Tablet [Eltroxin] by AMCo,Drug,RxNorm Extension,standard,H03A_thyroid_preparations,thyroid_hormones,Thyroid hormones,drug
21027379,levothyroxine 0.025 MG Oral Capsule Box of 28,Drug,RxNorm Extension,standard,H03A_thyroid_preparations,thyroid_hormones,Thyroid hormones,drug
21027380,levothyroxine 0.025 MG Oral Tablet by Mylan,Drug,RxNorm Extension,standard,H03A_thyroid_preparations,thyroid_hormones,Thyroid hormones,drug
21027381,levothyroxine 0.025 MG Oral Tablet by Kent,Drug,RxNorm Extension,standard,H03A_thyroid_preparations,thyroid_hormones,Thyroid hormones,drug
21027382,levothyroxine 0.025 MG Oral Tablet Box of 28 by Sigma-Tau,Drug,RxNorm Extension,standard,H03A_thyroid_preparations,thyroid_hormones,Thyroid hormones,drug
21027384,levothyroxine 0.025 MG Oral Tablet Box of 500 by TEVA,Drug,RxNorm Extension,standard,H03A_thyroid_preparations,thyroid_hormones,Thyroid hormones,drug
21027386,levothyroxine 0.03 MG Injectable Solution Box of 1,Drug,RxNorm Extension,standard,H03A_thyroid_preparations,thyroid_hormones,Thyroid hormones,drug
21027387,levothyroxine 0.006 MG/ML Oral Solution,Drug,RxNorm Extension,standard,H03A_thyroid_preparations,thyroid_hormones,Thyroid hormones,drug
21027389,levothyroxine 0.2 MG/ML Oral Solution,Drug,RxNorm Extension,standard,H03A_thyroid_preparations,thyroid_hormones,Thyroid hormones,drug
21027391,levothyroxine 0.0074 MG/ML Oral Suspension,Drug,RxNorm Extension,standard,H03A_thyroid_preparations,thyroid_hormones,Thyroid hormones,drug
21027393,levothyroxine 0.015 MG Oral Capsule Box of 1,Drug,RxNorm Extension,standard,H03A_thyroid_preparations,thyroid_hormones,Thyroid hormones,drug
21027394,levothyroxine 0.015 MG/ML Oral Suspension,Drug,RxNorm Extension,standard,H03A_thyroid_preparations,thyroid_hormones,Thyroid hormones,drug
21028613,1 ML levothyroxine 0.0625 MG/ML Oral Suspension,Drug,RxNorm Extension,standard,H03A_thyroid_preparations,thyroid_hormones,Thyroid hormones,drug
21028618,1 ML levothyroxine 0.006 MG/ML Oral Solution,Drug,RxNorm Extension,standard,H03A_thyroid_preparations,thyroid_hormones,Thyroid hormones,drug
21028619,1 ML levothyroxine 0.2 MG/ML Oral Solution,Drug,RxNorm Extension,standard,H03A_thyroid_preparations,thyroid_hormones,Thyroid hormones,drug
21029987,100 ML levothyroxine 0.005 MG/ML Oral Solution by Sigma-Tau,Drug,RxNorm Extension,standard,H03A_thyroid_preparations,thyroid_hormones,Thyroid hormones,drug
21029988,100 ML levothyroxine 0.005 MG/ML Oral Solution [Eltroxin],Drug,RxNorm Extension,standard,H03A_thyroid_preparations,thyroid_hormones,Thyroid hormones,drug
21029989,100 ML levothyroxine 0.005 MG/ML Oral Solution [Eltroxin] by AMCo,Drug,RxNorm Extension,standard,H03A_thyroid_preparations,thyroid_hormones,Thyroid hormones,drug
21029990,100 ML levothyroxine 0.02 MG/ML Oral Solution,Drug,RxNorm Extension,standard,H03A_thyroid_preparations,thyroid_hormones,Thyroid hormones,drug
21029991,100 ML levothyroxine 0.01 MG/ML Oral Solution [Evotrox] by Kappin,Drug,RxNorm Extension,standard,H03A_thyroid_preparations,thyroid_hormones,Thyroid hormones,drug
21036860,liothyronine 0.01 MG/ML Oral Suspension,Drug,RxNorm Extension,standard,H03A_thyroid_preparations,thyroid_hormones,Thyroid hormones,drug
21036861,liothyronine 0.002 MG/ML Oral Suspension,Drug,RxNorm Extension,standard,H03A_thyroid_preparations,thyroid_hormones,Thyroid hormones,drug
21036862,liothyronine 0.025 MG Oral Tablet Box of 100,Drug,RxNorm Extension,standard,H03A_thyroid_preparations,thyroid_hormones,Thyroid hormones,drug
21036863,levothyroxine / liothyronine Oral Tablet [Nature-Throid],Drug,RxNorm Extension,standard,H03A_thyroid_preparations,thyroid_hormones,Thyroid hormones,drug
21036866,levothyroxine 0.04 MG / liothyronine 0.009 MG Oral Tablet [Armour Thyroid] Box of 100,Drug,RxNorm Extension,standard,H03A_thyroid_preparations,thyroid_hormones,Thyroid hormones,drug
21037123,levothyroxine 0.005 MG/ML Oral Solution [Eltroxin] by AMCo,Drug,RxNorm Extension,standard,H03A_thyroid_preparations,thyroid_hormones,Thyroid hormones,drug
21037124,levothyroxine 0.065 MG/ML Oral Solution,Drug,RxNorm Extension,standard,H03A_thyroid_preparations,thyroid_hormones,Thyroid hormones,drug
21037125,levothyroxine 0.004 MG/ML,Drug,RxNorm Extension,standard,H03A_thyroid_preparations,thyroid_hormones,Thyroid hormones,drug
21037126,levothyroxine 0.004 MG/ML Oral Solution,Drug,RxNorm Extension,standard,H03A_thyroid_preparations,thyroid_hormones,Thyroid hormones,drug
21037129,levothyroxine 0.15 MG/ML,Drug,RxNorm Extension,standard,H03A_thyroid_preparations,thyroid_hormones,Thyroid hormones,drug
21037132,levothyroxine 0.05 MG Oral Capsule Box of 28,Drug,RxNorm Extension,standard,H03A_thyroid_preparations,thyroid_hormones,Thyroid hormones,drug
21037133,levothyroxine 0.05 MG Oral Tablet by Sigma-Tau,Drug,RxNorm Extension,standard,H03A_thyroid_preparations,thyroid_hormones,Thyroid hormones,drug
21037134,levothyroxine 0.05 MG Oral Tablet Box of 28 by Alliance,Drug,RxNorm Extension,standard,H03A_thyroid_preparations,thyroid_hormones,Thyroid hormones,drug
21037135,levothyroxine 0.05 MG Oral Tablet [Eltroxin] by AMCo,Drug,RxNorm Extension,standard,H03A_thyroid_preparations,thyroid_hormones,Thyroid hormones,drug
21037136,levothyroxine 0.075 MG Oral Capsule Box of 1,Drug,RxNorm Extension,standard,H03A_thyroid_preparations,thyroid_hormones,Thyroid hormones,drug
21037137,levothyroxine 0.002 MG/ML Oral Solution,Drug,RxNorm Extension,standard,H03A_thyroid_preparations,thyroid_hormones,Thyroid hormones,drug
21037138,levothyroxine 0.1 MG Oral Tablet by AMCo,Drug,RxNorm Extension,standard,H03A_thyroid_preparations,thyroid_hormones,Thyroid hormones,drug
21037139,levothyroxine 0.1 MG Oral Tablet Box of 28 by AMCo,Drug,RxNorm Extension,standard,H03A_thyroid_preparations,thyroid_hormones,Thyroid hormones,drug
21037140,levothyroxine 0.1 MG Oral Tablet Box of 28 by Actavis,Drug,RxNorm Extension,standard,H03A_thyroid_preparations,thyroid_hormones,Thyroid hormones,drug
21037142,levothyroxine 0.1 MG Oral Tablet Box of 1000 by Mawdsley-Brooks,Drug,RxNorm Extension,standard,H03A_thyroid_preparations,thyroid_hormones,Thyroid hormones,drug
21037143,levothyroxine 0.025 MG Oral Tablet by Phoenix Labs,Drug,RxNorm Extension,standard,H03A_thyroid_preparations,thyroid_hormones,Thyroid hormones,drug
21037144,levothyroxine 0.025 MG Oral Tablet by Alliance,Drug,RxNorm Extension,standard,H03A_thyroid_preparations,thyroid_hormones,Thyroid hormones,drug
21037145,levothyroxine 0.01 MG/ML Oral Solution by AMCo,Drug,RxNorm Extension,standard,H03A_thyroid_preparations,thyroid_hormones,Thyroid hormones,drug
21037146,levothyroxine 0.01 MG/ML Oral Solution [Evotrox],Drug,RxNorm Extension,standard,H03A_thyroid_preparations,thyroid_hormones,Thyroid hormones,drug
21037150,levothyroxine 0.0048 MG/ML Oral Solution,Drug,RxNorm Extension,standard,H03A_thyroid_preparations,thyroid_hormones,Thyroid hormones,drug
21038412,1 ML levothyroxine 0.07 MG/ML Oral Suspension,Drug,RxNorm Extension,standard,H03A_thyroid_preparations,thyroid_hormones,Thyroid hormones,drug
21038413,1 ML levothyroxine 0.009 MG/ML Oral Solution,Drug,RxNorm Extension,standard,H03A_thyroid_preparations,thyroid_hormones,Thyroid hormones,drug
21038414,1 ML levothyroxine 0.008 MG/ML Oral Suspension,Drug,RxNorm Extension,standard,H03A_thyroid_preparations,thyroid_hormones,Thyroid hormones,drug
21038415,1 ML levothyroxine 0.0125 MG/ML Oral Suspension,Drug,RxNorm Extension,standard,H03A_thyroid_preparations,thyroid_hormones,Thyroid hormones,drug
21038416,1 ML levothyroxine 0.5 MG/ML Oral Solution,Drug,RxNorm Extension,standard,H03A_thyroid_preparations,thyroid_hormones,Thyroid hormones,drug
21038417,1 ML levothyroxine 0.0075 MG/ML Oral Suspension,Drug,RxNorm Extension,standard,H03A_thyroid_preparations,thyroid_hormones,Thyroid hormones,drug
21038418,1 ML levothyroxine 0.01 MG/ML Oral Solution,Drug,RxNorm Extension,standard,H03A_thyroid_preparations,thyroid_hormones,Thyroid hormones,drug
21038419,1 ML levothyroxine 0.045 MG/ML Oral Solution,Drug,RxNorm Extension,standard,H03A_thyroid_preparations,thyroid_hormones,Thyroid hormones,drug
21038420,1 ML levothyroxine 0.075 MG/ML Oral Suspension,Drug,RxNorm Extension,standard,H03A_thyroid_preparations,thyroid_hormones,Thyroid hormones,drug
21038421,1 ML levothyroxine 0.0015 MG/ML Oral Solution,Drug,RxNorm Extension,standard,H03A_thyroid_preparations,thyroid_hormones,Thyroid hormones,drug
21038423,1 ML levothyroxine 0.2 MG/ML Oral Suspension,Drug,RxNorm Extension,standard,H03A_thyroid_preparations,thyroid_hormones,Thyroid hormones,drug
21039816,100 ML levothyroxine 0.02 MG/ML Oral Solution by Alliance,Drug,RxNorm Extension,standard,H03A_thyroid_preparations,thyroid_hormones,Thyroid hormones,drug
21039817,100 ML levothyroxine 0.02 MG/ML Oral Solution by AMCo,Drug,RxNorm Extension,standard,H03A_thyroid_preparations,thyroid_hormones,Thyroid hormones,drug
21039818,100 ML levothyroxine 0.02 MG/ML Oral Solution by TEVA,Drug,RxNorm Extension,standard,H03A_thyroid_preparations,thyroid_hormones,Thyroid hormones,drug
21046753,liothyronine 0.02 MG Oral Tablet [Tertroxin] Box of 100 by Mercury,Drug,RxNorm Extension,standard,H03A_thyroid_preparations,thyroid_hormones,Thyroid hormones,drug
21046758,levothyroxine / liothyronine Oral Tablet [Erfa Thyroid],Drug,RxNorm Extension,standard,H03A_thyroid_preparations,thyroid_hormones,Thyroid hormones,drug
21046762,levothyroxine 0.075 MG / liothyronine 0.018 MG Oral Tablet,Drug,RxNorm Extension,standard,H03A_thyroid_preparations,thyroid_hormones,Thyroid hormones,drug
21046764,levothyroxine 0.035 MG / liothyronine 0.0075 MG Oral Tablet Box of 500,Drug,RxNorm Extension,standard,H03A_thyroid_preparations,thyroid_hormones,Thyroid hormones,drug
21046766,levothyroxine 0.04 MG / liothyronine 0.009 MG Oral Tablet [WP Thyroid],Drug,RxNorm Extension,standard,H03A_thyroid_preparations,thyroid_hormones,Thyroid hormones,drug
21047060,levothyroxine 0.005 MG/ML Oral Solution by Waymade,Drug,RxNorm Extension,standard,H03A_thyroid_preparations,thyroid_hormones,Thyroid hormones,drug
21047061,levothyroxine 0.005 MG/ML Oral Solution [Eltroxin],Drug,RxNorm Extension,standard,H03A_thyroid_preparations,thyroid_hormones,Thyroid hormones,drug
21047062,levothyroxine 0.005 MG/ML Oral Suspension,Drug,RxNorm Extension,standard,H03A_thyroid_preparations,thyroid_hormones,Thyroid hormones,drug
21047063,levothyroxine 0.0064 MG/ML Oral Solution,Drug,RxNorm Extension,standard,H03A_thyroid_preparations,thyroid_hormones,Thyroid hormones,drug
21047066,levothyroxine 0.012 MG/ML,Drug,RxNorm Extension,standard,H03A_thyroid_preparations,thyroid_hormones,Thyroid hormones,drug
21047068,levothyroxine 0.013 MG Oral Capsule Box of 1,Drug,RxNorm Extension,standard,H03A_thyroid_preparations,thyroid_hormones,Thyroid hormones,drug
21047069,levothyroxine 0.125 MG Injectable Solution,Drug,RxNorm Extension,standard,H03A_thyroid_preparations,thyroid_hormones,Thyroid hormones,drug
21047070,levothyroxine 0.008 MG/ML Oral Suspension,Drug,RxNorm Extension,standard,H03A_thyroid_preparations,thyroid_hormones,Thyroid hormones,drug
21047071,levothyroxine 0.05 MG Oral Tablet by Generics,Drug,RxNorm Extension,standard,H03A_thyroid_preparations,thyroid_hormones,Thyroid hormones,drug
21047073,levothyroxine 0.05 MG Oral Tablet Box of 1000 by Alliance,Drug,RxNorm Extension,standard,H03A_thyroid_preparations,thyroid_hormones,Thyroid hormones,drug
21047075,levothyroxine 0.0075 MG/ML Oral Solution,Drug,RxNorm Extension,standard,H03A_thyroid_preparations,thyroid_hormones,Thyroid hormones,drug
21047077,levothyroxine 0.1 MG Oral Tablet Box of 28 by Alliance,Drug,RxNorm Extension,standard,H03A_thyroid_preparations,thyroid_hormones,Thyroid hormones,drug
21047078,levothyroxine 0.1 MG Oral Tablet Box of 1000 by Boots,Drug,RxNorm Extension,standard,H03A_thyroid_preparations,thyroid_hormones,Thyroid hormones,drug
21047079,levothyroxine 0.025 MG Oral Tablet Box of 28 by AMCo,Drug,RxNorm Extension,standard,H03A_thyroid_preparations,thyroid_hormones,Thyroid hormones,drug
21047080,levothyroxine 0.025 MG Oral Tablet Box of 28 by A A H,Drug,RxNorm Extension,standard,H03A_thyroid_preparations,thyroid_hormones,Thyroid hormones,drug
21047081,levothyroxine 0.025 MG Oral Tablet [Eltroxin] Box of 28,Drug,RxNorm Extension,standard,H03A_thyroid_preparations,thyroid_hormones,Thyroid hormones,drug
21047082,levothyroxine 0.01 MG/ML Oral Solution,Drug,RxNorm Extension,standard,H03A_thyroid_preparations,thyroid_hormones,Thyroid hormones,drug
21048186,1 ML liothyronine 0.0075 MG/ML Oral Suspension,Drug,RxNorm Extension,standard,H03A_thyroid_preparations,thyroid_hormones,Thyroid hormones,drug
21048221,1 ML levothyroxine 0.08 MG/ML Oral Solution,Drug,RxNorm Extension,standard,H03A_thyroid_preparations,thyroid_hormones,Thyroid hormones,drug
21048222,1 ML levothyroxine 0.1 MG/ML Oral Solution,Drug,RxNorm Extension,standard,H03A_thyroid_preparations,thyroid_hormones,Thyroid hormones,drug
21048223,1 ML levothyroxine 0.1 MG/ML Oral Suspension,Drug,RxNorm Extension,standard,H03A_thyroid_preparations,thyroid_hormones,Thyroid hormones,drug
21048224,1 ML levothyroxine 0.0625 MG/ML Oral Solution,Drug,RxNorm Extension,standard,H03A_thyroid_preparations,thyroid_hormones,Thyroid hormones,drug
21048228,1 ML levothyroxine 0.06 MG/ML Oral Solution,Drug,RxNorm Extension,standard,H03A_thyroid_preparations,thyroid_hormones,Thyroid hormones,drug
21048229,1 ML levothyroxine 0.014 MG/ML Oral Solution,Drug,RxNorm Extension,standard,H03A_thyroid_preparations,thyroid_hormones,Thyroid hormones,drug
21048231,1 ML levothyroxine 0.00125 MG/ML Oral Suspension,Drug,RxNorm Extension,standard,H03A_thyroid_preparations,thyroid_hormones,Thyroid hormones,drug
21048234,1 ML levothyroxine 0.024 MG/ML Oral Suspension,Drug,RxNorm Extension,standard,H03A_thyroid_preparations,thyroid_hormones,Thyroid hormones,drug
21048237,1 ML levothyroxine 0.0048 MG/ML Oral Suspension,Drug,RxNorm Extension,standard,H03A_thyroid_preparations,thyroid_hormones,Thyroid hormones,drug
21049617,100 ML levothyroxine 0.01 MG/ML Oral Solution [Evotrox],Drug,RxNorm Extension,standard,H03A_thyroid_preparations,thyroid_hormones,Thyroid hormones,drug
21056481,liothyronine 0.005 MG Oral Tablet [Cytomel] Box of 100,Drug,RxNorm Extension,standard,H03A_thyroid_preparations,thyroid_hormones,Thyroid hormones,drug
21056483,liothyronine 0.02 MG Oral Tablet by Alliance,Drug,RxNorm Extension,standard,H03A_thyroid_preparations,thyroid_hormones,Thyroid hormones,drug
21056484,liothyronine 0.02 MG Oral Tablet Box of 28 by Alliance,Drug,RxNorm Extension,standard,H03A_thyroid_preparations,thyroid_hormones,Thyroid hormones,drug
21056485,liothyronine 0.02 MG Injection by Alliance,Drug,RxNorm Extension,standard,H03A_thyroid_preparations,thyroid_hormones,Thyroid hormones,drug
21056486,liothyronine 0.0075 MG/ML,Drug,RxNorm Extension,standard,H03A_thyroid_preparations,thyroid_hormones,Thyroid hormones,drug
21056488,liothyronine 0.002 MG/ML,Drug,RxNorm Extension,standard,H03A_thyroid_preparations,thyroid_hormones,Thyroid hormones,drug
21056489,levothyroxine 0.06 MG / liothyronine 0.0125 MG Oral Tablet [Armour Thyroid],Drug,RxNorm Extension,standard,H03A_thyroid_preparations,thyroid_hormones,Thyroid hormones,drug
21056496,levothyroxine 0.04 MG / liothyronine 0.009 MG Oral Tablet Box of 1,Drug,RxNorm Extension,standard,H03A_thyroid_preparations,thyroid_hormones,Thyroid hormones,drug
21056777,levothyroxine 0.08 MG/ML Oral Solution,Drug,RxNorm Extension,standard,H03A_thyroid_preparations,thyroid_hormones,Thyroid hormones,drug
21056778,levothyroxine 0.065 MG/ML,Drug,RxNorm Extension,standard,H03A_thyroid_preparations,thyroid_hormones,Thyroid hormones,drug
21056780,levothyroxine 0.02 MG/ML Oral Solution [Evotrox],Drug,RxNorm Extension,standard,H03A_thyroid_preparations,thyroid_hormones,Thyroid hormones,drug
21056781,levothyroxine 0.02 MG/ML Oral Solution [Eltroxin],Drug,RxNorm Extension,standard,H03A_thyroid_preparations,thyroid_hormones,Thyroid hormones,drug
21056782,levothyroxine 0.025 MG/ML Oral Solution,Drug,RxNorm Extension,standard,H03A_thyroid_preparations,thyroid_hormones,Thyroid hormones,drug
21056783,levothyroxine 0.04 MG/ML Oral Suspension,Drug,RxNorm Extension,standard,H03A_thyroid_preparations,thyroid_hormones,Thyroid hormones,drug
21056785,levothyroxine 0.001 MG/ML,Drug,RxNorm Extension,standard,H03A_thyroid_preparations,thyroid_hormones,Thyroid hormones,drug
21056787,levothyroxine 0.06 MG/ML Oral Solution,Drug,RxNorm Extension,standard,H03A_thyroid_preparations,thyroid_hormones,Thyroid hormones,drug
21056789,levothyroxine 0.007 MG/ML Oral Suspension,Drug,RxNorm Extension,standard,H03A_thyroid_preparations,thyroid_hormones,Thyroid hormones,drug
21056790,levothyroxine 0.05 MG Oral Tablet by Mylan,Drug,RxNorm Extension,standard,H03A_thyroid_preparations,thyroid_hormones,Thyroid hormones,drug
21056791,levothyroxine 0.05 MG Oral Tablet by Mawdsley-Brooks,Drug,RxNorm Extension,standard,H03A_thyroid_preparations,thyroid_hormones,Thyroid hormones,drug
21056792,levothyroxine 0.05 MG Oral Tablet by Almus,Drug,RxNorm Extension,standard,H03A_thyroid_preparations,thyroid_hormones,Thyroid hormones,drug
21056793,levothyroxine 0.05 MG Oral Tablet Box of 28 by Kent,Drug,RxNorm Extension,standard,H03A_thyroid_preparations,thyroid_hormones,Thyroid hormones,drug
21056794,levothyroxine 0.05 MG Oral Tablet Box of 28 by Waymade,Drug,RxNorm Extension,standard,H03A_thyroid_preparations,thyroid_hormones,Thyroid hormones,drug
21056795,levothyroxine 0.05 MG Injectable Solution,Drug,RxNorm Extension,standard,H03A_thyroid_preparations,thyroid_hormones,Thyroid hormones,drug
21056797,levothyroxine 0.15 MG Injectable Solution,Drug,RxNorm Extension,standard,H03A_thyroid_preparations,thyroid_hormones,Thyroid hormones,drug
21056799,levothyroxine 0.1 MG Oral Tablet Box of 84,Drug,RxNorm Extension,standard,H03A_thyroid_preparations,thyroid_hormones,Thyroid hormones,drug
21056800,levothyroxine 0.1 MG Oral Tablet Box of 84 by A A H,Drug,RxNorm Extension,standard,H03A_thyroid_preparations,thyroid_hormones,Thyroid hormones,drug
21056801,levothyroxine 0.1 MG Oral Tablet [Eltroxin] Box of 28,Drug,RxNorm Extension,standard,H03A_thyroid_preparations,thyroid_hormones,Thyroid hormones,drug
21056802,levothyroxine 0.1 MG Injectable Solution,Drug,RxNorm Extension,standard,H03A_thyroid_preparations,thyroid_hormones,Thyroid hormones,drug
21056803,levothyroxine 0.025 MG Oral Tablet Box of 28 by Wockhardt,Drug,RxNorm Extension,standard,H03A_thyroid_preparations,thyroid_hormones,Thyroid hormones,drug
21056804,levothyroxine 0.01 MG/ML [Evotrox],Drug,RxNorm Extension,standard,H03A_thyroid_preparations,thyroid_hormones,Thyroid hormones,drug
21056808,levothyroxine 0.075 MG/ML Oral Solution,Drug,RxNorm Extension,standard,H03A_thyroid_preparations,thyroid_hormones,Thyroid hormones,drug
21056809,levothyroxine 0.075 MG/ML Oral Suspension,Drug,RxNorm Extension,standard,H03A_thyroid_preparations,thyroid_hormones,Thyroid hormones,drug
21056810,levothyroxine 0.016 MG/ML Oral Suspension,Drug,RxNorm Extension,standard,H03A_thyroid_preparations,thyroid_hormones,Thyroid hormones,drug
21056814,levothyroxine 0.0074 MG/ML Oral Solution,Drug,RxNorm Extension,standard,H03A_thyroid_preparations,thyroid_hormones,Thyroid hormones,drug
21056815,levothyroxine 0.0025 MG/ML Oral Suspension,Drug,RxNorm Extension,standard,H03A_thyroid_preparations,thyroid_hormones,Thyroid hormones,drug
21058014,1 ML levothyroxine 0.08 MG/ML Oral Suspension,Drug,RxNorm Extension,standard,H03A_thyroid_preparations,thyroid_hormones,Thyroid hormones,drug
21058016,1 ML levothyroxine 0.0112 MG/ML Oral Suspension,Drug,RxNorm Extension,standard,H03A_thyroid_preparations,thyroid_hormones,Thyroid hormones,drug
21058018,1 ML levothyroxine 0.011 MG/ML Oral Suspension,Drug,RxNorm Extension,standard,H03A_thyroid_preparations,thyroid_hormones,Thyroid hormones,drug
21058019,1 ML levothyroxine 0.057 MG/ML Oral Suspension,Drug,RxNorm Extension,standard,H03A_thyroid_preparations,thyroid_hormones,Thyroid hormones,drug
21066305,liothyronine 0.01 MG Oral Capsule,Drug,RxNorm Extension,standard,H03A_thyroid_preparations,thyroid_hormones,Thyroid hormones,drug
21066308,levothyroxine 0.19 MG / liothyronine 0.045 MG Oral Tablet Box of 500,Drug,RxNorm Extension,standard,H03A_thyroid_preparations,thyroid_hormones,Thyroid hormones,drug
21066310,levothyroxine 0.019 MG / liothyronine 0.004 MG [Erfa Thyroid],Drug,RxNorm Extension,standard,H03A_thyroid_preparations,thyroid_hormones,Thyroid hormones,drug
21066311,levothyroxine 0.019 MG / liothyronine 0.004 MG Oral Tablet [Erfa Thyroid] Box of 500,Drug,RxNorm Extension,standard,H03A_thyroid_preparations,thyroid_hormones,Thyroid hormones,drug
21066312,levothyroxine 0.019 MG / liothyronine 0.0045 MG Oral Tablet [Armour Thyroid] Box of 100,Drug,RxNorm Extension,standard,H03A_thyroid_preparations,thyroid_hormones,Thyroid hormones,drug
21066314,levothyroxine 0.112 MG / liothyronine 0.025 MG Oral Tablet,Drug,RxNorm Extension,standard,H03A_thyroid_preparations,thyroid_hormones,Thyroid hormones,drug
21066315,levothyroxine 0.075 MG / liothyronine 0.018 MG Oral Tablet [Nature-Throid],Drug,RxNorm Extension,standard,H03A_thyroid_preparations,thyroid_hormones,Thyroid hormones,drug
21066629,levothyroxine 0.035 MG/ML Oral Suspension,Drug,RxNorm Extension,standard,H03A_thyroid_preparations,thyroid_hormones,Thyroid hormones,drug
21066631,levothyroxine 0.005 MG/ML Oral Solution [Evotrox] by Kappin,Drug,RxNorm Extension,standard,H03A_thyroid_preparations,thyroid_hormones,Thyroid hormones,drug
21066633,levothyroxine 0.02 MG/ML Oral Solution by AMCo,Drug,RxNorm Extension,standard,H03A_thyroid_preparations,thyroid_hormones,Thyroid hormones,drug
21066634,levothyroxine 0.02 MG/ML Oral Suspension,Drug,RxNorm Extension,standard,H03A_thyroid_preparations,thyroid_hormones,Thyroid hormones,drug
21066635,levothyroxine 0.055 MG/ML,Drug,RxNorm Extension,standard,H03A_thyroid_preparations,thyroid_hormones,Thyroid hormones,drug
21066637,levothyroxine 0.0096 MG/ML,Drug,RxNorm Extension,standard,H03A_thyroid_preparations,thyroid_hormones,Thyroid hormones,drug
21066638,levothyroxine 0.035 MG,Drug,RxNorm Extension,standard,H03A_thyroid_preparations,thyroid_hormones,Thyroid hormones,drug
21066639,levothyroxine 0.04 MG Injectable Solution,Drug,RxNorm Extension,standard,H03A_thyroid_preparations,thyroid_hormones,Thyroid hormones,drug
21066640,levothyroxine 0.06 MG Injectable Solution Box of 1,Drug,RxNorm Extension,standard,H03A_thyroid_preparations,thyroid_hormones,Thyroid hormones,drug
21066641,levothyroxine 0.011 MG/ML Oral Suspension,Drug,RxNorm Extension,standard,H03A_thyroid_preparations,thyroid_hormones,Thyroid hormones,drug
21066642,levothyroxine 0.05 MG Oral Tablet by Phoenix Labs,Drug,RxNorm Extension,standard,H03A_thyroid_preparations,thyroid_hormones,Thyroid hormones,drug
21066643,levothyroxine 0.05 MG Oral Tablet Box of 28,Drug,RxNorm Extension,standard,H03A_thyroid_preparations,thyroid_hormones,Thyroid hormones,drug
21066644,levothyroxine 0.05 MG Oral Tablet Box of 28 by Mylan,Drug,RxNorm Extension,standard,H03A_thyroid_preparations,thyroid_hormones,Thyroid hormones,drug
21066645,levothyroxine 0.05 MG Oral Tablet Box of 28 by Phoenix Labs,Drug,RxNorm Extension,standard,H03A_thyroid_preparations,thyroid_hormones,Thyroid hormones,drug
21066646,levothyroxine 0.05 MG Oral Tablet Box of 28 by Almus,Drug,RxNorm Extension,standard,H03A_thyroid_preparations,thyroid_hormones,Thyroid hormones,drug
21066648,levothyroxine 0.1 MG Oral Capsule Box of 28,Drug,RxNorm Extension,standard,H03A_thyroid_preparations,thyroid_hormones,Thyroid hormones,drug
21066650,levothyroxine 0.1 MG Oral Tablet Box of 28 by Waymade,Drug,RxNorm Extension,standard,H03A_thyroid_preparations,thyroid_hormones,Thyroid hormones,drug
21066651,levothyroxine 0.1 MG Oral Tablet Box of 1000 by Alliance,Drug,RxNorm Extension,standard,H03A_thyroid_preparations,thyroid_hormones,Thyroid hormones,drug
21066652,levothyroxine 0.025 MG Oral Tablet by Waymade,Drug,RxNorm Extension,standard,H03A_thyroid_preparations,thyroid_hormones,Thyroid hormones,drug
21066653,levothyroxine 0.025 MG Oral Tablet by AMCo,Drug,RxNorm Extension,standard,H03A_thyroid_preparations,thyroid_hormones,Thyroid hormones,drug
21066654,levothyroxine 0.025 MG Oral Tablet Box of 28,Drug,RxNorm Extension,standard,H03A_thyroid_preparations,thyroid_hormones,Thyroid hormones,drug
21066655,levothyroxine 0.01 MG/ML Oral Solution by TEVA,Drug,RxNorm Extension,standard,H03A_thyroid_preparations,thyroid_hormones,Thyroid hormones,drug
21066656,levothyroxine 0.01 MG/ML Oral Solution [Evotrox] by Kappin,Drug,RxNorm Extension,standard,H03A_thyroid_preparations,thyroid_hormones,Thyroid hormones,drug
21066657,levothyroxine 0.01 MG/ML Oral Suspension,Drug,RxNorm Extension,standard,H03A_thyroid_preparations,thyroid_hormones,Thyroid hormones,drug
21066658,levothyroxine 0.045 MG/ML Oral Suspension,Drug,RxNorm Extension,standard,H03A_thyroid_preparations,thyroid_hormones,Thyroid hormones,drug
21066659,levothyroxine 0.075 MG/ML,Drug,RxNorm Extension,standard,H03A_thyroid_preparations,thyroid_hormones,Thyroid hormones,drug
21067854,1 ML liothyronine 0.01 MG/ML Oral Solution,Drug,RxNorm Extension,standard,H03A_thyroid_preparations,thyroid_hormones,Thyroid hormones,drug
21067897,1 ML levothyroxine 0.02 MG/ML Oral Suspension,Drug,RxNorm Extension,standard,H03A_thyroid_preparations,thyroid_hormones,Thyroid hormones,drug
21067899,1 ML levothyroxine 0.085 MG/ML Oral Suspension,Drug,RxNorm Extension,standard,H03A_thyroid_preparations,thyroid_hormones,Thyroid hormones,drug
21067901,1 ML levothyroxine 0.03 MG/ML Oral Solution,Drug,RxNorm Extension,standard,H03A_thyroid_preparations,thyroid_hormones,Thyroid hormones,drug
21067902,1 ML levothyroxine 0.003 MG/ML Oral Suspension,Drug,RxNorm Extension,standard,H03A_thyroid_preparations,thyroid_hormones,Thyroid hormones,drug
21069373,100 ML levothyroxine 0.005 MG/ML Oral Solution [Evotrox],Drug,RxNorm Extension,standard,H03A_thyroid_preparations,thyroid_hormones,Thyroid hormones,drug
21069374,100 ML levothyroxine 0.02 MG/ML Oral Suspension,Drug,RxNorm Extension,standard,H03A_thyroid_preparations,thyroid_hormones,Thyroid hormones,drug
21076237,liothyronine 0.02 MG [Tertroxin],Drug,RxNorm Extension,standard,H03A_thyroid_preparations,thyroid_hormones,Thyroid hormones,drug
21076239,liothyronine 0.01 MG/ML Oral Solution,Drug,RxNorm Extension,standard,H03A_thyroid_preparations,thyroid_hormones,Thyroid hormones,drug
21076242,levothyroxine 0.019 MG / liothyronine 0.0045 MG Oral Tablet Box of 100,Drug,RxNorm Extension,standard,H03A_thyroid_preparations,thyroid_hormones,Thyroid hormones,drug
21076243,levothyroxine 0.019 MG / liothyronine 0.0045 MG Oral Tablet [Armour Thyroid],Drug,RxNorm Extension,standard,H03A_thyroid_preparations,thyroid_hormones,Thyroid hormones,drug
21076247,levothyroxine 0.0095 MG / liothyronine 0.00225 MG Oral Tablet [Nature-Throid] Box of 30,Drug,RxNorm Extension,standard,H03A_thyroid_preparations,thyroid_hormones,Thyroid hormones,drug
21076249,levothyroxine 0.035 MG / liothyronine 0.0075 MG Oral Tablet [Erfa Thyroid],Drug,RxNorm Extension,standard,H03A_thyroid_preparations,thyroid_hormones,Thyroid hormones,drug
21076250,levothyroxine 0.19 MG / liothyronine 0.045 MG Oral Tablet Box of 1,Drug,RxNorm Extension,standard,H03A_thyroid_preparations,thyroid_hormones,Thyroid hormones,drug
21076480,tiratricol 0.35 MG Oral Tablet [Teatrois] Box of 100,Drug,RxNorm Extension,standard,H03A_thyroid_preparations,thyroid_hormones,Thyroid hormones,drug
21076529,levothyroxine 0.08 MG/ML,Drug,RxNorm Extension,standard,H03A_thyroid_preparations,thyroid_hormones,Thyroid hormones,drug
21076530,levothyroxine 0.005 MG/ML [Eltroxin],Drug,RxNorm Extension,standard,H03A_thyroid_preparations,thyroid_hormones,Thyroid hormones,drug
21076531,levothyroxine 0.07 MG/ML Oral Suspension,Drug,RxNorm Extension,standard,H03A_thyroid_preparations,thyroid_hormones,Thyroid hormones,drug
21076532,levothyroxine 0.5 MG Injection [Levothroid] Box of 1,Drug,RxNorm Extension,standard,H03A_thyroid_preparations,thyroid_hormones,Thyroid hormones,drug
21076533,levothyroxine 0.02 MG/ML Oral Solution,Drug,RxNorm Extension,standard,H03A_thyroid_preparations,thyroid_hormones,Thyroid hormones,drug
21076534,levothyroxine 0.15 MG/ML Oral Suspension,Drug,RxNorm Extension,standard,H03A_thyroid_preparations,thyroid_hormones,Thyroid hormones,drug
21076535,levothyroxine 0.0112 MG/ML Oral Solution,Drug,RxNorm Extension,standard,H03A_thyroid_preparations,thyroid_hormones,Thyroid hormones,drug
21076536,levothyroxine 0.09 MG/ML Oral Suspension,Drug,RxNorm Extension,standard,H03A_thyroid_preparations,thyroid_hormones,Thyroid hormones,drug
21076537,levothyroxine 0.014 MG/ML,Drug,RxNorm Extension,standard,H03A_thyroid_preparations,thyroid_hormones,Thyroid hormones,drug
21076541,levothyroxine 0.05 MG Oral Tablet Box of 28 by AMCo,Drug,RxNorm Extension,standard,H03A_thyroid_preparations,thyroid_hormones,Thyroid hormones,drug
21076542,levothyroxine 0.05 MG Oral Tablet Box of 28 by Ivax,Drug,RxNorm Extension,standard,H03A_thyroid_preparations,thyroid_hormones,Thyroid hormones,drug
21076543,levothyroxine 0.05 MG Oral Tablet Box of 1000 by Kent,Drug,RxNorm Extension,standard,H03A_thyroid_preparations,thyroid_hormones,Thyroid hormones,drug
21076544,levothyroxine 0.05 MG Oral Tablet [Eltroxin] Box of 28,Drug,RxNorm Extension,standard,H03A_thyroid_preparations,thyroid_hormones,Thyroid hormones,drug
21076547,levothyroxine 0.03 MG/ML,Drug,RxNorm Extension,standard,H03A_thyroid_preparations,thyroid_hormones,Thyroid hormones,drug
21076548,levothyroxine 0.03 MG/ML Oral Suspension,Drug,RxNorm Extension,standard,H03A_thyroid_preparations,thyroid_hormones,Thyroid hormones,drug
21076549,levothyroxine 0.003 MG/ML Oral Suspension,Drug,RxNorm Extension,standard,H03A_thyroid_preparations,thyroid_hormones,Thyroid hormones,drug
21076550,levothyroxine 0.1 MG Oral Tablet by DE,Drug,RxNorm Extension,standard,H03A_thyroid_preparations,thyroid_hormones,Thyroid hormones,drug
21076551,levothyroxine 0.1 MG Oral Tablet by A A H,Drug,RxNorm Extension,standard,H03A_thyroid_preparations,thyroid_hormones,Thyroid hormones,drug
21076552,levothyroxine 0.1 MG Oral Tablet by Actavis,Drug,RxNorm Extension,standard,H03A_thyroid_preparations,thyroid_hormones,Thyroid hormones,drug
21076553,levothyroxine 0.1 MG Oral Tablet Box of 1000 by Sigma-Tau,Drug,RxNorm Extension,standard,H03A_thyroid_preparations,thyroid_hormones,Thyroid hormones,drug
21076554,levothyroxine 0.1 MG Oral Tablet Box of 1000 by Ivax,Drug,RxNorm Extension,standard,H03A_thyroid_preparations,thyroid_hormones,Thyroid hormones,drug
21076555,levothyroxine 0.1 MG Oral Tablet Box of 1000 by Zanza,Drug,RxNorm Extension,standard,H03A_thyroid_preparations,thyroid_hormones,Thyroid hormones,drug
21076557,levothyroxine 0.025 MG Oral Tablet by DE,Drug,RxNorm Extension,standard,H03A_thyroid_preparations,thyroid_hormones,Thyroid hormones,drug
21076558,levothyroxine 0.025 MG Oral Tablet by TEVA,Drug,RxNorm Extension,standard,H03A_thyroid_preparations,thyroid_hormones,Thyroid hormones,drug
21076559,levothyroxine 0.025 MG Oral Tablet by Wockhardt,Drug,RxNorm Extension,standard,H03A_thyroid_preparations,thyroid_hormones,Thyroid hormones,drug
21076560,levothyroxine 0.025 MG Oral Tablet Box of 28 by Waymade,Drug,RxNorm Extension,standard,H03A_thyroid_preparations,thyroid_hormones,Thyroid hormones,drug
21076561,levothyroxine 0.025 MG Oral Tablet Box of 28 by TEVA,Drug,RxNorm Extension,standard,H03A_thyroid_preparations,thyroid_hormones,Thyroid hormones,drug
21076562,levothyroxine 0.025 MG Oral Tablet Box of 28 by Ivax,Drug,RxNorm Extension,standard,H03A_thyroid_preparations,thyroid_hormones,Thyroid hormones,drug
21076563,levothyroxine 0.025 MG Oral Tablet Box of 500,Drug,RxNorm Extension,standard,H03A_thyroid_preparations,thyroid_hormones,Thyroid hormones,drug
21076564,levothyroxine 0.025 MG Oral Tablet Box of 500 by DE,Drug,RxNorm Extension,standard,H03A_thyroid_preparations,thyroid_hormones,Thyroid hormones,drug
21076565,levothyroxine 0.01 MG/ML Oral Solution by Alliance,Drug,RxNorm Extension,standard,H03A_thyroid_preparations,thyroid_hormones,Thyroid hormones,drug
21076566,levothyroxine 0.01 MG/ML Oral Solution [Eltroxin],Drug,RxNorm Extension,standard,H03A_thyroid_preparations,thyroid_hormones,Thyroid hormones,drug
21076567,levothyroxine 0.024 MG/ML Oral Solution,Drug,RxNorm Extension,standard,H03A_thyroid_preparations,thyroid_hormones,Thyroid hormones,drug
21076568,levothyroxine 0.0015 MG/ML Oral Solution,Drug,RxNorm Extension,standard,H03A_thyroid_preparations,thyroid_hormones,Thyroid hormones,drug
21076569,levothyroxine 0.016 MG/ML Oral Solution,Drug,RxNorm Extension,standard,H03A_thyroid_preparations,thyroid_hormones,Thyroid hormones,drug
21076572,levothyroxine 0.006 MG/ML Oral Suspension,Drug,RxNorm Extension,standard,H03A_thyroid_preparations,thyroid_hormones,Thyroid hormones,drug
21076574,levothyroxine 0.2 MG/ML Oral Suspension,Drug,RxNorm Extension,standard,H03A_thyroid_preparations,thyroid_hormones,Thyroid hormones,drug
21076576,levothyroxine 0.05 MG/ML,Drug,RxNorm Extension,standard,H03A_thyroid_preparations,thyroid_hormones,Thyroid hormones,drug
21077721,1 ML liothyronine 0.0075 MG/ML Oral Solution,Drug,RxNorm Extension,standard,H03A_thyroid_preparations,thyroid_hormones,Thyroid hormones,drug
21077750,1 ML levothyroxine 0.035 MG/ML Oral Solution,Drug,RxNorm Extension,standard,H03A_thyroid_preparations,thyroid_hormones,Thyroid hormones,drug
21077752,1 ML levothyroxine 0.025 MG/ML Oral Suspension,Drug,RxNorm Extension,standard,H03A_thyroid_preparations,thyroid_hormones,Thyroid hormones,drug
21077753,1 ML levothyroxine 0.04 MG/ML Oral Solution,Drug,RxNorm Extension,standard,H03A_thyroid_preparations,thyroid_hormones,Thyroid hormones,drug
21077759,1 ML levothyroxine 0.14 MG/ML Oral Solution,Drug,RxNorm Extension,standard,H03A_thyroid_preparations,thyroid_hormones,Thyroid hormones,drug
21079122,100 ML levothyroxine 0.02 MG/ML Oral Solution by Sigma-Tau,Drug,RxNorm Extension,standard,H03A_thyroid_preparations,thyroid_hormones,Thyroid hormones,drug
21079123,100 ML levothyroxine 0.02 MG/ML Oral Solution by Waymade,Drug,RxNorm Extension,standard,H03A_thyroid_preparations,thyroid_hormones,Thyroid hormones,drug
21079124,100 ML levothyroxine 0.01 MG/ML Oral Suspension,Drug,RxNorm Extension,standard,H03A_thyroid_preparations,thyroid_hormones,Thyroid hormones,drug
21085971,liothyronine Oral Solution,Drug,RxNorm Extension,standard,H03A_thyroid_preparations,thyroid_hormones,Thyroid hormones,drug
21085974,liothyronine 0.02 MG Injection by AMCo,Drug,RxNorm Extension,standard,H03A_thyroid_preparations,thyroid_hormones,Thyroid hormones,drug
21085975,liothyronine 0.02 MG Injection by A A H,Drug,RxNorm Extension,standard,H03A_thyroid_preparations,thyroid_hormones,Thyroid hormones,drug
21085976,liothyronine 0.02 MG Injection Box of 20,Drug,RxNorm Extension,standard,H03A_thyroid_preparations,thyroid_hormones,Thyroid hormones,drug
21085978,liothyronine 0.02 MG/ML Oral Suspension,Drug,RxNorm Extension,standard,H03A_thyroid_preparations,thyroid_hormones,Thyroid hormones,drug
21085979,liothyronine 0.001 MG/ML Oral Solution,Drug,RxNorm Extension,standard,H03A_thyroid_preparations,thyroid_hormones,Thyroid hormones,drug
21085980,levothyroxine 0.06 MG / liothyronine 0.0125 MG Oral Tablet [Armour Thyroid] Box of 100,Drug,RxNorm Extension,standard,H03A_thyroid_preparations,thyroid_hormones,Thyroid hormones,drug
21085981,levothyroxine 0.19 MG / liothyronine 0.045 MG [Erfa Thyroid],Drug,RxNorm Extension,standard,H03A_thyroid_preparations,thyroid_hormones,Thyroid hormones,drug
21085982,levothyroxine 0.019 MG / liothyronine 0.0045 MG Oral Tablet [Nature-Throid] Box of 100,Drug,RxNorm Extension,standard,H03A_thyroid_preparations,thyroid_hormones,Thyroid hormones,drug
21085983,levothyroxine 0.0095 MG / liothyronine 0.00225 MG [Armour Thyroid],Drug,RxNorm Extension,standard,H03A_thyroid_preparations,thyroid_hormones,Thyroid hormones,drug
21085984,levothyroxine 0.075 MG / liothyronine 0.017 MG Oral Tablet Box of 500,Drug,RxNorm Extension,standard,H03A_thyroid_preparations,thyroid_hormones,Thyroid hormones,drug
21085985,levothyroxine 0.04 MG / liothyronine 0.009 MG [Nature-Throid],Drug,RxNorm Extension,standard,H03A_thyroid_preparations,thyroid_hormones,Thyroid hormones,drug
21085987,levothyroxine 0.04 MG / liothyronine 0.009 MG Oral Tablet Box of 60,Drug,RxNorm Extension,standard,H03A_thyroid_preparations,thyroid_hormones,Thyroid hormones,drug
21086193,tiratricol Oral Tablet [Teatrois],Drug,RxNorm Extension,standard,H03A_thyroid_preparations,thyroid_hormones,Thyroid hormones,drug
21086267,levothyroxine 0.005 MG/ML,Drug,RxNorm Extension,standard,H03A_thyroid_preparations,thyroid_hormones,Thyroid hormones,drug
21086269,levothyroxine 0.5 MG Injection Box of 1,Drug,RxNorm Extension,standard,H03A_thyroid_preparations,thyroid_hormones,Thyroid hormones,drug
21086270,levothyroxine 0.02 MG/ML Oral Solution by Sigma-Tau,Drug,RxNorm Extension,standard,H03A_thyroid_preparations,thyroid_hormones,Thyroid hormones,drug
21086271,levothyroxine 0.02 MG/ML Oral Solution [Eltroxin] by AMCo,Drug,RxNorm Extension,standard,H03A_thyroid_preparations,thyroid_hormones,Thyroid hormones,drug
21086273,levothyroxine 0.085 MG/ML,Drug,RxNorm Extension,standard,H03A_thyroid_preparations,thyroid_hormones,Thyroid hormones,drug
21086274,levothyroxine 0.085 MG/ML Oral Solution,Drug,RxNorm Extension,standard,H03A_thyroid_preparations,thyroid_hormones,Thyroid hormones,drug
21086276,levothyroxine 0.125 MG/ML,Drug,RxNorm Extension,standard,H03A_thyroid_preparations,thyroid_hormones,Thyroid hormones,drug
21086277,levothyroxine 0.007 MG/ML,Drug,RxNorm Extension,standard,H03A_thyroid_preparations,thyroid_hormones,Thyroid hormones,drug
21086280,levothyroxine 0.0125 MG/ML Oral Suspension,Drug,RxNorm Extension,standard,H03A_thyroid_preparations,thyroid_hormones,Thyroid hormones,drug
21086283,levothyroxine 0.05 MG Oral Tablet by TEVA,Drug,RxNorm Extension,standard,H03A_thyroid_preparations,thyroid_hormones,Thyroid hormones,drug
21086284,levothyroxine 0.05 MG Oral Tablet Box of 1000 by A A H,Drug,RxNorm Extension,standard,H03A_thyroid_preparations,thyroid_hormones,Thyroid hormones,drug
21086285,levothyroxine 0.05 MG Oral Tablet [Eltroxin] Box of 28 by AMCo,Drug,RxNorm Extension,standard,H03A_thyroid_preparations,thyroid_hormones,Thyroid hormones,drug
21086286,levothyroxine 0.002 MG/ML Oral Suspension,Drug,RxNorm Extension,standard,H03A_thyroid_preparations,thyroid_hormones,Thyroid hormones,drug
21086290,levothyroxine 0.1 MG Oral Tablet by Mawdsley-Brooks,Drug,RxNorm Extension,standard,H03A_thyroid_preparations,thyroid_hormones,Thyroid hormones,drug
21086291,levothyroxine 0.1 MG Oral Tablet Box of 28 by A A H,Drug,RxNorm Extension,standard,H03A_thyroid_preparations,thyroid_hormones,Thyroid hormones,drug
21086292,levothyroxine 0.1 MG Oral Tablet Box of 1000 by Mylan,Drug,RxNorm Extension,standard,H03A_thyroid_preparations,thyroid_hormones,Thyroid hormones,drug
21086293,levothyroxine 0.1 MG Oral Tablet Box of 1000 by TEVA,Drug,RxNorm Extension,standard,H03A_thyroid_preparations,thyroid_hormones,Thyroid hormones,drug
21086294,levothyroxine 0.025 MG Oral Tablet by Actavis,Drug,RxNorm Extension,standard,H03A_thyroid_preparations,thyroid_hormones,Thyroid hormones,drug
21086295,levothyroxine 0.025 MG Oral Tablet Box of 28 by Mawdsley-Brooks,Drug,RxNorm Extension,standard,H03A_thyroid_preparations,thyroid_hormones,Thyroid hormones,drug
21086296,levothyroxine 0.045 MG/ML Oral Solution,Drug,RxNorm Extension,standard,H03A_thyroid_preparations,thyroid_hormones,Thyroid hormones,drug
21086298,levothyroxine 0.2 MG Injectable Solution,Drug,RxNorm Extension,standard,H03A_thyroid_preparations,thyroid_hormones,Thyroid hormones,drug
21086299,levothyroxine 0.0048 MG/ML Oral Suspension,Drug,RxNorm Extension,standard,H03A_thyroid_preparations,thyroid_hormones,Thyroid hormones,drug
21086300,levothyroxine 0.015 MG/ML,Drug,RxNorm Extension,standard,H03A_thyroid_preparations,thyroid_hormones,Thyroid hormones,drug
21087440,1 ML liothyronine 0.02 MG/ML Oral Suspension,Drug,RxNorm Extension,standard,H03A_thyroid_preparations,thyroid_hormones,Thyroid hormones,drug
21087485,1 ML levothyroxine 0.0064 MG/ML Oral Suspension,Drug,RxNorm Extension,standard,H03A_thyroid_preparations,thyroid_hormones,Thyroid hormones,drug
21087488,1 ML levothyroxine 0.011 MG/ML Oral Solution,Drug,RxNorm Extension,standard,H03A_thyroid_preparations,thyroid_hormones,Thyroid hormones,drug
21087489,1 ML levothyroxine 0.5 MG/ML Oral Suspension,Drug,RxNorm Extension,standard,H03A_thyroid_preparations,thyroid_hormones,Thyroid hormones,drug
21087490,1 ML levothyroxine 0.14 MG/ML Oral Suspension,Drug,RxNorm Extension,standard,H03A_thyroid_preparations,thyroid_hormones,Thyroid hormones,drug
21087491,1 ML levothyroxine 0.002 MG/ML Oral Suspension,Drug,RxNorm Extension,standard,H03A_thyroid_preparations,thyroid_hormones,Thyroid hormones,drug
21087493,1 ML levothyroxine 0.018 MG/ML Oral Solution,Drug,RxNorm Extension,standard,H03A_thyroid_preparations,thyroid_hormones,Thyroid hormones,drug
21088810,100 ML levothyroxine 0.005 MG/ML Oral Solution by Waymade,Drug,RxNorm Extension,standard,H03A_thyroid_preparations,thyroid_hormones,Thyroid hormones,drug
21088811,100 ML levothyroxine 0.005 MG/ML Oral Solution by A A H,Drug,RxNorm Extension,standard,H03A_thyroid_preparations,thyroid_hormones,Thyroid hormones,drug
21088812,100 ML levothyroxine 0.01 MG/ML Oral Solution by Almus,Drug,RxNorm Extension,standard,H03A_thyroid_preparations,thyroid_hormones,Thyroid hormones,drug
21088923,150 ML levothyroxine 0.005 MG/ML Oral Solution,Drug,RxNorm Extension,standard,H03A_thyroid_preparations,thyroid_hormones,Thyroid hormones,drug
21095717,liothyronine 0.02 MG Oral Tablet by A A H,Drug,RxNorm Extension,standard,H03A_thyroid_preparations,thyroid_hormones,Thyroid hormones,drug
21095719,levothyroxine / liothyronine Oral Tablet [WP Thyroid],Drug,RxNorm Extension,standard,H03A_thyroid_preparations,thyroid_hormones,Thyroid hormones,drug
21095720,levothyroxine 0.019 MG / liothyronine 0.0045 MG [Armour Thyroid],Drug,RxNorm Extension,standard,H03A_thyroid_preparations,thyroid_hormones,Thyroid hormones,drug
21095721,levothyroxine 0.0095 MG / liothyronine 0.00225 MG Oral Tablet Box of 1,Drug,RxNorm Extension,standard,H03A_thyroid_preparations,thyroid_hormones,Thyroid hormones,drug
21095722,levothyroxine 0.0095 MG / liothyronine 0.00225 MG Oral Tablet [Armour Thyroid],Drug,RxNorm Extension,standard,H03A_thyroid_preparations,thyroid_hormones,Thyroid hormones,drug
21095723,levothyroxine 0.0095 MG / liothyronine 0.00225 MG Oral Tablet [Armour Thyroid] Box of 100,Drug,RxNorm Extension,standard,H03A_thyroid_preparations,thyroid_hormones,Thyroid hormones,drug
21095726,levothyroxine 0.075 MG / liothyronine 0.018 MG [Armour Thyroid],Drug,RxNorm Extension,standard,H03A_thyroid_preparations,thyroid_hormones,Thyroid hormones,drug
21095727,levothyroxine 0.075 MG / liothyronine 0.018 MG Oral Tablet [Nature-Throid] Box of 100,Drug,RxNorm Extension,standard,H03A_thyroid_preparations,thyroid_hormones,Thyroid hormones,drug
21096045,levothyroxine Oral Solution [Eltroxin],Drug,RxNorm Extension,standard,H03A_thyroid_preparations,thyroid_hormones,Thyroid hormones,drug
21096047,levothyroxine 0.005 MG/ML Oral Solution by Sigma-Tau,Drug,RxNorm Extension,standard,H03A_thyroid_preparations,thyroid_hormones,Thyroid hormones,drug
21096049,levothyroxine 0.5 MG [Levothroid],Drug,RxNorm Extension,standard,H03A_thyroid_preparations,thyroid_hormones,Thyroid hormones,drug
21096052,levothyroxine 0.0054 MG/ML,Drug,RxNorm Extension,standard,H03A_thyroid_preparations,thyroid_hormones,Thyroid hormones,drug
21096053,levothyroxine 0.009 MG/ML,Drug,RxNorm Extension,standard,H03A_thyroid_preparations,thyroid_hormones,Thyroid hormones,drug
21096054,levothyroxine 0.0096 MG/ML Oral Suspension,Drug,RxNorm Extension,standard,H03A_thyroid_preparations,thyroid_hormones,Thyroid hormones,drug
21096055,levothyroxine 0.001 MG/ML Oral Solution,Drug,RxNorm Extension,standard,H03A_thyroid_preparations,thyroid_hormones,Thyroid hormones,drug
21096056,levothyroxine 0.04 MG Injectable Solution Box of 1,Drug,RxNorm Extension,standard,H03A_thyroid_preparations,thyroid_hormones,Thyroid hormones,drug
21096057,levothyroxine 0.06 MG/ML,Drug,RxNorm Extension,standard,H03A_thyroid_preparations,thyroid_hormones,Thyroid hormones,drug
21096059,levothyroxine 0.05 MG Oral Capsule [Tirosint] Box of 28,Drug,RxNorm Extension,standard,H03A_thyroid_preparations,thyroid_hormones,Thyroid hormones,drug
21096061,levothyroxine 0.057 MG/ML,Drug,RxNorm Extension,standard,H03A_thyroid_preparations,thyroid_hormones,Thyroid hormones,drug
21096063,levothyroxine 0.15 MG Oral Capsule Box of 1,Drug,RxNorm Extension,standard,H03A_thyroid_preparations,thyroid_hormones,Thyroid hormones,drug
21096064,levothyroxine 0.075 MG Injectable Solution,Drug,RxNorm Extension,standard,H03A_thyroid_preparations,thyroid_hormones,Thyroid hormones,drug
21096065,levothyroxine 0.1 MG Oral Capsule [Tirosint] Box of 28,Drug,RxNorm Extension,standard,H03A_thyroid_preparations,thyroid_hormones,Thyroid hormones,drug
21096066,levothyroxine 0.1 MG Oral Tablet by Ivax,Drug,RxNorm Extension,standard,H03A_thyroid_preparations,thyroid_hormones,Thyroid hormones,drug
21096067,levothyroxine 0.1 MG Oral Tablet Box of 28 by TEVA,Drug,RxNorm Extension,standard,H03A_thyroid_preparations,thyroid_hormones,Thyroid hormones,drug
21096068,levothyroxine 0.1 MG Oral Tablet [Eltroxin] Box of 28 by AMCo,Drug,RxNorm Extension,standard,H03A_thyroid_preparations,thyroid_hormones,Thyroid hormones,drug
21096071,levothyroxine 0.025 MG Oral Tablet Box of 28 by Actavis,Drug,RxNorm Extension,standard,H03A_thyroid_preparations,thyroid_hormones,Thyroid hormones,drug
21096072,levothyroxine 0.025 MG Oral Tablet Box of 500 by Boots,Drug,RxNorm Extension,standard,H03A_thyroid_preparations,thyroid_hormones,Thyroid hormones,drug
21096074,levothyroxine 0.03 MG Injectable Solution,Drug,RxNorm Extension,standard,H03A_thyroid_preparations,thyroid_hormones,Thyroid hormones,drug
21096075,levothyroxine 0.0074 MG/ML,Drug,RxNorm Extension,standard,H03A_thyroid_preparations,thyroid_hormones,Thyroid hormones,drug
21097290,1 ML levothyroxine 0.005 MG/ML Oral Solution,Drug,RxNorm Extension,standard,H03A_thyroid_preparations,thyroid_hormones,Thyroid hormones,drug
21097291,1 ML levothyroxine 0.065 MG/ML Oral Suspension,Drug,RxNorm Extension,standard,H03A_thyroid_preparations,thyroid_hormones,Thyroid hormones,drug
21097293,1 ML levothyroxine 0.004 MG/ML Oral Solution,Drug,RxNorm Extension,standard,H03A_thyroid_preparations,thyroid_hormones,Thyroid hormones,drug
21097294,1 ML levothyroxine 0.025 MG/ML Oral Solution,Drug,RxNorm Extension,standard,H03A_thyroid_preparations,thyroid_hormones,Thyroid hormones,drug
21097295,1 ML levothyroxine 0.0054 MG/ML Oral Solution,Drug,RxNorm Extension,standard,H03A_thyroid_preparations,thyroid_hormones,Thyroid hormones,drug
21097297,1 ML levothyroxine 0.0096 MG/ML Oral Solution,Drug,RxNorm Extension,standard,H03A_thyroid_preparations,thyroid_hormones,Thyroid hormones,drug
21097298,1 ML levothyroxine 0.125 MG/ML Oral Suspension,Drug,RxNorm Extension,standard,H03A_thyroid_preparations,thyroid_hormones,Thyroid hormones,drug
21097300,1 ML levothyroxine 0.002 MG/ML Oral Solution,Drug,RxNorm Extension,standard,H03A_thyroid_preparations,thyroid_hormones,Thyroid hormones,drug
21097302,1 ML levothyroxine 0.01 MG/ML Oral Suspension,Drug,RxNorm Extension,standard,H03A_thyroid_preparations,thyroid_hormones,Thyroid hormones,drug
21097303,1 ML levothyroxine 0.045 MG/ML Oral Suspension,Drug,RxNorm Extension,standard,H03A_thyroid_preparations,thyroid_hormones,Thyroid hormones,drug
21097305,1 ML levothyroxine 0.016 MG/ML Oral Suspension,Drug,RxNorm Extension,standard,H03A_thyroid_preparations,thyroid_hormones,Thyroid hormones,drug
21097308,1 ML levothyroxine 0.05 MG/ML Oral Suspension,Drug,RxNorm Extension,standard,H03A_thyroid_preparations,thyroid_hormones,Thyroid hormones,drug
21097309,1 ML levothyroxine 0.015 MG/ML Oral Suspension,Drug,RxNorm Extension,standard,H03A_thyroid_preparations,thyroid_hormones,Thyroid hormones,drug
21098292,50 ML levothyroxine 0.02 MG/ML Oral Suspension,Drug,RxNorm Extension,standard,H03A_thyroid_preparations,thyroid_hormones,Thyroid hormones,drug
21098716,100 ML levothyroxine 0.02 MG/ML Oral Solution [Eltroxin],Drug,RxNorm Extension,standard,H03A_thyroid_preparations,thyroid_hormones,Thyroid hormones,drug
21098717,100 ML levothyroxine 0.01 MG/ML Oral Solution [Eltroxin],Drug,RxNorm Extension,standard,H03A_thyroid_preparations,thyroid_hormones,Thyroid hormones,drug
21105622,levothyroxine 0.19 MG / liothyronine 0.045 MG Oral Tablet [Erfa Thyroid] Box of 500,Drug,RxNorm Extension,standard,H03A_thyroid_preparations,thyroid_hormones,Thyroid hormones,drug
21105623,levothyroxine 0.019 MG / liothyronine 0.004 MG Oral Tablet,Drug,RxNorm Extension,standard,H03A_thyroid_preparations,thyroid_hormones,Thyroid hormones,drug
21105624,levothyroxine 0.019 MG / liothyronine 0.0045 MG Oral Tablet Box of 60,Drug,RxNorm Extension,standard,H03A_thyroid_preparations,thyroid_hormones,Thyroid hormones,drug
21105625,levothyroxine 0.0095 MG / liothyronine 0.00225 MG Oral Tablet Box of 60,Drug,RxNorm Extension,standard,H03A_thyroid_preparations,thyroid_hormones,Thyroid hormones,drug
21105626,levothyroxine 0.0095 MG / liothyronine 0.00225 MG Oral Tablet Box of 90,Drug,RxNorm Extension,standard,H03A_thyroid_preparations,thyroid_hormones,Thyroid hormones,drug
21105629,levothyroxine 0.0095 MG / liothyronine 0.00225 MG Oral Tablet [Nature-Throid] Box of 60,Drug,RxNorm Extension,standard,H03A_thyroid_preparations,thyroid_hormones,Thyroid hormones,drug
21105630,levothyroxine 0.0095 MG / liothyronine 0.00225 MG Oral Tablet [Nature-Throid] Box of 100,Drug,RxNorm Extension,standard,H03A_thyroid_preparations,thyroid_hormones,Thyroid hormones,drug
21105631,levothyroxine 0.075 MG / liothyronine 0.017 MG [Erfa Thyroid],Drug,RxNorm Extension,standard,H03A_thyroid_preparations,thyroid_hormones,Thyroid hormones,drug
21105632,levothyroxine 0.112 MG / liothyronine 0.025 MG Oral Tablet Box of 1,Drug,RxNorm Extension,standard,H03A_thyroid_preparations,thyroid_hormones,Thyroid hormones,drug
21105633,levothyroxine 0.075 MG / liothyronine 0.018 MG Oral Tablet [Armour Thyroid],Drug,RxNorm Extension,standard,H03A_thyroid_preparations,thyroid_hormones,Thyroid hormones,drug
21105634,levothyroxine 0.035 MG / liothyronine 0.0075 MG Oral Tablet [Erfa Thyroid] Box of 500,Drug,RxNorm Extension,standard,H03A_thyroid_preparations,thyroid_hormones,Thyroid hormones,drug
21105635,levothyroxine 0.04 MG / liothyronine 0.009 MG [Armour Thyroid],Drug,RxNorm Extension,standard,H03A_thyroid_preparations,thyroid_hormones,Thyroid hormones,drug
21105636,levothyroxine 0.04 MG / liothyronine 0.009 MG Oral Tablet Box of 100,Drug,RxNorm Extension,standard,H03A_thyroid_preparations,thyroid_hormones,Thyroid hormones,drug
21105637,levothyroxine 0.04 MG / liothyronine 0.009 MG Oral Tablet [Armour Thyroid],Drug,RxNorm Extension,standard,H03A_thyroid_preparations,thyroid_hormones,Thyroid hormones,drug
21105913,levothyroxine 0.055 MG/ML Oral Solution,Drug,RxNorm Extension,standard,H03A_thyroid_preparations,thyroid_hormones,Thyroid hormones,drug
21105914,levothyroxine 0.055 MG/ML Oral Suspension,Drug,RxNorm Extension,standard,H03A_thyroid_preparations,thyroid_hormones,Thyroid hormones,drug
21105917,levothyroxine 0.0112 MG/ML Oral Suspension,Drug,RxNorm Extension,standard,H03A_thyroid_preparations,thyroid_hormones,Thyroid hormones,drug
21105921,levothyroxine 0.05 MG Oral Tablet Box of 84 by A A H,Drug,RxNorm Extension,standard,H03A_thyroid_preparations,thyroid_hormones,Thyroid hormones,drug
21105922,levothyroxine 0.05 MG Oral Tablet Box of 1000 by TEVA,Drug,RxNorm Extension,standard,H03A_thyroid_preparations,thyroid_hormones,Thyroid hormones,drug
21105923,levothyroxine 0.05 MG Oral Tablet Box of 1000 by Actavis,Drug,RxNorm Extension,standard,H03A_thyroid_preparations,thyroid_hormones,Thyroid hormones,drug
21105928,levothyroxine 0.025 MG Oral Tablet by Sigma-Tau,Drug,RxNorm Extension,standard,H03A_thyroid_preparations,thyroid_hormones,Thyroid hormones,drug
21105929,levothyroxine 0.025 MG Oral Tablet Box of 28 by Alliance,Drug,RxNorm Extension,standard,H03A_thyroid_preparations,thyroid_hormones,Thyroid hormones,drug
21105932,levothyroxine 0.01 MG/ML [Eltroxin],Drug,RxNorm Extension,standard,H03A_thyroid_preparations,thyroid_hormones,Thyroid hormones,drug
21105933,levothyroxine 0.024 MG/ML,Drug,RxNorm Extension,standard,H03A_thyroid_preparations,thyroid_hormones,Thyroid hormones,drug
21105934,levothyroxine 0.01 MG Oral Capsule,Drug,RxNorm Extension,standard,H03A_thyroid_preparations,thyroid_hormones,Thyroid hormones,drug
21105937,levothyroxine 0.015 MG,Drug,RxNorm Extension,standard,H03A_thyroid_preparations,thyroid_hormones,Thyroid hormones,drug
21105938,levothyroxine 0.0025 MG/ML,Drug,RxNorm Extension,standard,H03A_thyroid_preparations,thyroid_hormones,Thyroid hormones,drug
21107093,1 ML liothyronine 0.001 MG/ML Oral Solution,Drug,RxNorm Extension,standard,H03A_thyroid_preparations,thyroid_hormones,Thyroid hormones,drug
21107094,1 ML liothyronine 0.001 MG/ML Oral Suspension,Drug,RxNorm Extension,standard,H03A_thyroid_preparations,thyroid_hormones,Thyroid hormones,drug
21107138,1 ML levothyroxine 0.005 MG/ML Oral Suspension,Drug,RxNorm Extension,standard,H03A_thyroid_preparations,thyroid_hormones,Thyroid hormones,drug
21107139,1 ML levothyroxine 0.15 MG/ML Oral Solution,Drug,RxNorm Extension,standard,H03A_thyroid_preparations,thyroid_hormones,Thyroid hormones,drug
21107140,1 ML levothyroxine 0.15 MG/ML Oral Suspension,Drug,RxNorm Extension,standard,H03A_thyroid_preparations,thyroid_hormones,Thyroid hormones,drug
21107142,1 ML levothyroxine 0.0064 MG/ML Oral Solution,Drug,RxNorm Extension,standard,H03A_thyroid_preparations,thyroid_hormones,Thyroid hormones,drug
21107143,1 ML levothyroxine 0.001 MG/ML Oral Suspension,Drug,RxNorm Extension,standard,H03A_thyroid_preparations,thyroid_hormones,Thyroid hormones,drug
21107144,1 ML levothyroxine 0.012 MG/ML Oral Solution,Drug,RxNorm Extension,standard,H03A_thyroid_preparations,thyroid_hormones,Thyroid hormones,drug
21107145,1 ML levothyroxine 0.09 MG/ML Oral Solution,Drug,RxNorm Extension,standard,H03A_thyroid_preparations,thyroid_hormones,Thyroid hormones,drug
21107146,1 ML levothyroxine 0.09 MG/ML Oral Suspension,Drug,RxNorm Extension,standard,H03A_thyroid_preparations,thyroid_hormones,Thyroid hormones,drug
21107147,1 ML levothyroxine 0.007 MG/ML Oral Suspension,Drug,RxNorm Extension,standard,H03A_thyroid_preparations,thyroid_hormones,Thyroid hormones,drug
21107152,1 ML levothyroxine 0.0175 MG/ML Oral Solution,Drug,RxNorm Extension,standard,H03A_thyroid_preparations,thyroid_hormones,Thyroid hormones,drug
21107153,1 ML levothyroxine 0.03 MG/ML Oral Suspension,Drug,RxNorm Extension,standard,H03A_thyroid_preparations,thyroid_hormones,Thyroid hormones,drug
21107154,1 ML levothyroxine 0.003 MG/ML Oral Solution,Drug,RxNorm Extension,standard,H03A_thyroid_preparations,thyroid_hormones,Thyroid hormones,drug
21108546,100 ML levothyroxine 0.005 MG/ML Oral Solution by Alliance,Drug,RxNorm Extension,standard,H03A_thyroid_preparations,thyroid_hormones,Thyroid hormones,drug
21108547,100 ML levothyroxine 0.005 MG/ML Oral Solution by TEVA,Drug,RxNorm Extension,standard,H03A_thyroid_preparations,thyroid_hormones,Thyroid hormones,drug
21108548,100 ML levothyroxine 0.01 MG/ML Oral Solution,Drug,RxNorm Extension,standard,H03A_thyroid_preparations,thyroid_hormones,Thyroid hormones,drug
21108549,100 ML levothyroxine 0.01 MG/ML Oral Solution [Eltroxin] by AMCo,Drug,RxNorm Extension,standard,H03A_thyroid_preparations,thyroid_hormones,Thyroid hormones,drug
21115404,liothyronine 0.02 MG Oral Tablet by AMCo,Drug,RxNorm Extension,standard,H03A_thyroid_preparations,thyroid_hormones,Thyroid hormones,drug
21115405,liothyronine 0.02 MG Oral Tablet [Tertroxin] Box of 100,Drug,RxNorm Extension,standard,H03A_thyroid_preparations,thyroid_hormones,Thyroid hormones,drug
21115406,liothyronine 0.02 MG Injection Box of 20 by AMCo,Drug,RxNorm Extension,standard,H03A_thyroid_preparations,thyroid_hormones,Thyroid hormones,drug
21115409,levothyroxine 0.019 MG / liothyronine 0.004 MG Oral Tablet [Erfa Thyroid] Box of 100,Drug,RxNorm Extension,standard,H03A_thyroid_preparations,thyroid_hormones,Thyroid hormones,drug
21115411,levothyroxine 0.019 MG / liothyronine 0.0045 MG Oral Tablet [Nature-Throid] Box of 90,Drug,RxNorm Extension,standard,H03A_thyroid_preparations,thyroid_hormones,Thyroid hormones,drug
21115413,levothyroxine 0.075 MG / liothyronine 0.017 MG Oral Tablet,Drug,RxNorm Extension,standard,H03A_thyroid_preparations,thyroid_hormones,Thyroid hormones,drug
21115415,levothyroxine 0.04 MG / liothyronine 0.009 MG Oral Tablet Box of 90,Drug,RxNorm Extension,standard,H03A_thyroid_preparations,thyroid_hormones,Thyroid hormones,drug
21115640,tiratricol 0.35 MG Oral Tablet Box of 100,Drug,RxNorm Extension,standard,H03A_thyroid_preparations,thyroid_hormones,Thyroid hormones,drug
21115686,levothyroxine Oral Solution [Evotrox],Drug,RxNorm Extension,standard,H03A_thyroid_preparations,thyroid_hormones,Thyroid hormones,drug
21115687,levothyroxine 0.035 MG/ML,Drug,RxNorm Extension,standard,H03A_thyroid_preparations,thyroid_hormones,Thyroid hormones,drug
21115689,levothyroxine 0.0625 MG/ML,Drug,RxNorm Extension,standard,H03A_thyroid_preparations,thyroid_hormones,Thyroid hormones,drug
21115690,levothyroxine 0.0625 MG/ML Oral Suspension,Drug,RxNorm Extension,standard,H03A_thyroid_preparations,thyroid_hormones,Thyroid hormones,drug
21115692,levothyroxine 0.009 MG/ML Oral Solution,Drug,RxNorm Extension,standard,H03A_thyroid_preparations,thyroid_hormones,Thyroid hormones,drug
21115693,levothyroxine 0.0096 MG/ML Oral Solution,Drug,RxNorm Extension,standard,H03A_thyroid_preparations,thyroid_hormones,Thyroid hormones,drug
21115694,levothyroxine 0.06 MG/ML Oral Suspension,Drug,RxNorm Extension,standard,H03A_thyroid_preparations,thyroid_hormones,Thyroid hormones,drug
21115695,levothyroxine 0.012 MG/ML Oral Suspension,Drug,RxNorm Extension,standard,H03A_thyroid_preparations,thyroid_hormones,Thyroid hormones,drug
21115698,levothyroxine 0.007 MG/ML Oral Solution,Drug,RxNorm Extension,standard,H03A_thyroid_preparations,thyroid_hormones,Thyroid hormones,drug
21115701,levothyroxine 0.00125 MG/ML,Drug,RxNorm Extension,standard,H03A_thyroid_preparations,thyroid_hormones,Thyroid hormones,drug
21115703,levothyroxine 0.125 MG Injectable Solution Box of 1,Drug,RxNorm Extension,standard,H03A_thyroid_preparations,thyroid_hormones,Thyroid hormones,drug
21115704,levothyroxine 0.25 MG,Drug,RxNorm Extension,standard,H03A_thyroid_preparations,thyroid_hormones,Thyroid hormones,drug
21115707,levothyroxine 0.05 MG Oral Tablet by Actavis,Drug,RxNorm Extension,standard,H03A_thyroid_preparations,thyroid_hormones,Thyroid hormones,drug
21115708,levothyroxine 0.05 MG Oral Tablet by Ivax,Drug,RxNorm Extension,standard,H03A_thyroid_preparations,thyroid_hormones,Thyroid hormones,drug
21115709,levothyroxine 0.05 MG Oral Tablet Box of 28 by Generics,Drug,RxNorm Extension,standard,H03A_thyroid_preparations,thyroid_hormones,Thyroid hormones,drug
21115710,levothyroxine 0.05 MG Oral Tablet Box of 28 by DE,Drug,RxNorm Extension,standard,H03A_thyroid_preparations,thyroid_hormones,Thyroid hormones,drug
21115711,levothyroxine 0.05 MG Oral Tablet Box of 28 by TEVA,Drug,RxNorm Extension,standard,H03A_thyroid_preparations,thyroid_hormones,Thyroid hormones,drug
21115712,levothyroxine 0.05 MG Oral Tablet Box of 1000 by DE,Drug,RxNorm Extension,standard,H03A_thyroid_preparations,thyroid_hormones,Thyroid hormones,drug
21115713,levothyroxine 0.0075 MG/ML,Drug,RxNorm Extension,standard,H03A_thyroid_preparations,thyroid_hormones,Thyroid hormones,drug
21115715,levothyroxine 0.1 MG Oral Tablet by Mylan,Drug,RxNorm Extension,standard,H03A_thyroid_preparations,thyroid_hormones,Thyroid hormones,drug
21115716,levothyroxine 0.1 MG Oral Tablet Box of 100,Drug,RxNorm Extension,standard,H03A_thyroid_preparations,thyroid_hormones,Thyroid hormones,drug
21115717,levothyroxine 0.025 MG Oral Capsule Box of 1,Drug,RxNorm Extension,standard,H03A_thyroid_preparations,thyroid_hormones,Thyroid hormones,drug
21115719,levothyroxine 0.025 MG Oral Tablet by Mawdsley-Brooks,Drug,RxNorm Extension,standard,H03A_thyroid_preparations,thyroid_hormones,Thyroid hormones,drug
21115720,levothyroxine 0.025 MG Injectable Solution Box of 1,Drug,RxNorm Extension,standard,H03A_thyroid_preparations,thyroid_hormones,Thyroid hormones,drug
21115721,levothyroxine 0.01 MG/ML,Drug,RxNorm Extension,standard,H03A_thyroid_preparations,thyroid_hormones,Thyroid hormones,drug
21115722,levothyroxine 0.01 MG/ML Oral Solution by Waymade,Drug,RxNorm Extension,standard,H03A_thyroid_preparations,thyroid_hormones,Thyroid hormones,drug
21115724,levothyroxine 0.024 MG/ML Oral Suspension,Drug,RxNorm Extension,standard,H03A_thyroid_preparations,thyroid_hormones,Thyroid hormones,drug
21116846,1 ML liothyronine 0.02 MG/ML Oral Solution,Drug,RxNorm Extension,standard,H03A_thyroid_preparations,thyroid_hormones,Thyroid hormones,drug
21116896,1 ML levothyroxine 0.009 MG/ML Oral Suspension,Drug,RxNorm Extension,standard,H03A_thyroid_preparations,thyroid_hormones,Thyroid hormones,drug
21116897,1 ML levothyroxine 0.001 MG/ML Oral Solution,Drug,RxNorm Extension,standard,H03A_thyroid_preparations,thyroid_hormones,Thyroid hormones,drug
21116898,1 ML levothyroxine 0.06 MG/ML Oral Suspension,Drug,RxNorm Extension,standard,H03A_thyroid_preparations,thyroid_hormones,Thyroid hormones,drug
21116899,1 ML levothyroxine 0.012 MG/ML Oral Suspension,Drug,RxNorm Extension,standard,H03A_thyroid_preparations,thyroid_hormones,Thyroid hormones,drug
21116901,1 ML levothyroxine 0.125 MG/ML Oral Solution,Drug,RxNorm Extension,standard,H03A_thyroid_preparations,thyroid_hormones,Thyroid hormones,drug
21116902,1 ML levothyroxine 0.007 MG/ML Oral Solution,Drug,RxNorm Extension,standard,H03A_thyroid_preparations,thyroid_hormones,Thyroid hormones,drug
21116906,1 ML levothyroxine 0.0048 MG/ML Oral Solution,Drug,RxNorm Extension,standard,H03A_thyroid_preparations,thyroid_hormones,Thyroid hormones,drug
21118290,100 ML levothyroxine 0.005 MG/ML Oral Solution by Almus,Drug,RxNorm Extension,standard,H03A_thyroid_preparations,thyroid_hormones,Thyroid hormones,drug
21118291,100 ML levothyroxine 0.005 MG/ML Oral Solution [Evotrox] by Kappin,Drug,RxNorm Extension,standard,H03A_thyroid_preparations,thyroid_hormones,Thyroid hormones,drug
21125009,liothyronine Oral Suspension,Drug,RxNorm Extension,standard,H03A_thyroid_preparations,thyroid_hormones,Thyroid hormones,drug
21125010,liothyronine Oral Tablet [Tertroxin],Drug,RxNorm Extension,standard,H03A_thyroid_preparations,thyroid_hormones,Thyroid hormones,drug
21125011,liothyronine 0.02 MG Oral Tablet Box of 28 by AMCo,Drug,RxNorm Extension,standard,H03A_thyroid_preparations,thyroid_hormones,Thyroid hormones,drug
21125012,liothyronine 0.0075 MG/ML Oral Suspension,Drug,RxNorm Extension,standard,H03A_thyroid_preparations,thyroid_hormones,Thyroid hormones,drug
21125014,levothyroxine 0.06 MG / liothyronine 0.0125 MG Oral Tablet Box of 1,Drug,RxNorm Extension,standard,H03A_thyroid_preparations,thyroid_hormones,Thyroid hormones,drug
21125015,levothyroxine 0.0095 MG / liothyronine 0.00225 MG Oral Tablet [Nature-Throid] Box of 90,Drug,RxNorm Extension,standard,H03A_thyroid_preparations,thyroid_hormones,Thyroid hormones,drug
21125016,levothyroxine 0.075 MG / liothyronine 0.017 MG Oral Tablet [Erfa Thyroid],Drug,RxNorm Extension,standard,H03A_thyroid_preparations,thyroid_hormones,Thyroid hormones,drug
21125017,levothyroxine 0.04 MG / liothyronine 0.009 MG Oral Tablet [Nature-Throid] Box of 100,Drug,RxNorm Extension,standard,H03A_thyroid_preparations,thyroid_hormones,Thyroid hormones,drug
21125019,levothyroxine 0.04 MG / liothyronine 0.009 MG Oral Tablet [WP Thyroid] Box of 100,Drug,RxNorm Extension,standard,H03A_thyroid_preparations,thyroid_hormones,Thyroid hormones,drug
21125284,tiratricol 0.35 MG Oral Tablet [Teatrois],Drug,RxNorm Extension,standard,H03A_thyroid_preparations,thyroid_hormones,Thyroid hormones,drug
21125347,levothyroxine 0.005 MG/ML Oral Solution by Rosemont,Drug,RxNorm Extension,standard,H03A_thyroid_preparations,thyroid_hormones,Thyroid hormones,drug
21125350,levothyroxine 0.02 MG/ML Oral Solution by A A H,Drug,RxNorm Extension,standard,H03A_thyroid_preparations,thyroid_hormones,Thyroid hormones,drug
21125351,levothyroxine 0.02 MG/ML Oral Solution by TEVA,Drug,RxNorm Extension,standard,H03A_thyroid_preparations,thyroid_hormones,Thyroid hormones,drug
21125352,levothyroxine 0.0054 MG/ML Oral Suspension,Drug,RxNorm Extension,standard,H03A_thyroid_preparations,thyroid_hormones,Thyroid hormones,drug
21125357,levothyroxine 0.014 MG/ML Oral Solution,Drug,RxNorm Extension,standard,H03A_thyroid_preparations,thyroid_hormones,Thyroid hormones,drug
21125358,levothyroxine 0.014 MG/ML Oral Suspension,Drug,RxNorm Extension,standard,H03A_thyroid_preparations,thyroid_hormones,Thyroid hormones,drug
21125361,levothyroxine 0.008 MG/ML Oral Solution,Drug,RxNorm Extension,standard,H03A_thyroid_preparations,thyroid_hormones,Thyroid hormones,drug
21125362,levothyroxine 0.0125 MG/ML,Drug,RxNorm Extension,standard,H03A_thyroid_preparations,thyroid_hormones,Thyroid hormones,drug
21125363,levothyroxine 0.0125 MG/ML Oral Solution,Drug,RxNorm Extension,standard,H03A_thyroid_preparations,thyroid_hormones,Thyroid hormones,drug
21125364,levothyroxine 0.05 MG Oral Tablet by AMCo,Drug,RxNorm Extension,standard,H03A_thyroid_preparations,thyroid_hormones,Thyroid hormones,drug
21125365,levothyroxine 0.05 MG Oral Tablet Box of 1000 by Mawdsley-Brooks,Drug,RxNorm Extension,standard,H03A_thyroid_preparations,thyroid_hormones,Thyroid hormones,drug
21125368,levothyroxine 0.0075 MG/ML Oral Suspension,Drug,RxNorm Extension,standard,H03A_thyroid_preparations,thyroid_hormones,Thyroid hormones,drug
21125369,levothyroxine 0.002 MG/ML,Drug,RxNorm Extension,standard,H03A_thyroid_preparations,thyroid_hormones,Thyroid hormones,drug
21125370,levothyroxine 0.003 MG/ML Oral Solution,Drug,RxNorm Extension,standard,H03A_thyroid_preparations,thyroid_hormones,Thyroid hormones,drug
21125371,levothyroxine 0.1 MG Oral Tablet by Generics,Drug,RxNorm Extension,standard,H03A_thyroid_preparations,thyroid_hormones,Thyroid hormones,drug
21125372,levothyroxine 0.1 MG Oral Tablet Box of 1000 by A A H,Drug,RxNorm Extension,standard,H03A_thyroid_preparations,thyroid_hormones,Thyroid hormones,drug
21125373,levothyroxine 0.025 MG Oral Capsule [Tirosint] Box of 28,Drug,RxNorm Extension,standard,H03A_thyroid_preparations,thyroid_hormones,Thyroid hormones,drug
21125374,levothyroxine 0.025 MG Oral Tablet Box of 100,Drug,RxNorm Extension,standard,H03A_thyroid_preparations,thyroid_hormones,Thyroid hormones,drug
21125375,levothyroxine 0.01 MG/ML Oral Solution by Sigma-Tau,Drug,RxNorm Extension,standard,H03A_thyroid_preparations,thyroid_hormones,Thyroid hormones,drug
21125378,levothyroxine 0.016 MG/ML,Drug,RxNorm Extension,standard,H03A_thyroid_preparations,thyroid_hormones,Thyroid hormones,drug
21126595,1 ML liothyronine 0.002 MG/ML Oral Suspension,Drug,RxNorm Extension,standard,H03A_thyroid_preparations,thyroid_hormones,Thyroid hormones,drug
21126628,1 ML levothyroxine 0.035 MG/ML Oral Suspension,Drug,RxNorm Extension,standard,H03A_thyroid_preparations,thyroid_hormones,Thyroid hormones,drug
21126630,1 ML levothyroxine 0.065 MG/ML Oral Solution,Drug,RxNorm Extension,standard,H03A_thyroid_preparations,thyroid_hormones,Thyroid hormones,drug
21126632,1 ML levothyroxine 0.02 MG/ML Oral Solution,Drug,RxNorm Extension,standard,H03A_thyroid_preparations,thyroid_hormones,Thyroid hormones,drug
21126635,1 ML levothyroxine 0.0112 MG/ML Oral Solution,Drug,RxNorm Extension,standard,H03A_thyroid_preparations,thyroid_hormones,Thyroid hormones,drug
21126636,1 ML levothyroxine 0.00125 MG/ML Oral Solution,Drug,RxNorm Extension,standard,H03A_thyroid_preparations,thyroid_hormones,Thyroid hormones,drug
21126637,1 ML levothyroxine 0.024 MG/ML Oral Solution,Drug,RxNorm Extension,standard,H03A_thyroid_preparations,thyroid_hormones,Thyroid hormones,drug
21126639,1 ML levothyroxine 0.0015 MG/ML Oral Suspension,Drug,RxNorm Extension,standard,H03A_thyroid_preparations,thyroid_hormones,Thyroid hormones,drug
21126640,1 ML levothyroxine 0.018 MG/ML Oral Suspension,Drug,RxNorm Extension,standard,H03A_thyroid_preparations,thyroid_hormones,Thyroid hormones,drug
21126641,1 ML levothyroxine 0.006 MG/ML Oral Suspension,Drug,RxNorm Extension,standard,H03A_thyroid_preparations,thyroid_hormones,Thyroid hormones,drug
21126642,1 ML levothyroxine 0.0074 MG/ML Oral Suspension,Drug,RxNorm Extension,standard,H03A_thyroid_preparations,thyroid_hormones,Thyroid hormones,drug
21128075,100 ML levothyroxine 0.005 MG/ML Oral Solution,Drug,RxNorm Extension,standard,H03A_thyroid_preparations,thyroid_hormones,Thyroid hormones,drug
21128076,100 ML levothyroxine 0.005 MG/ML Oral Solution by AMCo,Drug,RxNorm Extension,standard,H03A_thyroid_preparations,thyroid_hormones,Thyroid hormones,drug
21128077,100 ML levothyroxine 0.02 MG/ML Oral Solution by A A H,Drug,RxNorm Extension,standard,H03A_thyroid_preparations,thyroid_hormones,Thyroid hormones,drug
21134934,liothyronine 0.0025 MG Oral Capsule Box of 1,Drug,RxNorm Extension,standard,H03A_thyroid_preparations,thyroid_hormones,Thyroid hormones,drug
21134935,liothyronine 0.02 MG Injection by Mercury,Drug,RxNorm Extension,standard,H03A_thyroid_preparations,thyroid_hormones,Thyroid hormones,drug
21134936,liothyronine 0.02 MG Injection Box of 5 by Mercury,Drug,RxNorm Extension,standard,H03A_thyroid_preparations,thyroid_hormones,Thyroid hormones,drug
21134938,levothyroxine 0.019 MG / liothyronine 0.0045 MG Oral Tablet [Nature-Throid] Box of 60,Drug,RxNorm Extension,standard,H03A_thyroid_preparations,thyroid_hormones,Thyroid hormones,drug
21134940,levothyroxine 0.04 MG / liothyronine 0.009 MG Oral Tablet [Nature-Throid],Drug,RxNorm Extension,standard,H03A_thyroid_preparations,thyroid_hormones,Thyroid hormones,drug
21135244,levothyroxine 0.08 MG/ML Oral Suspension,Drug,RxNorm Extension,standard,H03A_thyroid_preparations,thyroid_hormones,Thyroid hormones,drug
21135245,levothyroxine 0.0625 MG/ML Oral Solution,Drug,RxNorm Extension,standard,H03A_thyroid_preparations,thyroid_hormones,Thyroid hormones,drug
21135246,levothyroxine 0.07 MG/ML,Drug,RxNorm Extension,standard,H03A_thyroid_preparations,thyroid_hormones,Thyroid hormones,drug
21135247,levothyroxine 0.5 MG Injection [Levothroid],Drug,RxNorm Extension,standard,H03A_thyroid_preparations,thyroid_hormones,Thyroid hormones,drug
21135248,levothyroxine 0.02 MG/ML [Evotrox],Drug,RxNorm Extension,standard,H03A_thyroid_preparations,thyroid_hormones,Thyroid hormones,drug
21135249,levothyroxine 0.02 MG/ML [Eltroxin],Drug,RxNorm Extension,standard,H03A_thyroid_preparations,thyroid_hormones,Thyroid hormones,drug
21135250,levothyroxine 0.02 MG/ML Oral Solution by Waymade,Drug,RxNorm Extension,standard,H03A_thyroid_preparations,thyroid_hormones,Thyroid hormones,drug
21135254,levothyroxine 0.0112 MG/ML,Drug,RxNorm Extension,standard,H03A_thyroid_preparations,thyroid_hormones,Thyroid hormones,drug
21135258,levothyroxine 0.011 MG/ML,Drug,RxNorm Extension,standard,H03A_thyroid_preparations,thyroid_hormones,Thyroid hormones,drug
21135259,levothyroxine 0.00125 MG/ML Oral Solution,Drug,RxNorm Extension,standard,H03A_thyroid_preparations,thyroid_hormones,Thyroid hormones,drug
21135260,levothyroxine 0.25 MG Injectable Solution,Drug,RxNorm Extension,standard,H03A_thyroid_preparations,thyroid_hormones,Thyroid hormones,drug
21135261,levothyroxine 0.05 MG Oral Tablet by Kent,Drug,RxNorm Extension,standard,H03A_thyroid_preparations,thyroid_hormones,Thyroid hormones,drug
21135262,levothyroxine 0.05 MG Oral Tablet by Waymade,Drug,RxNorm Extension,standard,H03A_thyroid_preparations,thyroid_hormones,Thyroid hormones,drug
21135263,levothyroxine 0.05 MG Oral Tablet Box of 1000 by Ivax,Drug,RxNorm Extension,standard,H03A_thyroid_preparations,thyroid_hormones,Thyroid hormones,drug
21135264,levothyroxine 0.05 MG Injectable Solution Box of 1,Drug,RxNorm Extension,standard,H03A_thyroid_preparations,thyroid_hormones,Thyroid hormones,drug
21135265,levothyroxine 0.5 MG/ML Oral Suspension,Drug,RxNorm Extension,standard,H03A_thyroid_preparations,thyroid_hormones,Thyroid hormones,drug
21135266,levothyroxine 0.075 MG Injectable Solution Box of 1,Drug,RxNorm Extension,standard,H03A_thyroid_preparations,thyroid_hormones,Thyroid hormones,drug
21135268,levothyroxine 0.1 MG Oral Tablet by Sigma-Tau,Drug,RxNorm Extension,standard,H03A_thyroid_preparations,thyroid_hormones,Thyroid hormones,drug
21135269,levothyroxine 0.1 MG Oral Tablet by TEVA,Drug,RxNorm Extension,standard,H03A_thyroid_preparations,thyroid_hormones,Thyroid hormones,drug
21135270,levothyroxine 0.1 MG Oral Tablet Box of 28 by Kent,Drug,RxNorm Extension,standard,H03A_thyroid_preparations,thyroid_hormones,Thyroid hormones,drug
21135271,levothyroxine 0.1 MG Oral Tablet Box of 1000 by DE,Drug,RxNorm Extension,standard,H03A_thyroid_preparations,thyroid_hormones,Thyroid hormones,drug
21135272,levothyroxine 0.1 MG Injectable Solution Box of 1,Drug,RxNorm Extension,standard,H03A_thyroid_preparations,thyroid_hormones,Thyroid hormones,drug
21135273,levothyroxine 0.025 MG Oral Tablet Box of 500 by AMCo,Drug,RxNorm Extension,standard,H03A_thyroid_preparations,thyroid_hormones,Thyroid hormones,drug
21135274,levothyroxine 0.0015 MG/ML Oral Suspension,Drug,RxNorm Extension,standard,H03A_thyroid_preparations,thyroid_hormones,Thyroid hormones,drug
21135275,levothyroxine 0.2 MG Injection Box of 1,Drug,RxNorm Extension,standard,H03A_thyroid_preparations,thyroid_hormones,Thyroid hormones,drug
21135276,levothyroxine 0.2 MG/ML,Drug,RxNorm Extension,standard,H03A_thyroid_preparations,thyroid_hormones,Thyroid hormones,drug
21135277,levothyroxine 0.0048 MG/ML,Drug,RxNorm Extension,standard,H03A_thyroid_preparations,thyroid_hormones,Thyroid hormones,drug
21136501,1 ML levothyroxine 0.0054 MG/ML Oral Suspension,Drug,RxNorm Extension,standard,H03A_thyroid_preparations,thyroid_hormones,Thyroid hormones,drug
21136504,1 ML levothyroxine 0.0096 MG/ML Oral Suspension,Drug,RxNorm Extension,standard,H03A_thyroid_preparations,thyroid_hormones,Thyroid hormones,drug
21136511,1 ML levothyroxine 0.0074 MG/ML Oral Solution,Drug,RxNorm Extension,standard,H03A_thyroid_preparations,thyroid_hormones,Thyroid hormones,drug
21136512,1 ML levothyroxine 0.0025 MG/ML Oral Solution,Drug,RxNorm Extension,standard,H03A_thyroid_preparations,thyroid_hormones,Thyroid hormones,drug
21136513,1 ML levothyroxine 0.0025 MG/ML Oral Suspension,Drug,RxNorm Extension,standard,H03A_thyroid_preparations,thyroid_hormones,Thyroid hormones,drug
21136514,1 ML levothyroxine 0.05 MG/ML Oral Solution,Drug,RxNorm Extension,standard,H03A_thyroid_preparations,thyroid_hormones,Thyroid hormones,drug
21137906,100 ML levothyroxine 0.02 MG/ML Oral Solution [Evotrox] by Kappin,Drug,RxNorm Extension,standard,H03A_thyroid_preparations,thyroid_hormones,Thyroid hormones,drug
21137908,100 ML levothyroxine 0.01 MG/ML Oral Solution by Alliance,Drug,RxNorm Extension,standard,H03A_thyroid_preparations,thyroid_hormones,Thyroid hormones,drug
21137909,100 ML levothyroxine 0.01 MG/ML Oral Solution by A A H,Drug,RxNorm Extension,standard,H03A_thyroid_preparations,thyroid_hormones,Thyroid hormones,drug
21144823,liothyronine 0.01 MG Oral Capsule Box of 1,Drug,RxNorm Extension,standard,H03A_thyroid_preparations,thyroid_hormones,Thyroid hormones,drug
21144824,liothyronine 0.02 MG Oral Tablet [Tertroxin],Drug,RxNorm Extension,standard,H03A_thyroid_preparations,thyroid_hormones,Thyroid hormones,drug
21144827,liothyronine 0.025 MG Oral Tablet [Cytomel] Box of 100,Drug,RxNorm Extension,standard,H03A_thyroid_preparations,thyroid_hormones,Thyroid hormones,drug
21144828,liothyronine 0.001 MG/ML Oral Suspension,Drug,RxNorm Extension,standard,H03A_thyroid_preparations,thyroid_hormones,Thyroid hormones,drug
21144829,levothyroxine / liothyronine Oral Tablet [Armour Thyroid],Drug,RxNorm Extension,standard,H03A_thyroid_preparations,thyroid_hormones,Thyroid hormones,drug
21144830,levothyroxine 0.06 MG / liothyronine 0.0125 MG [Armour Thyroid],Drug,RxNorm Extension,standard,H03A_thyroid_preparations,thyroid_hormones,Thyroid hormones,drug
21144831,levothyroxine 0.06 MG / liothyronine 0.0125 MG Oral Tablet Box of 100,Drug,RxNorm Extension,standard,H03A_thyroid_preparations,thyroid_hormones,Thyroid hormones,drug
21144834,levothyroxine 0.0095 MG / liothyronine 0.00225 MG [Nature-Throid],Drug,RxNorm Extension,standard,H03A_thyroid_preparations,thyroid_hormones,Thyroid hormones,drug
21144835,levothyroxine 0.075 MG / liothyronine 0.018 MG Oral Tablet Box of 100,Drug,RxNorm Extension,standard,H03A_thyroid_preparations,thyroid_hormones,Thyroid hormones,drug
21144836,levothyroxine 0.075 MG / liothyronine 0.018 MG Oral Tablet [Armour Thyroid] Box of 100,Drug,RxNorm Extension,standard,H03A_thyroid_preparations,thyroid_hormones,Thyroid hormones,drug
21144838,levothyroxine 0.04 MG / liothyronine 0.009 MG Oral Tablet [Nature-Throid] Box of 30,Drug,RxNorm Extension,standard,H03A_thyroid_preparations,thyroid_hormones,Thyroid hormones,drug
21145125,levothyroxine 0.035 MG/ML Oral Solution,Drug,RxNorm Extension,standard,H03A_thyroid_preparations,thyroid_hormones,Thyroid hormones,drug
21145128,levothyroxine 0.005 MG/ML Oral Solution by Alliance,Drug,RxNorm Extension,standard,H03A_thyroid_preparations,thyroid_hormones,Thyroid hormones,drug
21145129,levothyroxine 0.005 MG/ML Oral Solution [Evotrox],Drug,RxNorm Extension,standard,H03A_thyroid_preparations,thyroid_hormones,Thyroid hormones,drug
21145130,levothyroxine 0.02 MG/ML Oral Solution by Alliance,Drug,RxNorm Extension,standard,H03A_thyroid_preparations,thyroid_hormones,Thyroid hormones,drug
21145131,levothyroxine 0.025 MG/ML,Drug,RxNorm Extension,standard,H03A_thyroid_preparations,thyroid_hormones,Thyroid hormones,drug
21145132,levothyroxine 0.0064 MG/ML,Drug,RxNorm Extension,standard,H03A_thyroid_preparations,thyroid_hormones,Thyroid hormones,drug
21145133,levothyroxine 0.001 MG/ML Oral Suspension,Drug,RxNorm Extension,standard,H03A_thyroid_preparations,thyroid_hormones,Thyroid hormones,drug
21145135,levothyroxine 0.06 MG Injectable Solution,Drug,RxNorm Extension,standard,H03A_thyroid_preparations,thyroid_hormones,Thyroid hormones,drug
21145136,levothyroxine 0.008 MG/ML,Drug,RxNorm Extension,standard,H03A_thyroid_preparations,thyroid_hormones,Thyroid hormones,drug
21145138,levothyroxine 0.05 MG Oral Tablet by Zanza,Drug,RxNorm Extension,standard,H03A_thyroid_preparations,thyroid_hormones,Thyroid hormones,drug
21145139,levothyroxine 0.05 MG Oral Tablet Box of 28 by Actavis,Drug,RxNorm Extension,standard,H03A_thyroid_preparations,thyroid_hormones,Thyroid hormones,drug
21145140,levothyroxine 0.05 MG Oral Tablet Box of 84,Drug,RxNorm Extension,standard,H03A_thyroid_preparations,thyroid_hormones,Thyroid hormones,drug
21145141,levothyroxine 0.14 MG/ML,Drug,RxNorm Extension,standard,H03A_thyroid_preparations,thyroid_hormones,Thyroid hormones,drug
21145143,levothyroxine 0.03 MG/ML Oral Solution,Drug,RxNorm Extension,standard,H03A_thyroid_preparations,thyroid_hormones,Thyroid hormones,drug
21145145,levothyroxine 0.003 MG/ML,Drug,RxNorm Extension,standard,H03A_thyroid_preparations,thyroid_hormones,Thyroid hormones,drug
21145146,levothyroxine 0.1 MG Oral Tablet by Almus,Drug,RxNorm Extension,standard,H03A_thyroid_preparations,thyroid_hormones,Thyroid hormones,drug
21145147,levothyroxine 0.1 MG Oral Tablet Box of 28,Drug,RxNorm Extension,standard,H03A_thyroid_preparations,thyroid_hormones,Thyroid hormones,drug
21145148,levothyroxine 0.1 MG Oral Tablet Box of 28 by Almus,Drug,RxNorm Extension,standard,H03A_thyroid_preparations,thyroid_hormones,Thyroid hormones,drug
21145149,levothyroxine 0.025 MG Oral Tablet Box of 28 by Phoenix Labs,Drug,RxNorm Extension,standard,H03A_thyroid_preparations,thyroid_hormones,Thyroid hormones,drug
21145150,levothyroxine 0.025 MG Oral Tablet Box of 500 by Ivax,Drug,RxNorm Extension,standard,H03A_thyroid_preparations,thyroid_hormones,Thyroid hormones,drug
21145151,levothyroxine 0.01 MG/ML Oral Solution by A A H,Drug,RxNorm Extension,standard,H03A_thyroid_preparations,thyroid_hormones,Thyroid hormones,drug
21145157,levothyroxine 0.05 MG/ML Oral Solution,Drug,RxNorm Extension,standard,H03A_thyroid_preparations,thyroid_hormones,Thyroid hormones,drug
21145158,levothyroxine 0.05 MG/ML Oral Suspension,Drug,RxNorm Extension,standard,H03A_thyroid_preparations,thyroid_hormones,Thyroid hormones,drug
21146373,1 ML levothyroxine 0.008 MG/ML Oral Solution,Drug,RxNorm Extension,standard,H03A_thyroid_preparations,thyroid_hormones,Thyroid hormones,drug
21146374,1 ML levothyroxine 0.057 MG/ML Oral Solution,Drug,RxNorm Extension,standard,H03A_thyroid_preparations,thyroid_hormones,Thyroid hormones,drug
21146375,1 ML levothyroxine 0.0075 MG/ML Oral Solution,Drug,RxNorm Extension,standard,H03A_thyroid_preparations,thyroid_hormones,Thyroid hormones,drug
21147785,100 ML levothyroxine 0.02 MG/ML Oral Solution by Almus,Drug,RxNorm Extension,standard,H03A_thyroid_preparations,thyroid_hormones,Thyroid hormones,drug
21154739,liothyronine 0.005 MG Oral Tablet Box of 100,Drug,RxNorm Extension,standard,H03A_thyroid_preparations,thyroid_hormones,Thyroid hormones,drug
21154740,liothyronine 0.02 MG Injection Box of 5 by A A H,Drug,RxNorm Extension,standard,H03A_thyroid_preparations,thyroid_hormones,Thyroid hormones,drug
21154741,liothyronine 0.0075 MG/ML Oral Solution,Drug,RxNorm Extension,standard,H03A_thyroid_preparations,thyroid_hormones,Thyroid hormones,drug
21154743,liothyronine 0.001 MG/ML,Drug,RxNorm Extension,standard,H03A_thyroid_preparations,thyroid_hormones,Thyroid hormones,drug
21154744,levothyroxine 0.06 MG / liothyronine 0.0125 MG Oral Tablet,Drug,RxNorm Extension,standard,H03A_thyroid_preparations,thyroid_hormones,Thyroid hormones,drug
21154747,levothyroxine 0.019 MG / liothyronine 0.004 MG Oral Tablet Box of 500,Drug,RxNorm Extension,standard,H03A_thyroid_preparations,thyroid_hormones,Thyroid hormones,drug
21154748,levothyroxine 0.019 MG / liothyronine 0.0045 MG Oral Tablet [Nature-Throid] Box of 30,Drug,RxNorm Extension,standard,H03A_thyroid_preparations,thyroid_hormones,Thyroid hormones,drug
21154749,levothyroxine 0.0095 MG / liothyronine 0.00225 MG Oral Tablet Box of 30,Drug,RxNorm Extension,standard,H03A_thyroid_preparations,thyroid_hormones,Thyroid hormones,drug
21154750,levothyroxine 0.0095 MG / liothyronine 0.00225 MG Oral Tablet Box of 100,Drug,RxNorm Extension,standard,H03A_thyroid_preparations,thyroid_hormones,Thyroid hormones,drug
21154751,levothyroxine 0.075 MG / liothyronine 0.017 MG Oral Tablet [Erfa Thyroid] Box of 500,Drug,RxNorm Extension,standard,H03A_thyroid_preparations,thyroid_hormones,Thyroid hormones,drug
21154752,levothyroxine 0.075 MG / liothyronine 0.018 MG [Nature-Throid],Drug,RxNorm Extension,standard,H03A_thyroid_preparations,thyroid_hormones,Thyroid hormones,drug
21154753,levothyroxine 0.075 MG / liothyronine 0.018 MG Oral Tablet Box of 1,Drug,RxNorm Extension,standard,H03A_thyroid_preparations,thyroid_hormones,Thyroid hormones,drug
21154754,levothyroxine 0.04 MG / liothyronine 0.009 MG [WP Thyroid],Drug,RxNorm Extension,standard,H03A_thyroid_preparations,thyroid_hormones,Thyroid hormones,drug
21155005,tiratricol 0.35 MG [Teatrois],Drug,RxNorm Extension,standard,H03A_thyroid_preparations,thyroid_hormones,Thyroid hormones,drug
21155069,levothyroxine 0.005 MG/ML Oral Solution,Drug,RxNorm Extension,standard,H03A_thyroid_preparations,thyroid_hormones,Thyroid hormones,drug
21155070,levothyroxine 0.005 MG/ML Oral Solution by TEVA,Drug,RxNorm Extension,standard,H03A_thyroid_preparations,thyroid_hormones,Thyroid hormones,drug
21155071,levothyroxine 0.065 MG/ML Oral Suspension,Drug,RxNorm Extension,standard,H03A_thyroid_preparations,thyroid_hormones,Thyroid hormones,drug
21155073,levothyroxine 0.02 MG/ML Oral Solution by Almus,Drug,RxNorm Extension,standard,H03A_thyroid_preparations,thyroid_hormones,Thyroid hormones,drug
21155075,levothyroxine 0.0064 MG/ML Oral Suspension,Drug,RxNorm Extension,standard,H03A_thyroid_preparations,thyroid_hormones,Thyroid hormones,drug
21155079,levothyroxine 0.011 MG/ML Oral Solution,Drug,RxNorm Extension,standard,H03A_thyroid_preparations,thyroid_hormones,Thyroid hormones,drug
21155080,levothyroxine 0.25 MG Injectable Solution Box of 1,Drug,RxNorm Extension,standard,H03A_thyroid_preparations,thyroid_hormones,Thyroid hormones,drug
21155083,levothyroxine 0.05 MG Oral Capsule Box of 1,Drug,RxNorm Extension,standard,H03A_thyroid_preparations,thyroid_hormones,Thyroid hormones,drug
21155084,levothyroxine 0.05 MG Oral Tablet by Alliance,Drug,RxNorm Extension,standard,H03A_thyroid_preparations,thyroid_hormones,Thyroid hormones,drug
21155085,levothyroxine 0.05 MG Oral Tablet Box of 28 by Zanza,Drug,RxNorm Extension,standard,H03A_thyroid_preparations,thyroid_hormones,Thyroid hormones,drug
21155086,levothyroxine 0.05 MG Oral Tablet Box of 84 by TEVA,Drug,RxNorm Extension,standard,H03A_thyroid_preparations,thyroid_hormones,Thyroid hormones,drug
21155087,levothyroxine 0.05 MG Oral Tablet Box of 1000 by AMCo,Drug,RxNorm Extension,standard,H03A_thyroid_preparations,thyroid_hormones,Thyroid hormones,drug
21155088,levothyroxine 0.5 MG/ML,Drug,RxNorm Extension,standard,H03A_thyroid_preparations,thyroid_hormones,Thyroid hormones,drug
21155090,levothyroxine 0.0175 MG/ML,Drug,RxNorm Extension,standard,H03A_thyroid_preparations,thyroid_hormones,Thyroid hormones,drug
21155093,levothyroxine 0.1 MG Oral Tablet by Zanza,Drug,RxNorm Extension,standard,H03A_thyroid_preparations,thyroid_hormones,Thyroid hormones,drug
21155094,levothyroxine 0.1 MG Oral Tablet Box of 28 by Mylan,Drug,RxNorm Extension,standard,H03A_thyroid_preparations,thyroid_hormones,Thyroid hormones,drug
21155095,levothyroxine 0.1 MG Oral Tablet Box of 28 by Sigma-Tau,Drug,RxNorm Extension,standard,H03A_thyroid_preparations,thyroid_hormones,Thyroid hormones,drug
21155096,levothyroxine 0.1 MG Oral Tablet Box of 1000,Drug,RxNorm Extension,standard,H03A_thyroid_preparations,thyroid_hormones,Thyroid hormones,drug
21155098,levothyroxine 0.025 MG Oral Tablet Box of 28 by Mylan,Drug,RxNorm Extension,standard,H03A_thyroid_preparations,thyroid_hormones,Thyroid hormones,drug
21155099,levothyroxine 0.025 MG Oral Tablet Box of 28 by Kent,Drug,RxNorm Extension,standard,H03A_thyroid_preparations,thyroid_hormones,Thyroid hormones,drug
21155100,levothyroxine 0.025 MG Oral Tablet Box of 500 by Kent,Drug,RxNorm Extension,standard,H03A_thyroid_preparations,thyroid_hormones,Thyroid hormones,drug
21155101,levothyroxine 0.025 MG Oral Tablet [Eltroxin] by AMCo,Drug,RxNorm Extension,standard,H03A_thyroid_preparations,thyroid_hormones,Thyroid hormones,drug
21155103,levothyroxine 0.018 MG/ML Oral Solution,Drug,RxNorm Extension,standard,H03A_thyroid_preparations,thyroid_hormones,Thyroid hormones,drug
21155104,levothyroxine 0.006 MG/ML,Drug,RxNorm Extension,standard,H03A_thyroid_preparations,thyroid_hormones,Thyroid hormones,drug
21155106,levothyroxine 0.015 MG/ML Oral Solution,Drug,RxNorm Extension,standard,H03A_thyroid_preparations,thyroid_hormones,Thyroid hormones,drug
21156308,1 ML liothyronine 0.01 MG/ML Oral Suspension,Drug,RxNorm Extension,standard,H03A_thyroid_preparations,thyroid_hormones,Thyroid hormones,drug
21156336,1 ML levothyroxine 0.004 MG/ML Oral Suspension,Drug,RxNorm Extension,standard,H03A_thyroid_preparations,thyroid_hormones,Thyroid hormones,drug
21156342,1 ML levothyroxine 0.0125 MG/ML Oral Solution,Drug,RxNorm Extension,standard,H03A_thyroid_preparations,thyroid_hormones,Thyroid hormones,drug
21156345,1 ML levothyroxine 0.0175 MG/ML Oral Suspension,Drug,RxNorm Extension,standard,H03A_thyroid_preparations,thyroid_hormones,Thyroid hormones,drug
21156347,1 ML levothyroxine 0.016 MG/ML Oral Solution,Drug,RxNorm Extension,standard,H03A_thyroid_preparations,thyroid_hormones,Thyroid hormones,drug
21156349,1 ML levothyroxine 0.015 MG/ML Oral Solution,Drug,RxNorm Extension,standard,H03A_thyroid_preparations,thyroid_hormones,Thyroid hormones,drug
21157734,100 ML levothyroxine 0.02 MG/ML Oral Solution [Eltroxin] by AMCo,Drug,RxNorm Extension,standard,H03A_thyroid_preparations,thyroid_hormones,Thyroid hormones,drug
21157735,100 ML levothyroxine 0.01 MG/ML Oral Solution by Sigma-Tau,Drug,RxNorm Extension,standard,H03A_thyroid_preparations,thyroid_hormones,Thyroid hormones,drug
21157736,100 ML levothyroxine 0.01 MG/ML Oral Solution by TEVA,Drug,RxNorm Extension,standard,H03A_thyroid_preparations,thyroid_hormones,Thyroid hormones,drug
21157844,150 ML levothyroxine 0.005 MG/ML Oral Solution by Rosemont,Drug,RxNorm Extension,standard,H03A_thyroid_preparations,thyroid_hormones,Thyroid hormones,drug
21164582,liothyronine 0.02 MG Oral Tablet Box of 28,Drug,RxNorm Extension,standard,H03A_thyroid_preparations,thyroid_hormones,Thyroid hormones,drug
21164583,liothyronine 0.02 MG Injection,Drug,RxNorm Extension,standard,H03A_thyroid_preparations,thyroid_hormones,Thyroid hormones,drug
21164586,levothyroxine 0.19 MG / liothyronine 0.045 MG Oral Tablet [Erfa Thyroid],Drug,RxNorm Extension,standard,H03A_thyroid_preparations,thyroid_hormones,Thyroid hormones,drug
21164587,levothyroxine 0.019 MG / liothyronine 0.0045 MG Oral Tablet Box of 30,Drug,RxNorm Extension,standard,H03A_thyroid_preparations,thyroid_hormones,Thyroid hormones,drug
21164588,levothyroxine 0.019 MG / liothyronine 0.0045 MG Oral Tablet Box of 90,Drug,RxNorm Extension,standard,H03A_thyroid_preparations,thyroid_hormones,Thyroid hormones,drug
21164591,levothyroxine 0.04 MG / liothyronine 0.009 MG Oral Tablet Box of 30,Drug,RxNorm Extension,standard,H03A_thyroid_preparations,thyroid_hormones,Thyroid hormones,drug
21164593,levothyroxine 0.04 MG / liothyronine 0.009 MG Oral Tablet [Nature-Throid] Box of 90,Drug,RxNorm Extension,standard,H03A_thyroid_preparations,thyroid_hormones,Thyroid hormones,drug
21164888,levothyroxine 0.1 MG/ML Oral Solution,Drug,RxNorm Extension,standard,H03A_thyroid_preparations,thyroid_hormones,Thyroid hormones,drug
21164889,levothyroxine 0.005 MG/ML [Evotrox],Drug,RxNorm Extension,standard,H03A_thyroid_preparations,thyroid_hormones,Thyroid hormones,drug
21164890,levothyroxine 0.005 MG/ML Oral Solution by A A H,Drug,RxNorm Extension,standard,H03A_thyroid_preparations,thyroid_hormones,Thyroid hormones,drug
21164891,levothyroxine 0.005 MG/ML Oral Solution by Almus,Drug,RxNorm Extension,standard,H03A_thyroid_preparations,thyroid_hormones,Thyroid hormones,drug
21164892,levothyroxine 0.004 MG/ML Oral Suspension,Drug,RxNorm Extension,standard,H03A_thyroid_preparations,thyroid_hormones,Thyroid hormones,drug
21164895,levothyroxine 0.04 MG/ML Oral Solution,Drug,RxNorm Extension,standard,H03A_thyroid_preparations,thyroid_hormones,Thyroid hormones,drug
21164896,levothyroxine 0.0054 MG/ML Oral Solution,Drug,RxNorm Extension,standard,H03A_thyroid_preparations,thyroid_hormones,Thyroid hormones,drug
21164897,levothyroxine 0.085 MG/ML Oral Suspension,Drug,RxNorm Extension,standard,H03A_thyroid_preparations,thyroid_hormones,Thyroid hormones,drug
21164900,levothyroxine 0.125 MG/ML Oral Solution,Drug,RxNorm Extension,standard,H03A_thyroid_preparations,thyroid_hormones,Thyroid hormones,drug
21164902,levothyroxine 0.05 MG Oral Tablet by DE,Drug,RxNorm Extension,standard,H03A_thyroid_preparations,thyroid_hormones,Thyroid hormones,drug
21164903,levothyroxine 0.05 MG Oral Tablet Box of 1000 by Mylan,Drug,RxNorm Extension,standard,H03A_thyroid_preparations,thyroid_hormones,Thyroid hormones,drug
21164905,levothyroxine 0.14 MG/ML Oral Solution,Drug,RxNorm Extension,standard,H03A_thyroid_preparations,thyroid_hormones,Thyroid hormones,drug
21164907,levothyroxine 0.15 MG Injectable Solution Box of 1,Drug,RxNorm Extension,standard,H03A_thyroid_preparations,thyroid_hormones,Thyroid hormones,drug
21164908,levothyroxine 0.1 MG Oral Tablet by Waymade,Drug,RxNorm Extension,standard,H03A_thyroid_preparations,thyroid_hormones,Thyroid hormones,drug
21164910,levothyroxine 0.1 MG Oral Tablet Box of 28 by Generics,Drug,RxNorm Extension,standard,H03A_thyroid_preparations,thyroid_hormones,Thyroid hormones,drug
21164911,levothyroxine 0.1 MG Oral Tablet Box of 28 by Ivax,Drug,RxNorm Extension,standard,H03A_thyroid_preparations,thyroid_hormones,Thyroid hormones,drug
21164912,levothyroxine 0.1 MG Oral Tablet Box of 1000 by Kent,Drug,RxNorm Extension,standard,H03A_thyroid_preparations,thyroid_hormones,Thyroid hormones,drug
21164913,levothyroxine 0.1 MG Oral Tablet Box of 1000 by Actavis,Drug,RxNorm Extension,standard,H03A_thyroid_preparations,thyroid_hormones,Thyroid hormones,drug
21164914,levothyroxine 0.025 MG Oral Tablet by A A H,Drug,RxNorm Extension,standard,H03A_thyroid_preparations,thyroid_hormones,Thyroid hormones,drug
21164916,levothyroxine 0.025 MG Oral Tablet Box of 500 by Alliance,Drug,RxNorm Extension,standard,H03A_thyroid_preparations,thyroid_hormones,Thyroid hormones,drug
21164917,levothyroxine 0.025 MG Oral Tablet [Eltroxin] Box of 28 by AMCo,Drug,RxNorm Extension,standard,H03A_thyroid_preparations,thyroid_hormones,Thyroid hormones,drug
21164918,levothyroxine 0.045 MG/ML,Drug,RxNorm Extension,standard,H03A_thyroid_preparations,thyroid_hormones,Thyroid hormones,drug
21164919,levothyroxine 0.0015 MG/ML,Drug,RxNorm Extension,standard,H03A_thyroid_preparations,thyroid_hormones,Thyroid hormones,drug
21164920,levothyroxine 0.018 MG/ML Oral Suspension,Drug,RxNorm Extension,standard,H03A_thyroid_preparations,thyroid_hormones,Thyroid hormones,drug
21164921,levothyroxine 0.01 MG Oral Capsule Box of 1,Drug,RxNorm Extension,standard,H03A_thyroid_preparations,thyroid_hormones,Thyroid hormones,drug
21164924,levothyroxine 0.015 MG Oral Capsule,Drug,RxNorm Extension,standard,H03A_thyroid_preparations,thyroid_hormones,Thyroid hormones,drug
21166116,1 ML levothyroxine 0.07 MG/ML Oral Solution,Drug,RxNorm Extension,standard,H03A_thyroid_preparations,thyroid_hormones,Thyroid hormones,drug
21166119,1 ML levothyroxine 0.055 MG/ML Oral Solution,Drug,RxNorm Extension,standard,H03A_thyroid_preparations,thyroid_hormones,Thyroid hormones,drug
21166121,1 ML levothyroxine 0.014 MG/ML Oral Suspension,Drug,RxNorm Extension,standard,H03A_thyroid_preparations,thyroid_hormones,Thyroid hormones,drug
21166124,1 ML levothyroxine 0.075 MG/ML Oral Solution,Drug,RxNorm Extension,standard,H03A_thyroid_preparations,thyroid_hormones,Thyroid hormones,drug
21167517,100 ML levothyroxine 0.04 MG/ML Oral Suspension,Drug,RxNorm Extension,standard,H03A_thyroid_preparations,thyroid_hormones,Thyroid hormones,drug
21167518,100 ML levothyroxine 0.01 MG/ML Oral Solution by Waymade,Drug,RxNorm Extension,standard,H03A_thyroid_preparations,thyroid_hormones,Thyroid hormones,drug
21174325,liothyronine 0.0025 MG Oral Capsule,Drug,RxNorm Extension,standard,H03A_thyroid_preparations,thyroid_hormones,Thyroid hormones,drug
21174326,liothyronine 0.005 MG Oral Tablet Box of 1,Drug,RxNorm Extension,standard,H03A_thyroid_preparations,thyroid_hormones,Thyroid hormones,drug
21174327,liothyronine 0.02 MG Injection Box of 5,Drug,RxNorm Extension,standard,H03A_thyroid_preparations,thyroid_hormones,Thyroid hormones,drug
21174328,liothyronine 0.02 MG Injection Box of 5 by Alliance,Drug,RxNorm Extension,standard,H03A_thyroid_preparations,thyroid_hormones,Thyroid hormones,drug
21174331,levothyroxine 0.019 MG / liothyronine 0.004 MG Oral Tablet Box of 100,Drug,RxNorm Extension,standard,H03A_thyroid_preparations,thyroid_hormones,Thyroid hormones,drug
21174332,levothyroxine 0.019 MG / liothyronine 0.004 MG Oral Tablet [Erfa Thyroid],Drug,RxNorm Extension,standard,H03A_thyroid_preparations,thyroid_hormones,Thyroid hormones,drug
21174333,levothyroxine 0.019 MG / liothyronine 0.0045 MG Oral Tablet Box of 1,Drug,RxNorm Extension,standard,H03A_thyroid_preparations,thyroid_hormones,Thyroid hormones,drug
21174334,levothyroxine 0.019 MG / liothyronine 0.0045 MG Oral Tablet [Nature-Throid],Drug,RxNorm Extension,standard,H03A_thyroid_preparations,thyroid_hormones,Thyroid hormones,drug
21174337,levothyroxine 0.152 MG / liothyronine 0.036 MG Oral Tablet Box of 1,Drug,RxNorm Extension,standard,H03A_thyroid_preparations,thyroid_hormones,Thyroid hormones,drug
21174620,levothyroxine 0.1 MG/ML Oral Suspension,Drug,RxNorm Extension,standard,H03A_thyroid_preparations,thyroid_hormones,Thyroid hormones,drug
21174621,levothyroxine 0.005 MG/ML Oral Solution by AMCo,Drug,RxNorm Extension,standard,H03A_thyroid_preparations,thyroid_hormones,Thyroid hormones,drug
21174623,levothyroxine 0.07 MG/ML Oral Solution,Drug,RxNorm Extension,standard,H03A_thyroid_preparations,thyroid_hormones,Thyroid hormones,drug
21174624,levothyroxine 0.15 MG/ML Oral Solution,Drug,RxNorm Extension,standard,H03A_thyroid_preparations,thyroid_hormones,Thyroid hormones,drug
21174625,levothyroxine 0.009 MG/ML Oral Suspension,Drug,RxNorm Extension,standard,H03A_thyroid_preparations,thyroid_hormones,Thyroid hormones,drug
21174628,levothyroxine 0.125 MG/ML Oral Suspension,Drug,RxNorm Extension,standard,H03A_thyroid_preparations,thyroid_hormones,Thyroid hormones,drug
21174631,levothyroxine 0.05 MG Oral Tablet Box of 28 by Sigma-Tau,Drug,RxNorm Extension,standard,H03A_thyroid_preparations,thyroid_hormones,Thyroid hormones,drug
21174632,levothyroxine 0.05 MG Oral Tablet Box of 1000,Drug,RxNorm Extension,standard,H03A_thyroid_preparations,thyroid_hormones,Thyroid hormones,drug
21174633,levothyroxine 0.5 MG/ML Oral Solution,Drug,RxNorm Extension,standard,H03A_thyroid_preparations,thyroid_hormones,Thyroid hormones,drug
21174634,levothyroxine 0.057 MG/ML Oral Solution,Drug,RxNorm Extension,standard,H03A_thyroid_preparations,thyroid_hormones,Thyroid hormones,drug
21174639,levothyroxine 0.1 MG Oral Capsule Box of 1,Drug,RxNorm Extension,standard,H03A_thyroid_preparations,thyroid_hormones,Thyroid hormones,drug
21174640,levothyroxine 0.1 MG Oral Tablet by Phoenix Labs,Drug,RxNorm Extension,standard,H03A_thyroid_preparations,thyroid_hormones,Thyroid hormones,drug
21174641,levothyroxine 0.1 MG Oral Tablet by Kent,Drug,RxNorm Extension,standard,H03A_thyroid_preparations,thyroid_hormones,Thyroid hormones,drug
21174642,levothyroxine 0.1 MG Oral Tablet by Alliance,Drug,RxNorm Extension,standard,H03A_thyroid_preparations,thyroid_hormones,Thyroid hormones,drug
21174643,levothyroxine 0.1 MG Oral Tablet Box of 28 by DE,Drug,RxNorm Extension,standard,H03A_thyroid_preparations,thyroid_hormones,Thyroid hormones,drug
21174644,levothyroxine 0.1 MG Oral Tablet Box of 1000 by Phoenix Labs,Drug,RxNorm Extension,standard,H03A_thyroid_preparations,thyroid_hormones,Thyroid hormones,drug
21174645,levothyroxine 0.025 MG Oral Tablet by Ivax,Drug,RxNorm Extension,standard,H03A_thyroid_preparations,thyroid_hormones,Thyroid hormones,drug
21174646,levothyroxine 0.025 MG Oral Tablet Box of 28 by DE,Drug,RxNorm Extension,standard,H03A_thyroid_preparations,thyroid_hormones,Thyroid hormones,drug
21174647,levothyroxine 0.025 MG Oral Tablet Box of 500 by Mylan,Drug,RxNorm Extension,standard,H03A_thyroid_preparations,thyroid_hormones,Thyroid hormones,drug
21174648,levothyroxine 0.025 MG Oral Tablet Box of 500 by A A H,Drug,RxNorm Extension,standard,H03A_thyroid_preparations,thyroid_hormones,Thyroid hormones,drug
21174649,levothyroxine 0.025 MG Injectable Solution,Drug,RxNorm Extension,standard,H03A_thyroid_preparations,thyroid_hormones,Thyroid hormones,drug
21174650,levothyroxine 0.01 MG/ML Oral Solution by Almus,Drug,RxNorm Extension,standard,H03A_thyroid_preparations,thyroid_hormones,Thyroid hormones,drug
21174651,levothyroxine 0.01 MG/ML Oral Solution [Eltroxin] by AMCo,Drug,RxNorm Extension,standard,H03A_thyroid_preparations,thyroid_hormones,Thyroid hormones,drug
21174653,levothyroxine 0.2 MG Oral Capsule Box of 1,Drug,RxNorm Extension,standard,H03A_thyroid_preparations,thyroid_hormones,Thyroid hormones,drug
21174657,levothyroxine 0.2 MG Injectable Solution Box of 1,Drug,RxNorm Extension,standard,H03A_thyroid_preparations,thyroid_hormones,Thyroid hormones,drug
21174658,levothyroxine 0.0025 MG/ML Oral Solution,Drug,RxNorm Extension,standard,H03A_thyroid_preparations,thyroid_hormones,Thyroid hormones,drug
21175851,1 ML levothyroxine 0.04 MG/ML Oral Suspension,Drug,RxNorm Extension,standard,H03A_thyroid_preparations,thyroid_hormones,Thyroid hormones,drug
21175852,1 ML levothyroxine 0.055 MG/ML Oral Suspension,Drug,RxNorm Extension,standard,H03A_thyroid_preparations,thyroid_hormones,Thyroid hormones,drug
21175853,1 ML levothyroxine 0.085 MG/ML Oral Solution,Drug,RxNorm Extension,standard,H03A_thyroid_preparations,thyroid_hormones,Thyroid hormones,drug
21177268,100 ML levothyroxine 0.02 MG/ML Oral Solution [Evotrox],Drug,RxNorm Extension,standard,H03A_thyroid_preparations,thyroid_hormones,Thyroid hormones,drug
21177269,100 ML levothyroxine 0.01 MG/ML Oral Solution by AMCo,Drug,RxNorm Extension,standard,H03A_thyroid_preparations,thyroid_hormones,Thyroid hormones,drug
21602752,THYROID PREPARATIONS,Drug,ATC,classification,H03A_thyroid_preparations,thyroid_hormones,Thyroid hormones,drug
21602753,Thyroid hormones,Drug,ATC,classification,H03A_thyroid_preparations,thyroid_hormones,Thyroid hormones,drug
21602754,levothyroxine sodium; systemic,Drug,ATC,classification,H03A_thyroid_preparations,thyroid_hormones,Thyroid hormones,drug
21602755,liothyronine sodium; systemic,Drug,ATC,classification,H03A_thyroid_preparations,thyroid_hormones,Thyroid hormones,drug
21602756,combinations of levothyroxine and liothyronine; systemic,Drug,ATC,classification,H03A_thyroid_preparations,thyroid_hormones,Thyroid hormones,drug
21602757,tiratricol; systemic,Drug,ATC,classification,H03A_thyroid_preparations,thyroid_hormones,Thyroid hormones,drug
21602758,thyroid gland preparations; oral,Drug,ATC,classification,H03A_thyroid_preparations,thyroid_hormones,Thyroid hormones,drug
35129101,levothyroxine 0.1 MG Oral Tablet [Thyradin],Drug,RxNorm Extension,standard,H03A_thyroid_preparations,thyroid_hormones,Thyroid hormones,drug
35129159,levothyroxine 0.05 MG [Thyradin],Drug,RxNorm Extension,standard,H03A_thyroid_preparations,thyroid_hormones,Thyroid hormones,drug
35131350,levothyroxine 0.05 MG Oral Tablet by Sandoz,Drug,RxNorm Extension,standard,H03A_thyroid_preparations,thyroid_hormones,Thyroid hormones,drug
35131758,levothyroxine 0.025 MG Oral Tablet [Thyradin],Drug,RxNorm Extension,standard,H03A_thyroid_preparations,thyroid_hormones,Thyroid hormones,drug
35132974,levothyroxine 0.1 MG/ML [Thyradin],Drug,RxNorm Extension,standard,H03A_thyroid_preparations,thyroid_hormones,Thyroid hormones,drug
35135124,1 ML levothyroxine 0.1 MG/ML Oral Powder,Drug,RxNorm Extension,standard,H03A_thyroid_preparations,thyroid_hormones,Thyroid hormones,drug
35135241,liothyronine 0.025 MG Oral Tablet [Thyronamin],Drug,RxNorm Extension,standard,H03A_thyroid_preparations,thyroid_hormones,Thyroid hormones,drug
35136220,levothyroxine 0.05 MG Oral Tablet [Thyradin],Drug,RxNorm Extension,standard,H03A_thyroid_preparations,thyroid_hormones,Thyroid hormones,drug
35140337,1 ML levothyroxine 0.1 MG/ML Oral Powder [Thyradin],Drug,RxNorm Extension,standard,H03A_thyroid_preparations,thyroid_hormones,Thyroid hormones,drug
35141242,thyroid (USP) Oral Powder,Drug,RxNorm Extension,standard,H03A_thyroid_preparations,thyroid_hormones,Thyroid hormones,drug
35141995,levothyroxine 0.1 MG/ML Oral Powder,Drug,RxNorm Extension,standard,H03A_thyroid_preparations,thyroid_hormones,Thyroid hormones,drug
35145059,thyroid (USP) 1000 MG,Drug,RxNorm Extension,standard,H03A_thyroid_preparations,thyroid_hormones,Thyroid hormones,drug
35146064,thyroid (USP) 1000 MG Oral Powder [Thyradin],Drug,RxNorm Extension,standard,H03A_thyroid_preparations,thyroid_hormones,Thyroid hormones,drug
35146878,thyroid (USP) 1000 MG [Thyradin],Drug,RxNorm Extension,standard,H03A_thyroid_preparations,thyroid_hormones,Thyroid hormones,drug
35146912,Androstenedione / Androstenedione / Estrone / Pregnenolone / Testosterone / thyroid (USP) Oral Tablet,Drug,RxNorm Extension,standard,H03A_thyroid_preparations,thyroid_hormones,Thyroid hormones,drug
35147277,levothyroxine 0.075 MG Oral Tablet [Thyradin],Drug,RxNorm Extension,standard,H03A_thyroid_preparations,thyroid_hormones,Thyroid hormones,drug
35148719,liothyronine 0.005 MG Oral Tablet [Thyronamin],Drug,RxNorm Extension,standard,H03A_thyroid_preparations,thyroid_hormones,Thyroid hormones,drug
35149987,thyroid (USP) Oral Powder [Thyradin],Drug,RxNorm Extension,standard,H03A_thyroid_preparations,thyroid_hormones,Thyroid hormones,drug
35150297,levothyroxine 0.075 MG [Thyradin],Drug,RxNorm Extension,standard,H03A_thyroid_preparations,thyroid_hormones,Thyroid hormones,drug
35151615,levothyroxine 0.025 MG [Thyradin],Drug,RxNorm Extension,standard,H03A_thyroid_preparations,thyroid_hormones,Thyroid hormones,drug
35154980,levothyroxine Oral Powder [Thyradin],Drug,RxNorm Extension,standard,H03A_thyroid_preparations,thyroid_hormones,Thyroid hormones,drug
35155151,levothyroxine 0.1 MG/ML Oral Powder [Thyradin],Drug,RxNorm Extension,standard,H03A_thyroid_preparations,thyroid_hormones,Thyroid hormones,drug
35155231,liothyronine 0.005 MG [Thyronamin],Drug,RxNorm Extension,standard,H03A_thyroid_preparations,thyroid_hormones,Thyroid hormones,drug
35155446,liothyronine 0.025 MG [Thyronamin],Drug,RxNorm Extension,standard,H03A_thyroid_preparations,thyroid_hormones,Thyroid hormones,drug
35156082,levothyroxine 0.0125 MG Oral Tablet [Thyradin],Drug,RxNorm Extension,standard,H03A_thyroid_preparations,thyroid_hormones,Thyroid hormones,drug
35156818,levothyroxine Oral Tablet [Thyradin],Drug,RxNorm Extension,standard,H03A_thyroid_preparations,thyroid_hormones,Thyroid hormones,drug
35158752,levothyroxine 0.025 MG Oral Tablet by Sandoz,Drug,RxNorm Extension,standard,H03A_thyroid_preparations,thyroid_hormones,Thyroid hormones,drug
35159865,thyroid (USP) 1000 MG Oral Powder,Drug,RxNorm Extension,standard,H03A_thyroid_preparations,thyroid_hormones,Thyroid hormones,drug
35160476,liothyronine Oral Tablet [Thyronamin],Drug,RxNorm Extension,standard,H03A_thyroid_preparations,thyroid_hormones,Thyroid hormones,drug
35160775,levothyroxine 0.0125 MG [Thyradin],Drug,RxNorm Extension,standard,H03A_thyroid_preparations,thyroid_hormones,Thyroid hormones,drug
35161980,levothyroxine 0.1 MG [Thyradin],Drug,RxNorm Extension,standard,H03A_thyroid_preparations,thyroid_hormones,Thyroid hormones,drug
35200514,levothyroxine sodium 0.025 MG/ML,Drug,RxNorm,standard,H03A_thyroid_preparations,thyroid_hormones,Thyroid hormones,drug
35200515,levothyroxine sodium 0.025 MG/ML Oral Solution,Drug,RxNorm,standard,H03A_thyroid_preparations,thyroid_hormones,Thyroid hormones,drug
35200516,levothyroxine sodium 0.025 MG/ML [Tirosint],Drug,RxNorm,standard,H03A_thyroid_preparations,thyroid_hormones,Thyroid hormones,drug
35200517,levothyroxine Oral Solution [Tirosint],Drug,RxNorm,standard,H03A_thyroid_preparations,thyroid_hormones,Thyroid hormones,drug
35200519,levothyroxine sodium 0.025 MG/ML Oral Solution [Tirosint],Drug,RxNorm,standard,H03A_thyroid_preparations,thyroid_hormones,Thyroid hormones,drug
35200520,levothyroxine sodium 0.05 MG/ML,Drug,RxNorm,standard,H03A_thyroid_preparations,thyroid_hormones,Thyroid hormones,drug
35200521,levothyroxine sodium 0.05 MG/ML Oral Solution,Drug,RxNorm,standard,H03A_thyroid_preparations,thyroid_hormones,Thyroid hormones,drug
35200522,levothyroxine sodium 0.05 MG/ML [Tirosint],Drug,RxNorm,standard,H03A_thyroid_preparations,thyroid_hormones,Thyroid hormones,drug
35200523,levothyroxine sodium 0.05 MG/ML Oral Solution [Tirosint],Drug,RxNorm,standard,H03A_thyroid_preparations,thyroid_hormones,Thyroid hormones,drug
35200524,levothyroxine sodium 0.075 MG/ML,Drug,RxNorm,standard,H03A_thyroid_preparations,thyroid_hormones,Thyroid hormones,drug
35200525,levothyroxine sodium 0.075 MG/ML Oral Solution,Drug,RxNorm,standard,H03A_thyroid_preparations,thyroid_hormones,Thyroid hormones,drug
35200526,levothyroxine sodium 0.075 MG/ML [Tirosint],Drug,RxNorm,standard,H03A_thyroid_preparations,thyroid_hormones,Thyroid hormones,drug
35200527,levothyroxine sodium 0.075 MG/ML Oral Solution [Tirosint],Drug,RxNorm,standard,H03A_thyroid_preparations,thyroid_hormones,Thyroid hormones,drug
35200528,levothyroxine sodium 0.088 MG/ML,Drug,RxNorm,standard,H03A_thyroid_preparations,thyroid_hormones,Thyroid hormones,drug
35200529,levothyroxine sodium 0.088 MG/ML Oral Solution,Drug,RxNorm,standard,H03A_thyroid_preparations,thyroid_hormones,Thyroid hormones,drug
35200530,levothyroxine sodium 0.088 MG/ML [Tirosint],Drug,RxNorm,standard,H03A_thyroid_preparations,thyroid_hormones,Thyroid hormones,drug
35200531,levothyroxine sodium 0.088 MG/ML Oral Solution [Tirosint],Drug,RxNorm,standard,H03A_thyroid_preparations,thyroid_hormones,Thyroid hormones,drug
35200532,levothyroxine sodium 0.1 MG/ML,Drug,RxNorm,standard,H03A_thyroid_preparations,thyroid_hormones,Thyroid hormones,drug
35200533,levothyroxine sodium 0.1 MG/ML Oral Solution,Drug,RxNorm,standard,H03A_thyroid_preparations,thyroid_hormones,Thyroid hormones,drug
35200534,levothyroxine sodium 0.1 MG/ML [Tirosint],Drug,RxNorm,standard,H03A_thyroid_preparations,thyroid_hormones,Thyroid hormones,drug
35200535,levothyroxine sodium 0.1 MG/ML Oral Solution [Tirosint],Drug,RxNorm,standard,H03A_thyroid_preparations,thyroid_hormones,Thyroid hormones,drug
35200536,levothyroxine sodium 0.112 MG/ML,Drug,RxNorm,standard,H03A_thyroid_preparations,thyroid_hormones,Thyroid hormones,drug
35200537,levothyroxine sodium 0.112 MG/ML Oral Solution,Drug,RxNorm,standard,H03A_thyroid_preparations,thyroid_hormones,Thyroid hormones,drug
35200538,levothyroxine sodium 0.112 MG/ML [Tirosint],Drug,RxNorm,standard,H03A_thyroid_preparations,thyroid_hormones,Thyroid hormones,drug
35200539,levothyroxine sodium 0.112 MG/ML Oral Solution [Tirosint],Drug,RxNorm,standard,H03A_thyroid_preparations,thyroid_hormones,Thyroid hormones,drug
35200540,levothyroxine sodium 0.125 MG/ML,Drug,RxNorm,standard,H03A_thyroid_preparations,thyroid_hormones,Thyroid hormones,drug
35200541,levothyroxine sodium 0.125 MG/ML Oral Solution,Drug,RxNorm,standard,H03A_thyroid_preparations,thyroid_hormones,Thyroid hormones,drug
35200542,levothyroxine sodium 0.125 MG/ML [Tirosint],Drug,RxNorm,standard,H03A_thyroid_preparations,thyroid_hormones,Thyroid hormones,drug
35200543,levothyroxine sodium 0.125 MG/ML Oral Solution [Tirosint],Drug,RxNorm,standard,H03A_thyroid_preparations,thyroid_hormones,Thyroid hormones,drug
35200544,levothyroxine sodium 0.013 MG/ML,Drug,RxNorm,standard,H03A_thyroid_preparations,thyroid_hormones,Thyroid hormones,drug
35200545,levothyroxine sodium 0.013 MG/ML Oral Solution,Drug,RxNorm,standard,H03A_thyroid_preparations,thyroid_hormones,Thyroid hormones,drug
35200546,levothyroxine sodium 0.013 MG/ML [Tirosint],Drug,RxNorm,standard,H03A_thyroid_preparations,thyroid_hormones,Thyroid hormones,drug
35200547,levothyroxine sodium 0.013 MG/ML Oral Solution [Tirosint],Drug,RxNorm,standard,H03A_thyroid_preparations,thyroid_hormones,Thyroid hormones,drug
35200548,levothyroxine sodium 0.137 MG/ML,Drug,RxNorm,standard,H03A_thyroid_preparations,thyroid_hormones,Thyroid hormones,drug
35200549,levothyroxine sodium 0.137 MG/ML Oral Solution,Drug,RxNorm,standard,H03A_thyroid_preparations,thyroid_hormones,Thyroid hormones,drug
35200550,levothyroxine sodium 0.137 MG/ML [Tirosint],Drug,RxNorm,standard,H03A_thyroid_preparations,thyroid_hormones,Thyroid hormones,drug
35200551,levothyroxine sodium 0.137 MG/ML Oral Solution [Tirosint],Drug,RxNorm,standard,H03A_thyroid_preparations,thyroid_hormones,Thyroid hormones,drug
35200552,levothyroxine sodium 0.15 MG/ML,Drug,RxNorm,standard,H03A_thyroid_preparations,thyroid_hormones,Thyroid hormones,drug
35200553,levothyroxine sodium 0.15 MG/ML Oral Solution,Drug,RxNorm,standard,H03A_thyroid_preparations,thyroid_hormones,Thyroid hormones,drug
35200554,levothyroxine sodium 0.15 MG/ML [Tirosint],Drug,RxNorm,standard,H03A_thyroid_preparations,thyroid_hormones,Thyroid hormones,drug
35200555,levothyroxine sodium 0.15 MG/ML Oral Solution [Tirosint],Drug,RxNorm,standard,H03A_thyroid_preparations,thyroid_hormones,Thyroid hormones,drug
35200556,levothyroxine sodium 0.175 MG/ML,Drug,RxNorm,standard,H03A_thyroid_preparations,thyroid_hormones,Thyroid hormones,drug
35200557,levothyroxine sodium 0.175 MG/ML Oral Solution,Drug,RxNorm,standard,H03A_thyroid_preparations,thyroid_hormones,Thyroid hormones,drug
35200558,levothyroxine sodium 0.175 MG/ML [Tirosint],Drug,RxNorm,standard,H03A_thyroid_preparations,thyroid_hormones,Thyroid hormones,drug
35200559,levothyroxine sodium 0.175 MG/ML Oral Solution [Tirosint],Drug,RxNorm,standard,H03A_thyroid_preparations,thyroid_hormones,Thyroid hormones,drug
35200560,levothyroxine sodium 0.2 MG/ML,Drug,RxNorm,standard,H03A_thyroid_preparations,thyroid_hormones,Thyroid hormones,drug
35200561,levothyroxine sodium 0.2 MG/ML Oral Solution,Drug,RxNorm,standard,H03A_thyroid_preparations,thyroid_hormones,Thyroid hormones,drug
35200562,levothyroxine sodium 0.2 MG/ML [Tirosint],Drug,RxNorm,standard,H03A_thyroid_preparations,thyroid_hormones,Thyroid hormones,drug
35200563,levothyroxine sodium 0.2 MG/ML Oral Solution [Tirosint],Drug,RxNorm,standard,H03A_thyroid_preparations,thyroid_hormones,Thyroid hormones,drug
35201126,levothyroxine sodium 0.0022 MG/MG [ThyroKare],Drug,RxNorm,standard,H03A_thyroid_preparations,thyroid_hormones,Thyroid hormones,drug
35201127,levothyroxine Oral Powder [ThyroKare],Drug,RxNorm,standard,H03A_thyroid_preparations,thyroid_hormones,Thyroid hormones,drug
35201129,levothyroxine sodium 0.0022 MG/MG Oral Powder [ThyroKare],Drug,RxNorm,standard,H03A_thyroid_preparations,thyroid_hormones,Thyroid hormones,drug
35603789,thyroid (USP) 90 MG [NP Thyroid],Drug,RxNorm,standard,H03A_thyroid_preparations,thyroid_hormones,Thyroid hormones,drug
35603790,thyroid (USP) Oral Tablet [NP Thyroid],Drug,RxNorm,standard,H03A_thyroid_preparations,thyroid_hormones,Thyroid hormones,drug
35603791,thyroid (USP) 90 MG Oral Tablet [NP Thyroid],Drug,RxNorm,standard,H03A_thyroid_preparations,thyroid_hormones,Thyroid hormones,drug
35603792,thyroid (USP) 30 MG [NP Thyroid],Drug,RxNorm,standard,H03A_thyroid_preparations,thyroid_hormones,Thyroid hormones,drug
35603793,thyroid (USP) 30 MG Oral Tablet [NP Thyroid],Drug,RxNorm,standard,H03A_thyroid_preparations,thyroid_hormones,Thyroid hormones,drug
35603800,thyroid (USP) 60 MG [NP Thyroid],Drug,RxNorm,standard,H03A_thyroid_preparations,thyroid_hormones,Thyroid hormones,drug
35603801,thyroid (USP) 60 MG Oral Tablet [NP Thyroid],Drug,RxNorm,standard,H03A_thyroid_preparations,thyroid_hormones,Thyroid hormones,drug
35754214,levothyroxine 0.5 MG Injectable Solution [Levothroid] Box of 1,Drug,RxNorm Extension,standard,H03A_thyroid_preparations,thyroid_hormones,Thyroid hormones,drug
35754945,levothyroxine 0.1 MG Oral Tablet Box of 28 by Arrow Generics,Drug,RxNorm Extension,standard,H03A_thyroid_preparations,thyroid_hormones,Thyroid hormones,drug
35754946,levothyroxine 0.05 MG Oral Tablet Box of 28 by Arrow Generics,Drug,RxNorm Extension,standard,H03A_thyroid_preparations,thyroid_hormones,Thyroid hormones,drug
35754947,levothyroxine 0.05 MG Oral Tablet by Arrow Generics,Drug,RxNorm Extension,standard,H03A_thyroid_preparations,thyroid_hormones,Thyroid hormones,drug
35758337,levothyroxine 0.5 MG Injectable Solution [Levothroid],Drug,RxNorm Extension,standard,H03A_thyroid_preparations,thyroid_hormones,Thyroid hormones,drug
35770657,levothyroxine 0.5 MG Injectable Solution Box of 1,Drug,RxNorm Extension,standard,H03A_thyroid_preparations,thyroid_hormones,Thyroid hormones,drug
35775856,levothyroxine 0.1 MG Oral Tablet by Arrow Generics,Drug,RxNorm Extension,standard,H03A_thyroid_preparations,thyroid_hormones,Thyroid hormones,drug
35784510,50 ML levothyroxine 0.02 MG/ML Oral Solution,Drug,RxNorm Extension,standard,H03A_thyroid_preparations,thyroid_hormones,Thyroid hormones,drug
35787114,100 ML levothyroxine 0.04 MG/ML Oral Solution,Drug,RxNorm Extension,standard,H03A_thyroid_preparations,thyroid_hormones,Thyroid hormones,drug
35828122,1000 MG levothyroxine 0.0001 MG/MG Oral Powder [Thyradin],Drug,RxNorm Extension,standard,H03A_thyroid_preparations,thyroid_hormones,Thyroid hormones,drug
35828123,1000 MG levothyroxine 0.0001 MG/MG Oral Powder,Drug,RxNorm Extension,standard,H03A_thyroid_preparations,thyroid_hormones,Thyroid hormones,drug
35830472,levothyroxine 0.0001 MG/MG Oral Powder [Thyradin],Drug,RxNorm Extension,standard,H03A_thyroid_preparations,thyroid_hormones,Thyroid hormones,drug
35830473,levothyroxine 0.0001 MG/MG Oral Powder,Drug,RxNorm Extension,standard,H03A_thyroid_preparations,thyroid_hormones,Thyroid hormones,drug
35830474,levothyroxine 0.0001 MG/MG [Thyradin],Drug,RxNorm Extension,standard,H03A_thyroid_preparations,thyroid_hormones,Thyroid hormones,drug
35830475,levothyroxine 0.0001 MG/MG,Drug,RxNorm Extension,standard,H03A_thyroid_preparations,thyroid_hormones,Thyroid hormones,drug
35830476,androstenedione / androstenedione / estrone / pregnenolone / testosterone / thyroid (USP) Oral Tablet,Drug,RxNorm Extension,standard,H03A_thyroid_preparations,thyroid_hormones,Thyroid hormones,drug
35864736,levothyroxine 100000 MG Oral Tablet,Drug,RxNorm Extension,standard,H03A_thyroid_preparations,thyroid_hormones,Thyroid hormones,drug
35864737,levothyroxine 100000 MG,Drug,RxNorm Extension,standard,H03A_thyroid_preparations,thyroid_hormones,Thyroid hormones,drug
35864738,levothyroxine 0.1 MG Oral Tablet [Leitisi],Drug,RxNorm Extension,standard,H03A_thyroid_preparations,thyroid_hormones,Thyroid hormones,drug
35864739,levothyroxine 0.1 MG Oral Tablet [Youjiale],Drug,RxNorm Extension,standard,H03A_thyroid_preparations,thyroid_hormones,Thyroid hormones,drug
35864740,levothyroxine 0.1 MG [Leitisi],Drug,RxNorm Extension,standard,H03A_thyroid_preparations,thyroid_hormones,Thyroid hormones,drug
35864741,levothyroxine 0.1 MG [Youjiale],Drug,RxNorm Extension,standard,H03A_thyroid_preparations,thyroid_hormones,Thyroid hormones,drug
35864742,levothyroxine 0.05 MG Oral Tablet [Leitisi],Drug,RxNorm Extension,standard,H03A_thyroid_preparations,thyroid_hormones,Thyroid hormones,drug
35864743,levothyroxine 0.05 MG Oral Tablet [Youjiale],Drug,RxNorm Extension,standard,H03A_thyroid_preparations,thyroid_hormones,Thyroid hormones,drug
35864744,levothyroxine 0.05 MG [Leitisi],Drug,RxNorm Extension,standard,H03A_thyroid_preparations,thyroid_hormones,Thyroid hormones,drug
35864745,levothyroxine 0.05 MG [Youjiale],Drug,RxNorm Extension,standard,H03A_thyroid_preparations,thyroid_hormones,Thyroid hormones,drug
35864746,levothyroxine Oral Tablet [Leitisi],Drug,RxNorm Extension,standard,H03A_thyroid_preparations,thyroid_hormones,Thyroid hormones,drug
35864747,levothyroxine Oral Tablet [Youjiale],Drug,RxNorm Extension,standard,H03A_thyroid_preparations,thyroid_hormones,Thyroid hormones,drug
35886899,liothyronine 0.02 MG Oral Tablet Box of 28 by Medihealth,Drug,RxNorm Extension,standard,H03A_thyroid_preparations,thyroid_hormones,Thyroid hormones,drug
35886900,liothyronine 0.02 MG Oral Tablet by Medihealth,Drug,RxNorm Extension,standard,H03A_thyroid_preparations,thyroid_hormones,Thyroid hormones,drug
35886901,liothyronine 0.01 MG Oral Tablet Box of 28 by Medihealth,Drug,RxNorm Extension,standard,H03A_thyroid_preparations,thyroid_hormones,Thyroid hormones,drug
35886902,liothyronine 0.01 MG Oral Tablet by Medihealth,Drug,RxNorm Extension,standard,H03A_thyroid_preparations,thyroid_hormones,Thyroid hormones,drug
35886903,liothyronine 0.005 MG Oral Tablet Box of 28 by Medihealth,Drug,RxNorm Extension,standard,H03A_thyroid_preparations,thyroid_hormones,Thyroid hormones,drug
35886904,liothyronine 0.005 MG Oral Tablet Box of 28 by A A H,Drug,RxNorm Extension,standard,H03A_thyroid_preparations,thyroid_hormones,Thyroid hormones,drug
35886905,liothyronine 0.005 MG Oral Tablet by Medihealth,Drug,RxNorm Extension,standard,H03A_thyroid_preparations,thyroid_hormones,Thyroid hormones,drug
35886906,liothyronine 0.005 MG Oral Tablet by A A H,Drug,RxNorm Extension,standard,H03A_thyroid_preparations,thyroid_hormones,Thyroid hormones,drug
35886926,levothyroxine 0.1 MG Oral Tablet Box of 1000 by Accord,Drug,RxNorm Extension,standard,H03A_thyroid_preparations,thyroid_hormones,Thyroid hormones,drug
35886927,levothyroxine 0.1 MG Oral Tablet Box of 28 by Medihealth,Drug,RxNorm Extension,standard,H03A_thyroid_preparations,thyroid_hormones,Thyroid hormones,drug
35886928,levothyroxine 0.1 MG Oral Tablet Box of 28 by Accord,Drug,RxNorm Extension,standard,H03A_thyroid_preparations,thyroid_hormones,Thyroid hormones,drug
35886929,levothyroxine 0.1 MG Oral Tablet by Medihealth,Drug,RxNorm Extension,standard,H03A_thyroid_preparations,thyroid_hormones,Thyroid hormones,drug
35886930,levothyroxine 0.1 MG Oral Tablet by Accord,Drug,RxNorm Extension,standard,H03A_thyroid_preparations,thyroid_hormones,Thyroid hormones,drug
35886931,levothyroxine 0.075 MG Oral Tablet Box of 28 by Medihealth,Drug,RxNorm Extension,standard,H03A_thyroid_preparations,thyroid_hormones,Thyroid hormones,drug
35886932,levothyroxine 0.075 MG Oral Tablet by Medihealth,Drug,RxNorm Extension,standard,H03A_thyroid_preparations,thyroid_hormones,Thyroid hormones,drug
35886933,levothyroxine 0.05 MG Oral Tablet Box of 1000 by Accord,Drug,RxNorm Extension,standard,H03A_thyroid_preparations,thyroid_hormones,Thyroid hormones,drug
35886934,levothyroxine 0.05 MG Oral Tablet Box of 28 by Medihealth,Drug,RxNorm Extension,standard,H03A_thyroid_preparations,thyroid_hormones,Thyroid hormones,drug
35886935,levothyroxine 0.05 MG Oral Tablet Box of 28 by Accord,Drug,RxNorm Extension,standard,H03A_thyroid_preparations,thyroid_hormones,Thyroid hormones,drug
35886936,levothyroxine 0.05 MG Oral Tablet by Medihealth,Drug,RxNorm Extension,standard,H03A_thyroid_preparations,thyroid_hormones,Thyroid hormones,drug
35886937,levothyroxine 0.05 MG Oral Tablet by Accord,Drug,RxNorm Extension,standard,H03A_thyroid_preparations,thyroid_hormones,Thyroid hormones,drug
35886938,levothyroxine 0.025 MG Oral Tablet Box of 28 by Medihealth,Drug,RxNorm Extension,standard,H03A_thyroid_preparations,thyroid_hormones,Thyroid hormones,drug
35886939,levothyroxine 0.025 MG Oral Tablet by Medihealth,Drug,RxNorm Extension,standard,H03A_thyroid_preparations,thyroid_hormones,Thyroid hormones,drug
35886940,levothyroxine 0.0125 MG Oral Tablet Box of 28 by Medihealth,Drug,RxNorm Extension,standard,H03A_thyroid_preparations,thyroid_hormones,Thyroid hormones,drug
35886941,levothyroxine 0.0125 MG Oral Tablet by Medihealth,Drug,RxNorm Extension,standard,H03A_thyroid_preparations,thyroid_hormones,Thyroid hormones,drug
35897782,liothyronine 0.02 MG Oral Tablet Box of 28 by Accord,Drug,RxNorm Extension,standard,H03A_thyroid_preparations,thyroid_hormones,Thyroid hormones,drug
35897783,liothyronine 0.02 MG Oral Tablet by Accord,Drug,RxNorm Extension,standard,H03A_thyroid_preparations,thyroid_hormones,Thyroid hormones,drug
36035918,levothyroxine 0.025 MG Oral Tablet Box of 28 by Novartis,Drug,RxNorm Extension,standard,H03A_thyroid_preparations,thyroid_hormones,Thyroid hormones,drug
36037590,100 ML levothyroxine 0.02 MG/ML Oral Solution [Eferox] by Aristo,Drug,RxNorm Extension,standard,H03A_thyroid_preparations,thyroid_hormones,Thyroid hormones,drug
36053209,100 ML levothyroxine 0.025 MG/ML Oral Solution by Alliance,Drug,RxNorm Extension,standard,H03A_thyroid_preparations,thyroid_hormones,Thyroid hormones,drug
36053210,100 ML levothyroxine 0.025 MG/ML Oral Solution by Zentiva,Drug,RxNorm Extension,standard,H03A_thyroid_preparations,thyroid_hormones,Thyroid hormones,drug
36053211,100 ML levothyroxine 0.02 MG/ML Oral Solution by Mawdsley-Brooks,Drug,RxNorm Extension,standard,H03A_thyroid_preparations,thyroid_hormones,Thyroid hormones,drug
36053212,100 ML levothyroxine 0.02 MG/ML Oral Solution by DE,Drug,RxNorm Extension,standard,H03A_thyroid_preparations,thyroid_hormones,Thyroid hormones,drug
36053213,100 ML levothyroxine 0.02 MG/ML Oral Solution by Wockhardt,Drug,RxNorm Extension,standard,H03A_thyroid_preparations,thyroid_hormones,Thyroid hormones,drug
36053214,100 ML levothyroxine 0.02 MG/ML Oral Solution by Zentiva,Drug,RxNorm Extension,standard,H03A_thyroid_preparations,thyroid_hormones,Thyroid hormones,drug
36053216,100 ML levothyroxine 0.01 MG/ML Oral Solution by Mawdsley-Brooks,Drug,RxNorm Extension,standard,H03A_thyroid_preparations,thyroid_hormones,Thyroid hormones,drug
36053217,100 ML levothyroxine 0.01 MG/ML Oral Solution by DE,Drug,RxNorm Extension,standard,H03A_thyroid_preparations,thyroid_hormones,Thyroid hormones,drug
36053218,100 ML levothyroxine 0.01 MG/ML Oral Solution by Zentiva,Drug,RxNorm Extension,standard,H03A_thyroid_preparations,thyroid_hormones,Thyroid hormones,drug
36053219,100 ML levothyroxine 0.005 MG/ML Oral Solution by Mawdsley-Brooks,Drug,RxNorm Extension,standard,H03A_thyroid_preparations,thyroid_hormones,Thyroid hormones,drug
36053220,100 ML levothyroxine 0.005 MG/ML Oral Solution by DE,Drug,RxNorm Extension,standard,H03A_thyroid_preparations,thyroid_hormones,Thyroid hormones,drug
36053221,100 ML levothyroxine 0.005 MG/ML Oral Solution by Zentiva,Drug,RxNorm Extension,standard,H03A_thyroid_preparations,thyroid_hormones,Thyroid hormones,drug
36063935,levothyroxine 0.375 MG,Drug,RxNorm Extension,standard,H03A_thyroid_preparations,thyroid_hormones,Thyroid hormones,drug
36064141,levothyroxine 0.057 MG,Drug,RxNorm Extension,standard,H03A_thyroid_preparations,thyroid_hormones,Thyroid hormones,drug
36064317,liothyronine 0.1 MG Injectable Solution [Thyrotardin-Inject] Box of 1,Drug,RxNorm Extension,standard,H03A_thyroid_preparations,thyroid_hormones,Thyroid hormones,drug
36064318,liothyronine 0.1 MG Injectable Solution [Thyrotardin-Inject],Drug,RxNorm Extension,standard,H03A_thyroid_preparations,thyroid_hormones,Thyroid hormones,drug
36064319,liothyronine 0.1 MG [Thyrotardin-Inject],Drug,RxNorm Extension,standard,H03A_thyroid_preparations,thyroid_hormones,Thyroid hormones,drug
36064320,liothyronine 0.02 MG Oral Tablet Box of 28 by DE,Drug,RxNorm Extension,standard,H03A_thyroid_preparations,thyroid_hormones,Thyroid hormones,drug
36064321,liothyronine 0.02 MG Oral Tablet by DE,Drug,RxNorm Extension,standard,H03A_thyroid_preparations,thyroid_hormones,Thyroid hormones,drug
36064322,liothyronine 0.01 MG Oral Tablet Box of 28 by Morningside,Drug,RxNorm Extension,standard,H03A_thyroid_preparations,thyroid_hormones,Thyroid hormones,drug
36064323,liothyronine 0.01 MG Oral Tablet Box of 28 by DE,Drug,RxNorm Extension,standard,H03A_thyroid_preparations,thyroid_hormones,Thyroid hormones,drug
36064324,liothyronine 0.01 MG Oral Tablet Box of 28 by Alliance,Drug,RxNorm Extension,standard,H03A_thyroid_preparations,thyroid_hormones,Thyroid hormones,drug
36064325,liothyronine 0.01 MG Oral Tablet Box of 28,Drug,RxNorm Extension,standard,H03A_thyroid_preparations,thyroid_hormones,Thyroid hormones,drug
36064326,liothyronine 0.01 MG Oral Tablet by Morningside,Drug,RxNorm Extension,standard,H03A_thyroid_preparations,thyroid_hormones,Thyroid hormones,drug
36064327,liothyronine 0.01 MG Oral Tablet by DE,Drug,RxNorm Extension,standard,H03A_thyroid_preparations,thyroid_hormones,Thyroid hormones,drug
36064328,liothyronine 0.01 MG Oral Tablet by Alliance,Drug,RxNorm Extension,standard,H03A_thyroid_preparations,thyroid_hormones,Thyroid hormones,drug
36064329,liothyronine 0.005 MG Oral Tablet Box of 28 by Morningside,Drug,RxNorm Extension,standard,H03A_thyroid_preparations,thyroid_hormones,Thyroid hormones,drug
36064330,liothyronine 0.005 MG Oral Tablet Box of 28 by DE,Drug,RxNorm Extension,standard,H03A_thyroid_preparations,thyroid_hormones,Thyroid hormones,drug
36064331,liothyronine 0.005 MG Oral Tablet Box of 28 by Alliance,Drug,RxNorm Extension,standard,H03A_thyroid_preparations,thyroid_hormones,Thyroid hormones,drug
36064332,liothyronine 0.005 MG Oral Tablet Box of 28,Drug,RxNorm Extension,standard,H03A_thyroid_preparations,thyroid_hormones,Thyroid hormones,drug
36064434,levothyroxine 0.114 MG / liothyronine 0.027 MG Oral Tablet [Armour Thyroid] Box of 100,Drug,RxNorm Extension,standard,H03A_thyroid_preparations,thyroid_hormones,Thyroid hormones,drug
36064435,levothyroxine 0.114 MG / liothyronine 0.027 MG Oral Tablet [Armour Thyroid],Drug,RxNorm Extension,standard,H03A_thyroid_preparations,thyroid_hormones,Thyroid hormones,drug
36064436,levothyroxine 0.114 MG / liothyronine 0.027 MG Oral Tablet Box of 100,Drug,RxNorm Extension,standard,H03A_thyroid_preparations,thyroid_hormones,Thyroid hormones,drug
36064437,levothyroxine 0.114 MG / liothyronine 0.027 MG Oral Tablet Box of 1,Drug,RxNorm Extension,standard,H03A_thyroid_preparations,thyroid_hormones,Thyroid hormones,drug
36064438,levothyroxine 0.114 MG / liothyronine 0.027 MG Oral Tablet,Drug,RxNorm Extension,standard,H03A_thyroid_preparations,thyroid_hormones,Thyroid hormones,drug
36064439,levothyroxine 0.114 MG / liothyronine 0.027 MG [Armour Thyroid],Drug,RxNorm Extension,standard,H03A_thyroid_preparations,thyroid_hormones,Thyroid hormones,drug
36064440,levothyroxine 0.057 MG / liothyronine 0.0135 MG Oral Tablet [Armour Thyroid] Box of 100,Drug,RxNorm Extension,standard,H03A_thyroid_preparations,thyroid_hormones,Thyroid hormones,drug
36064441,levothyroxine 0.057 MG / liothyronine 0.0135 MG Oral Tablet [Armour Thyroid],Drug,RxNorm Extension,standard,H03A_thyroid_preparations,thyroid_hormones,Thyroid hormones,drug
36064442,levothyroxine 0.057 MG / liothyronine 0.0135 MG Oral Tablet Box of 100,Drug,RxNorm Extension,standard,H03A_thyroid_preparations,thyroid_hormones,Thyroid hormones,drug
36064443,levothyroxine 0.057 MG / liothyronine 0.0135 MG Oral Tablet Box of 1,Drug,RxNorm Extension,standard,H03A_thyroid_preparations,thyroid_hormones,Thyroid hormones,drug
36064444,levothyroxine 0.057 MG / liothyronine 0.0135 MG Oral Tablet,Drug,RxNorm Extension,standard,H03A_thyroid_preparations,thyroid_hormones,Thyroid hormones,drug
36064445,levothyroxine 0.057 MG / liothyronine 0.0135 MG [Armour Thyroid],Drug,RxNorm Extension,standard,H03A_thyroid_preparations,thyroid_hormones,Thyroid hormones,drug
36064446,levothyroxine 0.0375 MG / liothyronine 0.009 MG Oral Tablet [WP Thyroid] Box of 100,Drug,RxNorm Extension,standard,H03A_thyroid_preparations,thyroid_hormones,Thyroid hormones,drug
36064447,levothyroxine 0.0375 MG / liothyronine 0.009 MG Oral Tablet [WP Thyroid],Drug,RxNorm Extension,standard,H03A_thyroid_preparations,thyroid_hormones,Thyroid hormones,drug
36064448,levothyroxine 0.0375 MG / liothyronine 0.009 MG Oral Tablet [NP Thyroid] Box of 100,Drug,RxNorm Extension,standard,H03A_thyroid_preparations,thyroid_hormones,Thyroid hormones,drug
36064449,levothyroxine 0.0375 MG / liothyronine 0.009 MG Oral Tablet [NP Thyroid],Drug,RxNorm Extension,standard,H03A_thyroid_preparations,thyroid_hormones,Thyroid hormones,drug
36064450,levothyroxine 0.0375 MG / liothyronine 0.009 MG Oral Tablet Box of 100,Drug,RxNorm Extension,standard,H03A_thyroid_preparations,thyroid_hormones,Thyroid hormones,drug
36064451,levothyroxine 0.0375 MG / liothyronine 0.009 MG Oral Tablet Box of 90,Drug,RxNorm Extension,standard,H03A_thyroid_preparations,thyroid_hormones,Thyroid hormones,drug
36064452,levothyroxine 0.0375 MG / liothyronine 0.009 MG Oral Tablet Box of 60,Drug,RxNorm Extension,standard,H03A_thyroid_preparations,thyroid_hormones,Thyroid hormones,drug
36064453,levothyroxine 0.0375 MG / liothyronine 0.009 MG Oral Tablet Box of 30,Drug,RxNorm Extension,standard,H03A_thyroid_preparations,thyroid_hormones,Thyroid hormones,drug
36064454,levothyroxine 0.0375 MG / liothyronine 0.009 MG Oral Tablet Box of 1,Drug,RxNorm Extension,standard,H03A_thyroid_preparations,thyroid_hormones,Thyroid hormones,drug
36064455,levothyroxine 0.0375 MG / liothyronine 0.009 MG Oral Tablet,Drug,RxNorm Extension,standard,H03A_thyroid_preparations,thyroid_hormones,Thyroid hormones,drug
36064456,levothyroxine 0.0375 MG / liothyronine 0.009 MG [WP Thyroid],Drug,RxNorm Extension,standard,H03A_thyroid_preparations,thyroid_hormones,Thyroid hormones,drug
36064457,levothyroxine 0.0375 MG / liothyronine 0.009 MG [NP Thyroid],Drug,RxNorm Extension,standard,H03A_thyroid_preparations,thyroid_hormones,Thyroid hormones,drug
36064458,levothyroxine 0.0375 MG / liothyronine 0.009 MG [Armour Thyroid],Drug,RxNorm Extension,standard,H03A_thyroid_preparations,thyroid_hormones,Thyroid hormones,drug
36064459,levothyroxine 0.0375 MG / liothyronine 0.009 MG [Nature-Throid],Drug,RxNorm Extension,standard,H03A_thyroid_preparations,thyroid_hormones,Thyroid hormones,drug
36064460,levothyroxine 0.018 MG / liothyronine 0.004 MG Oral Tablet [Erfa Thyroid] Box of 500,Drug,RxNorm Extension,standard,H03A_thyroid_preparations,thyroid_hormones,Thyroid hormones,drug
36064461,levothyroxine 0.018 MG / liothyronine 0.004 MG Oral Tablet [Erfa Thyroid] Box of 100,Drug,RxNorm Extension,standard,H03A_thyroid_preparations,thyroid_hormones,Thyroid hormones,drug
36064462,levothyroxine 0.018 MG / liothyronine 0.004 MG Oral Tablet [Erfa Thyroid],Drug,RxNorm Extension,standard,H03A_thyroid_preparations,thyroid_hormones,Thyroid hormones,drug
36064463,levothyroxine 0.018 MG / liothyronine 0.004 MG Oral Tablet Box of 500,Drug,RxNorm Extension,standard,H03A_thyroid_preparations,thyroid_hormones,Thyroid hormones,drug
36064464,levothyroxine 0.018 MG / liothyronine 0.004 MG Oral Tablet Box of 100,Drug,RxNorm Extension,standard,H03A_thyroid_preparations,thyroid_hormones,Thyroid hormones,drug
36064465,levothyroxine 0.018 MG / liothyronine 0.004 MG Oral Tablet,Drug,RxNorm Extension,standard,H03A_thyroid_preparations,thyroid_hormones,Thyroid hormones,drug
36064466,levothyroxine 0.018 MG / liothyronine 0.004 MG [Erfa Thyroid],Drug,RxNorm Extension,standard,H03A_thyroid_preparations,thyroid_hormones,Thyroid hormones,drug
36064467,levothyroxine 0.035 MG / liothyronine 0.008 MG Oral Tablet [Erfa Thyroid] Box of 500,Drug,RxNorm Extension,standard,H03A_thyroid_preparations,thyroid_hormones,Thyroid hormones,drug
36064468,levothyroxine 0.035 MG / liothyronine 0.008 MG Oral Tablet [Erfa Thyroid],Drug,RxNorm Extension,standard,H03A_thyroid_preparations,thyroid_hormones,Thyroid hormones,drug
36064469,levothyroxine 0.035 MG / liothyronine 0.008 MG Oral Tablet Box of 500,Drug,RxNorm Extension,standard,H03A_thyroid_preparations,thyroid_hormones,Thyroid hormones,drug
36064470,levothyroxine 0.035 MG / liothyronine 0.008 MG Oral Tablet,Drug,RxNorm Extension,standard,H03A_thyroid_preparations,thyroid_hormones,Thyroid hormones,drug
36064471,levothyroxine 0.035 MG / liothyronine 0.008 MG [Erfa Thyroid],Drug,RxNorm Extension,standard,H03A_thyroid_preparations,thyroid_hormones,Thyroid hormones,drug
36064472,levothyroxine 0.227 MG Oral Capsule Box of 1,Drug,RxNorm Extension,standard,H03A_thyroid_preparations,thyroid_hormones,Thyroid hormones,drug
36064473,levothyroxine 0.227 MG Oral Capsule,Drug,RxNorm Extension,standard,H03A_thyroid_preparations,thyroid_hormones,Thyroid hormones,drug
36064474,levothyroxine 0.175 MG Oral Capsule Box of 1,Drug,RxNorm Extension,standard,H03A_thyroid_preparations,thyroid_hormones,Thyroid hormones,drug
36064475,levothyroxine 0.1 MG Oral Tablet Box of 28 by Aristo,Drug,RxNorm Extension,standard,H03A_thyroid_preparations,thyroid_hormones,Thyroid hormones,drug
36064476,levothyroxine 0.1 MG Oral Tablet Box of 28 by Mawdsley-Brooks,Drug,RxNorm Extension,standard,H03A_thyroid_preparations,thyroid_hormones,Thyroid hormones,drug
36064477,levothyroxine 0.1 MG Oral Tablet by Aristo,Drug,RxNorm Extension,standard,H03A_thyroid_preparations,thyroid_hormones,Thyroid hormones,drug
36064478,levothyroxine 0.075 MG Oral Tablet Box of 28 by DE,Drug,RxNorm Extension,standard,H03A_thyroid_preparations,thyroid_hormones,Thyroid hormones,drug
36064479,levothyroxine 0.075 MG Oral Tablet by DE,Drug,RxNorm Extension,standard,H03A_thyroid_preparations,thyroid_hormones,Thyroid hormones,drug
36064480,levothyroxine 0.05 MG Oral Tablet Box of 28 by Mawdsley-Brooks,Drug,RxNorm Extension,standard,H03A_thyroid_preparations,thyroid_hormones,Thyroid hormones,drug
36064481,levothyroxine 0.025 MG Oral Tablet Box of 28 by NorthStar Healthcare Unlimited Company,Drug,RxNorm Extension,standard,H03A_thyroid_preparations,thyroid_hormones,Thyroid hormones,drug
36064482,levothyroxine 0.02 MG/ML Oral Solution by Mawdsley-Brooks,Drug,RxNorm Extension,standard,H03A_thyroid_preparations,thyroid_hormones,Thyroid hormones,drug
36064483,levothyroxine 0.02 MG/ML Oral Solution by DE,Drug,RxNorm Extension,standard,H03A_thyroid_preparations,thyroid_hormones,Thyroid hormones,drug
36064484,levothyroxine 0.02 MG/ML Oral Solution by Wockhardt,Drug,RxNorm Extension,standard,H03A_thyroid_preparations,thyroid_hormones,Thyroid hormones,drug
36064485,levothyroxine 0.02 MG/ML Oral Solution by Zentiva,Drug,RxNorm Extension,standard,H03A_thyroid_preparations,thyroid_hormones,Thyroid hormones,drug
36064486,levothyroxine 0.01 MG/ML Oral Solution by Mawdsley-Brooks,Drug,RxNorm Extension,standard,H03A_thyroid_preparations,thyroid_hormones,Thyroid hormones,drug
36064487,levothyroxine 0.01 MG/ML Oral Solution by DE,Drug,RxNorm Extension,standard,H03A_thyroid_preparations,thyroid_hormones,Thyroid hormones,drug
36064488,levothyroxine 0.01 MG/ML Oral Solution by Zentiva,Drug,RxNorm Extension,standard,H03A_thyroid_preparations,thyroid_hormones,Thyroid hormones,drug
36064489,levothyroxine 0.005 MG/ML Oral Solution by Mawdsley-Brooks,Drug,RxNorm Extension,standard,H03A_thyroid_preparations,thyroid_hormones,Thyroid hormones,drug
36064490,levothyroxine 0.005 MG/ML Oral Solution by DE,Drug,RxNorm Extension,standard,H03A_thyroid_preparations,thyroid_hormones,Thyroid hormones,drug
36064491,levothyroxine 0.005 MG/ML Oral Solution by Zentiva,Drug,RxNorm Extension,standard,H03A_thyroid_preparations,thyroid_hormones,Thyroid hormones,drug
36064492,levothyroxine 0.375 MG Oral Capsule Box of 1,Drug,RxNorm Extension,standard,H03A_thyroid_preparations,thyroid_hormones,Thyroid hormones,drug
36064493,levothyroxine 0.375 MG Oral Capsule,Drug,RxNorm Extension,standard,H03A_thyroid_preparations,thyroid_hormones,Thyroid hormones,drug
36064494,levothyroxine 0.0375 MG/ML Oral Suspension,Drug,RxNorm Extension,standard,H03A_thyroid_preparations,thyroid_hormones,Thyroid hormones,drug
36064495,levothyroxine 0.0375 MG/ML Oral Solution,Drug,RxNorm Extension,standard,H03A_thyroid_preparations,thyroid_hormones,Thyroid hormones,drug
36064496,levothyroxine 0.0375 MG/ML,Drug,RxNorm Extension,standard,H03A_thyroid_preparations,thyroid_hormones,Thyroid hormones,drug
36064497,levothyroxine 0.018 MG,Drug,RxNorm Extension,standard,H03A_thyroid_preparations,thyroid_hormones,Thyroid hormones,drug
36073749,1 ML levothyroxine 0.0375 MG/ML Oral Suspension,Drug,RxNorm Extension,standard,H03A_thyroid_preparations,thyroid_hormones,Thyroid hormones,drug
36073750,1 ML levothyroxine 0.0375 MG/ML Oral Solution,Drug,RxNorm Extension,standard,H03A_thyroid_preparations,thyroid_hormones,Thyroid hormones,drug
36074690,liothyronine 0.005 MG Oral Tablet by Morningside,Drug,RxNorm Extension,standard,H03A_thyroid_preparations,thyroid_hormones,Thyroid hormones,drug
36074691,liothyronine 0.005 MG Oral Tablet by DE,Drug,RxNorm Extension,standard,H03A_thyroid_preparations,thyroid_hormones,Thyroid hormones,drug
36074692,liothyronine 0.005 MG Oral Tablet by Alliance,Drug,RxNorm Extension,standard,H03A_thyroid_preparations,thyroid_hormones,Thyroid hormones,drug
36074703,levothyroxine 0.0375 MG / liothyronine 0.009 MG Oral Tablet [Armour Thyroid] Box of 100,Drug,RxNorm Extension,standard,H03A_thyroid_preparations,thyroid_hormones,Thyroid hormones,drug
36074704,levothyroxine 0.0375 MG / liothyronine 0.009 MG Oral Tablet [Armour Thyroid],Drug,RxNorm Extension,standard,H03A_thyroid_preparations,thyroid_hormones,Thyroid hormones,drug
36074705,levothyroxine 0.0375 MG / liothyronine 0.009 MG Oral Tablet [Nature-Throid] Box of 100,Drug,RxNorm Extension,standard,H03A_thyroid_preparations,thyroid_hormones,Thyroid hormones,drug
36074706,levothyroxine 0.0375 MG / liothyronine 0.009 MG Oral Tablet [Nature-Throid] Box of 90,Drug,RxNorm Extension,standard,H03A_thyroid_preparations,thyroid_hormones,Thyroid hormones,drug
36074707,levothyroxine 0.0375 MG / liothyronine 0.009 MG Oral Tablet [Nature-Throid] Box of 60,Drug,RxNorm Extension,standard,H03A_thyroid_preparations,thyroid_hormones,Thyroid hormones,drug
36074708,levothyroxine 0.0375 MG / liothyronine 0.009 MG Oral Tablet [Nature-Throid] Box of 30,Drug,RxNorm Extension,standard,H03A_thyroid_preparations,thyroid_hormones,Thyroid hormones,drug
36074709,levothyroxine 0.0375 MG / liothyronine 0.009 MG Oral Tablet [Nature-Throid],Drug,RxNorm Extension,standard,H03A_thyroid_preparations,thyroid_hormones,Thyroid hormones,drug
36074710,levothyroxine 0.025 MG Oral Tablet by NorthStar Healthcare Unlimited Company,Drug,RxNorm Extension,standard,H03A_thyroid_preparations,thyroid_hormones,Thyroid hormones,drug
36074711,levothyroxine 0.0125 MG Oral Tablet Box of 28 by DE,Drug,RxNorm Extension,standard,H03A_thyroid_preparations,thyroid_hormones,Thyroid hormones,drug
36074712,levothyroxine 0.0125 MG Oral Tablet by DE,Drug,RxNorm Extension,standard,H03A_thyroid_preparations,thyroid_hormones,Thyroid hormones,drug
36074713,levothyroxine 0.025 MG/ML Oral Solution by Alliance,Drug,RxNorm Extension,standard,H03A_thyroid_preparations,thyroid_hormones,Thyroid hormones,drug
36074714,levothyroxine 0.025 MG/ML Oral Solution by Zentiva,Drug,RxNorm Extension,standard,H03A_thyroid_preparations,thyroid_hormones,Thyroid hormones,drug
36119995,levothyroxine 0.025 MG/ML Oral Solution by A A H,Drug,RxNorm Extension,standard,H03A_thyroid_preparations,thyroid_hormones,Thyroid hormones,drug
36121851,100 ML levothyroxine 0.025 MG/ML Oral Solution by A A H,Drug,RxNorm Extension,standard,H03A_thyroid_preparations,thyroid_hormones,Thyroid hormones,drug
36257726,levothyroxine 0.025 MG Disintegrating Oral Tablet [L-Thyroxine Takeda] Box of 112,Drug,RxNorm Extension,standard,H03A_thyroid_preparations,thyroid_hormones,Thyroid hormones,drug
36258648,levothyroxine 0.05 MG Oral Tablet [Euthyrox] Box of 84 by Merck,Drug,RxNorm Extension,standard,H03A_thyroid_preparations,thyroid_hormones,Thyroid hormones,drug
36258690,levothyroxine 0.15 MG Disintegrating Oral Tablet [L-Thyroxine Takeda] Box of 112 by Takeda,Drug,RxNorm Extension,standard,H03A_thyroid_preparations,thyroid_hormones,Thyroid hormones,drug
36259615,levothyroxine 0.075 MG Disintegrating Oral Tablet Box of 112,Drug,RxNorm Extension,standard,H03A_thyroid_preparations,thyroid_hormones,Thyroid hormones,drug
36259616,levothyroxine 0.075 MG Disintegrating Oral Tablet,Drug,RxNorm Extension,standard,H03A_thyroid_preparations,thyroid_hormones,Thyroid hormones,drug
36260269,levothyroxine 0.075 MG Disintegrating Oral Tablet [L-Thyroxine Takeda] Box of 112,Drug,RxNorm Extension,standard,H03A_thyroid_preparations,thyroid_hormones,Thyroid hormones,drug
36260270,levothyroxine 0.2 MG Disintegrating Oral Tablet [L-Thyroxine Takeda] Box of 112,Drug,RxNorm Extension,standard,H03A_thyroid_preparations,thyroid_hormones,Thyroid hormones,drug
36260271,levothyroxine 0.2 MG Disintegrating Oral Tablet [L-Thyroxine Takeda],Drug,RxNorm Extension,standard,H03A_thyroid_preparations,thyroid_hormones,Thyroid hormones,drug
36260272,levothyroxine 0.025 MG Disintegrating Oral Tablet [L-Thyroxine Takeda],Drug,RxNorm Extension,standard,H03A_thyroid_preparations,thyroid_hormones,Thyroid hormones,drug
36260273,levothyroxine 0.05 MG Disintegrating Oral Tablet [L-Thyroxine Takeda] Box of 112,Drug,RxNorm Extension,standard,H03A_thyroid_preparations,thyroid_hormones,Thyroid hormones,drug
36261335,levothyroxine 0.025 MG Disintegrating Oral Tablet [L-Thyroxine Takeda] Box of 112 by Takeda,Drug,RxNorm Extension,standard,H03A_thyroid_preparations,thyroid_hormones,Thyroid hormones,drug
36261608,levothyroxine 0.2 MG [L-Thyroxine Takeda],Drug,RxNorm Extension,standard,H03A_thyroid_preparations,thyroid_hormones,Thyroid hormones,drug
36261609,levothyroxine 0.05 MG [L-Thyroxine Takeda],Drug,RxNorm Extension,standard,H03A_thyroid_preparations,thyroid_hormones,Thyroid hormones,drug
36262190,levothyroxine 0.175 MG Disintegrating Oral Tablet Box of 112,Drug,RxNorm Extension,standard,H03A_thyroid_preparations,thyroid_hormones,Thyroid hormones,drug
36262804,levothyroxine 0.15 MG Disintegrating Oral Tablet [L-Thyroxine Takeda] Box of 112,Drug,RxNorm Extension,standard,H03A_thyroid_preparations,thyroid_hormones,Thyroid hormones,drug
36262805,levothyroxine 0.15 MG Disintegrating Oral Tablet [L-Thyroxine Takeda],Drug,RxNorm Extension,standard,H03A_thyroid_preparations,thyroid_hormones,Thyroid hormones,drug
36262806,levothyroxine 0.05 MG Disintegrating Oral Tablet [L-Thyroxine Takeda],Drug,RxNorm Extension,standard,H03A_thyroid_preparations,thyroid_hormones,Thyroid hormones,drug
36263811,levothyroxine 0.075 MG Oral Tablet [Euthyrox] Box of 84 by Merck,Drug,RxNorm Extension,standard,H03A_thyroid_preparations,thyroid_hormones,Thyroid hormones,drug
36264056,levothyroxine 0.2 MG Oral Tablet [Euthyrox] Box of 84 by Merck,Drug,RxNorm Extension,standard,H03A_thyroid_preparations,thyroid_hormones,Thyroid hormones,drug
36264063,levothyroxine 0.175 MG Oral Tablet [Euthyrox] Box of 84 by Merck,Drug,RxNorm Extension,standard,H03A_thyroid_preparations,thyroid_hormones,Thyroid hormones,drug
36264198,levothyroxine 0.15 MG [L-Thyroxine Takeda],Drug,RxNorm Extension,standard,H03A_thyroid_preparations,thyroid_hormones,Thyroid hormones,drug
36264199,levothyroxine 0.075 MG [L-Thyroxine Takeda],Drug,RxNorm Extension,standard,H03A_thyroid_preparations,thyroid_hormones,Thyroid hormones,drug
36264768,levothyroxine 0.05 MG Disintegrating Oral Tablet Box of 112,Drug,RxNorm Extension,standard,H03A_thyroid_preparations,thyroid_hormones,Thyroid hormones,drug
36265374,levothyroxine 0.175 MG Disintegrating Oral Tablet [L-Thyroxine Takeda] Box of 112,Drug,RxNorm Extension,standard,H03A_thyroid_preparations,thyroid_hormones,Thyroid hormones,drug
36265375,levothyroxine 0.175 MG Disintegrating Oral Tablet [L-Thyroxine Takeda],Drug,RxNorm Extension,standard,H03A_thyroid_preparations,thyroid_hormones,Thyroid hormones,drug
36265376,levothyroxine 0.125 MG Disintegrating Oral Tablet [L-Thyroxine Takeda],Drug,RxNorm Extension,standard,H03A_thyroid_preparations,thyroid_hormones,Thyroid hormones,drug
36266160,levothyroxine 0.15 MG Oral Tablet [Euthyrox] Box of 84 by Merck,Drug,RxNorm Extension,standard,H03A_thyroid_preparations,thyroid_hormones,Thyroid hormones,drug
36266234,levothyroxine 0.025 MG Oral Tablet [Euthyrox] Box of 84 by Merck,Drug,RxNorm Extension,standard,H03A_thyroid_preparations,thyroid_hormones,Thyroid hormones,drug
36266351,levothyroxine 0.2 MG Disintegrating Oral Tablet [L-Thyroxine Takeda] Box of 112 by Takeda,Drug,RxNorm Extension,standard,H03A_thyroid_preparations,thyroid_hormones,Thyroid hormones,drug
36266764,levothyroxine 0.025 MG [L-Thyroxine Takeda],Drug,RxNorm Extension,standard,H03A_thyroid_preparations,thyroid_hormones,Thyroid hormones,drug
36267330,levothyroxine 0.15 MG Disintegrating Oral Tablet,Drug,RxNorm Extension,standard,H03A_thyroid_preparations,thyroid_hormones,Thyroid hormones,drug
36267953,levothyroxine 0.075 MG Disintegrating Oral Tablet [L-Thyroxine Takeda],Drug,RxNorm Extension,standard,H03A_thyroid_preparations,thyroid_hormones,Thyroid hormones,drug
36267954,levothyroxine 0.125 MG Disintegrating Oral Tablet [L-Thyroxine Takeda] Box of 112,Drug,RxNorm Extension,standard,H03A_thyroid_preparations,thyroid_hormones,Thyroid hormones,drug
36268743,levothyroxine 0.125 MG Disintegrating Oral Tablet [L-Thyroxine Takeda] Box of 112 by Takeda,Drug,RxNorm Extension,standard,H03A_thyroid_preparations,thyroid_hormones,Thyroid hormones,drug
36269308,levothyroxine 0.175 MG [L-Thyroxine Takeda],Drug,RxNorm Extension,standard,H03A_thyroid_preparations,thyroid_hormones,Thyroid hormones,drug
36269862,levothyroxine 0.2 MG Disintegrating Oral Tablet,Drug,RxNorm Extension,standard,H03A_thyroid_preparations,thyroid_hormones,Thyroid hormones,drug
36269863,levothyroxine 0.125 MG Disintegrating Oral Tablet,Drug,RxNorm Extension,standard,H03A_thyroid_preparations,thyroid_hormones,Thyroid hormones,drug
36269864,levothyroxine 0.025 MG Disintegrating Oral Tablet,Drug,RxNorm Extension,standard,H03A_thyroid_preparations,thyroid_hormones,Thyroid hormones,drug
36271234,levothyroxine 0.1 MG Disintegrating Oral Tablet [L-Thyroxine Takeda] Box of 112 by Takeda,Drug,RxNorm Extension,standard,H03A_thyroid_preparations,thyroid_hormones,Thyroid hormones,drug
36271434,levothyroxine 0.175 MG Disintegrating Oral Tablet [L-Thyroxine Takeda] Box of 112 by Takeda,Drug,RxNorm Extension,standard,H03A_thyroid_preparations,thyroid_hormones,Thyroid hormones,drug
36271829,levothyroxine 0.125 MG [L-Thyroxine Takeda],Drug,RxNorm Extension,standard,H03A_thyroid_preparations,thyroid_hormones,Thyroid hormones,drug
36271830,levothyroxine 0.1 MG [L-Thyroxine Takeda],Drug,RxNorm Extension,standard,H03A_thyroid_preparations,thyroid_hormones,Thyroid hormones,drug
36272021,levothyroxine Disintegrating Oral Tablet,Drug,RxNorm Extension,standard,H03A_thyroid_preparations,thyroid_hormones,Thyroid hormones,drug
36272403,levothyroxine 0.2 MG Disintegrating Oral Tablet Box of 112,Drug,RxNorm Extension,standard,H03A_thyroid_preparations,thyroid_hormones,Thyroid hormones,drug
36272404,levothyroxine 0.125 MG Disintegrating Oral Tablet Box of 112,Drug,RxNorm Extension,standard,H03A_thyroid_preparations,thyroid_hormones,Thyroid hormones,drug
36272405,levothyroxine 0.1 MG Disintegrating Oral Tablet Box of 112,Drug,RxNorm Extension,standard,H03A_thyroid_preparations,thyroid_hormones,Thyroid hormones,drug
36272406,levothyroxine 0.1 MG Disintegrating Oral Tablet,Drug,RxNorm Extension,standard,H03A_thyroid_preparations,thyroid_hormones,Thyroid hormones,drug
36273035,levothyroxine 0.1 MG Disintegrating Oral Tablet [L-Thyroxine Takeda] Box of 112,Drug,RxNorm Extension,standard,H03A_thyroid_preparations,thyroid_hormones,Thyroid hormones,drug
36273788,levothyroxine 0.125 MG Oral Tablet [Euthyrox] Box of 84 by Merck,Drug,RxNorm Extension,standard,H03A_thyroid_preparations,thyroid_hormones,Thyroid hormones,drug
36273811,levothyroxine 0.075 MG Disintegrating Oral Tablet [L-Thyroxine Takeda] Box of 112 by Takeda,Drug,RxNorm Extension,standard,H03A_thyroid_preparations,thyroid_hormones,Thyroid hormones,drug
36273903,levothyroxine 0.05 MG Disintegrating Oral Tablet [L-Thyroxine Takeda] Box of 112 by Takeda,Drug,RxNorm Extension,standard,H03A_thyroid_preparations,thyroid_hormones,Thyroid hormones,drug
36274964,levothyroxine 0.15 MG Disintegrating Oral Tablet Box of 112,Drug,RxNorm Extension,standard,H03A_thyroid_preparations,thyroid_hormones,Thyroid hormones,drug
36274965,levothyroxine 0.025 MG Disintegrating Oral Tablet Box of 112,Drug,RxNorm Extension,standard,H03A_thyroid_preparations,thyroid_hormones,Thyroid hormones,drug
36274966,levothyroxine 0.05 MG Disintegrating Oral Tablet,Drug,RxNorm Extension,standard,H03A_thyroid_preparations,thyroid_hormones,Thyroid hormones,drug
36275622,levothyroxine 0.1 MG Disintegrating Oral Tablet [L-Thyroxine Takeda],Drug,RxNorm Extension,standard,H03A_thyroid_preparations,thyroid_hormones,Thyroid hormones,drug
36276636,levothyroxine 0.1 MG Oral Tablet [Euthyrox] Box of 84 by Merck,Drug,RxNorm Extension,standard,H03A_thyroid_preparations,thyroid_hormones,Thyroid hormones,drug
36277244,levothyroxine Disintegrating Oral Tablet [L-Thyroxine Takeda],Drug,RxNorm Extension,standard,H03A_thyroid_preparations,thyroid_hormones,Thyroid hormones,drug
36277543,levothyroxine 0.175 MG Disintegrating Oral Tablet,Drug,RxNorm Extension,standard,H03A_thyroid_preparations,thyroid_hormones,Thyroid hormones,drug
36403872,liothyronine 0.02 MG Injectable Solution Box of 5 by AMCo,Drug,RxNorm Extension,standard,H03A_thyroid_preparations,thyroid_hormones,Thyroid hormones,drug
36403874,liothyronine 0.02 MG Injectable Solution by A A H,Drug,RxNorm Extension,standard,H03A_thyroid_preparations,thyroid_hormones,Thyroid hormones,drug
36403875,liothyronine 0.02 MG Injectable Solution by Alliance,Drug,RxNorm Extension,standard,H03A_thyroid_preparations,thyroid_hormones,Thyroid hormones,drug
36404297,liothyronine 0.02 MG Injectable Solution Box of 20,Drug,RxNorm Extension,standard,H03A_thyroid_preparations,thyroid_hormones,Thyroid hormones,drug
36405063,liothyronine 0.02 MG Injectable Solution,Drug,RxNorm Extension,standard,H03A_thyroid_preparations,thyroid_hormones,Thyroid hormones,drug
36405436,liothyronine 0.02 MG Injectable Solution Box of 5 by A A H,Drug,RxNorm Extension,standard,H03A_thyroid_preparations,thyroid_hormones,Thyroid hormones,drug
36405438,liothyronine 0.02 MG Injectable Solution by Mercury,Drug,RxNorm Extension,standard,H03A_thyroid_preparations,thyroid_hormones,Thyroid hormones,drug
36406994,liothyronine 0.02 MG Injectable Solution Box of 5 by Mercury,Drug,RxNorm Extension,standard,H03A_thyroid_preparations,thyroid_hormones,Thyroid hormones,drug
36407753,liothyronine 0.02 MG Injectable Solution Box of 20 by AMCo,Drug,RxNorm Extension,standard,H03A_thyroid_preparations,thyroid_hormones,Thyroid hormones,drug
36407754,liothyronine 0.02 MG Injectable Solution Box of 5 by Alliance,Drug,RxNorm Extension,standard,H03A_thyroid_preparations,thyroid_hormones,Thyroid hormones,drug
36408104,liothyronine 0.02 MG Injectable Solution Box of 1,Drug,RxNorm Extension,standard,H03A_thyroid_preparations,thyroid_hormones,Thyroid hormones,drug
36408465,liothyronine 0.02 MG Injectable Solution by AMCo,Drug,RxNorm Extension,standard,H03A_thyroid_preparations,thyroid_hormones,Thyroid hormones,drug
36408870,liothyronine 0.02 MG Injectable Solution Box of 5,Drug,RxNorm Extension,standard,H03A_thyroid_preparations,thyroid_hormones,Thyroid hormones,drug
36420832,levothyroxine 0.112 MG Oral Tablet [L Thyrox Hexal] Box of 50,Drug,RxNorm Extension,standard,H03A_thyroid_preparations,thyroid_hormones,Thyroid hormones,drug
36420833,levothyroxine 0.088 MG Oral Tablet [L Thyrox Hexal] Box of 50,Drug,RxNorm Extension,standard,H03A_thyroid_preparations,thyroid_hormones,Thyroid hormones,drug
36420834,levothyroxine 0.1 MG Oral Tablet [L Thyroxin Aventis] Box of 100,Drug,RxNorm Extension,standard,H03A_thyroid_preparations,thyroid_hormones,Thyroid hormones,drug
36420835,levothyroxine 0.1 MG Oral Tablet [L Thyroxin Aventis] Box of 50,Drug,RxNorm Extension,standard,H03A_thyroid_preparations,thyroid_hormones,Thyroid hormones,drug
36420836,levothyroxine 0.1 MG Oral Tablet [L Thyroxin Aventis],Drug,RxNorm Extension,standard,H03A_thyroid_preparations,thyroid_hormones,Thyroid hormones,drug
36420837,levothyroxine 0.1 MG [L Thyroxin Aventis],Drug,RxNorm Extension,standard,H03A_thyroid_preparations,thyroid_hormones,Thyroid hormones,drug
36420838,levothyroxine 0.05 MG Oral Tablet [L Thyroxin Aventis] Box of 100,Drug,RxNorm Extension,standard,H03A_thyroid_preparations,thyroid_hormones,Thyroid hormones,drug
36420839,levothyroxine 0.05 MG Oral Tablet [L Thyroxin Aventis] Box of 50,Drug,RxNorm Extension,standard,H03A_thyroid_preparations,thyroid_hormones,Thyroid hormones,drug
36420840,levothyroxine 0.05 MG Oral Tablet [L Thyroxin Aventis],Drug,RxNorm Extension,standard,H03A_thyroid_preparations,thyroid_hormones,Thyroid hormones,drug
36420841,levothyroxine 0.05 MG [L Thyroxin Aventis],Drug,RxNorm Extension,standard,H03A_thyroid_preparations,thyroid_hormones,Thyroid hormones,drug
36420842,levothyroxine 0.15 MG Oral Tablet [L Thyroxin Aventis] Box of 100,Drug,RxNorm Extension,standard,H03A_thyroid_preparations,thyroid_hormones,Thyroid hormones,drug
36420843,levothyroxine 0.15 MG Oral Tablet [L Thyroxin Aventis] Box of 50,Drug,RxNorm Extension,standard,H03A_thyroid_preparations,thyroid_hormones,Thyroid hormones,drug
36420844,levothyroxine 0.15 MG Oral Tablet [L Thyroxin Aventis],Drug,RxNorm Extension,standard,H03A_thyroid_preparations,thyroid_hormones,Thyroid hormones,drug
36420845,levothyroxine 0.15 MG [L Thyroxin Aventis],Drug,RxNorm Extension,standard,H03A_thyroid_preparations,thyroid_hormones,Thyroid hormones,drug
36420846,levothyroxine 0.025 MG Oral Tablet [L Thyroxin Aventis] Box of 50,Drug,RxNorm Extension,standard,H03A_thyroid_preparations,thyroid_hormones,Thyroid hormones,drug
36420847,levothyroxine 0.125 MG Oral Tablet [L Thyroxin Aventis] Box of 100,Drug,RxNorm Extension,standard,H03A_thyroid_preparations,thyroid_hormones,Thyroid hormones,drug
36420848,levothyroxine 0.125 MG Oral Tablet [L Thyroxin Aventis] Box of 50,Drug,RxNorm Extension,standard,H03A_thyroid_preparations,thyroid_hormones,Thyroid hormones,drug
36420849,levothyroxine 0.125 MG Oral Tablet [L Thyroxin Aventis],Drug,RxNorm Extension,standard,H03A_thyroid_preparations,thyroid_hormones,Thyroid hormones,drug
36420850,levothyroxine 0.125 MG Oral Tablet [Eutirox] Box of 100,Drug,RxNorm Extension,standard,H03A_thyroid_preparations,thyroid_hormones,Thyroid hormones,drug
36420851,levothyroxine 0.125 MG Oral Tablet [Eutirox] Box of 50,Drug,RxNorm Extension,standard,H03A_thyroid_preparations,thyroid_hormones,Thyroid hormones,drug
36420852,levothyroxine 0.125 MG Oral Tablet [Eutirox],Drug,RxNorm Extension,standard,H03A_thyroid_preparations,thyroid_hormones,Thyroid hormones,drug
36420853,levothyroxine 0.125 MG [L Thyroxin Aventis],Drug,RxNorm Extension,standard,H03A_thyroid_preparations,thyroid_hormones,Thyroid hormones,drug
36420854,levothyroxine 0.125 MG [Eutirox],Drug,RxNorm Extension,standard,H03A_thyroid_preparations,thyroid_hormones,Thyroid hormones,drug
36420855,levothyroxine 0.075 MG Oral Tablet [L Thyroxin Aventis] Box of 50,Drug,RxNorm Extension,standard,H03A_thyroid_preparations,thyroid_hormones,Thyroid hormones,drug
36420856,levothyroxine 0.075 MG Oral Tablet [L Thyroxin Beta] Box of 25,Drug,RxNorm Extension,standard,H03A_thyroid_preparations,thyroid_hormones,Thyroid hormones,drug
36420857,levothyroxine 0.075 MG Oral Tablet Box of 25,Drug,RxNorm Extension,standard,H03A_thyroid_preparations,thyroid_hormones,Thyroid hormones,drug
36503590,levothyroxine 0.05 MG Oral Tablet by Novartis,Drug,RxNorm Extension,standard,H03A_thyroid_preparations,thyroid_hormones,Thyroid hormones,drug
36503873,levothyroxine 0.2 MG Oral Tablet by Novartis,Drug,RxNorm Extension,standard,H03A_thyroid_preparations,thyroid_hormones,Thyroid hormones,drug
36504523,levothyroxine 0.1 MG Oral Tablet by Betapharm,Drug,RxNorm Extension,standard,H03A_thyroid_preparations,thyroid_hormones,Thyroid hormones,drug
36504785,levothyroxine 0.112 MG Oral Tablet by Novartis,Drug,RxNorm Extension,standard,H03A_thyroid_preparations,thyroid_hormones,Thyroid hormones,drug
36506246,levothyroxine 0.15 MG Oral Tablet by Novartis,Drug,RxNorm Extension,standard,H03A_thyroid_preparations,thyroid_hormones,Thyroid hormones,drug
36506700,levothyroxine 0.075 MG Oral Tablet by Novartis,Drug,RxNorm Extension,standard,H03A_thyroid_preparations,thyroid_hormones,Thyroid hormones,drug
36507493,levothyroxine 0.175 MG Oral Tablet by Novartis,Drug,RxNorm Extension,standard,H03A_thyroid_preparations,thyroid_hormones,Thyroid hormones,drug
36508519,levothyroxine 0.05 MG Oral Tablet by Betapharm,Drug,RxNorm Extension,standard,H03A_thyroid_preparations,thyroid_hormones,Thyroid hormones,drug
36509005,levothyroxine 0.1 MG Oral Tablet [Eferox] by Aristo,Drug,RxNorm Extension,standard,H03A_thyroid_preparations,thyroid_hormones,Thyroid hormones,drug
36509025,levothyroxine 0.1 MG Oral Tablet by Novartis,Drug,RxNorm Extension,standard,H03A_thyroid_preparations,thyroid_hormones,Thyroid hormones,drug
36509406,levothyroxine 0.025 MG Oral Tablet by Novartis,Drug,RxNorm Extension,standard,H03A_thyroid_preparations,thyroid_hormones,Thyroid hormones,drug
36509549,levothyroxine 0.125 MG Oral Tablet by Novartis,Drug,RxNorm Extension,standard,H03A_thyroid_preparations,thyroid_hormones,Thyroid hormones,drug
36509791,levothyroxine 0.088 MG Oral Tablet by Novartis,Drug,RxNorm Extension,standard,H03A_thyroid_preparations,thyroid_hormones,Thyroid hormones,drug
36808776,100 ML levothyroxine 0.02 MG/ML Oral Solution by Colonis,Drug,RxNorm Extension,standard,H03A_thyroid_preparations,thyroid_hormones,Thyroid hormones,drug
36808806,100 ML levothyroxine 0.005 MG/ML Oral Solution by Colonis,Drug,RxNorm Extension,standard,H03A_thyroid_preparations,thyroid_hormones,Thyroid hormones,drug
36808818,100 ML levothyroxine 0.01 MG/ML Oral Solution by BCM Specials,Drug,RxNorm Extension,standard,H03A_thyroid_preparations,thyroid_hormones,Thyroid hormones,drug
36808829,100 ML levothyroxine 0.005 MG/ML Oral Solution by BCM Specials,Drug,RxNorm Extension,standard,H03A_thyroid_preparations,thyroid_hormones,Thyroid hormones,drug
36808845,100 ML levothyroxine 0.01 MG/ML Oral Solution by Colonis,Drug,RxNorm Extension,standard,H03A_thyroid_preparations,thyroid_hormones,Thyroid hormones,drug
36808851,100 ML levothyroxine 0.025 MG/ML Oral Solution,Drug,RxNorm Extension,standard,H03A_thyroid_preparations,thyroid_hormones,Thyroid hormones,drug
36808855,100 ML levothyroxine 0.02 MG/ML Oral Solution by BCM Specials,Drug,RxNorm Extension,standard,H03A_thyroid_preparations,thyroid_hormones,Thyroid hormones,drug
36808859,100 ML levothyroxine 0.025 MG/ML Oral Solution by Colonis,Drug,RxNorm Extension,standard,H03A_thyroid_preparations,thyroid_hormones,Thyroid hormones,drug
36810808,levothyroxine 0.04 MG / liothyronine 0.009 MG [NP Thyroid],Drug,RxNorm Extension,standard,H03A_thyroid_preparations,thyroid_hormones,Thyroid hormones,drug
36811303,levothyroxine 0.01 MG/ML Oral Solution by BCM Specials,Drug,RxNorm Extension,standard,H03A_thyroid_preparations,thyroid_hormones,Thyroid hormones,drug
36811460,levothyroxine 0.02 MG/ML Oral Solution by Colonis,Drug,RxNorm Extension,standard,H03A_thyroid_preparations,thyroid_hormones,Thyroid hormones,drug
36811486,levothyroxine 0.005 MG/ML Oral Solution by Colonis,Drug,RxNorm Extension,standard,H03A_thyroid_preparations,thyroid_hormones,Thyroid hormones,drug
36811678,levothyroxine 0.025 MG/ML Oral Solution by Colonis,Drug,RxNorm Extension,standard,H03A_thyroid_preparations,thyroid_hormones,Thyroid hormones,drug
36811805,liothyronine 0.05 MG Oral Tablet Box of 1,Drug,RxNorm Extension,standard,H03A_thyroid_preparations,thyroid_hormones,Thyroid hormones,drug
36812705,levothyroxine 0.04 MG / liothyronine 0.009 MG Oral Tablet [NP Thyroid],Drug,RxNorm Extension,standard,H03A_thyroid_preparations,thyroid_hormones,Thyroid hormones,drug
36813095,levothyroxine 0.01 MG/ML Oral Solution by Colonis,Drug,RxNorm Extension,standard,H03A_thyroid_preparations,thyroid_hormones,Thyroid hormones,drug
36813365,liothyronine 0.02 MG Oral Tablet Box of 28 by Actavis,Drug,RxNorm Extension,standard,H03A_thyroid_preparations,thyroid_hormones,Thyroid hormones,drug
36813396,levothyroxine 0.02 MG/ML Oral Solution by BCM Specials,Drug,RxNorm Extension,standard,H03A_thyroid_preparations,thyroid_hormones,Thyroid hormones,drug
36813638,liothyronine 0.02 MG Oral Tablet by Actavis,Drug,RxNorm Extension,standard,H03A_thyroid_preparations,thyroid_hormones,Thyroid hormones,drug
36814423,levothyroxine 0.005 MG/ML Oral Solution by BCM Specials,Drug,RxNorm Extension,standard,H03A_thyroid_preparations,thyroid_hormones,Thyroid hormones,drug
36814603,levothyroxine 0.04 MG / liothyronine 0.009 MG Oral Tablet [NP Thyroid] Box of 100,Drug,RxNorm Extension,standard,H03A_thyroid_preparations,thyroid_hormones,Thyroid hormones,drug
36878890,bovine thyroid gland extract,Drug,RxNorm Extension,standard,H03A_thyroid_preparations,thyroid_hormones,Thyroid hormones,drug
36879422,bovine thyroid gland extract 50 X,Drug,RxNorm Extension,standard,H03A_thyroid_preparations,thyroid_hormones,Thyroid hormones,drug
36879423,bovine thyroid gland extract 10 X,Drug,RxNorm Extension,standard,H03A_thyroid_preparations,thyroid_hormones,Thyroid hormones,drug
36879713,levothyroxine 0.018 MG/ML,Drug,RxNorm Extension,standard,H03A_thyroid_preparations,thyroid_hormones,Thyroid hormones,drug
36880271,levothyroxine 0.227 MG Oral Tablet,Drug,RxNorm Extension,standard,H03A_thyroid_preparations,thyroid_hormones,Thyroid hormones,drug
36880690,levothyroxine 0.223 MG,Drug,RxNorm Extension,standard,H03A_thyroid_preparations,thyroid_hormones,Thyroid hormones,drug
36880865,levothyroxine Prefilled Syringe,Drug,RxNorm Extension,standard,H03A_thyroid_preparations,thyroid_hormones,Thyroid hormones,drug
36881231,levothyroxine 0.1 MG / Potassium Iodide 0.2 MG Oral Tablet,Drug,RxNorm Extension,standard,H03A_thyroid_preparations,thyroid_hormones,Thyroid hormones,drug
36881232,levothyroxine 0.175 MG Oral Tablet Box of 28,Drug,RxNorm Extension,standard,H03A_thyroid_preparations,thyroid_hormones,Thyroid hormones,drug
36882161,levothyroxine 0.112 MG / Potassium Iodide 0.1 MG Oral Tablet,Drug,RxNorm Extension,standard,H03A_thyroid_preparations,thyroid_hormones,Thyroid hormones,drug
36882162,levothyroxine 0.125 MG Oral Tablet Box of 28,Drug,RxNorm Extension,standard,H03A_thyroid_preparations,thyroid_hormones,Thyroid hormones,drug
36882163,levothyroxine 0.223 MG Oral Tablet,Drug,RxNorm Extension,standard,H03A_thyroid_preparations,thyroid_hormones,Thyroid hormones,drug
36884067,levothyroxine 0.112 MG/ML Oral Solution,Drug,RxNorm Extension,standard,H03A_thyroid_preparations,thyroid_hormones,Thyroid hormones,drug
36885155,bovine thyroid gland extract 100 X,Drug,RxNorm Extension,standard,H03A_thyroid_preparations,thyroid_hormones,Thyroid hormones,drug
36886013,levothyroxine 0.075 MG Oral Tablet Box of 28,Drug,RxNorm Extension,standard,H03A_thyroid_preparations,thyroid_hormones,Thyroid hormones,drug
36886434,levothyroxine 0.112 MG/ML,Drug,RxNorm Extension,standard,H03A_thyroid_preparations,thyroid_hormones,Thyroid hormones,drug
36886435,levothyroxine 0.09 MG/ML,Drug,RxNorm Extension,standard,H03A_thyroid_preparations,thyroid_hormones,Thyroid hormones,drug
36887617,bovine thyroid gland extract 50 X Oral Solution,Drug,RxNorm Extension,standard,H03A_thyroid_preparations,thyroid_hormones,Thyroid hormones,drug
36887924,levothyroxine 0.088 MG / Potassium Iodide 0.2 MG Oral Tablet,Drug,RxNorm Extension,standard,H03A_thyroid_preparations,thyroid_hormones,Thyroid hormones,drug
36888073,bovine thyroid gland extract 14 X,Drug,RxNorm Extension,standard,H03A_thyroid_preparations,thyroid_hormones,Thyroid hormones,drug
36888593,bovine thyroid gland extract 100 X Oral Solution,Drug,RxNorm Extension,standard,H03A_thyroid_preparations,thyroid_hormones,Thyroid hormones,drug
36889917,levothyroxine 0.15 MG / Potassium Iodide 0.2 MG Oral Tablet,Drug,RxNorm Extension,standard,H03A_thyroid_preparations,thyroid_hormones,Thyroid hormones,drug
36889918,levothyroxine 0.2 MG Oral Tablet Box of 28,Drug,RxNorm Extension,standard,H03A_thyroid_preparations,thyroid_hormones,Thyroid hormones,drug
36890882,arsenate 6 X / bovine thyroid gland extract 10 X / Chelidonium majus extract 3 X / Colchicum autumnale whole extract 3 X / Spongia officinalis preparation 10 X / Vespa crabro preparation 6 X Oral Solution,Drug,RxNorm Extension,standard,H03A_thyroid_preparations,thyroid_hormones,Thyroid hormones,drug
36890911,levothyroxine 0.05 MG / Potassium Iodide 0.2 MG Oral Tablet,Drug,RxNorm Extension,standard,H03A_thyroid_preparations,thyroid_hormones,Thyroid hormones,drug
36891371,levothyroxine 1.12 MG,Drug,RxNorm Extension,standard,H03A_thyroid_preparations,thyroid_hormones,Thyroid hormones,drug
36891889,levothyroxine 0.075 MG / Potassium Iodide 0.2 MG Oral Tablet,Drug,RxNorm Extension,standard,H03A_thyroid_preparations,thyroid_hormones,Thyroid hormones,drug
36891890,levothyroxine 0.175 MG / Potassium Iodide 0.2 MG Oral Tablet,Drug,RxNorm Extension,standard,H03A_thyroid_preparations,thyroid_hormones,Thyroid hormones,drug
36891891,levothyroxine 1.12 MG Oral Tablet,Drug,RxNorm Extension,standard,H03A_thyroid_preparations,thyroid_hormones,Thyroid hormones,drug
36892351,levothyroxine 0.227 MG,Drug,RxNorm Extension,standard,H03A_thyroid_preparations,thyroid_hormones,Thyroid hormones,drug
36892909,levothyroxine 0.125 MG / Potassium Iodide 0.2 MG Oral Tablet,Drug,RxNorm Extension,standard,H03A_thyroid_preparations,thyroid_hormones,Thyroid hormones,drug
36892910,levothyroxine 0.06 MG / Potassium Iodide 0.2 MG Oral Tablet,Drug,RxNorm Extension,standard,H03A_thyroid_preparations,thyroid_hormones,Thyroid hormones,drug
36892911,levothyroxine 0.04 MG / liothyronine 0.009 MG Oral Tablet,Drug,RxNorm Extension,standard,H03A_thyroid_preparations,thyroid_hormones,Thyroid hormones,drug
36892913,levothyroxine 0.2 MG/ML Prefilled Syringe,Drug,RxNorm Extension,standard,H03A_thyroid_preparations,thyroid_hormones,Thyroid hormones,drug
36893863,levothyroxine 0.112 MG / Potassium Iodide 0.2 MG Oral Tablet,Drug,RxNorm Extension,standard,H03A_thyroid_preparations,thyroid_hormones,Thyroid hormones,drug
36893864,levothyroxine 0.15 MG Oral Tablet Box of 28,Drug,RxNorm Extension,standard,H03A_thyroid_preparations,thyroid_hormones,Thyroid hormones,drug
36894804,levothyroxine 0.03 MG Oral Tablet,Drug,RxNorm Extension,standard,H03A_thyroid_preparations,thyroid_hormones,Thyroid hormones,drug
36894805,levothyroxine 0.06 MG Oral Tablet,Drug,RxNorm Extension,standard,H03A_thyroid_preparations,thyroid_hormones,Thyroid hormones,drug
36895113,1 ML levothyroxine 0.112 MG/ML Oral Solution,Drug,RxNorm Extension,standard,H03A_thyroid_preparations,thyroid_hormones,Thyroid hormones,drug
36920173,100 ML levothyroxine 0.015 MG/ML Oral Solution,Drug,RxNorm Extension,standard,H03A_thyroid_preparations,thyroid_hormones,Thyroid hormones,drug
36921045,liothyronine 0.02 MG Oral Capsule Box of 28 by Alliance,Drug,RxNorm Extension,standard,H03A_thyroid_preparations,thyroid_hormones,Thyroid hormones,drug
36921146,100 ML levothyroxine 0.015 MG/ML Oral Solution by Alliance,Drug,RxNorm Extension,standard,H03A_thyroid_preparations,thyroid_hormones,Thyroid hormones,drug
36921746,liothyronine 0.025 MG Oral Tablet [Cytomel],Drug,RxNorm Extension,standard,H03A_thyroid_preparations,thyroid_hormones,Thyroid hormones,drug
36921844,levothyroxine 0.1 MG Oral Capsule Box of 50 by Drug Tariff Special Order,Drug,RxNorm Extension,standard,H03A_thyroid_preparations,thyroid_hormones,Thyroid hormones,drug
36922925,liothyronine 0.02 MG Oral Capsule Box of 28,Drug,RxNorm Extension,standard,H03A_thyroid_preparations,thyroid_hormones,Thyroid hormones,drug
36924850,levothyroxine 0.05 MG Oral Tablet by Viatris Healthcare,Drug,RxNorm Extension,standard,H03A_thyroid_preparations,thyroid_hormones,Thyroid hormones,drug
36925410,levothyroxine 0.1 MG Oral Tablet [Vencamil],Drug,RxNorm Extension,standard,H03A_thyroid_preparations,thyroid_hormones,Thyroid hormones,drug
36926124,levothyroxine 0.1 MG Oral Capsule by Drug Tariff Special Order,Drug,RxNorm Extension,standard,H03A_thyroid_preparations,thyroid_hormones,Thyroid hormones,drug
36926340,levothyroxine 0.1 MG [Vencamil],Drug,RxNorm Extension,standard,H03A_thyroid_preparations,thyroid_hormones,Thyroid hormones,drug
36926531,levothyroxine 0.025 MG Oral Tablet Box of 28 by Viatris Healthcare,Drug,RxNorm Extension,standard,H03A_thyroid_preparations,thyroid_hormones,Thyroid hormones,drug
36926660,liothyronine 0.005 MG Oral Tablet [Cytomel],Drug,RxNorm Extension,standard,H03A_thyroid_preparations,thyroid_hormones,Thyroid hormones,drug
36926911,liothyronine 0.02 MG Oral Capsule Box of 28 by Roma,Drug,RxNorm Extension,standard,H03A_thyroid_preparations,thyroid_hormones,Thyroid hormones,drug
36928498,levothyroxine 0.015 MG/ML Oral Solution by Alliance,Drug,RxNorm Extension,standard,H03A_thyroid_preparations,thyroid_hormones,Thyroid hormones,drug
36928856,liothyronine 0.005 MG Oral Capsule,Drug,RxNorm Extension,standard,H03A_thyroid_preparations,thyroid_hormones,Thyroid hormones,drug
36928983,liothyronine 0.005 MG Oral Capsule by Alliance,Drug,RxNorm Extension,standard,H03A_thyroid_preparations,thyroid_hormones,Thyroid hormones,drug
36929552,100 ML levothyroxine 0.015 MG/ML Oral Solution by Brillpharma,Drug,RxNorm Extension,standard,H03A_thyroid_preparations,thyroid_hormones,Thyroid hormones,drug
36931136,levothyroxine 0.05 MG Oral Tablet Box of 28 by Viatris Healthcare,Drug,RxNorm Extension,standard,H03A_thyroid_preparations,thyroid_hormones,Thyroid hormones,drug
36931151,liothyronine 0.005 MG Oral Capsule Box of 28,Drug,RxNorm Extension,standard,H03A_thyroid_preparations,thyroid_hormones,Thyroid hormones,drug
36931252,levothyroxine 0.1 MG Oral Tablet Box of 1000 by Viatris Healthcare,Drug,RxNorm Extension,standard,H03A_thyroid_preparations,thyroid_hormones,Thyroid hormones,drug
36932070,liothyronine 0.02 MG Oral Tablet by Viatris Healthcare,Drug,RxNorm Extension,standard,H03A_thyroid_preparations,thyroid_hormones,Thyroid hormones,drug
36932536,liothyronine 0.005 MG Oral Tablet Box of 28 by Viatris Healthcare,Drug,RxNorm Extension,standard,H03A_thyroid_preparations,thyroid_hormones,Thyroid hormones,drug
36932635,levothyroxine 0.025 MG Oral Tablet Box of 28 by Glenmark,Drug,RxNorm Extension,standard,H03A_thyroid_preparations,thyroid_hormones,Thyroid hormones,drug
36933096,liothyronine 0.005 MG Oral Tablet by Viatris Healthcare,Drug,RxNorm Extension,standard,H03A_thyroid_preparations,thyroid_hormones,Thyroid hormones,drug
36934479,levothyroxine 0.015 MG/ML Oral Solution by Brillpharma,Drug,RxNorm Extension,standard,H03A_thyroid_preparations,thyroid_hormones,Thyroid hormones,drug
36935825,100 ML levothyroxine 0.02 MG/ML Oral Solution by Brillpharma,Drug,RxNorm Extension,standard,H03A_thyroid_preparations,thyroid_hormones,Thyroid hormones,drug
36936077,liothyronine 0.02 MG Oral Capsule,Drug,RxNorm Extension,standard,H03A_thyroid_preparations,thyroid_hormones,Thyroid hormones,drug
36936487,liothyronine 0.01 MG Oral Tablet by A A H,Drug,RxNorm Extension,standard,H03A_thyroid_preparations,thyroid_hormones,Thyroid hormones,drug
36936660,levothyroxine 0.05 MG Oral Capsule by Drug Tariff Special Order,Drug,RxNorm Extension,standard,H03A_thyroid_preparations,thyroid_hormones,Thyroid hormones,drug
36937937,levothyroxine 0.025 MG Oral Tablet by Glenmark,Drug,RxNorm Extension,standard,H03A_thyroid_preparations,thyroid_hormones,Thyroid hormones,drug
36937949,levothyroxine 0.025 MG Oral Tablet Box of 500 by Viatris Healthcare,Drug,RxNorm Extension,standard,H03A_thyroid_preparations,thyroid_hormones,Thyroid hormones,drug
36938092,levothyroxine 0.05 MG Oral Capsule [Tirosint],Drug,RxNorm Extension,standard,H03A_thyroid_preparations,thyroid_hormones,Thyroid hormones,drug
36938169,levothyroxine 0.1 MG Oral Tablet Box of 28 by Glenmark,Drug,RxNorm Extension,standard,H03A_thyroid_preparations,thyroid_hormones,Thyroid hormones,drug
36939424,100 ML levothyroxine 0.01 MG/ML Oral Solution by Brillpharma,Drug,RxNorm Extension,standard,H03A_thyroid_preparations,thyroid_hormones,Thyroid hormones,drug
36939470,liothyronine 0.02 MG Oral Capsule by Alliance,Drug,RxNorm Extension,standard,H03A_thyroid_preparations,thyroid_hormones,Thyroid hormones,drug
36940534,liothyronine 0.01 MG Oral Capsule Box of 28 by Alliance,Drug,RxNorm Extension,standard,H03A_thyroid_preparations,thyroid_hormones,Thyroid hormones,drug
36940810,levothyroxine 0.1 MG Oral Capsule Box of 1 by Drug Tariff Special Order,Drug,RxNorm Extension,standard,H03A_thyroid_preparations,thyroid_hormones,Thyroid hormones,drug
36941635,liothyronine 0.01 MG Oral Capsule by Alliance,Drug,RxNorm Extension,standard,H03A_thyroid_preparations,thyroid_hormones,Thyroid hormones,drug
36943429,liothyronine 0.02 MG Oral Tablet Box of 28 by Viatris Healthcare,Drug,RxNorm Extension,standard,H03A_thyroid_preparations,thyroid_hormones,Thyroid hormones,drug
36946582,levothyroxine 0.015 MG/ML Oral Solution by A A H,Drug,RxNorm Extension,standard,H03A_thyroid_preparations,thyroid_hormones,Thyroid hormones,drug
36947153,levothyroxine 0.02 MG/ML Oral Solution by Brillpharma,Drug,RxNorm Extension,standard,H03A_thyroid_preparations,thyroid_hormones,Thyroid hormones,drug
36947429,liothyronine 0.005 MG Oral Capsule Box of 28 by Alliance,Drug,RxNorm Extension,standard,H03A_thyroid_preparations,thyroid_hormones,Thyroid hormones,drug
36947464,liothyronine 0.01 MG Oral Capsule Box of 28,Drug,RxNorm Extension,standard,H03A_thyroid_preparations,thyroid_hormones,Thyroid hormones,drug
36947653,levothyroxine 0.1 MG Oral Capsule [Tirosint],Drug,RxNorm Extension,standard,H03A_thyroid_preparations,thyroid_hormones,Thyroid hormones,drug
36947967,levothyroxine 0.01 MG/ML Oral Solution by Brillpharma,Drug,RxNorm Extension,standard,H03A_thyroid_preparations,thyroid_hormones,Thyroid hormones,drug
36948495,liothyronine 0.0025 MG Oral Capsule Box of 100 by Drug Tariff Special Order,Drug,RxNorm Extension,standard,H03A_thyroid_preparations,thyroid_hormones,Thyroid hormones,drug
36949221,liothyronine 0.0025 MG Oral Capsule Box of 100,Drug,RxNorm Extension,standard,H03A_thyroid_preparations,thyroid_hormones,Thyroid hormones,drug
36949379,liothyronine 0.02 MG Oral Capsule by Roma,Drug,RxNorm Extension,standard,H03A_thyroid_preparations,thyroid_hormones,Thyroid hormones,drug
36950936,liothyronine 0.005 MG Oral Capsule by Roma,Drug,RxNorm Extension,standard,H03A_thyroid_preparations,thyroid_hormones,Thyroid hormones,drug
36950978,levothyroxine 0.1 MG Oral Tablet [Vencamil] Box of 28,Drug,RxNorm Extension,standard,H03A_thyroid_preparations,thyroid_hormones,Thyroid hormones,drug
36951235,liothyronine 0.01 MG Oral Capsule by Roma,Drug,RxNorm Extension,standard,H03A_thyroid_preparations,thyroid_hormones,Thyroid hormones,drug
36951321,liothyronine 0.0025 MG Oral Capsule by Drug Tariff Special Order,Drug,RxNorm Extension,standard,H03A_thyroid_preparations,thyroid_hormones,Thyroid hormones,drug
36951702,levothyroxine 0.025 MG Oral Capsule [Tirosint],Drug,RxNorm Extension,standard,H03A_thyroid_preparations,thyroid_hormones,Thyroid hormones,drug
36952430,liothyronine 0.01 MG Oral Capsule Box of 28 by Roma,Drug,RxNorm Extension,standard,H03A_thyroid_preparations,thyroid_hormones,Thyroid hormones,drug
36954380,levothyroxine 0.025 MG Oral Capsule Box of 28 by Drug Tariff Special Order,Drug,RxNorm Extension,standard,H03A_thyroid_preparations,thyroid_hormones,Thyroid hormones,drug
36954618,levothyroxine 0.1 MG Oral Capsule Box of 50,Drug,RxNorm Extension,standard,H03A_thyroid_preparations,thyroid_hormones,Thyroid hormones,drug
36954739,levothyroxine 0.05 MG Oral Tablet Box of 1000 by Viatris Healthcare,Drug,RxNorm Extension,standard,H03A_thyroid_preparations,thyroid_hormones,Thyroid hormones,drug
36954861,levothyroxine 0.1 MG Oral Tablet [Vencamil] by Aristo,Drug,RxNorm Extension,standard,H03A_thyroid_preparations,thyroid_hormones,Thyroid hormones,drug
36955576,100 ML levothyroxine 0.005 MG/ML Oral Solution by Brillpharma,Drug,RxNorm Extension,standard,H03A_thyroid_preparations,thyroid_hormones,Thyroid hormones,drug
36955590,levothyroxine 0.05 MG Oral Capsule Box of 1 by Drug Tariff Special Order,Drug,RxNorm Extension,standard,H03A_thyroid_preparations,thyroid_hormones,Thyroid hormones,drug
36955697,levothyroxine 0.1 MG Oral Tablet Box of 28 by Viatris Healthcare,Drug,RxNorm Extension,standard,H03A_thyroid_preparations,thyroid_hormones,Thyroid hormones,drug
36956318,levothyroxine Oral Tablet [Vencamil],Drug,RxNorm Extension,standard,H03A_thyroid_preparations,thyroid_hormones,Thyroid hormones,drug
36957334,levothyroxine 0.05 MG Oral Capsule Box of 28 by Drug Tariff Special Order,Drug,RxNorm Extension,standard,H03A_thyroid_preparations,thyroid_hormones,Thyroid hormones,drug
36957635,levothyroxine 0.025 MG Oral Tablet by Viatris Healthcare,Drug,RxNorm Extension,standard,H03A_thyroid_preparations,thyroid_hormones,Thyroid hormones,drug
36958503,levothyroxine 0.1 MG Oral Tablet [Vencamil] Box of 28 by Aristo,Drug,RxNorm Extension,standard,H03A_thyroid_preparations,thyroid_hormones,Thyroid hormones,drug
36959459,levothyroxine 0.025 MG Oral Capsule by Drug Tariff Special Order,Drug,RxNorm Extension,standard,H03A_thyroid_preparations,thyroid_hormones,Thyroid hormones,drug
36960559,levothyroxine 0.1 MG Oral Tablet by Glenmark,Drug,RxNorm Extension,standard,H03A_thyroid_preparations,thyroid_hormones,Thyroid hormones,drug
36961379,100 ML levothyroxine 0.015 MG/ML Oral Solution by A A H,Drug,RxNorm Extension,standard,H03A_thyroid_preparations,thyroid_hormones,Thyroid hormones,drug
36961558,liothyronine 0.005 MG Oral Capsule Box of 28 by Roma,Drug,RxNorm Extension,standard,H03A_thyroid_preparations,thyroid_hormones,Thyroid hormones,drug
36963519,levothyroxine 0.1 MG Oral Tablet by Viatris Healthcare,Drug,RxNorm Extension,standard,H03A_thyroid_preparations,thyroid_hormones,Thyroid hormones,drug
36964628,liothyronine 0.0025 MG Oral Capsule Box of 1 by Drug Tariff Special Order,Drug,RxNorm Extension,standard,H03A_thyroid_preparations,thyroid_hormones,Thyroid hormones,drug
36965660,levothyroxine 0.025 MG Oral Capsule Box of 1 by Drug Tariff Special Order,Drug,RxNorm Extension,standard,H03A_thyroid_preparations,thyroid_hormones,Thyroid hormones,drug
36966265,liothyronine 0.01 MG Oral Tablet Box of 28 by A A H,Drug,RxNorm Extension,standard,H03A_thyroid_preparations,thyroid_hormones,Thyroid hormones,drug
36966508,levothyroxine 0.005 MG/ML Oral Solution by Brillpharma,Drug,RxNorm Extension,standard,H03A_thyroid_preparations,thyroid_hormones,Thyroid hormones,drug
40026346,thyroid (USP) Delayed Release Oral Tablet,Drug,RxNorm,standard,H03A_thyroid_preparations,thyroid_hormones,Thyroid hormones,drug
40026348,thyroid (USP) Oral Capsule,Drug,RxNorm,standard,H03A_thyroid_preparations,thyroid_hormones,Thyroid hormones,drug
40026349,thyroid (USP) Oral Tablet,Drug,RxNorm,standard,H03A_thyroid_preparations,thyroid_hormones,Thyroid hormones,drug
40026350,thyroid (USP) Oral Tablet [Armour Thyroid],Drug,RxNorm,standard,H03A_thyroid_preparations,thyroid_hormones,Thyroid hormones,drug
40026351,thyroid (USP) Oral Tablet [Natural Thyroid],Drug,RxNorm,standard,H03A_thyroid_preparations,thyroid_hormones,Thyroid hormones,drug
40026352,thyroid (USP) Oral Tablet [Nature-Throid],Drug,RxNorm,standard,H03A_thyroid_preparations,thyroid_hormones,Thyroid hormones,drug
40026353,thyroid (USP) Oral Tablet [Westhroid],Drug,RxNorm,standard,H03A_thyroid_preparations,thyroid_hormones,Thyroid hormones,drug
40064402,mazindol / tiratricol Extended Release Oral Capsule,Drug,RxNorm,standard,H03A_thyroid_preparations,thyroid_hormones,Thyroid hormones,drug
40064403,mazindol / tiratricol Oral Capsule,Drug,RxNorm,standard,H03A_thyroid_preparations,thyroid_hormones,Thyroid hormones,drug
40076134,levothyroxine / potassium iodide Oral Tablet,Drug,RxNorm,standard,H03A_thyroid_preparations,thyroid_hormones,Thyroid hormones,drug
40086668,levothyroxine / liothyronine Oral Tablet,Drug,RxNorm,standard,H03A_thyroid_preparations,thyroid_hormones,Thyroid hormones,drug
40087179,liothyronine Oral Capsule,Drug,RxNorm,standard,H03A_thyroid_preparations,thyroid_hormones,Thyroid hormones,drug
40087180,liothyronine Oral Tablet,Drug,RxNorm,standard,H03A_thyroid_preparations,thyroid_hormones,Thyroid hormones,drug
40087181,liothyronine Oral Tablet [Cytomel],Drug,RxNorm,standard,H03A_thyroid_preparations,thyroid_hormones,Thyroid hormones,drug
40087471,levothyroxine Oral Tablet,Drug,RxNorm,standard,H03A_thyroid_preparations,thyroid_hormones,Thyroid hormones,drug
40087472,levothyroxine Oral Tablet [Eltroxin],Drug,RxNorm,standard,H03A_thyroid_preparations,thyroid_hormones,Thyroid hormones,drug
40087473,levothyroxine Oral Tablet [Euthyrox],Drug,RxNorm,standard,H03A_thyroid_preparations,thyroid_hormones,Thyroid hormones,drug
40087474,levothyroxine Oral Tablet [Levo-T],Drug,RxNorm,standard,H03A_thyroid_preparations,thyroid_hormones,Thyroid hormones,drug
40087475,levothyroxine Oral Tablet [Levotabs],Drug,RxNorm,standard,H03A_thyroid_preparations,thyroid_hormones,Thyroid hormones,drug
40087476,levothyroxine Oral Tablet [Levothroid],Drug,RxNorm,standard,H03A_thyroid_preparations,thyroid_hormones,Thyroid hormones,drug
40087478,levothyroxine Oral Tablet [Synthroid],Drug,RxNorm,standard,H03A_thyroid_preparations,thyroid_hormones,Thyroid hormones,drug
40087479,levothyroxine Oral Tablet [Thyrox],Drug,RxNorm,standard,H03A_thyroid_preparations,thyroid_hormones,Thyroid hormones,drug
40087480,levothyroxine Oral Tablet [Unithroid],Drug,RxNorm,standard,H03A_thyroid_preparations,thyroid_hormones,Thyroid hormones,drug
40098567,tiratricol Extended Release Oral Capsule,Drug,RxNorm,standard,H03A_thyroid_preparations,thyroid_hormones,Thyroid hormones,drug
40098568,tiratricol Oral Tablet,Drug,RxNorm,standard,H03A_thyroid_preparations,thyroid_hormones,Thyroid hormones,drug
40109914,thyroid (USP) Oral Tablet [Etwon],Drug,RxNorm,standard,H03A_thyroid_preparations,thyroid_hormones,Thyroid hormones,drug
40109915,thyroid (USP) Oral Tablet [Thyrotab],Drug,RxNorm,standard,H03A_thyroid_preparations,thyroid_hormones,Thyroid hormones,drug
40122643,levothyroxine Oral Tablet [Estre],Drug,RxNorm,standard,H03A_thyroid_preparations,thyroid_hormones,Thyroid hormones,drug
40132565,levothyroxine Oral Tablet [Levothyroid],Drug,RxNorm,standard,H03A_thyroid_preparations,thyroid_hormones,Thyroid hormones,drug
40137687,levothyroxine Oral Capsule,Drug,RxNorm,standard,H03A_thyroid_preparations,thyroid_hormones,Thyroid hormones,drug
40138678,thyroid (USP) Oral Capsule [Bio-Throid],Drug,RxNorm,standard,H03A_thyroid_preparations,thyroid_hormones,Thyroid hormones,drug
40140046,levothyroxine Oral Tablet [Levoxyl],Drug,RxNorm,standard,H03A_thyroid_preparations,thyroid_hormones,Thyroid hormones,drug
40143712,levothyroxine Oral Capsule [Tirosint],Drug,RxNorm,standard,H03A_thyroid_preparations,thyroid_hormones,Thyroid hormones,drug
40159724,levothyroxine Oral Tablet [Novothyrox],Drug,RxNorm,standard,H03A_thyroid_preparations,thyroid_hormones,Thyroid hormones,drug
40167756,thyroid (USP) 120 MG Delayed Release Oral Tablet,Drug,RxNorm,standard,H03A_thyroid_preparations,thyroid_hormones,Thyroid hormones,drug
40167757,thyroid (USP) 180 MG Delayed Release Oral Tablet,Drug,RxNorm,standard,H03A_thyroid_preparations,thyroid_hormones,Thyroid hormones,drug
40167758,thyroid (USP) 60 MG Delayed Release Oral Tablet,Drug,RxNorm,standard,H03A_thyroid_preparations,thyroid_hormones,Thyroid hormones,drug
40169765,levothyroxine sodium 0.1 MG,Drug,RxNorm,standard,H03A_thyroid_preparations,thyroid_hormones,Thyroid hormones,drug
40169766,levothyroxine sodium 0.1 MG Oral Tablet,Drug,RxNorm,standard,H03A_thyroid_preparations,thyroid_hormones,Thyroid hormones,drug
40169767,levothyroxine sodium 0.1 MG Oral Tablet [SOLOXINE],Drug,RxNorm,standard,H03A_thyroid_preparations,thyroid_hormones,Thyroid hormones,drug
40169768,levothyroxine sodium 0.1 MG [SOLOXINE],Drug,RxNorm,standard,H03A_thyroid_preparations,thyroid_hormones,Thyroid hormones,drug
40169769,levothyroxine sodium 0.2 MG,Drug,RxNorm,standard,H03A_thyroid_preparations,thyroid_hormones,Thyroid hormones,drug
40169770,levothyroxine sodium 0.2 MG Oral Tablet,Drug,RxNorm,standard,H03A_thyroid_preparations,thyroid_hormones,Thyroid hormones,drug
40169771,levothyroxine sodium 0.2 MG Oral Tablet [SOLOXINE],Drug,RxNorm,standard,H03A_thyroid_preparations,thyroid_hormones,Thyroid hormones,drug
40169773,levothyroxine sodium 0.2 MG [SOLOXINE],Drug,RxNorm,standard,H03A_thyroid_preparations,thyroid_hormones,Thyroid hormones,drug
40169774,levothyroxine sodium 0.3 MG,Drug,RxNorm,standard,H03A_thyroid_preparations,thyroid_hormones,Thyroid hormones,drug
40169775,levothyroxine sodium 0.3 MG Oral Tablet,Drug,RxNorm,standard,H03A_thyroid_preparations,thyroid_hormones,Thyroid hormones,drug
40169776,levothyroxine sodium 0.3 MG Oral Tablet [SOLOXINE],Drug,RxNorm,standard,H03A_thyroid_preparations,thyroid_hormones,Thyroid hormones,drug
40169777,levothyroxine sodium 0.3 MG [SOLOXINE],Drug,RxNorm,standard,H03A_thyroid_preparations,thyroid_hormones,Thyroid hormones,drug
40169778,levothyroxine sodium 0.4 MG,Drug,RxNorm,standard,H03A_thyroid_preparations,thyroid_hormones,Thyroid hormones,drug
40169779,levothyroxine sodium 0.4 MG Oral Tablet,Drug,RxNorm,standard,H03A_thyroid_preparations,thyroid_hormones,Thyroid hormones,drug
40169780,levothyroxine sodium 0.4 MG Oral Tablet [SOLOXINE],Drug,RxNorm,standard,H03A_thyroid_preparations,thyroid_hormones,Thyroid hormones,drug
40169781,levothyroxine sodium 0.4 MG [SOLOXINE],Drug,RxNorm,standard,H03A_thyroid_preparations,thyroid_hormones,Thyroid hormones,drug
40169782,levothyroxine sodium 0.5 MG,Drug,RxNorm,standard,H03A_thyroid_preparations,thyroid_hormones,Thyroid hormones,drug
40169783,levothyroxine sodium 0.5 MG Oral Tablet,Drug,RxNorm,standard,H03A_thyroid_preparations,thyroid_hormones,Thyroid hormones,drug
40169784,levothyroxine sodium 0.5 MG Oral Tablet [SOLOXINE],Drug,RxNorm,standard,H03A_thyroid_preparations,thyroid_hormones,Thyroid hormones,drug
40169785,levothyroxine sodium 0.5 MG [SOLOXINE],Drug,RxNorm,standard,H03A_thyroid_preparations,thyroid_hormones,Thyroid hormones,drug
40169786,levothyroxine sodium 0.6 MG,Drug,RxNorm,standard,H03A_thyroid_preparations,thyroid_hormones,Thyroid hormones,drug
40169787,levothyroxine sodium 0.6 MG Oral Tablet,Drug,RxNorm,standard,H03A_thyroid_preparations,thyroid_hormones,Thyroid hormones,drug
40169788,levothyroxine sodium 0.6 MG Oral Tablet [SOLOXINE],Drug,RxNorm,standard,H03A_thyroid_preparations,thyroid_hormones,Thyroid hormones,drug
40169789,levothyroxine sodium 0.6 MG [SOLOXINE],Drug,RxNorm,standard,H03A_thyroid_preparations,thyroid_hormones,Thyroid hormones,drug
40169790,levothyroxine sodium 0.7 MG,Drug,RxNorm,standard,H03A_thyroid_preparations,thyroid_hormones,Thyroid hormones,drug
40169791,levothyroxine sodium 0.7 MG Oral Tablet,Drug,RxNorm,standard,H03A_thyroid_preparations,thyroid_hormones,Thyroid hormones,drug
40169792,levothyroxine sodium 0.7 MG Oral Tablet [SOLOXINE],Drug,RxNorm,standard,H03A_thyroid_preparations,thyroid_hormones,Thyroid hormones,drug
40169793,levothyroxine sodium 0.7 MG [SOLOXINE],Drug,RxNorm,standard,H03A_thyroid_preparations,thyroid_hormones,Thyroid hormones,drug
40169794,levothyroxine sodium 0.8 MG,Drug,RxNorm,standard,H03A_thyroid_preparations,thyroid_hormones,Thyroid hormones,drug
40169795,levothyroxine sodium 0.8 MG Oral Tablet,Drug,RxNorm,standard,H03A_thyroid_preparations,thyroid_hormones,Thyroid hormones,drug
40169796,levothyroxine sodium 0.8 MG Oral Tablet [SOLOXINE],Drug,RxNorm,standard,H03A_thyroid_preparations,thyroid_hormones,Thyroid hormones,drug
40169797,levothyroxine sodium 0.8 MG [SOLOXINE],Drug,RxNorm,standard,H03A_thyroid_preparations,thyroid_hormones,Thyroid hormones,drug
40169798,levothyroxine sodium 1 MG,Drug,RxNorm,standard,H03A_thyroid_preparations,thyroid_hormones,Thyroid hormones,drug
40169799,levothyroxine sodium 1 MG Oral Tablet,Drug,RxNorm,standard,H03A_thyroid_preparations,thyroid_hormones,Thyroid hormones,drug
40169800,levothyroxine sodium 1 MG Oral Tablet [SOLOXINE],Drug,RxNorm,standard,H03A_thyroid_preparations,thyroid_hormones,Thyroid hormones,drug
40169801,levothyroxine sodium 1 MG [SOLOXINE],Drug,RxNorm,standard,H03A_thyroid_preparations,thyroid_hormones,Thyroid hormones,drug
40170231,levothyroxine Oral Tablet [SOLOXINE],Drug,RxNorm,standard,H03A_thyroid_preparations,thyroid_hormones,Thyroid hormones,drug
40173960,levothyroxine / liothyronine Oral Tablet [Thyrolar],Drug,RxNorm,standard,H03A_thyroid_preparations,thyroid_hormones,Thyroid hormones,drug
40174288,liothyronine sodium 0.0025 MG,Drug,RxNorm,standard,H03A_thyroid_preparations,thyroid_hormones,Thyroid hormones,drug
40174290,liothyronine sodium 0.005 MG,Drug,RxNorm,standard,H03A_thyroid_preparations,thyroid_hormones,Thyroid hormones,drug
40174291,liothyronine sodium 0.005 MG Oral Tablet,Drug,RxNorm,standard,H03A_thyroid_preparations,thyroid_hormones,Thyroid hormones,drug
40174292,liothyronine sodium 0.005 MG Oral Tablet [Cytomel],Drug,RxNorm,standard,H03A_thyroid_preparations,thyroid_hormones,Thyroid hormones,drug
40174293,liothyronine sodium 0.005 MG [Cytomel],Drug,RxNorm,standard,H03A_thyroid_preparations,thyroid_hormones,Thyroid hormones,drug
40174297,liothyronine sodium 0.01 MG,Drug,RxNorm,standard,H03A_thyroid_preparations,thyroid_hormones,Thyroid hormones,drug
40174298,liothyronine sodium 0.01 MG/ML,Drug,RxNorm,standard,H03A_thyroid_preparations,thyroid_hormones,Thyroid hormones,drug
40174299,1 ML liothyronine sodium 0.01 MG/ML Injection,Drug,RxNorm,standard,H03A_thyroid_preparations,thyroid_hormones,Thyroid hormones,drug
40174300,1 ML liothyronine sodium 0.01 MG/ML Injection [Triostat],Drug,RxNorm,standard,H03A_thyroid_preparations,thyroid_hormones,Thyroid hormones,drug
40174301,liothyronine sodium 0.01 MG/ML [Triostat],Drug,RxNorm,standard,H03A_thyroid_preparations,thyroid_hormones,Thyroid hormones,drug
40174302,liothyronine sodium 0.0125 MG,Drug,RxNorm,standard,H03A_thyroid_preparations,thyroid_hormones,Thyroid hormones,drug
40174306,liothyronine sodium 0.02 MG,Drug,RxNorm,standard,H03A_thyroid_preparations,thyroid_hormones,Thyroid hormones,drug
40174307,liothyronine sodium 0.02 MG Oral Tablet,Drug,RxNorm,standard,H03A_thyroid_preparations,thyroid_hormones,Thyroid hormones,drug
40174308,liothyronine sodium 0.025 MG,Drug,RxNorm,standard,H03A_thyroid_preparations,thyroid_hormones,Thyroid hormones,drug
40174309,liothyronine sodium 0.025 MG Oral Tablet,Drug,RxNorm,standard,H03A_thyroid_preparations,thyroid_hormones,Thyroid hormones,drug
40174310,liothyronine sodium 0.025 MG Oral Tablet [Cytomel],Drug,RxNorm,standard,H03A_thyroid_preparations,thyroid_hormones,Thyroid hormones,drug
40174311,liothyronine sodium 0.025 MG [Cytomel],Drug,RxNorm,standard,H03A_thyroid_preparations,thyroid_hormones,Thyroid hormones,drug
40174317,liothyronine sodium 0.05 MG,Drug,RxNorm,standard,H03A_thyroid_preparations,thyroid_hormones,Thyroid hormones,drug
40174318,liothyronine sodium 0.05 MG Oral Tablet,Drug,RxNorm,standard,H03A_thyroid_preparations,thyroid_hormones,Thyroid hormones,drug
40174319,liothyronine sodium 0.05 MG Oral Tablet [Cytomel],Drug,RxNorm,standard,H03A_thyroid_preparations,thyroid_hormones,Thyroid hormones,drug
40174320,liothyronine sodium 0.05 MG [Cytomel],Drug,RxNorm,standard,H03A_thyroid_preparations,thyroid_hormones,Thyroid hormones,drug
40174321,liothyronine sodium 0.075 MG,Drug,RxNorm,standard,H03A_thyroid_preparations,thyroid_hormones,Thyroid hormones,drug
40174322,liothyronine sodium 0.075 MG Oral Capsule,Drug,RxNorm,standard,H03A_thyroid_preparations,thyroid_hormones,Thyroid hormones,drug
40174323,liothyronine sodium 0.1 MG,Drug,RxNorm,standard,H03A_thyroid_preparations,thyroid_hormones,Thyroid hormones,drug
40174324,liothyronine sodium 0.1 MG Oral Tablet,Drug,RxNorm,standard,H03A_thyroid_preparations,thyroid_hormones,Thyroid hormones,drug
40174326,liothyronine sodium 50 MG,Drug,RxNorm,standard,H03A_thyroid_preparations,thyroid_hormones,Thyroid hormones,drug
40174327,liothyronine sodium 50 MG Oral Tablet,Drug,RxNorm,standard,H03A_thyroid_preparations,thyroid_hormones,Thyroid hormones,drug
40174328,liothyronine sodium 50 MG Oral Tablet [Cytomel],Drug,RxNorm,standard,H03A_thyroid_preparations,thyroid_hormones,Thyroid hormones,drug
40174329,liothyronine sodium 50 MG [Cytomel],Drug,RxNorm,standard,H03A_thyroid_preparations,thyroid_hormones,Thyroid hormones,drug
40174541,{56 (levothyroxine sodium 0.013 MG Oral Capsule) } Pack,Drug,RxNorm,standard,H03A_thyroid_preparations,thyroid_hormones,Thyroid hormones,drug
40174542,{56 (levothyroxine sodium 0.025 MG Oral Capsule) } Pack,Drug,RxNorm,standard,H03A_thyroid_preparations,thyroid_hormones,Thyroid hormones,drug
40174543,{56 (levothyroxine sodium 0.05 MG Oral Capsule) } Pack,Drug,RxNorm,standard,H03A_thyroid_preparations,thyroid_hormones,Thyroid hormones,drug
40174544,{56 (levothyroxine sodium 0.075 MG Oral Capsule) } Pack,Drug,RxNorm,standard,H03A_thyroid_preparations,thyroid_hormones,Thyroid hormones,drug
40174545,{56 (levothyroxine sodium 0.1 MG Oral Capsule) } Pack,Drug,RxNorm,standard,H03A_thyroid_preparations,thyroid_hormones,Thyroid hormones,drug
40174546,{56 (levothyroxine sodium 0.125 MG Oral Capsule) } Pack,Drug,RxNorm,standard,H03A_thyroid_preparations,thyroid_hormones,Thyroid hormones,drug
40174547,{56 (levothyroxine sodium 0.15 MG Oral Capsule) } Pack,Drug,RxNorm,standard,H03A_thyroid_preparations,thyroid_hormones,Thyroid hormones,drug
40174873,levothyroxine sodium 0.07 MG,Drug,RxNorm,standard,H03A_thyroid_preparations,thyroid_hormones,Thyroid hormones,drug
40174874,levothyroxine sodium 0.07 MG / potassium iodide 0.115 MG Oral Tablet,Drug,RxNorm,standard,H03A_thyroid_preparations,thyroid_hormones,Thyroid hormones,drug
40174875,levothyroxine sodium 0.075 MG,Drug,RxNorm,standard,H03A_thyroid_preparations,thyroid_hormones,Thyroid hormones,drug
40174876,levothyroxine sodium 0.075 MG / potassium iodide 0.15 MG Oral Tablet,Drug,RxNorm,standard,H03A_thyroid_preparations,thyroid_hormones,Thyroid hormones,drug
40174877,levothyroxine sodium 0.075 MG / liothyronine sodium 0.015 MG Oral Tablet,Drug,RxNorm,standard,H03A_thyroid_preparations,thyroid_hormones,Thyroid hormones,drug
40174878,levothyroxine sodium 0.075 MG Oral Capsule,Drug,RxNorm,standard,H03A_thyroid_preparations,thyroid_hormones,Thyroid hormones,drug
40174879,levothyroxine sodium 0.075 MG Oral Capsule [Tirosint],Drug,RxNorm,standard,H03A_thyroid_preparations,thyroid_hormones,Thyroid hormones,drug
40174880,levothyroxine sodium 0.075 MG Oral Tablet,Drug,RxNorm,standard,H03A_thyroid_preparations,thyroid_hormones,Thyroid hormones,drug
40174881,levothyroxine sodium 0.075 MG Oral Tablet [Eltroxin],Drug,RxNorm,standard,H03A_thyroid_preparations,thyroid_hormones,Thyroid hormones,drug
40174882,levothyroxine sodium 0.075 MG Oral Tablet [Euthyrox],Drug,RxNorm,standard,H03A_thyroid_preparations,thyroid_hormones,Thyroid hormones,drug
40174883,levothyroxine sodium 0.075 MG Oral Tablet [Levo-T],Drug,RxNorm,standard,H03A_thyroid_preparations,thyroid_hormones,Thyroid hormones,drug
40174884,levothyroxine sodium 0.075 MG Oral Tablet [Levotabs],Drug,RxNorm,standard,H03A_thyroid_preparations,thyroid_hormones,Thyroid hormones,drug
40174885,levothyroxine sodium 0.075 MG Oral Tablet [Levothroid],Drug,RxNorm,standard,H03A_thyroid_preparations,thyroid_hormones,Thyroid hormones,drug
40174886,levothyroxine sodium 0.075 MG Oral Tablet [Levoxyl],Drug,RxNorm,standard,H03A_thyroid_preparations,thyroid_hormones,Thyroid hormones,drug
40174887,levothyroxine sodium 0.075 MG Oral Tablet [Novothyrox],Drug,RxNorm,standard,H03A_thyroid_preparations,thyroid_hormones,Thyroid hormones,drug
40174888,levothyroxine sodium 0.075 MG Oral Tablet [Synthroid],Drug,RxNorm,standard,H03A_thyroid_preparations,thyroid_hormones,Thyroid hormones,drug
40174889,levothyroxine sodium 0.075 MG Oral Tablet [Thyrox],Drug,RxNorm,standard,H03A_thyroid_preparations,thyroid_hormones,Thyroid hormones,drug
40174890,levothyroxine sodium 0.075 MG Oral Tablet [Unithroid],Drug,RxNorm,standard,H03A_thyroid_preparations,thyroid_hormones,Thyroid hormones,drug
40174891,levothyroxine sodium 0.075 MG [Eltroxin],Drug,RxNorm,standard,H03A_thyroid_preparations,thyroid_hormones,Thyroid hormones,drug
40174892,levothyroxine sodium 0.075 MG [Euthyrox],Drug,RxNorm,standard,H03A_thyroid_preparations,thyroid_hormones,Thyroid hormones,drug
40174893,levothyroxine sodium 0.075 MG [Levo-T],Drug,RxNorm,standard,H03A_thyroid_preparations,thyroid_hormones,Thyroid hormones,drug
40174894,levothyroxine sodium 0.075 MG [Levotabs],Drug,RxNorm,standard,H03A_thyroid_preparations,thyroid_hormones,Thyroid hormones,drug
40174895,levothyroxine sodium 0.075 MG [Levothroid],Drug,RxNorm,standard,H03A_thyroid_preparations,thyroid_hormones,Thyroid hormones,drug
40174896,levothyroxine sodium 0.075 MG [Levoxyl],Drug,RxNorm,standard,H03A_thyroid_preparations,thyroid_hormones,Thyroid hormones,drug
40174897,levothyroxine sodium 0.075 MG [Novothyrox],Drug,RxNorm,standard,H03A_thyroid_preparations,thyroid_hormones,Thyroid hormones,drug
40174898,levothyroxine sodium 0.075 MG [Synthroid],Drug,RxNorm,standard,H03A_thyroid_preparations,thyroid_hormones,Thyroid hormones,drug
40174899,levothyroxine sodium 0.075 MG [Thyrox],Drug,RxNorm,standard,H03A_thyroid_preparations,thyroid_hormones,Thyroid hormones,drug
40174900,levothyroxine sodium 0.075 MG [Tirosint],Drug,RxNorm,standard,H03A_thyroid_preparations,thyroid_hormones,Thyroid hormones,drug
40174901,levothyroxine sodium 0.075 MG [Unithroid],Drug,RxNorm,standard,H03A_thyroid_preparations,thyroid_hormones,Thyroid hormones,drug
40174904,levothyroxine sodium 0.088 MG,Drug,RxNorm,standard,H03A_thyroid_preparations,thyroid_hormones,Thyroid hormones,drug
40174905,levothyroxine sodium 0.088 MG Oral Capsule,Drug,RxNorm,standard,H03A_thyroid_preparations,thyroid_hormones,Thyroid hormones,drug
40174906,levothyroxine sodium 0.088 MG Oral Capsule [Tirosint],Drug,RxNorm,standard,H03A_thyroid_preparations,thyroid_hormones,Thyroid hormones,drug
40174907,levothyroxine sodium 0.088 MG Oral Tablet,Drug,RxNorm,standard,H03A_thyroid_preparations,thyroid_hormones,Thyroid hormones,drug
40174908,levothyroxine sodium 0.088 MG Oral Tablet [Eltroxin],Drug,RxNorm,standard,H03A_thyroid_preparations,thyroid_hormones,Thyroid hormones,drug
40174909,levothyroxine sodium 0.088 MG Oral Tablet [Euthyrox],Drug,RxNorm,standard,H03A_thyroid_preparations,thyroid_hormones,Thyroid hormones,drug
40174910,levothyroxine sodium 0.088 MG Oral Tablet [Levo-T],Drug,RxNorm,standard,H03A_thyroid_preparations,thyroid_hormones,Thyroid hormones,drug
40174911,levothyroxine sodium 0.088 MG Oral Tablet [Levothroid],Drug,RxNorm,standard,H03A_thyroid_preparations,thyroid_hormones,Thyroid hormones,drug
40174912,levothyroxine sodium 0.088 MG Oral Tablet [Levoxyl],Drug,RxNorm,standard,H03A_thyroid_preparations,thyroid_hormones,Thyroid hormones,drug
40174913,levothyroxine sodium 0.088 MG Oral Tablet [Novothyrox],Drug,RxNorm,standard,H03A_thyroid_preparations,thyroid_hormones,Thyroid hormones,drug
40174914,levothyroxine sodium 0.088 MG Oral Tablet [Synthroid],Drug,RxNorm,standard,H03A_thyroid_preparations,thyroid_hormones,Thyroid hormones,drug
40174915,levothyroxine sodium 0.088 MG Oral Tablet [Thyrox],Drug,RxNorm,standard,H03A_thyroid_preparations,thyroid_hormones,Thyroid hormones,drug
40174916,levothyroxine sodium 0.088 MG Oral Tablet [Unithroid],Drug,RxNorm,standard,H03A_thyroid_preparations,thyroid_hormones,Thyroid hormones,drug
40174917,levothyroxine sodium 0.088 MG [Eltroxin],Drug,RxNorm,standard,H03A_thyroid_preparations,thyroid_hormones,Thyroid hormones,drug
40174918,levothyroxine sodium 0.088 MG [Euthyrox],Drug,RxNorm,standard,H03A_thyroid_preparations,thyroid_hormones,Thyroid hormones,drug
40174919,levothyroxine sodium 0.088 MG [Levo-T],Drug,RxNorm,standard,H03A_thyroid_preparations,thyroid_hormones,Thyroid hormones,drug
40174920,levothyroxine sodium 0.088 MG [Levothroid],Drug,RxNorm,standard,H03A_thyroid_preparations,thyroid_hormones,Thyroid hormones,drug
40174921,levothyroxine sodium 0.088 MG [Levoxyl],Drug,RxNorm,standard,H03A_thyroid_preparations,thyroid_hormones,Thyroid hormones,drug
40174922,levothyroxine sodium 0.088 MG [Novothyrox],Drug,RxNorm,standard,H03A_thyroid_preparations,thyroid_hormones,Thyroid hormones,drug
40174923,levothyroxine sodium 0.088 MG [Synthroid],Drug,RxNorm,standard,H03A_thyroid_preparations,thyroid_hormones,Thyroid hormones,drug
40174924,levothyroxine sodium 0.088 MG [Thyrox],Drug,RxNorm,standard,H03A_thyroid_preparations,thyroid_hormones,Thyroid hormones,drug
40174925,levothyroxine sodium 0.088 MG [Tirosint],Drug,RxNorm,standard,H03A_thyroid_preparations,thyroid_hormones,Thyroid hormones,drug
40174926,levothyroxine sodium 0.088 MG [Unithroid],Drug,RxNorm,standard,H03A_thyroid_preparations,thyroid_hormones,Thyroid hormones,drug
40174927,levothyroxine sodium 0.09 MG,Drug,RxNorm,standard,H03A_thyroid_preparations,thyroid_hormones,Thyroid hormones,drug
40174928,levothyroxine sodium 0.09 MG / liothyronine sodium 0.01 MG Oral Tablet,Drug,RxNorm,standard,H03A_thyroid_preparations,thyroid_hormones,Thyroid hormones,drug
40174929,levothyroxine sodium 0.1 MG / potassium iodide 0.1 MG Oral Tablet,Drug,RxNorm,standard,H03A_thyroid_preparations,thyroid_hormones,Thyroid hormones,drug
40174930,levothyroxine sodium 0.1 MG / potassium iodide 0.131 MG Oral Tablet,Drug,RxNorm,standard,H03A_thyroid_preparations,thyroid_hormones,Thyroid hormones,drug
40174931,levothyroxine sodium 0.1 MG / potassium iodide 0.15 MG Oral Tablet,Drug,RxNorm,standard,H03A_thyroid_preparations,thyroid_hormones,Thyroid hormones,drug
40174932,levothyroxine sodium 0.1 MG / liothyronine sodium 0.01 MG Oral Tablet,Drug,RxNorm,standard,H03A_thyroid_preparations,thyroid_hormones,Thyroid hormones,drug
40174933,levothyroxine sodium 0.1 MG / liothyronine sodium 0.02 MG Oral Tablet,Drug,RxNorm,standard,H03A_thyroid_preparations,thyroid_hormones,Thyroid hormones,drug
40174934,levothyroxine sodium 0.1 MG / liothyronine sodium 0.025 MG Oral Tablet,Drug,RxNorm,standard,H03A_thyroid_preparations,thyroid_hormones,Thyroid hormones,drug
40174935,levothyroxine sodium 0.1 MG / liothyronine sodium 0.025 MG Oral Tablet [Thyrolar],Drug,RxNorm,standard,H03A_thyroid_preparations,thyroid_hormones,Thyroid hormones,drug
40174936,levothyroxine sodium 0.1 MG / liothyronine sodium 0.025 MG [Thyrolar],Drug,RxNorm,standard,H03A_thyroid_preparations,thyroid_hormones,Thyroid hormones,drug
40174937,levothyroxine sodium 0.1 MG Oral Capsule,Drug,RxNorm,standard,H03A_thyroid_preparations,thyroid_hormones,Thyroid hormones,drug
40174938,levothyroxine sodium 0.1 MG Oral Capsule [Tirosint],Drug,RxNorm,standard,H03A_thyroid_preparations,thyroid_hormones,Thyroid hormones,drug
40174939,levothyroxine sodium 0.1 MG Oral Tablet [Eltroxin],Drug,RxNorm,standard,H03A_thyroid_preparations,thyroid_hormones,Thyroid hormones,drug
40174940,levothyroxine sodium 0.1 MG Oral Tablet [Euthyrox],Drug,RxNorm,standard,H03A_thyroid_preparations,thyroid_hormones,Thyroid hormones,drug
40174941,levothyroxine sodium 0.1 MG Oral Tablet [Levo-T],Drug,RxNorm,standard,H03A_thyroid_preparations,thyroid_hormones,Thyroid hormones,drug
40174942,levothyroxine sodium 0.1 MG Oral Tablet [Levotabs],Drug,RxNorm,standard,H03A_thyroid_preparations,thyroid_hormones,Thyroid hormones,drug
40174943,levothyroxine sodium 0.1 MG Oral Tablet [Levothroid],Drug,RxNorm,standard,H03A_thyroid_preparations,thyroid_hormones,Thyroid hormones,drug
40174944,levothyroxine sodium 0.1 MG Oral Tablet [Levothyroid],Drug,RxNorm,standard,H03A_thyroid_preparations,thyroid_hormones,Thyroid hormones,drug
40174945,levothyroxine sodium 0.1 MG Oral Tablet [Levoxyl],Drug,RxNorm,standard,H03A_thyroid_preparations,thyroid_hormones,Thyroid hormones,drug
40174946,levothyroxine sodium 0.1 MG Oral Tablet [Novothyrox],Drug,RxNorm,standard,H03A_thyroid_preparations,thyroid_hormones,Thyroid hormones,drug
40174947,levothyroxine sodium 0.1 MG Oral Tablet [Synthroid],Drug,RxNorm,standard,H03A_thyroid_preparations,thyroid_hormones,Thyroid hormones,drug
40174948,levothyroxine sodium 0.1 MG Oral Tablet [Thyrox],Drug,RxNorm,standard,H03A_thyroid_preparations,thyroid_hormones,Thyroid hormones,drug
40174949,levothyroxine sodium 0.1 MG Oral Tablet [Unithroid],Drug,RxNorm,standard,H03A_thyroid_preparations,thyroid_hormones,Thyroid hormones,drug
40174951,levothyroxine sodium 0.1 MG [Eltroxin],Drug,RxNorm,standard,H03A_thyroid_preparations,thyroid_hormones,Thyroid hormones,drug
40174952,levothyroxine sodium 0.1 MG [Euthyrox],Drug,RxNorm,standard,H03A_thyroid_preparations,thyroid_hormones,Thyroid hormones,drug
40174953,levothyroxine sodium 0.1 MG [Levo-T],Drug,RxNorm,standard,H03A_thyroid_preparations,thyroid_hormones,Thyroid hormones,drug
40174954,levothyroxine sodium 0.1 MG [Levotabs],Drug,RxNorm,standard,H03A_thyroid_preparations,thyroid_hormones,Thyroid hormones,drug
40174955,levothyroxine sodium 0.1 MG [Levothroid],Drug,RxNorm,standard,H03A_thyroid_preparations,thyroid_hormones,Thyroid hormones,drug
40174956,levothyroxine sodium 0.1 MG [Levothyroid],Drug,RxNorm,standard,H03A_thyroid_preparations,thyroid_hormones,Thyroid hormones,drug
40174957,levothyroxine sodium 0.1 MG [Levoxyl],Drug,RxNorm,standard,H03A_thyroid_preparations,thyroid_hormones,Thyroid hormones,drug
40174958,levothyroxine sodium 0.1 MG [Novothyrox],Drug,RxNorm,standard,H03A_thyroid_preparations,thyroid_hormones,Thyroid hormones,drug
40174959,levothyroxine sodium 0.1 MG [Synthroid],Drug,RxNorm,standard,H03A_thyroid_preparations,thyroid_hormones,Thyroid hormones,drug
40174960,levothyroxine sodium 0.1 MG [Thyrox],Drug,RxNorm,standard,H03A_thyroid_preparations,thyroid_hormones,Thyroid hormones,drug
40174961,levothyroxine sodium 0.1 MG [Tirosint],Drug,RxNorm,standard,H03A_thyroid_preparations,thyroid_hormones,Thyroid hormones,drug
40174962,levothyroxine sodium 0.1 MG [Unithroid],Drug,RxNorm,standard,H03A_thyroid_preparations,thyroid_hormones,Thyroid hormones,drug
40174964,levothyroxine sodium 0.5 MG Injection,Drug,RxNorm,standard,H03A_thyroid_preparations,thyroid_hormones,Thyroid hormones,drug
40174969,levothyroxine sodium 0.112 MG,Drug,RxNorm,standard,H03A_thyroid_preparations,thyroid_hormones,Thyroid hormones,drug
40174970,levothyroxine sodium 0.112 MG Oral Capsule,Drug,RxNorm,standard,H03A_thyroid_preparations,thyroid_hormones,Thyroid hormones,drug
40174971,levothyroxine sodium 0.112 MG Oral Capsule [Tirosint],Drug,RxNorm,standard,H03A_thyroid_preparations,thyroid_hormones,Thyroid hormones,drug
40174972,levothyroxine sodium 0.112 MG Oral Tablet,Drug,RxNorm,standard,H03A_thyroid_preparations,thyroid_hormones,Thyroid hormones,drug
40174973,levothyroxine sodium 0.112 MG Oral Tablet [Eltroxin],Drug,RxNorm,standard,H03A_thyroid_preparations,thyroid_hormones,Thyroid hormones,drug
40174974,levothyroxine sodium 0.112 MG Oral Tablet [Euthyrox],Drug,RxNorm,standard,H03A_thyroid_preparations,thyroid_hormones,Thyroid hormones,drug
40174975,levothyroxine sodium 0.112 MG Oral Tablet [Levo-T],Drug,RxNorm,standard,H03A_thyroid_preparations,thyroid_hormones,Thyroid hormones,drug
40174976,levothyroxine sodium 0.112 MG Oral Tablet [Levothroid],Drug,RxNorm,standard,H03A_thyroid_preparations,thyroid_hormones,Thyroid hormones,drug
40174977,levothyroxine sodium 0.112 MG Oral Tablet [Levoxyl],Drug,RxNorm,standard,H03A_thyroid_preparations,thyroid_hormones,Thyroid hormones,drug
40174978,levothyroxine sodium 0.112 MG Oral Tablet [Novothyrox],Drug,RxNorm,standard,H03A_thyroid_preparations,thyroid_hormones,Thyroid hormones,drug
40174979,levothyroxine sodium 0.112 MG Oral Tablet [Synthroid],Drug,RxNorm,standard,H03A_thyroid_preparations,thyroid_hormones,Thyroid hormones,drug
40174980,levothyroxine sodium 0.112 MG Oral Tablet [Thyrox],Drug,RxNorm,standard,H03A_thyroid_preparations,thyroid_hormones,Thyroid hormones,drug
40174981,levothyroxine sodium 0.112 MG Oral Tablet [Unithroid],Drug,RxNorm,standard,H03A_thyroid_preparations,thyroid_hormones,Thyroid hormones,drug
40174982,levothyroxine sodium 0.112 MG [Eltroxin],Drug,RxNorm,standard,H03A_thyroid_preparations,thyroid_hormones,Thyroid hormones,drug
40174983,levothyroxine sodium 0.112 MG [Euthyrox],Drug,RxNorm,standard,H03A_thyroid_preparations,thyroid_hormones,Thyroid hormones,drug
40174984,levothyroxine sodium 0.112 MG [Levo-T],Drug,RxNorm,standard,H03A_thyroid_preparations,thyroid_hormones,Thyroid hormones,drug
40174985,levothyroxine sodium 0.112 MG [Levothroid],Drug,RxNorm,standard,H03A_thyroid_preparations,thyroid_hormones,Thyroid hormones,drug
40174986,levothyroxine sodium 0.112 MG [Levoxyl],Drug,RxNorm,standard,H03A_thyroid_preparations,thyroid_hormones,Thyroid hormones,drug
40174987,levothyroxine sodium 0.112 MG [Novothyrox],Drug,RxNorm,standard,H03A_thyroid_preparations,thyroid_hormones,Thyroid hormones,drug
40174988,levothyroxine sodium 0.112 MG [Synthroid],Drug,RxNorm,standard,H03A_thyroid_preparations,thyroid_hormones,Thyroid hormones,drug
40174989,levothyroxine sodium 0.112 MG [Thyrox],Drug,RxNorm,standard,H03A_thyroid_preparations,thyroid_hormones,Thyroid hormones,drug
40174990,levothyroxine sodium 0.112 MG [Tirosint],Drug,RxNorm,standard,H03A_thyroid_preparations,thyroid_hormones,Thyroid hormones,drug
40174991,levothyroxine sodium 0.112 MG [Unithroid],Drug,RxNorm,standard,H03A_thyroid_preparations,thyroid_hormones,Thyroid hormones,drug
40174992,levothyroxine sodium 0.114 MG,Drug,RxNorm,standard,H03A_thyroid_preparations,thyroid_hormones,Thyroid hormones,drug
40174994,levothyroxine sodium 0.114 MG / liothyronine sodium 0.197 MG Oral Tablet,Drug,RxNorm,standard,H03A_thyroid_preparations,thyroid_hormones,Thyroid hormones,drug
40174995,levothyroxine sodium 0.12 MG,Drug,RxNorm,standard,H03A_thyroid_preparations,thyroid_hormones,Thyroid hormones,drug
40174996,levothyroxine sodium 0.12 MG / liothyronine sodium 0.03 MG Oral Tablet,Drug,RxNorm,standard,H03A_thyroid_preparations,thyroid_hormones,Thyroid hormones,drug
40174997,levothyroxine sodium 0.125 MG,Drug,RxNorm,standard,H03A_thyroid_preparations,thyroid_hormones,Thyroid hormones,drug
40174998,levothyroxine sodium 0.125 MG / potassium iodide 0.15 MG Oral Tablet,Drug,RxNorm,standard,H03A_thyroid_preparations,thyroid_hormones,Thyroid hormones,drug
40174999,levothyroxine sodium 0.125 MG Oral Capsule,Drug,RxNorm,standard,H03A_thyroid_preparations,thyroid_hormones,Thyroid hormones,drug
40175000,levothyroxine sodium 0.125 MG Oral Capsule [Tirosint],Drug,RxNorm,standard,H03A_thyroid_preparations,thyroid_hormones,Thyroid hormones,drug
40175001,levothyroxine sodium 0.125 MG Oral Tablet,Drug,RxNorm,standard,H03A_thyroid_preparations,thyroid_hormones,Thyroid hormones,drug
40175002,levothyroxine sodium 0.125 MG Oral Tablet [Eltroxin],Drug,RxNorm,standard,H03A_thyroid_preparations,thyroid_hormones,Thyroid hormones,drug
40175003,levothyroxine sodium 0.125 MG Oral Tablet [Euthyrox],Drug,RxNorm,standard,H03A_thyroid_preparations,thyroid_hormones,Thyroid hormones,drug
40175004,levothyroxine sodium 0.125 MG Oral Tablet [Levo-T],Drug,RxNorm,standard,H03A_thyroid_preparations,thyroid_hormones,Thyroid hormones,drug
40175005,levothyroxine sodium 0.125 MG Oral Tablet [Levotabs],Drug,RxNorm,standard,H03A_thyroid_preparations,thyroid_hormones,Thyroid hormones,drug
40175006,levothyroxine sodium 0.125 MG Oral Tablet [Levothroid],Drug,RxNorm,standard,H03A_thyroid_preparations,thyroid_hormones,Thyroid hormones,drug
40175007,levothyroxine sodium 0.125 MG Oral Tablet [Levoxyl],Drug,RxNorm,standard,H03A_thyroid_preparations,thyroid_hormones,Thyroid hormones,drug
40175008,levothyroxine sodium 0.125 MG Oral Tablet [Novothyrox],Drug,RxNorm,standard,H03A_thyroid_preparations,thyroid_hormones,Thyroid hormones,drug
40175009,levothyroxine sodium 0.125 MG Oral Tablet [Synthroid],Drug,RxNorm,standard,H03A_thyroid_preparations,thyroid_hormones,Thyroid hormones,drug
40175010,levothyroxine sodium 0.125 MG Oral Tablet [Thyrox],Drug,RxNorm,standard,H03A_thyroid_preparations,thyroid_hormones,Thyroid hormones,drug
40175011,levothyroxine sodium 0.125 MG Oral Tablet [Unithroid],Drug,RxNorm,standard,H03A_thyroid_preparations,thyroid_hormones,Thyroid hormones,drug
40175012,levothyroxine sodium 0.125 MG [Eltroxin],Drug,RxNorm,standard,H03A_thyroid_preparations,thyroid_hormones,Thyroid hormones,drug
40175013,levothyroxine sodium 0.125 MG [Euthyrox],Drug,RxNorm,standard,H03A_thyroid_preparations,thyroid_hormones,Thyroid hormones,drug
40175014,levothyroxine sodium 0.125 MG [Levo-T],Drug,RxNorm,standard,H03A_thyroid_preparations,thyroid_hormones,Thyroid hormones,drug
40175015,levothyroxine sodium 0.125 MG [Levotabs],Drug,RxNorm,standard,H03A_thyroid_preparations,thyroid_hormones,Thyroid hormones,drug
40175016,levothyroxine sodium 0.125 MG [Levothroid],Drug,RxNorm,standard,H03A_thyroid_preparations,thyroid_hormones,Thyroid hormones,drug
40175017,levothyroxine sodium 0.125 MG [Levoxyl],Drug,RxNorm,standard,H03A_thyroid_preparations,thyroid_hormones,Thyroid hormones,drug
40175018,levothyroxine sodium 0.125 MG [Novothyrox],Drug,RxNorm,standard,H03A_thyroid_preparations,thyroid_hormones,Thyroid hormones,drug
40175019,levothyroxine sodium 0.125 MG [Synthroid],Drug,RxNorm,standard,H03A_thyroid_preparations,thyroid_hormones,Thyroid hormones,drug
40175020,levothyroxine sodium 0.125 MG [Thyrox],Drug,RxNorm,standard,H03A_thyroid_preparations,thyroid_hormones,Thyroid hormones,drug
40175021,levothyroxine sodium 0.125 MG [Tirosint],Drug,RxNorm,standard,H03A_thyroid_preparations,thyroid_hormones,Thyroid hormones,drug
40175022,levothyroxine sodium 0.125 MG [Unithroid],Drug,RxNorm,standard,H03A_thyroid_preparations,thyroid_hormones,Thyroid hormones,drug
40175023,levothyroxine sodium 0.137 MG,Drug,RxNorm,standard,H03A_thyroid_preparations,thyroid_hormones,Thyroid hormones,drug
40175024,levothyroxine sodium 0.137 MG Oral Capsule,Drug,RxNorm,standard,H03A_thyroid_preparations,thyroid_hormones,Thyroid hormones,drug
40175025,levothyroxine sodium 0.137 MG Oral Capsule [Tirosint],Drug,RxNorm,standard,H03A_thyroid_preparations,thyroid_hormones,Thyroid hormones,drug
40175026,levothyroxine sodium 0.137 MG Oral Tablet,Drug,RxNorm,standard,H03A_thyroid_preparations,thyroid_hormones,Thyroid hormones,drug
40175027,levothyroxine sodium 0.137 MG Oral Tablet [Eltroxin],Drug,RxNorm,standard,H03A_thyroid_preparations,thyroid_hormones,Thyroid hormones,drug
40175028,levothyroxine sodium 0.137 MG Oral Tablet [Levo-T],Drug,RxNorm,standard,H03A_thyroid_preparations,thyroid_hormones,Thyroid hormones,drug
40175029,levothyroxine sodium 0.137 MG Oral Tablet [Levothroid],Drug,RxNorm,standard,H03A_thyroid_preparations,thyroid_hormones,Thyroid hormones,drug
40175030,levothyroxine sodium 0.137 MG Oral Tablet [Levoxyl],Drug,RxNorm,standard,H03A_thyroid_preparations,thyroid_hormones,Thyroid hormones,drug
40175031,levothyroxine sodium 0.137 MG Oral Tablet [Novothyrox],Drug,RxNorm,standard,H03A_thyroid_preparations,thyroid_hormones,Thyroid hormones,drug
40175034,levothyroxine sodium 0.137 MG Oral Tablet [Synthroid],Drug,RxNorm,standard,H03A_thyroid_preparations,thyroid_hormones,Thyroid hormones,drug
40175035,levothyroxine sodium 0.137 MG Oral Tablet [Unithroid],Drug,RxNorm,standard,H03A_thyroid_preparations,thyroid_hormones,Thyroid hormones,drug
40175036,levothyroxine sodium 0.137 MG [Eltroxin],Drug,RxNorm,standard,H03A_thyroid_preparations,thyroid_hormones,Thyroid hormones,drug
40175037,levothyroxine sodium 0.137 MG [Levo-T],Drug,RxNorm,standard,H03A_thyroid_preparations,thyroid_hormones,Thyroid hormones,drug
40175038,levothyroxine sodium 0.137 MG [Levothroid],Drug,RxNorm,standard,H03A_thyroid_preparations,thyroid_hormones,Thyroid hormones,drug
40175039,levothyroxine sodium 0.137 MG [Levoxyl],Drug,RxNorm,standard,H03A_thyroid_preparations,thyroid_hormones,Thyroid hormones,drug
40175040,levothyroxine sodium 0.137 MG [Novothyrox],Drug,RxNorm,standard,H03A_thyroid_preparations,thyroid_hormones,Thyroid hormones,drug
40175041,levothyroxine sodium 0.137 MG [Synthroid],Drug,RxNorm,standard,H03A_thyroid_preparations,thyroid_hormones,Thyroid hormones,drug
40175042,levothyroxine sodium 0.137 MG [Tirosint],Drug,RxNorm,standard,H03A_thyroid_preparations,thyroid_hormones,Thyroid hormones,drug
40175043,levothyroxine sodium 0.137 MG [Unithroid],Drug,RxNorm,standard,H03A_thyroid_preparations,thyroid_hormones,Thyroid hormones,drug
40175044,levothyroxine sodium 0.15 MG,Drug,RxNorm,standard,H03A_thyroid_preparations,thyroid_hormones,Thyroid hormones,drug
40175045,levothyroxine sodium 0.15 MG / liothyronine sodium 0.0375 MG Oral Tablet,Drug,RxNorm,standard,H03A_thyroid_preparations,thyroid_hormones,Thyroid hormones,drug
40175046,levothyroxine sodium 0.15 MG / liothyronine sodium 0.0375 MG Oral Tablet [Thyrolar],Drug,RxNorm,standard,H03A_thyroid_preparations,thyroid_hormones,Thyroid hormones,drug
40175047,levothyroxine sodium 0.15 MG / liothyronine sodium 0.0375 MG [Thyrolar],Drug,RxNorm,standard,H03A_thyroid_preparations,thyroid_hormones,Thyroid hormones,drug
40175048,levothyroxine sodium 0.15 MG Oral Capsule,Drug,RxNorm,standard,H03A_thyroid_preparations,thyroid_hormones,Thyroid hormones,drug
40175049,levothyroxine sodium 0.15 MG Oral Capsule [Tirosint],Drug,RxNorm,standard,H03A_thyroid_preparations,thyroid_hormones,Thyroid hormones,drug
40175050,levothyroxine sodium 0.15 MG Oral Tablet,Drug,RxNorm,standard,H03A_thyroid_preparations,thyroid_hormones,Thyroid hormones,drug
40175051,levothyroxine sodium 0.15 MG Oral Tablet [Eltroxin],Drug,RxNorm,standard,H03A_thyroid_preparations,thyroid_hormones,Thyroid hormones,drug
40175052,levothyroxine sodium 0.15 MG Oral Tablet [Estre],Drug,RxNorm,standard,H03A_thyroid_preparations,thyroid_hormones,Thyroid hormones,drug
40175053,levothyroxine sodium 0.15 MG Oral Tablet [Euthyrox],Drug,RxNorm,standard,H03A_thyroid_preparations,thyroid_hormones,Thyroid hormones,drug
40175054,levothyroxine sodium 0.15 MG Oral Tablet [Levo-T],Drug,RxNorm,standard,H03A_thyroid_preparations,thyroid_hormones,Thyroid hormones,drug
40175055,levothyroxine sodium 0.15 MG Oral Tablet [Levotabs],Drug,RxNorm,standard,H03A_thyroid_preparations,thyroid_hormones,Thyroid hormones,drug
40175056,levothyroxine sodium 0.15 MG Oral Tablet [Levothroid],Drug,RxNorm,standard,H03A_thyroid_preparations,thyroid_hormones,Thyroid hormones,drug
40175057,levothyroxine sodium 0.15 MG Oral Tablet [Levoxyl],Drug,RxNorm,standard,H03A_thyroid_preparations,thyroid_hormones,Thyroid hormones,drug
40175058,levothyroxine sodium 0.15 MG Oral Tablet [Novothyrox],Drug,RxNorm,standard,H03A_thyroid_preparations,thyroid_hormones,Thyroid hormones,drug
40175059,levothyroxine sodium 0.15 MG Oral Tablet [Synthroid],Drug,RxNorm,standard,H03A_thyroid_preparations,thyroid_hormones,Thyroid hormones,drug
40175060,levothyroxine sodium 0.15 MG Oral Tablet [Thyrox],Drug,RxNorm,standard,H03A_thyroid_preparations,thyroid_hormones,Thyroid hormones,drug
40175061,levothyroxine sodium 0.15 MG Oral Tablet [Unithroid],Drug,RxNorm,standard,H03A_thyroid_preparations,thyroid_hormones,Thyroid hormones,drug
40175062,levothyroxine sodium 0.15 MG [Eltroxin],Drug,RxNorm,standard,H03A_thyroid_preparations,thyroid_hormones,Thyroid hormones,drug
40175063,levothyroxine sodium 0.15 MG [Estre],Drug,RxNorm,standard,H03A_thyroid_preparations,thyroid_hormones,Thyroid hormones,drug
40175064,levothyroxine sodium 0.15 MG [Euthyrox],Drug,RxNorm,standard,H03A_thyroid_preparations,thyroid_hormones,Thyroid hormones,drug
40175065,levothyroxine sodium 0.15 MG [Levo-T],Drug,RxNorm,standard,H03A_thyroid_preparations,thyroid_hormones,Thyroid hormones,drug
40175066,levothyroxine sodium 0.15 MG [Levotabs],Drug,RxNorm,standard,H03A_thyroid_preparations,thyroid_hormones,Thyroid hormones,drug
40175067,levothyroxine sodium 0.15 MG [Levothroid],Drug,RxNorm,standard,H03A_thyroid_preparations,thyroid_hormones,Thyroid hormones,drug
40175068,levothyroxine sodium 0.15 MG [Levoxyl],Drug,RxNorm,standard,H03A_thyroid_preparations,thyroid_hormones,Thyroid hormones,drug
40175069,levothyroxine sodium 0.15 MG [Novothyrox],Drug,RxNorm,standard,H03A_thyroid_preparations,thyroid_hormones,Thyroid hormones,drug
40175070,levothyroxine sodium 0.15 MG [Synthroid],Drug,RxNorm,standard,H03A_thyroid_preparations,thyroid_hormones,Thyroid hormones,drug
40175071,levothyroxine sodium 0.15 MG [Thyrox],Drug,RxNorm,standard,H03A_thyroid_preparations,thyroid_hormones,Thyroid hormones,drug
40175072,levothyroxine sodium 0.15 MG [Tirosint],Drug,RxNorm,standard,H03A_thyroid_preparations,thyroid_hormones,Thyroid hormones,drug
40175073,levothyroxine sodium 0.15 MG [Unithroid],Drug,RxNorm,standard,H03A_thyroid_preparations,thyroid_hormones,Thyroid hormones,drug
40175074,levothyroxine sodium 0.152 MG,Drug,RxNorm,standard,H03A_thyroid_preparations,thyroid_hormones,Thyroid hormones,drug
40175075,levothyroxine sodium 0.152 MG / liothyronine sodium 0.036 MG Oral Tablet,Drug,RxNorm,standard,H03A_thyroid_preparations,thyroid_hormones,Thyroid hormones,drug
40175076,levothyroxine sodium 0.175 MG,Drug,RxNorm,standard,H03A_thyroid_preparations,thyroid_hormones,Thyroid hormones,drug
40175077,levothyroxine sodium 0.175 MG Oral Tablet,Drug,RxNorm,standard,H03A_thyroid_preparations,thyroid_hormones,Thyroid hormones,drug
40175078,levothyroxine sodium 0.175 MG Oral Tablet [Eltroxin],Drug,RxNorm,standard,H03A_thyroid_preparations,thyroid_hormones,Thyroid hormones,drug
40175079,levothyroxine sodium 0.175 MG Oral Tablet [Euthyrox],Drug,RxNorm,standard,H03A_thyroid_preparations,thyroid_hormones,Thyroid hormones,drug
40175080,levothyroxine sodium 0.175 MG Oral Tablet [Levo-T],Drug,RxNorm,standard,H03A_thyroid_preparations,thyroid_hormones,Thyroid hormones,drug
40175081,levothyroxine sodium 0.175 MG Oral Tablet [Levothroid],Drug,RxNorm,standard,H03A_thyroid_preparations,thyroid_hormones,Thyroid hormones,drug
40175082,levothyroxine sodium 0.175 MG Oral Tablet [Levoxyl],Drug,RxNorm,standard,H03A_thyroid_preparations,thyroid_hormones,Thyroid hormones,drug
40175083,levothyroxine sodium 0.175 MG Oral Tablet [Novothyrox],Drug,RxNorm,standard,H03A_thyroid_preparations,thyroid_hormones,Thyroid hormones,drug
40175084,levothyroxine sodium 0.175 MG Oral Tablet [Synthroid],Drug,RxNorm,standard,H03A_thyroid_preparations,thyroid_hormones,Thyroid hormones,drug
40175085,levothyroxine sodium 0.175 MG Oral Tablet [Thyrox],Drug,RxNorm,standard,H03A_thyroid_preparations,thyroid_hormones,Thyroid hormones,drug
40175086,levothyroxine sodium 0.175 MG Oral Tablet [Unithroid],Drug,RxNorm,standard,H03A_thyroid_preparations,thyroid_hormones,Thyroid hormones,drug
40175087,levothyroxine sodium 0.175 MG [Eltroxin],Drug,RxNorm,standard,H03A_thyroid_preparations,thyroid_hormones,Thyroid hormones,drug
40175088,levothyroxine sodium 0.175 MG [Euthyrox],Drug,RxNorm,standard,H03A_thyroid_preparations,thyroid_hormones,Thyroid hormones,drug
40175089,levothyroxine sodium 0.175 MG [Levo-T],Drug,RxNorm,standard,H03A_thyroid_preparations,thyroid_hormones,Thyroid hormones,drug
40175090,levothyroxine sodium 0.175 MG [Levothroid],Drug,RxNorm,standard,H03A_thyroid_preparations,thyroid_hormones,Thyroid hormones,drug
40175091,levothyroxine sodium 0.175 MG [Levoxyl],Drug,RxNorm,standard,H03A_thyroid_preparations,thyroid_hormones,Thyroid hormones,drug
40175092,levothyroxine sodium 0.175 MG [Novothyrox],Drug,RxNorm,standard,H03A_thyroid_preparations,thyroid_hormones,Thyroid hormones,drug
40175093,levothyroxine sodium 0.175 MG [Synthroid],Drug,RxNorm,standard,H03A_thyroid_preparations,thyroid_hormones,Thyroid hormones,drug
40175094,levothyroxine sodium 0.175 MG [Thyrox],Drug,RxNorm,standard,H03A_thyroid_preparations,thyroid_hormones,Thyroid hormones,drug
40175095,levothyroxine sodium 0.175 MG [Unithroid],Drug,RxNorm,standard,H03A_thyroid_preparations,thyroid_hormones,Thyroid hormones,drug
40175096,levothyroxine sodium 0.18 MG,Drug,RxNorm,standard,H03A_thyroid_preparations,thyroid_hormones,Thyroid hormones,drug
40175097,levothyroxine sodium 0.18 MG / liothyronine sodium 0.045 MG Oral Tablet,Drug,RxNorm,standard,H03A_thyroid_preparations,thyroid_hormones,Thyroid hormones,drug
40175098,levothyroxine sodium 0.19 MG,Drug,RxNorm,standard,H03A_thyroid_preparations,thyroid_hormones,Thyroid hormones,drug
40175099,levothyroxine sodium 0.19 MG / liothyronine sodium 0.045 MG Oral Tablet,Drug,RxNorm,standard,H03A_thyroid_preparations,thyroid_hormones,Thyroid hormones,drug
40175100,levothyroxine sodium 0.2 MG Oral Tablet [Eltroxin],Drug,RxNorm,standard,H03A_thyroid_preparations,thyroid_hormones,Thyroid hormones,drug
40175101,levothyroxine sodium 0.2 MG Oral Tablet [Euthyrox],Drug,RxNorm,standard,H03A_thyroid_preparations,thyroid_hormones,Thyroid hormones,drug
40175102,levothyroxine sodium 0.2 MG Oral Tablet [Levo-T],Drug,RxNorm,standard,H03A_thyroid_preparations,thyroid_hormones,Thyroid hormones,drug
40175103,levothyroxine sodium 0.2 MG Oral Tablet [Levotabs],Drug,RxNorm,standard,H03A_thyroid_preparations,thyroid_hormones,Thyroid hormones,drug
40175104,levothyroxine sodium 0.2 MG Oral Tablet [Levothroid],Drug,RxNorm,standard,H03A_thyroid_preparations,thyroid_hormones,Thyroid hormones,drug
40175105,levothyroxine sodium 0.2 MG Oral Tablet [Levoxyl],Drug,RxNorm,standard,H03A_thyroid_preparations,thyroid_hormones,Thyroid hormones,drug
40175106,levothyroxine sodium 0.2 MG Oral Tablet [Novothyrox],Drug,RxNorm,standard,H03A_thyroid_preparations,thyroid_hormones,Thyroid hormones,drug
40175107,levothyroxine sodium 0.2 MG Oral Tablet [Synthroid],Drug,RxNorm,standard,H03A_thyroid_preparations,thyroid_hormones,Thyroid hormones,drug
40175108,levothyroxine sodium 0.2 MG Oral Tablet [Thyrox],Drug,RxNorm,standard,H03A_thyroid_preparations,thyroid_hormones,Thyroid hormones,drug
40175109,levothyroxine sodium 0.2 MG Oral Tablet [Unithroid],Drug,RxNorm,standard,H03A_thyroid_preparations,thyroid_hormones,Thyroid hormones,drug
40175110,levothyroxine sodium 0.2 MG [Eltroxin],Drug,RxNorm,standard,H03A_thyroid_preparations,thyroid_hormones,Thyroid hormones,drug
40175111,levothyroxine sodium 0.2 MG [Euthyrox],Drug,RxNorm,standard,H03A_thyroid_preparations,thyroid_hormones,Thyroid hormones,drug
40175112,levothyroxine sodium 0.2 MG [Levo-T],Drug,RxNorm,standard,H03A_thyroid_preparations,thyroid_hormones,Thyroid hormones,drug
40175113,levothyroxine sodium 0.2 MG [Levotabs],Drug,RxNorm,standard,H03A_thyroid_preparations,thyroid_hormones,Thyroid hormones,drug
40175114,levothyroxine sodium 0.2 MG [Levothroid],Drug,RxNorm,standard,H03A_thyroid_preparations,thyroid_hormones,Thyroid hormones,drug
40175115,levothyroxine sodium 0.2 MG [Levoxyl],Drug,RxNorm,standard,H03A_thyroid_preparations,thyroid_hormones,Thyroid hormones,drug
40175116,levothyroxine sodium 0.2 MG [Novothyrox],Drug,RxNorm,standard,H03A_thyroid_preparations,thyroid_hormones,Thyroid hormones,drug
40175117,levothyroxine sodium 0.2 MG [Synthroid],Drug,RxNorm,standard,H03A_thyroid_preparations,thyroid_hormones,Thyroid hormones,drug
40175118,levothyroxine sodium 0.2 MG [Thyrox],Drug,RxNorm,standard,H03A_thyroid_preparations,thyroid_hormones,Thyroid hormones,drug
40175119,levothyroxine sodium 0.2 MG [Unithroid],Drug,RxNorm,standard,H03A_thyroid_preparations,thyroid_hormones,Thyroid hormones,drug
40175120,levothyroxine sodium 0.3 MG Oral Tablet [Eltroxin],Drug,RxNorm,standard,H03A_thyroid_preparations,thyroid_hormones,Thyroid hormones,drug
40175121,levothyroxine sodium 0.3 MG Oral Tablet [Euthyrox],Drug,RxNorm,standard,H03A_thyroid_preparations,thyroid_hormones,Thyroid hormones,drug
40175122,levothyroxine sodium 0.3 MG Oral Tablet [Levo-T],Drug,RxNorm,standard,H03A_thyroid_preparations,thyroid_hormones,Thyroid hormones,drug
40175123,levothyroxine sodium 0.3 MG Oral Tablet [Levotabs],Drug,RxNorm,standard,H03A_thyroid_preparations,thyroid_hormones,Thyroid hormones,drug
40175124,levothyroxine sodium 0.3 MG Oral Tablet [Levothroid],Drug,RxNorm,standard,H03A_thyroid_preparations,thyroid_hormones,Thyroid hormones,drug
40175125,levothyroxine sodium 0.3 MG Oral Tablet [Levoxyl],Drug,RxNorm,standard,H03A_thyroid_preparations,thyroid_hormones,Thyroid hormones,drug
40175126,levothyroxine sodium 0.3 MG Oral Tablet [Novothyrox],Drug,RxNorm,standard,H03A_thyroid_preparations,thyroid_hormones,Thyroid hormones,drug
40175127,levothyroxine sodium 0.3 MG Oral Tablet [Synthroid],Drug,RxNorm,standard,H03A_thyroid_preparations,thyroid_hormones,Thyroid hormones,drug
40175128,levothyroxine sodium 0.3 MG Oral Tablet [Thyrox],Drug,RxNorm,standard,H03A_thyroid_preparations,thyroid_hormones,Thyroid hormones,drug
40175129,levothyroxine sodium 0.3 MG Oral Tablet [Unithroid],Drug,RxNorm,standard,H03A_thyroid_preparations,thyroid_hormones,Thyroid hormones,drug
40175130,levothyroxine sodium 0.3 MG [Eltroxin],Drug,RxNorm,standard,H03A_thyroid_preparations,thyroid_hormones,Thyroid hormones,drug
40175131,levothyroxine sodium 0.3 MG [Euthyrox],Drug,RxNorm,standard,H03A_thyroid_preparations,thyroid_hormones,Thyroid hormones,drug
40175132,levothyroxine sodium 0.3 MG [Levo-T],Drug,RxNorm,standard,H03A_thyroid_preparations,thyroid_hormones,Thyroid hormones,drug
40175133,levothyroxine sodium 0.3 MG [Levotabs],Drug,RxNorm,standard,H03A_thyroid_preparations,thyroid_hormones,Thyroid hormones,drug
40175134,levothyroxine sodium 0.3 MG [Levothroid],Drug,RxNorm,standard,H03A_thyroid_preparations,thyroid_hormones,Thyroid hormones,drug
40175135,levothyroxine sodium 0.3 MG [Levoxyl],Drug,RxNorm,standard,H03A_thyroid_preparations,thyroid_hormones,Thyroid hormones,drug
40175136,levothyroxine sodium 0.3 MG [Novothyrox],Drug,RxNorm,standard,H03A_thyroid_preparations,thyroid_hormones,Thyroid hormones,drug
40175137,levothyroxine sodium 0.3 MG [Synthroid],Drug,RxNorm,standard,H03A_thyroid_preparations,thyroid_hormones,Thyroid hormones,drug
40175138,levothyroxine sodium 0.3 MG [Thyrox],Drug,RxNorm,standard,H03A_thyroid_preparations,thyroid_hormones,Thyroid hormones,drug
40175139,levothyroxine sodium 0.3 MG [Unithroid],Drug,RxNorm,standard,H03A_thyroid_preparations,thyroid_hormones,Thyroid hormones,drug
40175149,levothyroxine sodium 0.0095 MG,Drug,RxNorm,standard,H03A_thyroid_preparations,thyroid_hormones,Thyroid hormones,drug
40175150,levothyroxine sodium 0.0095 MG / liothyronine sodium 0.00225 MG Oral Tablet,Drug,RxNorm,standard,H03A_thyroid_preparations,thyroid_hormones,Thyroid hormones,drug
40175151,levothyroxine sodium 0.01 MG,Drug,RxNorm,standard,H03A_thyroid_preparations,thyroid_hormones,Thyroid hormones,drug
40175152,levothyroxine sodium 0.01 MG Oral Tablet,Drug,RxNorm,standard,H03A_thyroid_preparations,thyroid_hormones,Thyroid hormones,drug
40175153,levothyroxine sodium 0.01 MG Oral Tablet [Synthroid],Drug,RxNorm,standard,H03A_thyroid_preparations,thyroid_hormones,Thyroid hormones,drug
40175154,levothyroxine sodium 0.01 MG [Synthroid],Drug,RxNorm,standard,H03A_thyroid_preparations,thyroid_hormones,Thyroid hormones,drug
40175155,levothyroxine sodium 0.0125 MG,Drug,RxNorm,standard,H03A_thyroid_preparations,thyroid_hormones,Thyroid hormones,drug
40175156,levothyroxine sodium 0.0125 MG / liothyronine sodium 0.0031 MG Oral Tablet,Drug,RxNorm,standard,H03A_thyroid_preparations,thyroid_hormones,Thyroid hormones,drug
40175157,levothyroxine sodium 0.0125 MG / liothyronine sodium 0.0031 MG Oral Tablet [Thyrolar],Drug,RxNorm,standard,H03A_thyroid_preparations,thyroid_hormones,Thyroid hormones,drug
40175158,levothyroxine sodium 0.0125 MG / liothyronine sodium 0.0031 MG [Thyrolar],Drug,RxNorm,standard,H03A_thyroid_preparations,thyroid_hormones,Thyroid hormones,drug
40175159,levothyroxine sodium 0.0125 MG Oral Tablet,Drug,RxNorm,standard,H03A_thyroid_preparations,thyroid_hormones,Thyroid hormones,drug
40175160,levothyroxine sodium 0.013 MG,Drug,RxNorm,standard,H03A_thyroid_preparations,thyroid_hormones,Thyroid hormones,drug
40175161,levothyroxine sodium 0.013 MG Oral Capsule,Drug,RxNorm,standard,H03A_thyroid_preparations,thyroid_hormones,Thyroid hormones,drug
40175162,levothyroxine sodium 0.013 MG Oral Capsule [Tirosint],Drug,RxNorm,standard,H03A_thyroid_preparations,thyroid_hormones,Thyroid hormones,drug
40175163,levothyroxine sodium 0.013 MG [Tirosint],Drug,RxNorm,standard,H03A_thyroid_preparations,thyroid_hormones,Thyroid hormones,drug
40175164,levothyroxine sodium 0.019 MG,Drug,RxNorm,standard,H03A_thyroid_preparations,thyroid_hormones,Thyroid hormones,drug
40175165,levothyroxine sodium 0.019 MG / liothyronine 0.0045 MG Oral Tablet,Drug,RxNorm,standard,H03A_thyroid_preparations,thyroid_hormones,Thyroid hormones,drug
40175166,levothyroxine sodium 0.025 MG,Drug,RxNorm,standard,H03A_thyroid_preparations,thyroid_hormones,Thyroid hormones,drug
40175167,levothyroxine sodium 0.025 MG / liothyronine 0.0625 MG Oral Tablet,Drug,RxNorm,standard,H03A_thyroid_preparations,thyroid_hormones,Thyroid hormones,drug
40175168,levothyroxine sodium 0.025 MG / liothyronine sodium 0.00625 MG Oral Tablet,Drug,RxNorm,standard,H03A_thyroid_preparations,thyroid_hormones,Thyroid hormones,drug
40175169,levothyroxine sodium 0.025 MG / liothyronine sodium 0.00625 MG Oral Tablet [Thyrolar],Drug,RxNorm,standard,H03A_thyroid_preparations,thyroid_hormones,Thyroid hormones,drug
40175170,levothyroxine sodium 0.025 MG / liothyronine sodium 0.00625 MG [Thyrolar],Drug,RxNorm,standard,H03A_thyroid_preparations,thyroid_hormones,Thyroid hormones,drug
40175171,levothyroxine sodium 0.025 MG / liothyronine sodium 0.05 MG Oral Tablet,Drug,RxNorm,standard,H03A_thyroid_preparations,thyroid_hormones,Thyroid hormones,drug
40175172,levothyroxine sodium 0.025 MG Oral Capsule,Drug,RxNorm,standard,H03A_thyroid_preparations,thyroid_hormones,Thyroid hormones,drug
40175173,levothyroxine sodium 0.025 MG Oral Capsule [Tirosint],Drug,RxNorm,standard,H03A_thyroid_preparations,thyroid_hormones,Thyroid hormones,drug
40175174,levothyroxine sodium 0.025 MG Oral Tablet,Drug,RxNorm,standard,H03A_thyroid_preparations,thyroid_hormones,Thyroid hormones,drug
40175175,levothyroxine sodium 0.025 MG Oral Tablet [Eltroxin],Drug,RxNorm,standard,H03A_thyroid_preparations,thyroid_hormones,Thyroid hormones,drug
40175176,levothyroxine sodium 0.025 MG Oral Tablet [Euthyrox],Drug,RxNorm,standard,H03A_thyroid_preparations,thyroid_hormones,Thyroid hormones,drug
40175177,levothyroxine sodium 0.025 MG Oral Tablet [Levo-T],Drug,RxNorm,standard,H03A_thyroid_preparations,thyroid_hormones,Thyroid hormones,drug
40175178,levothyroxine sodium 0.025 MG Oral Tablet [Levotabs],Drug,RxNorm,standard,H03A_thyroid_preparations,thyroid_hormones,Thyroid hormones,drug
40175179,levothyroxine sodium 0.025 MG Oral Tablet [Levothroid],Drug,RxNorm,standard,H03A_thyroid_preparations,thyroid_hormones,Thyroid hormones,drug
40175180,levothyroxine sodium 0.025 MG Oral Tablet [Levoxyl],Drug,RxNorm,standard,H03A_thyroid_preparations,thyroid_hormones,Thyroid hormones,drug
40175181,levothyroxine sodium 0.025 MG Oral Tablet [Novothyrox],Drug,RxNorm,standard,H03A_thyroid_preparations,thyroid_hormones,Thyroid hormones,drug
40175182,levothyroxine sodium 0.025 MG Oral Tablet [Synthroid],Drug,RxNorm,standard,H03A_thyroid_preparations,thyroid_hormones,Thyroid hormones,drug
40175183,levothyroxine sodium 0.025 MG Oral Tablet [Thyrox],Drug,RxNorm,standard,H03A_thyroid_preparations,thyroid_hormones,Thyroid hormones,drug
40175184,levothyroxine sodium 0.025 MG Oral Tablet [Unithroid],Drug,RxNorm,standard,H03A_thyroid_preparations,thyroid_hormones,Thyroid hormones,drug
40175185,levothyroxine sodium 0.025 MG [Eltroxin],Drug,RxNorm,standard,H03A_thyroid_preparations,thyroid_hormones,Thyroid hormones,drug
40175186,levothyroxine sodium 0.025 MG [Euthyrox],Drug,RxNorm,standard,H03A_thyroid_preparations,thyroid_hormones,Thyroid hormones,drug
40175187,levothyroxine sodium 0.025 MG [Levo-T],Drug,RxNorm,standard,H03A_thyroid_preparations,thyroid_hormones,Thyroid hormones,drug
40175188,levothyroxine sodium 0.025 MG [Levotabs],Drug,RxNorm,standard,H03A_thyroid_preparations,thyroid_hormones,Thyroid hormones,drug
40175189,levothyroxine sodium 0.025 MG [Levothroid],Drug,RxNorm,standard,H03A_thyroid_preparations,thyroid_hormones,Thyroid hormones,drug
40175190,levothyroxine sodium 0.025 MG [Levoxyl],Drug,RxNorm,standard,H03A_thyroid_preparations,thyroid_hormones,Thyroid hormones,drug
40175191,levothyroxine sodium 0.025 MG [Novothyrox],Drug,RxNorm,standard,H03A_thyroid_preparations,thyroid_hormones,Thyroid hormones,drug
40175192,levothyroxine sodium 0.025 MG [Synthroid],Drug,RxNorm,standard,H03A_thyroid_preparations,thyroid_hormones,Thyroid hormones,drug
40175193,levothyroxine sodium 0.025 MG [Thyrox],Drug,RxNorm,standard,H03A_thyroid_preparations,thyroid_hormones,Thyroid hormones,drug
40175194,levothyroxine sodium 0.025 MG [Tirosint],Drug,RxNorm,standard,H03A_thyroid_preparations,thyroid_hormones,Thyroid hormones,drug
40175195,levothyroxine sodium 0.025 MG [Unithroid],Drug,RxNorm,standard,H03A_thyroid_preparations,thyroid_hormones,Thyroid hormones,drug
40175196,levothyroxine sodium 0.03 MG,Drug,RxNorm,standard,H03A_thyroid_preparations,thyroid_hormones,Thyroid hormones,drug
40175197,levothyroxine sodium 0.03 MG / liothyronine sodium 0.0025 MG Oral Tablet,Drug,RxNorm,standard,H03A_thyroid_preparations,thyroid_hormones,Thyroid hormones,drug
40175198,levothyroxine sodium 0.03 MG / liothyronine sodium 0.0075 MG Oral Tablet,Drug,RxNorm,standard,H03A_thyroid_preparations,thyroid_hormones,Thyroid hormones,drug
40175201,levothyroxine sodium 0.04 MG,Drug,RxNorm,standard,H03A_thyroid_preparations,thyroid_hormones,Thyroid hormones,drug
40175202,levothyroxine sodium 0.04 MG / liothyronine sodium 0.01 MG Oral Tablet,Drug,RxNorm,standard,H03A_thyroid_preparations,thyroid_hormones,Thyroid hormones,drug
40175203,levothyroxine sodium 0.05 MG,Drug,RxNorm,standard,H03A_thyroid_preparations,thyroid_hormones,Thyroid hormones,drug
40175204,levothyroxine sodium 0.05 MG / potassium iodide 0.15 MG Oral Tablet,Drug,RxNorm,standard,H03A_thyroid_preparations,thyroid_hormones,Thyroid hormones,drug
40175205,levothyroxine sodium 0.05 MG / liothyronine sodium 0.0125 MG Oral Tablet,Drug,RxNorm,standard,H03A_thyroid_preparations,thyroid_hormones,Thyroid hormones,drug
40175206,levothyroxine sodium 0.05 MG / liothyronine sodium 0.0125 MG Oral Tablet [Thyrolar],Drug,RxNorm,standard,H03A_thyroid_preparations,thyroid_hormones,Thyroid hormones,drug
40175207,levothyroxine sodium 0.05 MG / liothyronine sodium 0.0125 MG [Thyrolar],Drug,RxNorm,standard,H03A_thyroid_preparations,thyroid_hormones,Thyroid hormones,drug
40175208,levothyroxine sodium 0.05 MG Oral Capsule,Drug,RxNorm,standard,H03A_thyroid_preparations,thyroid_hormones,Thyroid hormones,drug
40175209,levothyroxine sodium 0.05 MG Oral Capsule [Tirosint],Drug,RxNorm,standard,H03A_thyroid_preparations,thyroid_hormones,Thyroid hormones,drug
40175210,levothyroxine sodium 0.05 MG Oral Tablet,Drug,RxNorm,standard,H03A_thyroid_preparations,thyroid_hormones,Thyroid hormones,drug
40175211,levothyroxine sodium 0.05 MG Oral Tablet [Eltroxin],Drug,RxNorm,standard,H03A_thyroid_preparations,thyroid_hormones,Thyroid hormones,drug
40175212,levothyroxine sodium 0.05 MG Oral Tablet [Euthyrox],Drug,RxNorm,standard,H03A_thyroid_preparations,thyroid_hormones,Thyroid hormones,drug
40175213,levothyroxine sodium 0.05 MG Oral Tablet [Levo-T],Drug,RxNorm,standard,H03A_thyroid_preparations,thyroid_hormones,Thyroid hormones,drug
40175214,levothyroxine sodium 0.05 MG Oral Tablet [Levotabs],Drug,RxNorm,standard,H03A_thyroid_preparations,thyroid_hormones,Thyroid hormones,drug
40175215,levothyroxine sodium 0.05 MG Oral Tablet [Levothroid],Drug,RxNorm,standard,H03A_thyroid_preparations,thyroid_hormones,Thyroid hormones,drug
40175216,levothyroxine sodium 0.05 MG Oral Tablet [Levoxyl],Drug,RxNorm,standard,H03A_thyroid_preparations,thyroid_hormones,Thyroid hormones,drug
40175217,levothyroxine sodium 0.05 MG Oral Tablet [Novothyrox],Drug,RxNorm,standard,H03A_thyroid_preparations,thyroid_hormones,Thyroid hormones,drug
40175218,levothyroxine sodium 0.05 MG Oral Tablet [Synthroid],Drug,RxNorm,standard,H03A_thyroid_preparations,thyroid_hormones,Thyroid hormones,drug
40175219,levothyroxine sodium 0.05 MG Oral Tablet [Thyrox],Drug,RxNorm,standard,H03A_thyroid_preparations,thyroid_hormones,Thyroid hormones,drug
40175220,levothyroxine sodium 0.05 MG Oral Tablet [Unithroid],Drug,RxNorm,standard,H03A_thyroid_preparations,thyroid_hormones,Thyroid hormones,drug
40175221,levothyroxine sodium 0.05 MG [Eltroxin],Drug,RxNorm,standard,H03A_thyroid_preparations,thyroid_hormones,Thyroid hormones,drug
40175222,levothyroxine sodium 0.05 MG [Euthyrox],Drug,RxNorm,standard,H03A_thyroid_preparations,thyroid_hormones,Thyroid hormones,drug
40175223,levothyroxine sodium 0.05 MG [Levo-T],Drug,RxNorm,standard,H03A_thyroid_preparations,thyroid_hormones,Thyroid hormones,drug
40175224,levothyroxine sodium 0.05 MG [Levotabs],Drug,RxNorm,standard,H03A_thyroid_preparations,thyroid_hormones,Thyroid hormones,drug
40175225,levothyroxine sodium 0.05 MG [Levothroid],Drug,RxNorm,standard,H03A_thyroid_preparations,thyroid_hormones,Thyroid hormones,drug
40175226,levothyroxine sodium 0.05 MG [Levoxyl],Drug,RxNorm,standard,H03A_thyroid_preparations,thyroid_hormones,Thyroid hormones,drug
40175227,levothyroxine sodium 0.05 MG [Novothyrox],Drug,RxNorm,standard,H03A_thyroid_preparations,thyroid_hormones,Thyroid hormones,drug
40175228,levothyroxine sodium 0.05 MG [Synthroid],Drug,RxNorm,standard,H03A_thyroid_preparations,thyroid_hormones,Thyroid hormones,drug
40175229,levothyroxine sodium 0.05 MG [Thyrox],Drug,RxNorm,standard,H03A_thyroid_preparations,thyroid_hormones,Thyroid hormones,drug
40175230,levothyroxine sodium 0.05 MG [Tirosint],Drug,RxNorm,standard,H03A_thyroid_preparations,thyroid_hormones,Thyroid hormones,drug
40175231,levothyroxine sodium 0.05 MG [Unithroid],Drug,RxNorm,standard,H03A_thyroid_preparations,thyroid_hormones,Thyroid hormones,drug
40175234,levothyroxine sodium 0.06 MG,Drug,RxNorm,standard,H03A_thyroid_preparations,thyroid_hormones,Thyroid hormones,drug
40175235,levothyroxine sodium 0.06 MG / liothyronine sodium 0.015 MG Oral Tablet,Drug,RxNorm,standard,H03A_thyroid_preparations,thyroid_hormones,Thyroid hormones,drug
40224671,levothyroxine Oral Solution,Drug,RxNorm,standard,H03A_thyroid_preparations,thyroid_hormones,Thyroid hormones,drug
40224672,levothyroxine Oral Solution [Leventa],Drug,RxNorm,standard,H03A_thyroid_preparations,thyroid_hormones,Thyroid hormones,drug
40225041,levothyroxine sodium 1 MG/ML,Drug,RxNorm,standard,H03A_thyroid_preparations,thyroid_hormones,Thyroid hormones,drug
40225042,levothyroxine sodium 1 MG/ML Oral Solution,Drug,RxNorm,standard,H03A_thyroid_preparations,thyroid_hormones,Thyroid hormones,drug
40225043,levothyroxine sodium 1 MG/ML Oral Solution [Leventa],Drug,RxNorm,standard,H03A_thyroid_preparations,thyroid_hormones,Thyroid hormones,drug
40225044,levothyroxine sodium 1 MG/ML [Leventa],Drug,RxNorm,standard,H03A_thyroid_preparations,thyroid_hormones,Thyroid hormones,drug
40231654,thyroid (USP) 97.5 MG,Drug,RxNorm,standard,H03A_thyroid_preparations,thyroid_hormones,Thyroid hormones,drug
40231655,thyroid (USP) 97.5 MG Oral Tablet,Drug,RxNorm,standard,H03A_thyroid_preparations,thyroid_hormones,Thyroid hormones,drug
40234853,thyroid (USP) 16.25 MG Oral Tablet [Westhroid],Drug,RxNorm,standard,H03A_thyroid_preparations,thyroid_hormones,Thyroid hormones,drug
40234854,thyroid (USP) 16.25 MG [Westhroid],Drug,RxNorm,standard,H03A_thyroid_preparations,thyroid_hormones,Thyroid hormones,drug
40234855,thyroid (USP) 195 MG Oral Tablet [Westhroid],Drug,RxNorm,standard,H03A_thyroid_preparations,thyroid_hormones,Thyroid hormones,drug
40234856,thyroid (USP) 195 MG [Westhroid],Drug,RxNorm,standard,H03A_thyroid_preparations,thyroid_hormones,Thyroid hormones,drug
40234857,thyroid (USP) 260 MG Oral Tablet [Westhroid],Drug,RxNorm,standard,H03A_thyroid_preparations,thyroid_hormones,Thyroid hormones,drug
40234858,thyroid (USP) 260 MG [Westhroid],Drug,RxNorm,standard,H03A_thyroid_preparations,thyroid_hormones,Thyroid hormones,drug
40234859,thyroid (USP) 32.5 MG Oral Tablet [Westhroid],Drug,RxNorm,standard,H03A_thyroid_preparations,thyroid_hormones,Thyroid hormones,drug
40234860,thyroid (USP) 32.5 MG [Westhroid],Drug,RxNorm,standard,H03A_thyroid_preparations,thyroid_hormones,Thyroid hormones,drug
40234861,thyroid (USP) 325 MG Oral Tablet [Westhroid],Drug,RxNorm,standard,H03A_thyroid_preparations,thyroid_hormones,Thyroid hormones,drug
40234862,thyroid (USP) 325 MG [Westhroid],Drug,RxNorm,standard,H03A_thyroid_preparations,thyroid_hormones,Thyroid hormones,drug
40234867,thyroid (USP) 97.5 MG Oral Tablet [Westhroid],Drug,RxNorm,standard,H03A_thyroid_preparations,thyroid_hormones,Thyroid hormones,drug
40234868,thyroid (USP) 97.5 MG [Westhroid],Drug,RxNorm,standard,H03A_thyroid_preparations,thyroid_hormones,Thyroid hormones,drug
40238491,thyroid (USP) 48.75 MG,Drug,RxNorm,standard,H03A_thyroid_preparations,thyroid_hormones,Thyroid hormones,drug
40238492,thyroid (USP) 48.75 MG Oral Tablet,Drug,RxNorm,standard,H03A_thyroid_preparations,thyroid_hormones,Thyroid hormones,drug
40240992,levothyroxine sodium 0.1 MG Injection,Drug,RxNorm,standard,H03A_thyroid_preparations,thyroid_hormones,Thyroid hormones,drug
40240995,levothyroxine sodium 0.2 MG Injection,Drug,RxNorm,standard,H03A_thyroid_preparations,thyroid_hormones,Thyroid hormones,drug
40241464,thyroid (USP) 48.75 MG Oral Tablet [Nature-Throid],Drug,RxNorm,standard,H03A_thyroid_preparations,thyroid_hormones,Thyroid hormones,drug
40241465,thyroid (USP) 48.75 MG Oral Tablet [Westhroid],Drug,RxNorm,standard,H03A_thyroid_preparations,thyroid_hormones,Thyroid hormones,drug
40241466,thyroid (USP) 48.75 MG [Nature-Throid],Drug,RxNorm,standard,H03A_thyroid_preparations,thyroid_hormones,Thyroid hormones,drug
40241467,thyroid (USP) 48.75 MG [Westhroid],Drug,RxNorm,standard,H03A_thyroid_preparations,thyroid_hormones,Thyroid hormones,drug
40241468,thyroid (USP) 97.5 MG Oral Tablet [Nature-Throid],Drug,RxNorm,standard,H03A_thyroid_preparations,thyroid_hormones,Thyroid hormones,drug
40241469,thyroid (USP) 97.5 MG [Nature-Throid],Drug,RxNorm,standard,H03A_thyroid_preparations,thyroid_hormones,Thyroid hormones,drug
40243657,levothyroxine Oral Tablet [Thyro-Tabs],Drug,RxNorm,standard,H03A_thyroid_preparations,thyroid_hormones,Thyroid hormones,drug
40243960,levothyroxine sodium 0.5 MG Oral Tablet [Thyro-Tabs],Drug,RxNorm,standard,H03A_thyroid_preparations,thyroid_hormones,Thyroid hormones,drug
40243961,levothyroxine sodium 0.5 MG [Thyro-Tabs],Drug,RxNorm,standard,H03A_thyroid_preparations,thyroid_hormones,Thyroid hormones,drug
40243962,levothyroxine sodium 0.6 MG Oral Tablet [Thyro-Tabs],Drug,RxNorm,standard,H03A_thyroid_preparations,thyroid_hormones,Thyroid hormones,drug
40243963,levothyroxine sodium 0.6 MG [Thyro-Tabs],Drug,RxNorm,standard,H03A_thyroid_preparations,thyroid_hormones,Thyroid hormones,drug
40243964,levothyroxine sodium 0.7 MG Oral Tablet [Thyro-Tabs],Drug,RxNorm,standard,H03A_thyroid_preparations,thyroid_hormones,Thyroid hormones,drug
40243965,levothyroxine sodium 0.7 MG [Thyro-Tabs],Drug,RxNorm,standard,H03A_thyroid_preparations,thyroid_hormones,Thyroid hormones,drug
40243966,levothyroxine sodium 0.8 MG Oral Tablet [Thyro-Tabs],Drug,RxNorm,standard,H03A_thyroid_preparations,thyroid_hormones,Thyroid hormones,drug
40243967,levothyroxine sodium 0.8 MG [Thyro-Tabs],Drug,RxNorm,standard,H03A_thyroid_preparations,thyroid_hormones,Thyroid hormones,drug
40243968,levothyroxine sodium 1 MG Oral Tablet [Thyro-Tabs],Drug,RxNorm,standard,H03A_thyroid_preparations,thyroid_hormones,Thyroid hormones,drug
40243969,levothyroxine sodium 1 MG [Thyro-Tabs],Drug,RxNorm,standard,H03A_thyroid_preparations,thyroid_hormones,Thyroid hormones,drug
40243980,levothyroxine sodium 0.1 MG Oral Tablet [Thyro-Tabs],Drug,RxNorm,standard,H03A_thyroid_preparations,thyroid_hormones,Thyroid hormones,drug
40243981,levothyroxine sodium 0.1 MG [Thyro-Tabs],Drug,RxNorm,standard,H03A_thyroid_preparations,thyroid_hormones,Thyroid hormones,drug
40243983,levothyroxine sodium 0.2 MG Oral Tablet [Thyro-Tabs],Drug,RxNorm,standard,H03A_thyroid_preparations,thyroid_hormones,Thyroid hormones,drug
40243984,levothyroxine sodium 0.2 MG [Thyro-Tabs],Drug,RxNorm,standard,H03A_thyroid_preparations,thyroid_hormones,Thyroid hormones,drug
40243985,levothyroxine sodium 0.3 MG Oral Tablet [Thyro-Tabs],Drug,RxNorm,standard,H03A_thyroid_preparations,thyroid_hormones,Thyroid hormones,drug
40243986,levothyroxine sodium 0.3 MG [Thyro-Tabs],Drug,RxNorm,standard,H03A_thyroid_preparations,thyroid_hormones,Thyroid hormones,drug
40243987,levothyroxine sodium 0.4 MG Oral Tablet [Thyro-Tabs],Drug,RxNorm,standard,H03A_thyroid_preparations,thyroid_hormones,Thyroid hormones,drug
40243988,levothyroxine sodium 0.4 MG [Thyro-Tabs],Drug,RxNorm,standard,H03A_thyroid_preparations,thyroid_hormones,Thyroid hormones,drug
40711258,150 ML levothyroxine 0.005 MG/ML Oral Solution by Wockhardt,Drug,RxNorm Extension,standard,H03A_thyroid_preparations,thyroid_hormones,Thyroid hormones,drug
40711259,150 ML levothyroxine 0.01 MG/ML Oral Solution by Wockhardt,Drug,RxNorm Extension,standard,H03A_thyroid_preparations,thyroid_hormones,Thyroid hormones,drug
40711260,150 ML levothyroxine 0.01 MG/ML Oral Solution,Drug,RxNorm Extension,standard,H03A_thyroid_preparations,thyroid_hormones,Thyroid hormones,drug
40712509,100 ML levothyroxine 0.02 MG/ML Oral Solution by Sigma,Drug,RxNorm Extension,standard,H03A_thyroid_preparations,thyroid_hormones,Thyroid hormones,drug
40712510,100 ML levothyroxine 0.005 MG/ML Oral Solution by Wockhardt,Drug,RxNorm Extension,standard,H03A_thyroid_preparations,thyroid_hormones,Thyroid hormones,drug
40712511,100 ML levothyroxine 0.005 MG/ML Oral Solution by Sigma,Drug,RxNorm Extension,standard,H03A_thyroid_preparations,thyroid_hormones,Thyroid hormones,drug
40712512,100 ML levothyroxine 0.01 MG/ML Oral Solution by Wockhardt,Drug,RxNorm Extension,standard,H03A_thyroid_preparations,thyroid_hormones,Thyroid hormones,drug
40712513,100 ML levothyroxine 0.01 MG/ML Oral Solution by Sigma,Drug,RxNorm Extension,standard,H03A_thyroid_preparations,thyroid_hormones,Thyroid hormones,drug
40718430,1 ML liothyronine 0.005 MG/ML Oral Suspension,Drug,RxNorm Extension,standard,H03A_thyroid_preparations,thyroid_hormones,Thyroid hormones,drug
40718431,1 ML liothyronine 0.004 MG/ML Oral Suspension,Drug,RxNorm Extension,standard,H03A_thyroid_preparations,thyroid_hormones,Thyroid hormones,drug
40727341,liothyronine 0.01 MG Oral Tablet Box of 1,Drug,RxNorm Extension,standard,H03A_thyroid_preparations,thyroid_hormones,Thyroid hormones,drug
40727342,liothyronine 0.01 MG Oral Tablet,Drug,RxNorm Extension,standard,H03A_thyroid_preparations,thyroid_hormones,Thyroid hormones,drug
40727343,liothyronine 0.005 MG/ML Oral Suspension,Drug,RxNorm Extension,standard,H03A_thyroid_preparations,thyroid_hormones,Thyroid hormones,drug
40727344,liothyronine 0.005 MG/ML,Drug,RxNorm Extension,standard,H03A_thyroid_preparations,thyroid_hormones,Thyroid hormones,drug
40727345,liothyronine 0.004 MG/ML Oral Suspension,Drug,RxNorm Extension,standard,H03A_thyroid_preparations,thyroid_hormones,Thyroid hormones,drug
40727346,liothyronine 0.004 MG/ML,Drug,RxNorm Extension,standard,H03A_thyroid_preparations,thyroid_hormones,Thyroid hormones,drug
40727347,liothyronine 0.02 MG Oral Tablet Box of 28 by TEVA,Drug,RxNorm Extension,standard,H03A_thyroid_preparations,thyroid_hormones,Thyroid hormones,drug
40727348,liothyronine 0.02 MG Oral Tablet Box of 28 by Morningside,Drug,RxNorm Extension,standard,H03A_thyroid_preparations,thyroid_hormones,Thyroid hormones,drug
40727349,liothyronine 0.02 MG Oral Tablet by TEVA,Drug,RxNorm Extension,standard,H03A_thyroid_preparations,thyroid_hormones,Thyroid hormones,drug
40727350,liothyronine 0.02 MG Oral Tablet by Morningside,Drug,RxNorm Extension,standard,H03A_thyroid_preparations,thyroid_hormones,Thyroid hormones,drug
40727351,liothyronine 0.02 MG Oral Tablet [Iraksin] Box of 28 by Morningside,Drug,RxNorm Extension,standard,H03A_thyroid_preparations,thyroid_hormones,Thyroid hormones,drug
40727352,liothyronine 0.02 MG Oral Tablet [Iraksin] Box of 28,Drug,RxNorm Extension,standard,H03A_thyroid_preparations,thyroid_hormones,Thyroid hormones,drug
40727353,liothyronine 0.02 MG Oral Tablet [Iraksin] by Morningside,Drug,RxNorm Extension,standard,H03A_thyroid_preparations,thyroid_hormones,Thyroid hormones,drug
40727354,liothyronine 0.02 MG Oral Tablet [Iraksin],Drug,RxNorm Extension,standard,H03A_thyroid_preparations,thyroid_hormones,Thyroid hormones,drug
40727355,liothyronine 0.02 MG [Iraksin],Drug,RxNorm Extension,standard,H03A_thyroid_preparations,thyroid_hormones,Thyroid hormones,drug
40727356,liothyronine 0.025 MG Oral Tablet Box of 1,Drug,RxNorm Extension,standard,H03A_thyroid_preparations,thyroid_hormones,Thyroid hormones,drug
40727357,liothyronine Oral Tablet [Iraksin],Drug,RxNorm Extension,standard,H03A_thyroid_preparations,thyroid_hormones,Thyroid hormones,drug
40742294,levothyroxine 0.112 MG / liothyronine 0.025 MG Oral Tablet [Armour Thyroid] Box of 100,Drug,RxNorm Extension,standard,H03A_thyroid_preparations,thyroid_hormones,Thyroid hormones,drug
40742295,levothyroxine 0.112 MG / liothyronine 0.025 MG Oral Tablet [Armour Thyroid],Drug,RxNorm Extension,standard,H03A_thyroid_preparations,thyroid_hormones,Thyroid hormones,drug
40742296,levothyroxine 0.112 MG / liothyronine 0.025 MG Oral Tablet Box of 100,Drug,RxNorm Extension,standard,H03A_thyroid_preparations,thyroid_hormones,Thyroid hormones,drug
40742297,levothyroxine 0.112 MG / liothyronine 0.025 MG [Armour Thyroid],Drug,RxNorm Extension,standard,H03A_thyroid_preparations,thyroid_hormones,Thyroid hormones,drug
40742298,levothyroxine 0.2 MG / liothyronine 0.05 MG Oral Tablet [Erfa Thyroid] Box of 500,Drug,RxNorm Extension,standard,H03A_thyroid_preparations,thyroid_hormones,Thyroid hormones,drug
40742299,levothyroxine 0.2 MG / liothyronine 0.05 MG Oral Tablet [Erfa Thyroid],Drug,RxNorm Extension,standard,H03A_thyroid_preparations,thyroid_hormones,Thyroid hormones,drug
40742300,levothyroxine 0.2 MG / liothyronine 0.05 MG Oral Tablet Box of 500,Drug,RxNorm Extension,standard,H03A_thyroid_preparations,thyroid_hormones,Thyroid hormones,drug
40742301,levothyroxine 0.2 MG / liothyronine 0.05 MG Oral Tablet,Drug,RxNorm Extension,standard,H03A_thyroid_preparations,thyroid_hormones,Thyroid hormones,drug
40742302,levothyroxine 0.2 MG / liothyronine 0.05 MG [Erfa Thyroid],Drug,RxNorm Extension,standard,H03A_thyroid_preparations,thyroid_hormones,Thyroid hormones,drug
40742303,levothyroxine 0.019 MG / liothyronine 0.0045 MG Oral Tablet [NP Thyroid] Box of 100,Drug,RxNorm Extension,standard,H03A_thyroid_preparations,thyroid_hormones,Thyroid hormones,drug
40742304,levothyroxine 0.019 MG / liothyronine 0.0045 MG Oral Tablet [NP Thyroid],Drug,RxNorm Extension,standard,H03A_thyroid_preparations,thyroid_hormones,Thyroid hormones,drug
40742305,levothyroxine 0.019 MG / liothyronine 0.0045 MG [NP Thyroid],Drug,RxNorm Extension,standard,H03A_thyroid_preparations,thyroid_hormones,Thyroid hormones,drug
40742306,levothyroxine / liothyronine Oral Tablet [NP Thyroid],Drug,RxNorm Extension,standard,H03A_thyroid_preparations,thyroid_hormones,Thyroid hormones,drug
40742307,levothyroxine 0.112 MG Oral Powder Box of 1,Drug,RxNorm Extension,standard,H03A_thyroid_preparations,thyroid_hormones,Thyroid hormones,drug
40742308,levothyroxine 0.112 MG Oral Powder,Drug,RxNorm Extension,standard,H03A_thyroid_preparations,thyroid_hormones,Thyroid hormones,drug
40742309,levothyroxine 0.05 MG Oral Powder Box of 1,Drug,RxNorm Extension,standard,H03A_thyroid_preparations,thyroid_hormones,Thyroid hormones,drug
40742310,levothyroxine 0.05 MG Oral Powder,Drug,RxNorm Extension,standard,H03A_thyroid_preparations,thyroid_hormones,Thyroid hormones,drug
40742311,levothyroxine 0.05 MG Oral Tablet Box of 28 by NorthStar Healthcare Unlimited Company,Drug,RxNorm Extension,standard,H03A_thyroid_preparations,thyroid_hormones,Thyroid hormones,drug
40742312,levothyroxine 0.05 MG Oral Tablet Box of 28 by Phoenix Healthcare Distribution,Drug,RxNorm Extension,standard,H03A_thyroid_preparations,thyroid_hormones,Thyroid hormones,drug
40742313,levothyroxine 0.05 MG Oral Tablet Box of 28 by Sigma,Drug,RxNorm Extension,standard,H03A_thyroid_preparations,thyroid_hormones,Thyroid hormones,drug
40742314,levothyroxine 0.05 MG Oral Tablet by NorthStar Healthcare Unlimited Company,Drug,RxNorm Extension,standard,H03A_thyroid_preparations,thyroid_hormones,Thyroid hormones,drug
40742425,levothyroxine 0.05 MG Oral Tablet by Phoenix Healthcare Distribution,Drug,RxNorm Extension,standard,H03A_thyroid_preparations,thyroid_hormones,Thyroid hormones,drug
40742426,levothyroxine 0.05 MG Oral Tablet by Sigma,Drug,RxNorm Extension,standard,H03A_thyroid_preparations,thyroid_hormones,Thyroid hormones,drug
40742427,levothyroxine 0.02 MG/ML Oral Solution by Sigma,Drug,RxNorm Extension,standard,H03A_thyroid_preparations,thyroid_hormones,Thyroid hormones,drug
40742428,levothyroxine 0.25 MG Oral Powder Box of 1,Drug,RxNorm Extension,standard,H03A_thyroid_preparations,thyroid_hormones,Thyroid hormones,drug
40742429,levothyroxine 0.25 MG Oral Powder,Drug,RxNorm Extension,standard,H03A_thyroid_preparations,thyroid_hormones,Thyroid hormones,drug
40742430,levothyroxine 0.06 MG Oral Powder Box of 1,Drug,RxNorm Extension,standard,H03A_thyroid_preparations,thyroid_hormones,Thyroid hormones,drug
40742431,levothyroxine 0.06 MG Oral Powder,Drug,RxNorm Extension,standard,H03A_thyroid_preparations,thyroid_hormones,Thyroid hormones,drug
40742432,levothyroxine 0.005 MG/ML Oral Solution by Wockhardt,Drug,RxNorm Extension,standard,H03A_thyroid_preparations,thyroid_hormones,Thyroid hormones,drug
40742433,levothyroxine 0.005 MG/ML Oral Solution by Sigma,Drug,RxNorm Extension,standard,H03A_thyroid_preparations,thyroid_hormones,Thyroid hormones,drug
40742434,levothyroxine 0.1 MG Oral Powder Box of 1,Drug,RxNorm Extension,standard,H03A_thyroid_preparations,thyroid_hormones,Thyroid hormones,drug
40742435,levothyroxine 0.1 MG Oral Powder,Drug,RxNorm Extension,standard,H03A_thyroid_preparations,thyroid_hormones,Thyroid hormones,drug
40742436,levothyroxine 0.1 MG Oral Tablet Box of 1000 by Phoenix Healthcare Distribution,Drug,RxNorm Extension,standard,H03A_thyroid_preparations,thyroid_hormones,Thyroid hormones,drug
40742437,levothyroxine 0.1 MG Oral Tablet Box of 1000 by Sigma,Drug,RxNorm Extension,standard,H03A_thyroid_preparations,thyroid_hormones,Thyroid hormones,drug
40742438,levothyroxine 0.1 MG Oral Tablet Box of 28 by NorthStar Healthcare Unlimited Company,Drug,RxNorm Extension,standard,H03A_thyroid_preparations,thyroid_hormones,Thyroid hormones,drug
40742439,levothyroxine 0.1 MG Oral Tablet Box of 28 by Phoenix Healthcare Distribution,Drug,RxNorm Extension,standard,H03A_thyroid_preparations,thyroid_hormones,Thyroid hormones,drug
40742440,levothyroxine 0.1 MG Oral Tablet Box of 28 by Sigma,Drug,RxNorm Extension,standard,H03A_thyroid_preparations,thyroid_hormones,Thyroid hormones,drug
40742441,levothyroxine 0.1 MG Oral Tablet by NorthStar Healthcare Unlimited Company,Drug,RxNorm Extension,standard,H03A_thyroid_preparations,thyroid_hormones,Thyroid hormones,drug
40742442,levothyroxine 0.1 MG Oral Tablet by Phoenix Healthcare Distribution,Drug,RxNorm Extension,standard,H03A_thyroid_preparations,thyroid_hormones,Thyroid hormones,drug
40742443,levothyroxine 0.1 MG Oral Tablet by Sigma,Drug,RxNorm Extension,standard,H03A_thyroid_preparations,thyroid_hormones,Thyroid hormones,drug
40742444,levothyroxine 0.025 MG Oral Powder Box of 1,Drug,RxNorm Extension,standard,H03A_thyroid_preparations,thyroid_hormones,Thyroid hormones,drug
40742445,levothyroxine 0.025 MG Oral Powder,Drug,RxNorm Extension,standard,H03A_thyroid_preparations,thyroid_hormones,Thyroid hormones,drug
40742446,levothyroxine 0.025 MG Oral Tablet Box of 28 by Phoenix Healthcare Distribution,Drug,RxNorm Extension,standard,H03A_thyroid_preparations,thyroid_hormones,Thyroid hormones,drug
40742447,levothyroxine 0.025 MG Oral Tablet Box of 28 by Sigma,Drug,RxNorm Extension,standard,H03A_thyroid_preparations,thyroid_hormones,Thyroid hormones,drug
40742448,levothyroxine 0.025 MG Oral Tablet by Phoenix Healthcare Distribution,Drug,RxNorm Extension,standard,H03A_thyroid_preparations,thyroid_hormones,Thyroid hormones,drug
40742449,levothyroxine 0.025 MG Oral Tablet by Sigma,Drug,RxNorm Extension,standard,H03A_thyroid_preparations,thyroid_hormones,Thyroid hormones,drug
40742450,levothyroxine 0.0125 MG Oral Tablet Box of 28 by TEVA,Drug,RxNorm Extension,standard,H03A_thyroid_preparations,thyroid_hormones,Thyroid hormones,drug
40742451,levothyroxine 0.0125 MG Oral Tablet Box of 28 by A A H,Drug,RxNorm Extension,standard,H03A_thyroid_preparations,thyroid_hormones,Thyroid hormones,drug
40742452,levothyroxine 0.0125 MG Oral Tablet Box of 28 by Alliance,Drug,RxNorm Extension,standard,H03A_thyroid_preparations,thyroid_hormones,Thyroid hormones,drug
40742453,levothyroxine 0.0125 MG Oral Tablet Box of 28,Drug,RxNorm Extension,standard,H03A_thyroid_preparations,thyroid_hormones,Thyroid hormones,drug
40742454,levothyroxine 0.0125 MG Oral Tablet by TEVA,Drug,RxNorm Extension,standard,H03A_thyroid_preparations,thyroid_hormones,Thyroid hormones,drug
40742455,levothyroxine 0.0125 MG Oral Tablet by A A H,Drug,RxNorm Extension,standard,H03A_thyroid_preparations,thyroid_hormones,Thyroid hormones,drug
40742456,levothyroxine 0.0125 MG Oral Tablet by Alliance,Drug,RxNorm Extension,standard,H03A_thyroid_preparations,thyroid_hormones,Thyroid hormones,drug
40742457,levothyroxine 0.15 MG Oral Powder Box of 1,Drug,RxNorm Extension,standard,H03A_thyroid_preparations,thyroid_hormones,Thyroid hormones,drug
40742897,levothyroxine 0.15 MG Oral Powder,Drug,RxNorm Extension,standard,H03A_thyroid_preparations,thyroid_hormones,Thyroid hormones,drug
40742898,levothyroxine 0.03 MG Oral Powder Box of 1,Drug,RxNorm Extension,standard,H03A_thyroid_preparations,thyroid_hormones,Thyroid hormones,drug
40742899,levothyroxine 0.03 MG Oral Powder,Drug,RxNorm Extension,standard,H03A_thyroid_preparations,thyroid_hormones,Thyroid hormones,drug
40742900,levothyroxine 0.125 MG Oral Powder Box of 1,Drug,RxNorm Extension,standard,H03A_thyroid_preparations,thyroid_hormones,Thyroid hormones,drug
40742901,levothyroxine 0.125 MG Oral Powder,Drug,RxNorm Extension,standard,H03A_thyroid_preparations,thyroid_hormones,Thyroid hormones,drug
40742902,levothyroxine 0.075 MG Oral Powder Box of 1,Drug,RxNorm Extension,standard,H03A_thyroid_preparations,thyroid_hormones,Thyroid hormones,drug
40742903,levothyroxine 0.075 MG Oral Powder,Drug,RxNorm Extension,standard,H03A_thyroid_preparations,thyroid_hormones,Thyroid hormones,drug
40742904,levothyroxine 0.075 MG Oral Tablet Box of 28 by TEVA,Drug,RxNorm Extension,standard,H03A_thyroid_preparations,thyroid_hormones,Thyroid hormones,drug
40742905,levothyroxine 0.075 MG Oral Tablet Box of 28 by A A H,Drug,RxNorm Extension,standard,H03A_thyroid_preparations,thyroid_hormones,Thyroid hormones,drug
40742906,levothyroxine 0.075 MG Oral Tablet Box of 28 by Alliance,Drug,RxNorm Extension,standard,H03A_thyroid_preparations,thyroid_hormones,Thyroid hormones,drug
40742907,levothyroxine 0.075 MG Oral Tablet by TEVA,Drug,RxNorm Extension,standard,H03A_thyroid_preparations,thyroid_hormones,Thyroid hormones,drug
40742908,levothyroxine 0.075 MG Oral Tablet by A A H,Drug,RxNorm Extension,standard,H03A_thyroid_preparations,thyroid_hormones,Thyroid hormones,drug
40742909,levothyroxine 0.075 MG Oral Tablet by Alliance,Drug,RxNorm Extension,standard,H03A_thyroid_preparations,thyroid_hormones,Thyroid hormones,drug
40742910,levothyroxine 0.01 MG/ML Oral Solution by Wockhardt,Drug,RxNorm Extension,standard,H03A_thyroid_preparations,thyroid_hormones,Thyroid hormones,drug
40742911,levothyroxine 0.01 MG/ML Oral Solution by Sigma,Drug,RxNorm Extension,standard,H03A_thyroid_preparations,thyroid_hormones,Thyroid hormones,drug
40742912,levothyroxine 0.2 MG Oral Powder Box of 1,Drug,RxNorm Extension,standard,H03A_thyroid_preparations,thyroid_hormones,Thyroid hormones,drug
40742913,levothyroxine 0.2 MG Oral Powder,Drug,RxNorm Extension,standard,H03A_thyroid_preparations,thyroid_hormones,Thyroid hormones,drug
40742914,levothyroxine 0.04 MG Oral Powder Box of 1,Drug,RxNorm Extension,standard,H03A_thyroid_preparations,thyroid_hormones,Thyroid hormones,drug
40742915,levothyroxine 0.04 MG Oral Powder,Drug,RxNorm Extension,standard,H03A_thyroid_preparations,thyroid_hormones,Thyroid hormones,drug
40820963,levothyroxine 0.175 MG Oral Tablet Box of 336,Drug,RxNorm Extension,standard,H03A_thyroid_preparations,thyroid_hormones,Thyroid hormones,drug
40820977,Iodine 0.2 MG / levothyroxine 0.088 MG Oral Tablet [Eferox] Box of 100,Drug,RxNorm Extension,standard,H03A_thyroid_preparations,thyroid_hormones,Thyroid hormones,drug
40821042,Iodine 0.2 MG / levothyroxine 0.075 MG [L Thyrox Jod Hexal],Drug,RxNorm Extension,standard,H03A_thyroid_preparations,thyroid_hormones,Thyroid hormones,drug
40821194,levothyroxine 0.05 MG Oral Tablet [Euthyrox] Box of 50,Drug,RxNorm Extension,standard,H03A_thyroid_preparations,thyroid_hormones,Thyroid hormones,drug
40821200,Iodine 196 MG / levothyroxine 0.05 MG Oral Tablet [L Thyrox Jod Aristo] Box of 100,Drug,RxNorm Extension,standard,H03A_thyroid_preparations,thyroid_hormones,Thyroid hormones,drug
40821507,levothyroxine 0.175 MG Oral Tablet [L Thyrox Hexal] Box of 50,Drug,RxNorm Extension,standard,H03A_thyroid_preparations,thyroid_hormones,Thyroid hormones,drug
40821665,levothyroxine 0.075 MG [L Thyrox Hexal],Drug,RxNorm Extension,standard,H03A_thyroid_preparations,thyroid_hormones,Thyroid hormones,drug
40822752,levothyroxine 0.112 MG Oral Tablet [Euthyrox] Box of 100,Drug,RxNorm Extension,standard,H03A_thyroid_preparations,thyroid_hormones,Thyroid hormones,drug
40823373,levothyroxine 0.15 MG Oral Tablet [Synthroid] Box of 100,Drug,RxNorm Extension,standard,H03A_thyroid_preparations,thyroid_hormones,Thyroid hormones,drug
40823379,Iodine 0.225 MG / levothyroxine 0.0025 MG / liothyronine 0.0015 MG / Lycopus Europaeus 2 MG / Vitamin E 2 MG Oral Tablet [Spongiosal],Drug,RxNorm Extension,standard,H03A_thyroid_preparations,thyroid_hormones,Thyroid hormones,drug
40823479,Iodine 0.2 MG / levothyroxine 0.075 MG Oral Tablet [L Thyroxin Jod Winthrop] Box of 50 by Sanofi,Drug,RxNorm Extension,standard,H03A_thyroid_preparations,thyroid_hormones,Thyroid hormones,drug
40823612,Scrophularia nodosa extract 12.5 MG / Spongia officinalis preparation 1.25 MG / thyroid (USP) 0.00125 MG Oral Tablet Box of 60,Drug,RxNorm Extension,standard,H03A_thyroid_preparations,thyroid_hormones,Thyroid hormones,drug
40824196,liothyronine Oral Tablet [Thyrotardin],Drug,RxNorm Extension,standard,H03A_thyroid_preparations,thyroid_hormones,Thyroid hormones,drug
40824937,levothyroxine 0.075 MG Oral Tablet [L Thyroxin Na Ratiopharm] Box of 50,Drug,RxNorm Extension,standard,H03A_thyroid_preparations,thyroid_hormones,Thyroid hormones,drug
40825869,levothyroxine 0.088 MG Oral Tablet [L Thyroxin 1a Pharma],Drug,RxNorm Extension,standard,H03A_thyroid_preparations,thyroid_hormones,Thyroid hormones,drug
40825875,Iodine 0.2 MG / levothyroxine 0.088 MG Oral Tablet [L Thyrox Jod Hexal] Box of 100,Drug,RxNorm Extension,standard,H03A_thyroid_preparations,thyroid_hormones,Thyroid hormones,drug
40826119,thyroid (USP) 1 MG/ML,Drug,RxNorm Extension,standard,H03A_thyroid_preparations,thyroid_hormones,Thyroid hormones,drug
40828599,liothyronine 0.02 MG [Thybon Henning],Drug,RxNorm Extension,standard,H03A_thyroid_preparations,thyroid_hormones,Thyroid hormones,drug
40828604,levothyroxine 0.12 MG / liothyronine 0.03 MG [Thyreotom],Drug,RxNorm Extension,standard,H03A_thyroid_preparations,thyroid_hormones,Thyroid hormones,drug
40828605,levothyroxine 0.2 MG [L Thyroxin Beta],Drug,RxNorm Extension,standard,H03A_thyroid_preparations,thyroid_hormones,Thyroid hormones,drug
40828607,levothyroxine 100 MG [Eutirox],Drug,RxNorm Extension,standard,H03A_thyroid_preparations,thyroid_hormones,Thyroid hormones,drug
40828610,levothyroxine 0.075 MG [L Thyrox Ratiopharm],Drug,RxNorm Extension,standard,H03A_thyroid_preparations,thyroid_hormones,Thyroid hormones,drug
40828612,levothyroxine 0.175 MG [L Thyrox Hexal],Drug,RxNorm Extension,standard,H03A_thyroid_preparations,thyroid_hormones,Thyroid hormones,drug
40828714,Iodine 0.225 MG / levothyroxine 0.0025 MG / liothyronine 0.0015 MG / Lycopus Europaeus 4 MG / Vitamin E 2 MG [Spongiosal],Drug,RxNorm Extension,standard,H03A_thyroid_preparations,thyroid_hormones,Thyroid hormones,drug
40828715,Iodine 0.2 MG / levothyroxine 0.125 MG [L Thyroxin Jod Winthrop],Drug,RxNorm Extension,standard,H03A_thyroid_preparations,thyroid_hormones,Thyroid hormones,drug
40828716,Iodine 0.2 MG / levothyroxine 0.1 MG [L Thyrox Jod Hexal],Drug,RxNorm Extension,standard,H03A_thyroid_preparations,thyroid_hormones,Thyroid hormones,drug
40828717,Iodine 131 MG / levothyroxine 0.1 MG [Eferox],Drug,RxNorm Extension,standard,H03A_thyroid_preparations,thyroid_hormones,Thyroid hormones,drug
40828718,Iodine 196 MG / levothyroxine 0.088 MG [Eferox],Drug,RxNorm Extension,standard,H03A_thyroid_preparations,thyroid_hormones,Thyroid hormones,drug
40828719,Iodine 0.099 MG / levothyroxine 0.1 MG [L Thyroxin Plus Henning],Drug,RxNorm Extension,standard,H03A_thyroid_preparations,thyroid_hormones,Thyroid hormones,drug
40828720,Iodine 0.099 MG / levothyroxine 0.075 MG [L Thyroxin Plus Henning],Drug,RxNorm Extension,standard,H03A_thyroid_preparations,thyroid_hormones,Thyroid hormones,drug
40832108,Iodine / levothyroxine Oral Tablet [L Thyrox Jod Aristo],Drug,RxNorm Extension,standard,H03A_thyroid_preparations,thyroid_hormones,Thyroid hormones,drug
40833196,Bellis perennis extract / Chelidonium majus extract / Dioscorea villosa tuber extract / levothyroxine Oral Solution [Retroplex],Drug,RxNorm Extension,standard,H03A_thyroid_preparations,thyroid_hormones,Thyroid hormones,drug
40833302,Arsenic / Fucus vesiculosus extract / Lycopus virginicus extract / thyroid (USP) Sublingual Tablet [Thyreo Pasc],Drug,RxNorm Extension,standard,H03A_thyroid_preparations,thyroid_hormones,Thyroid hormones,drug
40833967,thyroid (USP) 10 MG Oral Tablet,Drug,RxNorm Extension,standard,H03A_thyroid_preparations,thyroid_hormones,Thyroid hormones,drug
40835452,liothyronine 0.02 MG Oral Tablet Box of 60,Drug,RxNorm Extension,standard,H03A_thyroid_preparations,thyroid_hormones,Thyroid hormones,drug
40835453,liothyronine 0.02 MG/ML Injectable Solution Box of 1,Drug,RxNorm Extension,standard,H03A_thyroid_preparations,thyroid_hormones,Thyroid hormones,drug
40835478,levothyroxine 0.04 MG / liothyronine 0.01 MG Oral Tablet Box of 100,Drug,RxNorm Extension,standard,H03A_thyroid_preparations,thyroid_hormones,Thyroid hormones,drug
40835479,levothyroxine 0.3 MG Oral Tablet Box of 90,Drug,RxNorm Extension,standard,H03A_thyroid_preparations,thyroid_hormones,Thyroid hormones,drug
40835481,levothyroxine 0.1 MG Oral Tablet Box of 90,Drug,RxNorm Extension,standard,H03A_thyroid_preparations,thyroid_hormones,Thyroid hormones,drug
40835482,levothyroxine 0.15 MG Oral Tablet Box of 500,Drug,RxNorm Extension,standard,H03A_thyroid_preparations,thyroid_hormones,Thyroid hormones,drug
40835484,levothyroxine 0.15 MG Oral Tablet Box of 50,Drug,RxNorm Extension,standard,H03A_thyroid_preparations,thyroid_hormones,Thyroid hormones,drug
40835685,Iodine 0.2 MG / levothyroxine 0.1 MG Oral Tablet Box of 100,Drug,RxNorm Extension,standard,H03A_thyroid_preparations,thyroid_hormones,Thyroid hormones,drug
40835686,Iodine 0.2 MG / levothyroxine 0.15 MG Oral Tablet,Drug,RxNorm Extension,standard,H03A_thyroid_preparations,thyroid_hormones,Thyroid hormones,drug
40835687,Iodine 0.2 MG / levothyroxine 0.088 MG Oral Tablet,Drug,RxNorm Extension,standard,H03A_thyroid_preparations,thyroid_hormones,Thyroid hormones,drug
40835688,Iodine 196 MG / levothyroxine 0.1 MG Oral Tablet,Drug,RxNorm Extension,standard,H03A_thyroid_preparations,thyroid_hormones,Thyroid hormones,drug
40835689,Iodine 0.099 MG / levothyroxine 0.075 MG Oral Tablet,Drug,RxNorm Extension,standard,H03A_thyroid_preparations,thyroid_hormones,Thyroid hormones,drug
40839709,thyroid (USP) 300 MG Oral Tablet [Thyreoid Dispert] Box of 60,Drug,RxNorm Extension,standard,H03A_thyroid_preparations,thyroid_hormones,Thyroid hormones,drug
40844027,liothyronine 0.02 MG Oral Tablet [Thyrotardin] Box of 300,Drug,RxNorm Extension,standard,H03A_thyroid_preparations,thyroid_hormones,Thyroid hormones,drug
40844064,levothyroxine 0.1 MG / liothyronine 0.01 MG Oral Tablet [Prothyrid],Drug,RxNorm Extension,standard,H03A_thyroid_preparations,thyroid_hormones,Thyroid hormones,drug
40844065,levothyroxine 0.025 MG / liothyronine 0.005 MG Oral Tablet [Novothyral],Drug,RxNorm Extension,standard,H03A_thyroid_preparations,thyroid_hormones,Thyroid hormones,drug
40844066,levothyroxine 0.3 MG Oral Tablet [Euthyrox] Box of 500,Drug,RxNorm Extension,standard,H03A_thyroid_preparations,thyroid_hormones,Thyroid hormones,drug
40844068,levothyroxine 0.2 MG Oral Tablet [L Thyroxin Henning] Box of 84,Drug,RxNorm Extension,standard,H03A_thyroid_preparations,thyroid_hormones,Thyroid hormones,drug
40844070,levothyroxine 0.1 MG Oral Tablet [L Thyroxin Na Ratiopharm] Box of 100,Drug,RxNorm Extension,standard,H03A_thyroid_preparations,thyroid_hormones,Thyroid hormones,drug
40844071,levothyroxine 0.1 MG Oral Tablet [L Thyroxin 1a Pharma] Box of 100,Drug,RxNorm Extension,standard,H03A_thyroid_preparations,thyroid_hormones,Thyroid hormones,drug
40844072,levothyroxine 0.1 MG Oral Tablet [L Thyrox Ratiopharm] Box of 50,Drug,RxNorm Extension,standard,H03A_thyroid_preparations,thyroid_hormones,Thyroid hormones,drug
40844073,levothyroxine 0.075 MG Oral Tablet [L Thyroxin Na Ratiopharm] Box of 100,Drug,RxNorm Extension,standard,H03A_thyroid_preparations,thyroid_hormones,Thyroid hormones,drug
40844074,levothyroxine 0.075 MG Oral Tablet [L Thyroxin Aristo],Drug,RxNorm Extension,standard,H03A_thyroid_preparations,thyroid_hormones,Thyroid hormones,drug
40844075,levothyroxine 0.075 MG Oral Tablet [L Thyroxin 1a Pharma] Box of 50,Drug,RxNorm Extension,standard,H03A_thyroid_preparations,thyroid_hormones,Thyroid hormones,drug
40844076,levothyroxine 0.05 MG Oral Tablet [Thevier] Box of 100,Drug,RxNorm Extension,standard,H03A_thyroid_preparations,thyroid_hormones,Thyroid hormones,drug
40844077,levothyroxine 0.05 MG Oral Tablet [L Thyroxin Henning] Box of 350,Drug,RxNorm Extension,standard,H03A_thyroid_preparations,thyroid_hormones,Thyroid hormones,drug
40844078,levothyroxine 0.05 MG Oral Tablet [L Thyroxin 1a Pharma] Box of 100,Drug,RxNorm Extension,standard,H03A_thyroid_preparations,thyroid_hormones,Thyroid hormones,drug
40844079,levothyroxine 0.05 MG Oral Tablet [L Thyroxin Ct] Box of 50,Drug,RxNorm Extension,standard,H03A_thyroid_preparations,thyroid_hormones,Thyroid hormones,drug
40844082,levothyroxine 0.1 MG Oral Tablet [Euthyrox] Box of 500,Drug,RxNorm Extension,standard,H03A_thyroid_preparations,thyroid_hormones,Thyroid hormones,drug
40844083,levothyroxine 0.1 MG Oral Tablet [Euthyrox] Box of 336,Drug,RxNorm Extension,standard,H03A_thyroid_preparations,thyroid_hormones,Thyroid hormones,drug
40844084,levothyroxine 0.1 MG Oral Tablet [Berlthyrox] Box of 100,Drug,RxNorm Extension,standard,H03A_thyroid_preparations,thyroid_hormones,Thyroid hormones,drug
40844085,levothyroxine 0.088 MG Oral Tablet [L Thyroxin Na Ratiopharm],Drug,RxNorm Extension,standard,H03A_thyroid_preparations,thyroid_hormones,Thyroid hormones,drug
40844086,levothyroxine 0.088 MG Oral Tablet [L Thyroxin Na Abz],Drug,RxNorm Extension,standard,H03A_thyroid_preparations,thyroid_hormones,Thyroid hormones,drug
40844087,levothyroxine 0.088 MG Oral Tablet [L Thyroxin 1a Pharma] Box of 50,Drug,RxNorm Extension,standard,H03A_thyroid_preparations,thyroid_hormones,Thyroid hormones,drug
40844088,levothyroxine 0.15 MG Oral Tablet [L Thyroxin Ratiopharm] Box of 50,Drug,RxNorm Extension,standard,H03A_thyroid_preparations,thyroid_hormones,Thyroid hormones,drug
40844089,levothyroxine 0.175 MG Oral Tablet [L Thyroxin Na Ratiopharm] Box of 100,Drug,RxNorm Extension,standard,H03A_thyroid_preparations,thyroid_hormones,Thyroid hormones,drug
40844090,levothyroxine 0.175 MG Oral Tablet [L Thyrox Ratiopharm] Box of 100,Drug,RxNorm Extension,standard,H03A_thyroid_preparations,thyroid_hormones,Thyroid hormones,drug
40844091,levothyroxine 0.175 MG Oral Tablet [L Thyrox Hexal],Drug,RxNorm Extension,standard,H03A_thyroid_preparations,thyroid_hormones,Thyroid hormones,drug
40844092,levothyroxine 0.175 MG Oral Tablet [Euthyrox] Box of 100,Drug,RxNorm Extension,standard,H03A_thyroid_preparations,thyroid_hormones,Thyroid hormones,drug
40844093,levothyroxine 0.175 MG Oral Tablet [Eferox] Box of 50,Drug,RxNorm Extension,standard,H03A_thyroid_preparations,thyroid_hormones,Thyroid hormones,drug
40844094,levothyroxine 0.025 MG Oral Tablet [L Thyroxin Na Ct] Box of 100,Drug,RxNorm Extension,standard,H03A_thyroid_preparations,thyroid_hormones,Thyroid hormones,drug
40844095,levothyroxine 0.025 MG Oral Tablet [L Thyroxin Henning] Box of 50,Drug,RxNorm Extension,standard,H03A_thyroid_preparations,thyroid_hormones,Thyroid hormones,drug
40844097,levothyroxine 0.05 MG Oral Tablet [Berlthyrox] Box of 50,Drug,RxNorm Extension,standard,H03A_thyroid_preparations,thyroid_hormones,Thyroid hormones,drug
40844680,Iodine 0.2 MG / levothyroxine 0.125 MG Oral Tablet [L Thyroxin Jod Winthrop] Box of 50,Drug,RxNorm Extension,standard,H03A_thyroid_preparations,thyroid_hormones,Thyroid hormones,drug
40844681,Iodine 0.2 MG / levothyroxine 0.125 MG Oral Tablet [L Thyrox Jod Aristo] Box of 100,Drug,RxNorm Extension,standard,H03A_thyroid_preparations,thyroid_hormones,Thyroid hormones,drug
40844682,Iodine 0.2 MG / levothyroxine 0.1 MG Oral Tablet [L Thyrox Jod Aristo] Box of 100,Drug,RxNorm Extension,standard,H03A_thyroid_preparations,thyroid_hormones,Thyroid hormones,drug
40844683,Iodine 0.2 MG / levothyroxine 0.15 MG Oral Tablet [L Thyroxin Jod Winthrop] Box of 100,Drug,RxNorm Extension,standard,H03A_thyroid_preparations,thyroid_hormones,Thyroid hormones,drug
40844684,Iodine 0.2 MG / levothyroxine 0.15 MG Oral Tablet [L Thyroxin Jod Winthrop],Drug,RxNorm Extension,standard,H03A_thyroid_preparations,thyroid_hormones,Thyroid hormones,drug
40844685,Iodine 0.2 MG / levothyroxine 0.075 MG Oral Tablet [Eferox] Box of 50,Drug,RxNorm Extension,standard,H03A_thyroid_preparations,thyroid_hormones,Thyroid hormones,drug
40844686,Iodine 0.2 MG / levothyroxine 0.088 MG Oral Tablet [L Thyrox Jod Aristo] Box of 100,Drug,RxNorm Extension,standard,H03A_thyroid_preparations,thyroid_hormones,Thyroid hormones,drug
40844687,Iodine 0.2 MG / levothyroxine 0.112 MG Oral Tablet [L Thyrox Jod Aristo] Box of 100,Drug,RxNorm Extension,standard,H03A_thyroid_preparations,thyroid_hormones,Thyroid hormones,drug
40844688,Iodine 0.14 MG / levothyroxine 0.1 MG Oral Tablet [L Thyroxin Jod Betapharm] Box of 50,Drug,RxNorm Extension,standard,H03A_thyroid_preparations,thyroid_hormones,Thyroid hormones,drug
40844689,Iodine 0.14 MG / levothyroxine 0.1 MG Oral Tablet [L Thyrox Jod Aristo],Drug,RxNorm Extension,standard,H03A_thyroid_preparations,thyroid_hormones,Thyroid hormones,drug
40844690,Iodine 0.14 MG / levothyroxine 0.1 MG Oral Tablet [Jodthyrox] Box of 500,Drug,RxNorm Extension,standard,H03A_thyroid_preparations,thyroid_hormones,Thyroid hormones,drug
40844691,Iodine 196 MG / levothyroxine 0.075 MG Oral Tablet [Eferox] Box of 100,Drug,RxNorm Extension,standard,H03A_thyroid_preparations,thyroid_hormones,Thyroid hormones,drug
40844692,Iodine 0.099 MG / levothyroxine 0.05 MG Oral Tablet [L Thyroxin Plus Henning],Drug,RxNorm Extension,standard,H03A_thyroid_preparations,thyroid_hormones,Thyroid hormones,drug
40850654,Adrenal cortex extract 12 MG / Bos taurus testicle preparation 20 MG / hypophysis extract 3 MG / thyroid (USP) 97.5 MG Oral Tablet [Lipolysin] Box of 40,Drug,RxNorm Extension,standard,H03A_thyroid_preparations,thyroid_hormones,Thyroid hormones,drug
40854031,levothyroxine 0.1 MG / liothyronine 0.02 MG Oral Tablet [Novothyral] Box of 100 by Orifarm Leverkus,Drug,RxNorm Extension,standard,H03A_thyroid_preparations,thyroid_hormones,Thyroid hormones,drug
40854032,levothyroxine 0.1 MG / liothyronine 0.02 MG Oral Tablet [Novothyral] Box of 50 by Gppl,Drug,RxNorm Extension,standard,H03A_thyroid_preparations,thyroid_hormones,Thyroid hormones,drug
40854033,levothyroxine 0.112 MG Oral Tablet [Euthyrox] Box of 50 by Mylan,Drug,RxNorm Extension,standard,H03A_thyroid_preparations,thyroid_hormones,Thyroid hormones,drug
40854034,levothyroxine 0.075 MG Oral Tablet [Eferox] Box of 20 by Aristo,Drug,RxNorm Extension,standard,H03A_thyroid_preparations,thyroid_hormones,Thyroid hormones,drug
40854035,levothyroxine 0.2 MG Oral Tablet [L Thyroxin Winthrop] Box of 50 by Sanofi,Drug,RxNorm Extension,standard,H03A_thyroid_preparations,thyroid_hormones,Thyroid hormones,drug
40854036,levothyroxine 0.2 MG Oral Tablet [L Thyroxin Henning] Box of 100 by Sanofi,Drug,RxNorm Extension,standard,H03A_thyroid_preparations,thyroid_hormones,Thyroid hormones,drug
40854037,levothyroxine 0.1 MG Oral Tablet [L Thyroxin Na Ratiopharm] Box of 100 by Ratiopharm,Drug,RxNorm Extension,standard,H03A_thyroid_preparations,thyroid_hormones,Thyroid hormones,drug
40854038,levothyroxine 0.1 MG Oral Tablet [L Thyrox Hexal] Box of 50 by Novartis,Drug,RxNorm Extension,standard,H03A_thyroid_preparations,thyroid_hormones,Thyroid hormones,drug
40854039,levothyroxine 0.075 MG Oral Tablet [L Thyroxin Winthrop] Box of 100 by Sanofi,Drug,RxNorm Extension,standard,H03A_thyroid_preparations,thyroid_hormones,Thyroid hormones,drug
40854040,levothyroxine 0.075 MG Oral Tablet [L Thyroxin Aristo] Box of 50 by Aristo,Drug,RxNorm Extension,standard,H03A_thyroid_preparations,thyroid_hormones,Thyroid hormones,drug
40854041,levothyroxine 0.075 MG Oral Tablet [L Thyrox Ratiopharm] Box of 50 by Ratiopharm,Drug,RxNorm Extension,standard,H03A_thyroid_preparations,thyroid_hormones,Thyroid hormones,drug
40854042,levothyroxine 0.05 MG Oral Tablet [L Thyroxin Na Ct] Box of 100 by AbZ-Pharma,Drug,RxNorm Extension,standard,H03A_thyroid_preparations,thyroid_hormones,Thyroid hormones,drug
40854043,levothyroxine 0.05 MG Oral Tablet [Eferox] Box of 100 by Pfizer,Drug,RxNorm Extension,standard,H03A_thyroid_preparations,thyroid_hormones,Thyroid hormones,drug
40854044,levothyroxine 0.05 MG Oral Tablet [Eferox] Box of 50 by Pfizer,Drug,RxNorm Extension,standard,H03A_thyroid_preparations,thyroid_hormones,Thyroid hormones,drug
40854045,levothyroxine 0.1 MG Oral Tablet [Eferox] Box of 20 by Pfizer,Drug,RxNorm Extension,standard,H03A_thyroid_preparations,thyroid_hormones,Thyroid hormones,drug
40854046,levothyroxine 0.1 MG Oral Tablet [Berlthyrox] Box of 100 by Berlin-Chemie,Drug,RxNorm Extension,standard,H03A_thyroid_preparations,thyroid_hormones,Thyroid hormones,drug
40854047,levothyroxine 0.025 MG Oral Tablet [L Thyroxin Aristo] Box of 50 by Aristo,Drug,RxNorm Extension,standard,H03A_thyroid_preparations,thyroid_hormones,Thyroid hormones,drug
40854048,levothyroxine 0.025 MG Oral Tablet [Eferox] Box of 100 by Novartis,Drug,RxNorm Extension,standard,H03A_thyroid_preparations,thyroid_hormones,Thyroid hormones,drug
40854049,levothyroxine 0.05 MG Oral Tablet Box of 100 by Berlin-Chemie,Drug,RxNorm Extension,standard,H03A_thyroid_preparations,thyroid_hormones,Thyroid hormones,drug
40854050,levothyroxine 0.05 MG Oral Tablet Box of 50 by Berlin-Chemie,Drug,RxNorm Extension,standard,H03A_thyroid_preparations,thyroid_hormones,Thyroid hormones,drug
40854376,Iodine 0.2 MG / levothyroxine 0.15 MG Oral Tablet [L Thyroxin Jod Winthrop] Box of 100 by Sanofi,Drug,RxNorm Extension,standard,H03A_thyroid_preparations,thyroid_hormones,Thyroid hormones,drug
40854377,Iodine 131 MG / levothyroxine 0.1 MG Oral Tablet [Eferox] Box of 50 by Aristo,Drug,RxNorm Extension,standard,H03A_thyroid_preparations,thyroid_hormones,Thyroid hormones,drug
40858029,levothyroxine 0.000000002 MG/ML,Drug,RxNorm Extension,standard,H03A_thyroid_preparations,thyroid_hormones,Thyroid hormones,drug
40859889,liothyronine 0.1 MG [Thybon Henning],Drug,RxNorm Extension,standard,H03A_thyroid_preparations,thyroid_hormones,Thyroid hormones,drug
40859903,levothyroxine 0.2 MG [L Thyrox Ratiopharm],Drug,RxNorm Extension,standard,H03A_thyroid_preparations,thyroid_hormones,Thyroid hormones,drug
40859904,levothyroxine 0.2 MG [L Thyrox Hexal],Drug,RxNorm Extension,standard,H03A_thyroid_preparations,thyroid_hormones,Thyroid hormones,drug
40859905,levothyroxine 0.05 MG [L Thyroxin 1a Pharma],Drug,RxNorm Extension,standard,H03A_thyroid_preparations,thyroid_hormones,Thyroid hormones,drug
40859906,levothyroxine 0.1 MG/ML [Lixin],Drug,RxNorm Extension,standard,H03A_thyroid_preparations,thyroid_hormones,Thyroid hormones,drug
40859908,levothyroxine 0.088 MG [L Thyroxin Sandoz],Drug,RxNorm Extension,standard,H03A_thyroid_preparations,thyroid_hormones,Thyroid hormones,drug
40859909,levothyroxine 0.112 MG [L Thyrox Hexal],Drug,RxNorm Extension,standard,H03A_thyroid_preparations,thyroid_hormones,Thyroid hormones,drug
40860014,Iodine 0.07 MG / thyroid (USP) 15 MG [Astrumin],Drug,RxNorm Extension,standard,H03A_thyroid_preparations,thyroid_hormones,Thyroid hormones,drug
40860015,Iodine 0.2 MG / levothyroxine 0.1 MG [Thyronajod],Drug,RxNorm Extension,standard,H03A_thyroid_preparations,thyroid_hormones,Thyroid hormones,drug
40860016,Iodine 0.2 MG / levothyroxine 0.1 MG [L Thyroxin Jod Winthrop],Drug,RxNorm Extension,standard,H03A_thyroid_preparations,thyroid_hormones,Thyroid hormones,drug
40860017,Iodine 0.2 MG / levothyroxine 0.05 MG [L Thyrox Jod Aristo],Drug,RxNorm Extension,standard,H03A_thyroid_preparations,thyroid_hormones,Thyroid hormones,drug
40860018,Iodine 0.2 MG / levothyroxine 0.088 MG [L Thyrox Jod Aristo],Drug,RxNorm Extension,standard,H03A_thyroid_preparations,thyroid_hormones,Thyroid hormones,drug
40860019,Iodine 0.14 MG / levothyroxine 0.1 MG [Eferox],Drug,RxNorm Extension,standard,H03A_thyroid_preparations,thyroid_hormones,Thyroid hormones,drug
40861666,liothyronine Injectable Suspension,Drug,RxNorm Extension,standard,H03A_thyroid_preparations,thyroid_hormones,Thyroid hormones,drug
40861771,Scrophularia nodosa extract / Spongia officinalis preparation / thyroid (USP) Oral Tablet,Drug,RxNorm Extension,standard,H03A_thyroid_preparations,thyroid_hormones,Thyroid hormones,drug
40863200,liothyronine Injectable Solution [Thyrotardin],Drug,RxNorm Extension,standard,H03A_thyroid_preparations,thyroid_hormones,Thyroid hormones,drug
40863211,levothyroxine Oral Tablet [L Thyrox Hexal],Drug,RxNorm Extension,standard,H03A_thyroid_preparations,thyroid_hormones,Thyroid hormones,drug
40866599,levothyroxine 0.2 MG Oral Tablet Box of 360,Drug,RxNorm Extension,standard,H03A_thyroid_preparations,thyroid_hormones,Thyroid hormones,drug
40866600,levothyroxine 0.1 MG/ML Oral Solution Box of 1,Drug,RxNorm Extension,standard,H03A_thyroid_preparations,thyroid_hormones,Thyroid hormones,drug
40866601,levothyroxine 0.1 MG Oral Tablet Box of 98,Drug,RxNorm Extension,standard,H03A_thyroid_preparations,thyroid_hormones,Thyroid hormones,drug
40866603,levothyroxine 0.025 MG Oral Tablet Box of 1,Drug,RxNorm Extension,standard,H03A_thyroid_preparations,thyroid_hormones,Thyroid hormones,drug
40866604,levothyroxine 0.05 MG Oral Tablet Box of 20,Drug,RxNorm Extension,standard,H03A_thyroid_preparations,thyroid_hormones,Thyroid hormones,drug
40866788,Iodine 196 MG / levothyroxine 0.125 MG Oral Tablet,Drug,RxNorm Extension,standard,H03A_thyroid_preparations,thyroid_hormones,Thyroid hormones,drug
40866789,Iodine 196 MG / levothyroxine 0.15 MG Oral Tablet,Drug,RxNorm Extension,standard,H03A_thyroid_preparations,thyroid_hormones,Thyroid hormones,drug
40867458,levothyroxine 20 MG Oral Capsule Box of 120,Drug,RxNorm Extension,standard,H03A_thyroid_preparations,thyroid_hormones,Thyroid hormones,drug
40869692,Adrenal cortex extract 12 MG / Bos taurus ovary preparation 20 MG / hypophysis extract 3 MG / thyroid (USP) 97.5 MG Oral Tablet,Drug,RxNorm Extension,standard,H03A_thyroid_preparations,thyroid_hormones,Thyroid hormones,drug
40869694,Adrenal cortex extract 12 MG / Bos taurus testicle preparation 20 MG / hypophysis extract 3 MG / thyroid (USP) 97.5 MG Oral Tablet Box of 100,Drug,RxNorm Extension,standard,H03A_thyroid_preparations,thyroid_hormones,Thyroid hormones,drug
40870860,thyroid (USP) 1 MG/ML Oral Solution [Thyreoidinum],Drug,RxNorm Extension,standard,H03A_thyroid_preparations,thyroid_hormones,Thyroid hormones,drug
40872656,Potassium 60 MG / thyroid (USP) 20 MG Oral Tablet [Thyronorman] Box of 18,Drug,RxNorm Extension,standard,H03A_thyroid_preparations,thyroid_hormones,Thyroid hormones,drug
40875236,liothyronine 0.02 MG Oral Tablet [Thyrotardin],Drug,RxNorm Extension,standard,H03A_thyroid_preparations,thyroid_hormones,Thyroid hormones,drug
40875237,liothyronine 0.05 MG Oral Tablet [Trijodthyronin] Box of 60,Drug,RxNorm Extension,standard,H03A_thyroid_preparations,thyroid_hormones,Thyroid hormones,drug
40875289,levothyroxine 0.04 MG / liothyronine 0.01 MG Oral Tablet [Thyreotom] Box of 60,Drug,RxNorm Extension,standard,H03A_thyroid_preparations,thyroid_hormones,Thyroid hormones,drug
40875290,levothyroxine 0.075 MG / liothyronine 0.015 MG Oral Tablet [Novothyral] Box of 500,Drug,RxNorm Extension,standard,H03A_thyroid_preparations,thyroid_hormones,Thyroid hormones,drug
40875291,levothyroxine 0.1 MG / liothyronine 0.02 MG Oral Tablet [Thyroxin T] Box of 70,Drug,RxNorm Extension,standard,H03A_thyroid_preparations,thyroid_hormones,Thyroid hormones,drug
40875292,levothyroxine 0.3 MG Oral Tablet [Euthyrox] Box of 360,Drug,RxNorm Extension,standard,H03A_thyroid_preparations,thyroid_hormones,Thyroid hormones,drug
40875293,levothyroxine 0.2 MG Oral Tablet [Synthroid] Box of 100,Drug,RxNorm Extension,standard,H03A_thyroid_preparations,thyroid_hormones,Thyroid hormones,drug
40875294,levothyroxine 0.2 MG Oral Tablet [L Thyroxin 1a Pharma] Box of 100,Drug,RxNorm Extension,standard,H03A_thyroid_preparations,thyroid_hormones,Thyroid hormones,drug
40875295,levothyroxine 0.125 MG Oral Tablet [L Thyroxin Sandoz] Box of 100,Drug,RxNorm Extension,standard,H03A_thyroid_preparations,thyroid_hormones,Thyroid hormones,drug
40875297,levothyroxine 100 MG Oral Tablet [Eutirox] Box of 100,Drug,RxNorm Extension,standard,H03A_thyroid_preparations,thyroid_hormones,Thyroid hormones,drug
40875298,levothyroxine 100 MG Oral Tablet [Eutirox],Drug,RxNorm Extension,standard,H03A_thyroid_preparations,thyroid_hormones,Thyroid hormones,drug
40875299,levothyroxine 0.02 MG/ML Oral Solution [Eferox] Box of 1,Drug,RxNorm Extension,standard,H03A_thyroid_preparations,thyroid_hormones,Thyroid hormones,drug
40875300,levothyroxine 0.3 MG Oral Tablet [Euthyrox] Box of 100,Drug,RxNorm Extension,standard,H03A_thyroid_preparations,thyroid_hormones,Thyroid hormones,drug
40875301,levothyroxine 0.2 MG Oral Tablet [Eferox] Box of 50,Drug,RxNorm Extension,standard,H03A_thyroid_preparations,thyroid_hormones,Thyroid hormones,drug
40875302,levothyroxine 0.075 MG Oral Tablet [L Thyroxin Winthrop] Box of 100,Drug,RxNorm Extension,standard,H03A_thyroid_preparations,thyroid_hormones,Thyroid hormones,drug
40875303,levothyroxine 0.075 MG Oral Tablet [L Thyroxin Na Abz] Box of 50,Drug,RxNorm Extension,standard,H03A_thyroid_preparations,thyroid_hormones,Thyroid hormones,drug
40875304,levothyroxine 0.075 MG Oral Tablet [L Thyroxin Beta] Box of 100,Drug,RxNorm Extension,standard,H03A_thyroid_preparations,thyroid_hormones,Thyroid hormones,drug
40875305,levothyroxine 0.075 MG Oral Tablet [L Thyrox Ratiopharm],Drug,RxNorm Extension,standard,H03A_thyroid_preparations,thyroid_hormones,Thyroid hormones,drug
40875306,levothyroxine 0.075 MG Oral Tablet [Berlthyrox],Drug,RxNorm Extension,standard,H03A_thyroid_preparations,thyroid_hormones,Thyroid hormones,drug
40875307,levothyroxine 0.05 MG Oral Tablet [L Thyroxin Na Ct],Drug,RxNorm Extension,standard,H03A_thyroid_preparations,thyroid_hormones,Thyroid hormones,drug
40875308,levothyroxine 0.05 MG Oral Tablet [L Thyroxin Beta] Box of 100,Drug,RxNorm Extension,standard,H03A_thyroid_preparations,thyroid_hormones,Thyroid hormones,drug
40875309,levothyroxine 0.05 MG Oral Tablet [L Thyrox Ratiopharm],Drug,RxNorm Extension,standard,H03A_thyroid_preparations,thyroid_hormones,Thyroid hormones,drug
40875310,levothyroxine 0.05 MG Oral Tablet [Euthyrox] Box of 360,Drug,RxNorm Extension,standard,H03A_thyroid_preparations,thyroid_hormones,Thyroid hormones,drug
40875311,levothyroxine 0.003 MG/ML Oral Solution [L Thyroxin Henning],Drug,RxNorm Extension,standard,H03A_thyroid_preparations,thyroid_hormones,Thyroid hormones,drug
40875312,levothyroxine 0.088 MG Oral Tablet [L Thyroxin Sandoz],Drug,RxNorm Extension,standard,H03A_thyroid_preparations,thyroid_hormones,Thyroid hormones,drug
40875313,levothyroxine 0.088 MG Oral Tablet [Euthyrox] Box of 100,Drug,RxNorm Extension,standard,H03A_thyroid_preparations,thyroid_hormones,Thyroid hormones,drug
40875314,levothyroxine 0.112 MG Oral Tablet [L Thyroxin Na Ratiopharm],Drug,RxNorm Extension,standard,H03A_thyroid_preparations,thyroid_hormones,Thyroid hormones,drug
40875315,levothyroxine 0.112 MG Oral Tablet [L Thyroxin 1a Pharma],Drug,RxNorm Extension,standard,H03A_thyroid_preparations,thyroid_hormones,Thyroid hormones,drug
40875316,levothyroxine 0.175 MG Oral Tablet [L Thyroxin Winthrop] Box of 100,Drug,RxNorm Extension,standard,H03A_thyroid_preparations,thyroid_hormones,Thyroid hormones,drug
40875317,levothyroxine 0.175 MG Oral Tablet [L Thyroxin Aristo],Drug,RxNorm Extension,standard,H03A_thyroid_preparations,thyroid_hormones,Thyroid hormones,drug
40875318,levothyroxine 0.025 MG Oral Tablet [L Thyroxin Henning] Box of 490,Drug,RxNorm Extension,standard,H03A_thyroid_preparations,thyroid_hormones,Thyroid hormones,drug
40875319,levothyroxine 0.025 MG Oral Tablet [L Thyrox Ratiopharm],Drug,RxNorm Extension,standard,H03A_thyroid_preparations,thyroid_hormones,Thyroid hormones,drug
40875320,levothyroxine 0.025 MG Oral Tablet [Eferox] Box of 100,Drug,RxNorm Extension,standard,H03A_thyroid_preparations,thyroid_hormones,Thyroid hormones,drug
40875321,levothyroxine 0.025 MG Oral Tablet [Eferox],Drug,RxNorm Extension,standard,H03A_thyroid_preparations,thyroid_hormones,Thyroid hormones,drug
40875322,levothyroxine 0.05 MG Oral Tablet [L Thyroxin Henning] Box of 500,Drug,RxNorm Extension,standard,H03A_thyroid_preparations,thyroid_hormones,Thyroid hormones,drug
40875323,levothyroxine 0.05 MG Oral Tablet [L Thyroxin Aristo],Drug,RxNorm Extension,standard,H03A_thyroid_preparations,thyroid_hormones,Thyroid hormones,drug
40875324,levothyroxine 0.15 MG Oral Tablet [L Thyroxin 1a Pharma] Box of 100,Drug,RxNorm Extension,standard,H03A_thyroid_preparations,thyroid_hormones,Thyroid hormones,drug
40875877,Iodine 0.2 MG / levothyroxine 0.125 MG Oral Tablet [Eferox] Box of 50,Drug,RxNorm Extension,standard,H03A_thyroid_preparations,thyroid_hormones,Thyroid hormones,drug
40875878,Iodine 0.2 MG / levothyroxine 0.1 MG Oral Tablet [L Thyrox Jod Hexal] Box of 50,Drug,RxNorm Extension,standard,H03A_thyroid_preparations,thyroid_hormones,Thyroid hormones,drug
40875879,Iodine 0.2 MG / levothyroxine 0.15 MG Oral Tablet [Eferox] Box of 50,Drug,RxNorm Extension,standard,H03A_thyroid_preparations,thyroid_hormones,Thyroid hormones,drug
40875880,Iodine 0.2 MG / levothyroxine 0.075 MG Oral Tablet [L Thyrox Jod Aristo] Box of 100,Drug,RxNorm Extension,standard,H03A_thyroid_preparations,thyroid_hormones,Thyroid hormones,drug
40875881,Iodine 0.2 MG / levothyroxine 0.075 MG Oral Tablet [Eferox],Drug,RxNorm Extension,standard,H03A_thyroid_preparations,thyroid_hormones,Thyroid hormones,drug
40875882,Iodine 0.2 MG / levothyroxine 0.112 MG Oral Tablet [Eferox] Box of 100,Drug,RxNorm Extension,standard,H03A_thyroid_preparations,thyroid_hormones,Thyroid hormones,drug
40875883,Iodine 196 MG / levothyroxine 0.05 MG Oral Tablet [L Thyrox Jod Aristo],Drug,RxNorm Extension,standard,H03A_thyroid_preparations,thyroid_hormones,Thyroid hormones,drug
40875884,Iodine 0.099 MG / levothyroxine 0.075 MG Oral Tablet [L Thyroxin Plus Henning],Drug,RxNorm Extension,standard,H03A_thyroid_preparations,thyroid_hormones,Thyroid hormones,drug
40875885,Iodine 196 MG / levothyroxine 0.112 MG Oral Tablet [Eferox],Drug,RxNorm Extension,standard,H03A_thyroid_preparations,thyroid_hormones,Thyroid hormones,drug
40885309,levothyroxine 0.1 MG / liothyronine 0.02 MG Oral Tablet [Novothyral] Box of 100 by Bestphago,Drug,RxNorm Extension,standard,H03A_thyroid_preparations,thyroid_hormones,Thyroid hormones,drug
40885310,levothyroxine 0.075 MG Oral Tablet [L Thyroxin Henning] Box of 1000 by Sanofi,Drug,RxNorm Extension,standard,H03A_thyroid_preparations,thyroid_hormones,Thyroid hormones,drug
40885311,levothyroxine 0.075 MG Oral Tablet [L Thyroxin Henning] Box of 100 by Sanofi,Drug,RxNorm Extension,standard,H03A_thyroid_preparations,thyroid_hormones,Thyroid hormones,drug
40885312,levothyroxine 0.075 MG Oral Tablet [Euthyrox] Box of 100 by Eurim-Pharm,Drug,RxNorm Extension,standard,H03A_thyroid_preparations,thyroid_hormones,Thyroid hormones,drug
40885313,levothyroxine 0.2 MG Oral Tablet [L Thyroxin Winthrop] Box of 100 by Sanofi,Drug,RxNorm Extension,standard,H03A_thyroid_preparations,thyroid_hormones,Thyroid hormones,drug
40885314,levothyroxine 0.2 MG Oral Tablet [L Thyrox Ratiopharm] Box of 100 by Ratiopharm,Drug,RxNorm Extension,standard,H03A_thyroid_preparations,thyroid_hormones,Thyroid hormones,drug
40885315,levothyroxine 0.2 MG Oral Tablet [L Thyroxin Aristo] Box of 50 by Aristo,Drug,RxNorm Extension,standard,H03A_thyroid_preparations,thyroid_hormones,Thyroid hormones,drug
40885316,levothyroxine 0.1 MG Oral Tablet [L Thyroxin Al] Box of 100 by Aliud,Drug,RxNorm Extension,standard,H03A_thyroid_preparations,thyroid_hormones,Thyroid hormones,drug
40885317,levothyroxine 0.05 MG Oral Tablet [L Thyroxin Sandoz] Box of 50 by Novartis,Drug,RxNorm Extension,standard,H03A_thyroid_preparations,thyroid_hormones,Thyroid hormones,drug
40885318,levothyroxine 0.05 MG Oral Tablet [L Thyroxin Beta] Box of 100 by Betapharm,Drug,RxNorm Extension,standard,H03A_thyroid_preparations,thyroid_hormones,Thyroid hormones,drug
40885319,levothyroxine 0.05 MG Oral Tablet [L Thyroxin Al] Box of 100 by Aliud,Drug,RxNorm Extension,standard,H03A_thyroid_preparations,thyroid_hormones,Thyroid hormones,drug
40885320,levothyroxine 0.1 MG Oral Tablet [Euthyrox] Box of 84 by Beragena,Drug,RxNorm Extension,standard,H03A_thyroid_preparations,thyroid_hormones,Thyroid hormones,drug
40885321,levothyroxine 0.088 MG Oral Tablet [L Thyroxin Sandoz] Box of 100 by Novartis,Drug,RxNorm Extension,standard,H03A_thyroid_preparations,thyroid_hormones,Thyroid hormones,drug
40885322,levothyroxine 0.15 MG Oral Tablet [Euthyrox] Box of 100 by Emra-Med,Drug,RxNorm Extension,standard,H03A_thyroid_preparations,thyroid_hormones,Thyroid hormones,drug
40885324,levothyroxine 0.175 MG Oral Tablet [L Thyroxin Na Abz] Box of 100 by AbZ-Pharma,Drug,RxNorm Extension,standard,H03A_thyroid_preparations,thyroid_hormones,Thyroid hormones,drug
40885325,levothyroxine 0.175 MG Oral Tablet [L Thyrox Ratiopharm] Box of 100 by Ratiopharm,Drug,RxNorm Extension,standard,H03A_thyroid_preparations,thyroid_hormones,Thyroid hormones,drug
40885327,levothyroxine 0.05 MG Oral Tablet [L Thyroxin Henning] Box of 500 by Sanofi,Drug,RxNorm Extension,standard,H03A_thyroid_preparations,thyroid_hormones,Thyroid hormones,drug
40885661,Iodine 0.1 MG / thyroid (USP) 48.75 MG Oral Tablet [Thyreohorm] Box of 50 by Ge Hc Buchler,Drug,RxNorm Extension,standard,H03A_thyroid_preparations,thyroid_hormones,Thyroid hormones,drug
40885662,Iodine 0.2 MG / levothyroxine 0.125 MG Oral Tablet [L Thyrox Jod Aristo] Box of 50 by Aristo,Drug,RxNorm Extension,standard,H03A_thyroid_preparations,thyroid_hormones,Thyroid hormones,drug
40885663,Iodine 0.2 MG / levothyroxine 0.1 MG Oral Tablet [Thyronajod] Box of 100 by Sanofi,Drug,RxNorm Extension,standard,H03A_thyroid_preparations,thyroid_hormones,Thyroid hormones,drug
40885664,Iodine 0.2 MG / levothyroxine 0.15 MG Oral Tablet [L Thyrox Jod Aristo] Box of 50 by Aristo,Drug,RxNorm Extension,standard,H03A_thyroid_preparations,thyroid_hormones,Thyroid hormones,drug
40885665,Iodine 0.2 MG / levothyroxine 0.075 MG Oral Tablet [L Thyroxin Jod Winthrop] Box of 100 by Sanofi,Drug,RxNorm Extension,standard,H03A_thyroid_preparations,thyroid_hormones,Thyroid hormones,drug
40885666,Iodine 0.14 MG / levothyroxine 0.1 MG Oral Tablet [Jodthyrox] Box of 100 by Orifarm Leverkus,Drug,RxNorm Extension,standard,H03A_thyroid_preparations,thyroid_hormones,Thyroid hormones,drug
40888706,thyroid (USP) 10 MG,Drug,RxNorm Extension,standard,H03A_thyroid_preparations,thyroid_hormones,Thyroid hormones,drug
40891141,levothyroxine 0.1 MG / liothyronine 0.02 MG [Thyroxin T],Drug,RxNorm Extension,standard,H03A_thyroid_preparations,thyroid_hormones,Thyroid hormones,drug
40891142,levothyroxine 0.2 MG [L Thyroxin Ratiopharm],Drug,RxNorm Extension,standard,H03A_thyroid_preparations,thyroid_hormones,Thyroid hormones,drug
40891143,levothyroxine 0.2 MG [L Thyroxin 1a Pharma],Drug,RxNorm Extension,standard,H03A_thyroid_preparations,thyroid_hormones,Thyroid hormones,drug
40891144,levothyroxine 0.1 MG [L Thyroxin Na Ct],Drug,RxNorm Extension,standard,H03A_thyroid_preparations,thyroid_hormones,Thyroid hormones,drug
40891145,levothyroxine 0.075 MG [Eferox],Drug,RxNorm Extension,standard,H03A_thyroid_preparations,thyroid_hormones,Thyroid hormones,drug
40891146,levothyroxine 0.05 MG [L Thyroxin Ct],Drug,RxNorm Extension,standard,H03A_thyroid_preparations,thyroid_hormones,Thyroid hormones,drug
40891147,levothyroxine 1 MG [L Thyroxin Henning],Drug,RxNorm Extension,standard,H03A_thyroid_preparations,thyroid_hormones,Thyroid hormones,drug
40891148,levothyroxine 0.175 MG [L Thyroxin Sandoz],Drug,RxNorm Extension,standard,H03A_thyroid_preparations,thyroid_hormones,Thyroid hormones,drug
40891149,levothyroxine 0.025 MG [L Thyroxin Na Ct],Drug,RxNorm Extension,standard,H03A_thyroid_preparations,thyroid_hormones,Thyroid hormones,drug
40891151,levothyroxine 0.15 MG [L Thyroxin 1a Pharma],Drug,RxNorm Extension,standard,H03A_thyroid_preparations,thyroid_hormones,Thyroid hormones,drug
40891245,Iodine 0.2 MG / levothyroxine 0.125 MG [L Thyrox Jod Aristo],Drug,RxNorm Extension,standard,H03A_thyroid_preparations,thyroid_hormones,Thyroid hormones,drug
40891246,Iodine 0.2 MG / levothyroxine 0.125 MG [Eferox],Drug,RxNorm Extension,standard,H03A_thyroid_preparations,thyroid_hormones,Thyroid hormones,drug
40891247,Iodine 0.2 MG / levothyroxine 0.15 MG [L Thyroxin Jod Winthrop],Drug,RxNorm Extension,standard,H03A_thyroid_preparations,thyroid_hormones,Thyroid hormones,drug
40891248,Iodine 0.2 MG / levothyroxine 0.075 MG [Thyronajod],Drug,RxNorm Extension,standard,H03A_thyroid_preparations,thyroid_hormones,Thyroid hormones,drug
40891249,Iodine 0.2 MG / levothyroxine 0.112 MG [Eferox],Drug,RxNorm Extension,standard,H03A_thyroid_preparations,thyroid_hormones,Thyroid hormones,drug
40893455,Bos taurus adrenal gland preparation / Bos taurus ovary preparation / hypophysis extract / Pancreas extract / Thymus Extracts / thyroid (USP) Oral Solution,Drug,RxNorm Extension,standard,H03A_thyroid_preparations,thyroid_hormones,Thyroid hormones,drug
40893457,Adrenal cortex extract / Bos taurus ovary preparation / hypophysis extract / thyroid (USP) Oral Tablet,Drug,RxNorm Extension,standard,H03A_thyroid_preparations,thyroid_hormones,Thyroid hormones,drug
40893681,thyroid (USP) Oral Solution [Organ Rs],Drug,RxNorm Extension,standard,H03A_thyroid_preparations,thyroid_hormones,Thyroid hormones,drug
40893682,thyroid (USP) Oral Tablet [Thyreoidin],Drug,RxNorm Extension,standard,H03A_thyroid_preparations,thyroid_hormones,Thyroid hormones,drug
40893683,thyroid (USP) Oral Tablet [Homeda Thyreomeda],Drug,RxNorm Extension,standard,H03A_thyroid_preparations,thyroid_hormones,Thyroid hormones,drug
40894389,liothyronine Oral Tablet [Trijodthyronin],Drug,RxNorm Extension,standard,H03A_thyroid_preparations,thyroid_hormones,Thyroid hormones,drug
40894398,levothyroxine Oral Tablet [L Thyroxin Aristo],Drug,RxNorm Extension,standard,H03A_thyroid_preparations,thyroid_hormones,Thyroid hormones,drug
40894399,levothyroxine Oral Tablet [L Thyroxin Al],Drug,RxNorm Extension,standard,H03A_thyroid_preparations,thyroid_hormones,Thyroid hormones,drug
40894499,Iodine / levothyroxine Oral Tablet [L Thyroxin Plus Henning],Drug,RxNorm Extension,standard,H03A_thyroid_preparations,thyroid_hormones,Thyroid hormones,drug
40894844,levothyroxine Oral Capsule [Skleronorm],Drug,RxNorm Extension,standard,H03A_thyroid_preparations,thyroid_hormones,Thyroid hormones,drug
40896291,thyroid (USP) 97.5 MG Oral Tablet Box of 75,Drug,RxNorm Extension,standard,H03A_thyroid_preparations,thyroid_hormones,Thyroid hormones,drug
40897721,liothyronine 0.02 MG Oral Tablet Box of 300,Drug,RxNorm Extension,standard,H03A_thyroid_preparations,thyroid_hormones,Thyroid hormones,drug
40897739,levothyroxine 0.1 MG / liothyronine 0.02 MG Oral Tablet Box of 350,Drug,RxNorm Extension,standard,H03A_thyroid_preparations,thyroid_hormones,Thyroid hormones,drug
40897740,levothyroxine 0.3 MG Oral Tablet Box of 360,Drug,RxNorm Extension,standard,H03A_thyroid_preparations,thyroid_hormones,Thyroid hormones,drug
40897741,levothyroxine 0.3 MG Oral Tablet Box of 84,Drug,RxNorm Extension,standard,H03A_thyroid_preparations,thyroid_hormones,Thyroid hormones,drug
40897742,levothyroxine 0.075 MG Oral Tablet Box of 50,Drug,RxNorm Extension,standard,H03A_thyroid_preparations,thyroid_hormones,Thyroid hormones,drug
40897743,levothyroxine 0.075 MG Oral Tablet Box of 20,Drug,RxNorm Extension,standard,H03A_thyroid_preparations,thyroid_hormones,Thyroid hormones,drug
40897744,levothyroxine 0.1 MG/ML Injectable Solution Box of 1,Drug,RxNorm Extension,standard,H03A_thyroid_preparations,thyroid_hormones,Thyroid hormones,drug
40897745,levothyroxine 1 MG Oral Tablet Box of 3,Drug,RxNorm Extension,standard,H03A_thyroid_preparations,thyroid_hormones,Thyroid hormones,drug
40897746,levothyroxine 0.175 MG Oral Tablet Box of 98,Drug,RxNorm Extension,standard,H03A_thyroid_preparations,thyroid_hormones,Thyroid hormones,drug
40897908,Iodine 0.2 MG / levothyroxine 0.075 MG Oral Tablet Box of 500,Drug,RxNorm Extension,standard,H03A_thyroid_preparations,thyroid_hormones,Thyroid hormones,drug
40897909,Iodine 196 MG / levothyroxine 0.05 MG Oral Tablet,Drug,RxNorm Extension,standard,H03A_thyroid_preparations,thyroid_hormones,Thyroid hormones,drug
40897910,Iodine 196 MG / levothyroxine 0.075 MG Oral Tablet,Drug,RxNorm Extension,standard,H03A_thyroid_preparations,thyroid_hormones,Thyroid hormones,drug
40900816,Adrenal cortex extract 12 MG / Bos taurus ovary preparation 20 MG / hypophysis extract 3 MG / thyroid (USP) 97.5 MG Oral Tablet Box of 40,Drug,RxNorm Extension,standard,H03A_thyroid_preparations,thyroid_hormones,Thyroid hormones,drug
40901889,thyroid (USP) 48.75 MG Oral Tablet [Thyreoid Dispert],Drug,RxNorm Extension,standard,H03A_thyroid_preparations,thyroid_hormones,Thyroid hormones,drug
40903663,Potassium 60 MG / thyroid (USP) 20 MG Oral Tablet [Thyronorman],Drug,RxNorm Extension,standard,H03A_thyroid_preparations,thyroid_hormones,Thyroid hormones,drug
40906127,liothyronine 0.02 MG Oral Tablet [Thyrotardin] Box of 100,Drug,RxNorm Extension,standard,H03A_thyroid_preparations,thyroid_hormones,Thyroid hormones,drug
40906128,liothyronine 0.1 MG Injectable Suspension [Thyrotardin],Drug,RxNorm Extension,standard,H03A_thyroid_preparations,thyroid_hormones,Thyroid hormones,drug
40906129,liothyronine 0.1 MG Oral Tablet [Thybon Henning],Drug,RxNorm Extension,standard,H03A_thyroid_preparations,thyroid_hormones,Thyroid hormones,drug
40906130,liothyronine 0.02 MG Oral Tablet [Thybon Henning] Box of 50,Drug,RxNorm Extension,standard,H03A_thyroid_preparations,thyroid_hormones,Thyroid hormones,drug
40906131,liothyronine 0.02 MG Oral Tablet [Thybon Henning],Drug,RxNorm Extension,standard,H03A_thyroid_preparations,thyroid_hormones,Thyroid hormones,drug
40906165,levothyroxine 0.025 MG / liothyronine 0.005 MG Oral Tablet [Novothyral] Box of 50,Drug,RxNorm Extension,standard,H03A_thyroid_preparations,thyroid_hormones,Thyroid hormones,drug
40906166,levothyroxine 0.3 MG Oral Tablet [Synthroid] Box of 500,Drug,RxNorm Extension,standard,H03A_thyroid_preparations,thyroid_hormones,Thyroid hormones,drug
40906167,levothyroxine 0.2 MG Oral Tablet [L Thyroxin Winthrop] Box of 50,Drug,RxNorm Extension,standard,H03A_thyroid_preparations,thyroid_hormones,Thyroid hormones,drug
40906168,levothyroxine 0.2 MG Oral Tablet [L Thyroxin Winthrop],Drug,RxNorm Extension,standard,H03A_thyroid_preparations,thyroid_hormones,Thyroid hormones,drug
40906169,levothyroxine 0.2 MG Oral Tablet [L Thyroxin Na Ratiopharm] Box of 100,Drug,RxNorm Extension,standard,H03A_thyroid_preparations,thyroid_hormones,Thyroid hormones,drug
40906170,levothyroxine 0.2 MG Oral Tablet [L Thyroxin 1a Pharma] Box of 50,Drug,RxNorm Extension,standard,H03A_thyroid_preparations,thyroid_hormones,Thyroid hormones,drug
40906171,levothyroxine 0.2 MG Oral Tablet [L Thyrox Ratiopharm] Box of 50,Drug,RxNorm Extension,standard,H03A_thyroid_preparations,thyroid_hormones,Thyroid hormones,drug
40906172,levothyroxine 0.2 MG Oral Tablet [L Thyrox Hexal],Drug,RxNorm Extension,standard,H03A_thyroid_preparations,thyroid_hormones,Thyroid hormones,drug
40906173,levothyroxine 0.2 MG Oral Tablet [Euthyrox] Box of 500,Drug,RxNorm Extension,standard,H03A_thyroid_preparations,thyroid_hormones,Thyroid hormones,drug
40906174,levothyroxine 0.2 MG Oral Tablet [Euthyrox] Box of 100,Drug,RxNorm Extension,standard,H03A_thyroid_preparations,thyroid_hormones,Thyroid hormones,drug
40906176,levothyroxine 0.1 MG Oral Tablet [L Thyroxin Aristo] Box of 50,Drug,RxNorm Extension,standard,H03A_thyroid_preparations,thyroid_hormones,Thyroid hormones,drug
40906177,levothyroxine 0.1 MG Oral Tablet [L Thyrox Hexal] Box of 100,Drug,RxNorm Extension,standard,H03A_thyroid_preparations,thyroid_hormones,Thyroid hormones,drug
40906178,levothyroxine 0.1 MG Oral Tablet [L Thyrox Hexal],Drug,RxNorm Extension,standard,H03A_thyroid_preparations,thyroid_hormones,Thyroid hormones,drug
40906179,levothyroxine 0.1 MG Oral Tablet [Euthyrox] Box of 840,Drug,RxNorm Extension,standard,H03A_thyroid_preparations,thyroid_hormones,Thyroid hormones,drug
40906180,levothyroxine 0.1 MG Oral Tablet [Berlthyrox] Box of 84,Drug,RxNorm Extension,standard,H03A_thyroid_preparations,thyroid_hormones,Thyroid hormones,drug
40906181,levothyroxine 0.075 MG Oral Tablet [L Thyroxin Winthrop] Box of 50,Drug,RxNorm Extension,standard,H03A_thyroid_preparations,thyroid_hormones,Thyroid hormones,drug
40906182,levothyroxine 0.075 MG Oral Tablet [L Thyroxin Na Ct] Box of 50,Drug,RxNorm Extension,standard,H03A_thyroid_preparations,thyroid_hormones,Thyroid hormones,drug
40906183,levothyroxine 0.05 MG Oral Tablet [Lixin] Box of 28,Drug,RxNorm Extension,standard,H03A_thyroid_preparations,thyroid_hormones,Thyroid hormones,drug
40906184,levothyroxine 0.05 MG Oral Tablet [L Thyroxin Ratiopharm] Box of 100,Drug,RxNorm Extension,standard,H03A_thyroid_preparations,thyroid_hormones,Thyroid hormones,drug
40906185,levothyroxine 0.05 MG Oral Tablet [L Thyroxin Ratiopharm],Drug,RxNorm Extension,standard,H03A_thyroid_preparations,thyroid_hormones,Thyroid hormones,drug
40906186,levothyroxine 0.05 MG Oral Tablet [L Thyroxin Al] Box of 100,Drug,RxNorm Extension,standard,H03A_thyroid_preparations,thyroid_hormones,Thyroid hormones,drug
40906187,levothyroxine 0.1 MG/ML Injectable Solution [L Thyroxin Henning],Drug,RxNorm Extension,standard,H03A_thyroid_preparations,thyroid_hormones,Thyroid hormones,drug
40906188,levothyroxine 0.1 MG Oral Tablet [L Thyroxin Henning] Box of 100,Drug,RxNorm Extension,standard,H03A_thyroid_preparations,thyroid_hormones,Thyroid hormones,drug
40906189,levothyroxine 0.1 MG Oral Tablet [Eferox] Box of 20,Drug,RxNorm Extension,standard,H03A_thyroid_preparations,thyroid_hormones,Thyroid hormones,drug
40906190,levothyroxine 0.1 MG Oral Tablet [Berlthyrox] Box of 50,Drug,RxNorm Extension,standard,H03A_thyroid_preparations,thyroid_hormones,Thyroid hormones,drug
40906193,levothyroxine 0.025 MG Oral Tablet [L Thyroxin 1a Pharma],Drug,RxNorm Extension,standard,H03A_thyroid_preparations,thyroid_hormones,Thyroid hormones,drug
40906195,levothyroxine 0.025 MG Oral Tablet [Euthyrox] Box of 84,Drug,RxNorm Extension,standard,H03A_thyroid_preparations,thyroid_hormones,Thyroid hormones,drug
40906196,levothyroxine 0.025 MG Oral Tablet [Eferox] Box of 1,Drug,RxNorm Extension,standard,H03A_thyroid_preparations,thyroid_hormones,Thyroid hormones,drug
40906197,levothyroxine 0.05 MG Oral Tablet [L Thyroxin Henning] Box of 98,Drug,RxNorm Extension,standard,H03A_thyroid_preparations,thyroid_hormones,Thyroid hormones,drug
40906787,Iodine 0.225 MG / levothyroxine 0.0025 MG / liothyronine 0.0015 MG / Lycopus Europaeus 2 MG / Vitamin E 2 MG Oral Tablet [Spongiosal] Box of 50,Drug,RxNorm Extension,standard,H03A_thyroid_preparations,thyroid_hormones,Thyroid hormones,drug
40906788,Iodine 0.2 MG / levothyroxine 0.1 MG Oral Tablet [L Thyroxin Jod Winthrop] Box of 100,Drug,RxNorm Extension,standard,H03A_thyroid_preparations,thyroid_hormones,Thyroid hormones,drug
40906789,Iodine 0.2 MG / levothyroxine 0.1 MG Oral Tablet [L Thyroxin Jod Winthrop] Box of 50,Drug,RxNorm Extension,standard,H03A_thyroid_preparations,thyroid_hormones,Thyroid hormones,drug
40906790,Iodine 0.2 MG / levothyroxine 0.05 MG Oral Tablet [L Thyrox Jod Aristo] Box of 50,Drug,RxNorm Extension,standard,H03A_thyroid_preparations,thyroid_hormones,Thyroid hormones,drug
40906791,Iodine 0.2 MG / levothyroxine 0.05 MG Oral Tablet [Eferox],Drug,RxNorm Extension,standard,H03A_thyroid_preparations,thyroid_hormones,Thyroid hormones,drug
40906792,Iodine 0.2 MG / levothyroxine 0.15 MG Oral Tablet [L Thyrox Jod Aristo],Drug,RxNorm Extension,standard,H03A_thyroid_preparations,thyroid_hormones,Thyroid hormones,drug
40906793,Iodine 0.14 MG / levothyroxine 0.1 MG Oral Tablet [L Thyroxin Jod Betapharm],Drug,RxNorm Extension,standard,H03A_thyroid_preparations,thyroid_hormones,Thyroid hormones,drug
40906794,Iodine 0.14 MG / levothyroxine 0.1 MG Oral Tablet [L Thyroxin Jod 1a Pharma] Box of 100,Drug,RxNorm Extension,standard,H03A_thyroid_preparations,thyroid_hormones,Thyroid hormones,drug
40906795,Iodine 0.14 MG / levothyroxine 0.1 MG Oral Tablet [L Thyrox Jod Aristo] Box of 100,Drug,RxNorm Extension,standard,H03A_thyroid_preparations,thyroid_hormones,Thyroid hormones,drug
40906796,Iodine 0.14 MG / levothyroxine 0.1 MG Oral Tablet [Jodthyrox],Drug,RxNorm Extension,standard,H03A_thyroid_preparations,thyroid_hormones,Thyroid hormones,drug
40906797,Iodine 0.099 MG / levothyroxine 0.05 MG Oral Tablet [L Thyroxin Plus Henning] Box of 50,Drug,RxNorm Extension,standard,H03A_thyroid_preparations,thyroid_hormones,Thyroid hormones,drug
40911560,Bos taurus ovary preparation 30 MG / Bromisoval 150 MG / Theobromine 160 MG / thyroid (USP) 6 MG Oral Tablet [Klimakton] Box of 250,Drug,RxNorm Extension,standard,H03A_thyroid_preparations,thyroid_hormones,Thyroid hormones,drug
40911947,Bellis perennis extract 0.000002 MG/ML / Chelidonium majus extract 0.0000002 MG/ML / Dioscorea villosa tuber extract 0.000002 MG/ML / levothyroxine 0.000000001 MG/ML Oral Solution [Retroplex],Drug,RxNorm Extension,standard,H03A_thyroid_preparations,thyroid_hormones,Thyroid hormones,drug
40912242,Ascorbic Acid 4 MG / Bos taurus ovary preparation 3 MG / Bos taurus testicle preparation 4 MG / Iodine 0.1 MG / Naphthalene 0.0075 MG / Phosphorus 0.0075 MG / Riboflavin 0.2 MG / Saffron Extract 0.00075 MG / ... Oral Tablet [Duralentan] Box of 120,Drug,RxNorm Extension,standard,H03A_thyroid_preparations,thyroid_hormones,Thyroid hormones,drug
40916169,liothyronine 0.02 MG Oral Tablet [Thybon Henning] Box of 50 by Sanofi,Drug,RxNorm Extension,standard,H03A_thyroid_preparations,thyroid_hormones,Thyroid hormones,drug
40916174,levothyroxine 0.1 MG / liothyronine 0.02 MG Oral Tablet [Novothyral] Box of 100 by Repa,Drug,RxNorm Extension,standard,H03A_thyroid_preparations,thyroid_hormones,Thyroid hormones,drug
40916175,levothyroxine 0.1 MG / liothyronine 0.02 MG Oral Tablet [Novothyral] Box of 50 by Emra-Med,Drug,RxNorm Extension,standard,H03A_thyroid_preparations,thyroid_hormones,Thyroid hormones,drug
40916176,levothyroxine 0.075 MG Oral Tablet [Euthyrox] Box of 500 by Mylan,Drug,RxNorm Extension,standard,H03A_thyroid_preparations,thyroid_hormones,Thyroid hormones,drug
40916177,levothyroxine 0.175 MG Oral Tablet [L Thyroxin Henning] Box of 84 by Sanofi,Drug,RxNorm Extension,standard,H03A_thyroid_preparations,thyroid_hormones,Thyroid hormones,drug
40916178,levothyroxine 0.175 MG Oral Tablet [L Thyroxin Aristo] Box of 98 by Aristo,Drug,RxNorm Extension,standard,H03A_thyroid_preparations,thyroid_hormones,Thyroid hormones,drug
40916179,levothyroxine 0.2 MG Oral Tablet [L Thyroxin Aristo] Box of 98 by Aristo,Drug,RxNorm Extension,standard,H03A_thyroid_preparations,thyroid_hormones,Thyroid hormones,drug
40916180,levothyroxine 0.1 MG Oral Tablet [L Thyroxin Ratiopharm] Box of 50 by Ratiopharm,Drug,RxNorm Extension,standard,H03A_thyroid_preparations,thyroid_hormones,Thyroid hormones,drug
40916181,levothyroxine 0.1 MG Oral Tablet [L Thyroxin Na Ct] Box of 50 by AbZ-Pharma,Drug,RxNorm Extension,standard,H03A_thyroid_preparations,thyroid_hormones,Thyroid hormones,drug
40916182,levothyroxine 0.1 MG Oral Tablet [Eutirox] Box of 100 by Emra-Med,Drug,RxNorm Extension,standard,H03A_thyroid_preparations,thyroid_hormones,Thyroid hormones,drug
40916183,levothyroxine 0.075 MG Oral Tablet [L Thyrox Ratiopharm] Box of 100 by Ratiopharm,Drug,RxNorm Extension,standard,H03A_thyroid_preparations,thyroid_hormones,Thyroid hormones,drug
40916184,levothyroxine 0.05 MG Oral Tablet [L Thyroxin Na Ratiopharm] Box of 50 by Ratiopharm,Drug,RxNorm Extension,standard,H03A_thyroid_preparations,thyroid_hormones,Thyroid hormones,drug
40916185,levothyroxine 0.05 MG Oral Tablet [L Thyroxin Na Abz] Box of 100 by AbZ-Pharma,Drug,RxNorm Extension,standard,H03A_thyroid_preparations,thyroid_hormones,Thyroid hormones,drug
40916187,levothyroxine 0.1 MG Oral Tablet [L Thyroxin Henning] Box of 100 by Sanofi,Drug,RxNorm Extension,standard,H03A_thyroid_preparations,thyroid_hormones,Thyroid hormones,drug
40916188,levothyroxine 0.1 MG Oral Tablet [Euthyrox] Box of 336 by Mylan,Drug,RxNorm Extension,standard,H03A_thyroid_preparations,thyroid_hormones,Thyroid hormones,drug
40916189,levothyroxine 0.1 MG Oral Tablet [Eferox] Box of 98 by Aristo,Drug,RxNorm Extension,standard,H03A_thyroid_preparations,thyroid_hormones,Thyroid hormones,drug
40916190,levothyroxine 1 MG Oral Tablet [L Thyroxin Henning] Box of 14 by Sanofi,Drug,RxNorm Extension,standard,H03A_thyroid_preparations,thyroid_hormones,Thyroid hormones,drug
40916191,levothyroxine 0.025 MG Oral Tablet [L Thyroxin Ratiopharm] Box of 50 by Ratiopharm,Drug,RxNorm Extension,standard,H03A_thyroid_preparations,thyroid_hormones,Thyroid hormones,drug
40916192,levothyroxine 0.025 MG Oral Tablet Box of 84 by Berlin-Chemie,Drug,RxNorm Extension,standard,H03A_thyroid_preparations,thyroid_hormones,Thyroid hormones,drug
40916193,levothyroxine 0.025 MG Oral Tablet [Euthyrox] Box of 100 by Mylan,Drug,RxNorm Extension,standard,H03A_thyroid_preparations,thyroid_hormones,Thyroid hormones,drug
40916195,levothyroxine 0.025 MG Oral Tablet [Eferox] Box of 100 by Efeka,Drug,RxNorm Extension,standard,H03A_thyroid_preparations,thyroid_hormones,Thyroid hormones,drug
40916196,levothyroxine 0.05 MG Oral Tablet [L Thyroxin Henning] Box of 1000 by Sanofi,Drug,RxNorm Extension,standard,H03A_thyroid_preparations,thyroid_hormones,Thyroid hormones,drug
40916197,levothyroxine 0.05 MG Oral Tablet [Euthyrox] Box of 336 by Mylan,Drug,RxNorm Extension,standard,H03A_thyroid_preparations,thyroid_hormones,Thyroid hormones,drug
40916198,levothyroxine 0.05 MG Oral Tablet [Eferox] Box of 20 by Pfizer,Drug,RxNorm Extension,standard,H03A_thyroid_preparations,thyroid_hormones,Thyroid hormones,drug
40916556,Iodine 0.2 MG / levothyroxine 0.125 MG Oral Tablet [Thyronajod] Box of 50 by Sanofi,Drug,RxNorm Extension,standard,H03A_thyroid_preparations,thyroid_hormones,Thyroid hormones,drug
40916557,Iodine 0.2 MG / levothyroxine 0.125 MG Oral Tablet [L Thyrox Jod Aristo] Box of 100 by Aristo,Drug,RxNorm Extension,standard,H03A_thyroid_preparations,thyroid_hormones,Thyroid hormones,drug
40916558,Iodine 0.14 MG / levothyroxine 0.1 MG Oral Tablet [Jodthyrox] Box of 100 by Mtk,Drug,RxNorm Extension,standard,H03A_thyroid_preparations,thyroid_hormones,Thyroid hormones,drug
40916559,Iodine 0.099 MG / levothyroxine 0.1 MG Oral Tablet [L Thyroxin Plus Henning] Box of 50 by Sanofi,Drug,RxNorm Extension,standard,H03A_thyroid_preparations,thyroid_hormones,Thyroid hormones,drug
40922164,liothyronine 0.1 MG [Thyrotardin],Drug,RxNorm Extension,standard,H03A_thyroid_preparations,thyroid_hormones,Thyroid hormones,drug
40922176,levothyroxine 0.2 MG [L Thyroxin Na Ct],Drug,RxNorm Extension,standard,H03A_thyroid_preparations,thyroid_hormones,Thyroid hormones,drug
40922177,levothyroxine 0.2 MG [L Thyroxin Aristo],Drug,RxNorm Extension,standard,H03A_thyroid_preparations,thyroid_hormones,Thyroid hormones,drug
40922178,levothyroxine 0.075 MG [L Thyroxin Aristo],Drug,RxNorm Extension,standard,H03A_thyroid_preparations,thyroid_hormones,Thyroid hormones,drug
40922179,levothyroxine 0.1 MG [L Thyroxin Henning],Drug,RxNorm Extension,standard,H03A_thyroid_preparations,thyroid_hormones,Thyroid hormones,drug
40922254,Iodine 0.2 MG / levothyroxine 0.15 MG [L Thyrox Jod Aristo],Drug,RxNorm Extension,standard,H03A_thyroid_preparations,thyroid_hormones,Thyroid hormones,drug
40922255,Iodine 0.2 MG / levothyroxine 0.075 MG [Eferox],Drug,RxNorm Extension,standard,H03A_thyroid_preparations,thyroid_hormones,Thyroid hormones,drug
40924521,Bos taurus adrenal gland preparation / Bos taurus testicle preparation / Glandular Extract Homeopathic / hypophysis extract / Pancreas extract / Thymus Extracts / thyroid (USP) Oral Solution,Drug,RxNorm Extension,standard,H03A_thyroid_preparations,thyroid_hormones,Thyroid hormones,drug
40924722,thyroid (USP) Oral Solution [Thyreoidinum],Drug,RxNorm Extension,standard,H03A_thyroid_preparations,thyroid_hormones,Thyroid hormones,drug
40924723,thyroid (USP) Oral Tablet [Thyreoid Dispert],Drug,RxNorm Extension,standard,H03A_thyroid_preparations,thyroid_hormones,Thyroid hormones,drug
40925409,levothyroxine Oral Tablet [L Thyroxin Ratiopharm],Drug,RxNorm Extension,standard,H03A_thyroid_preparations,thyroid_hormones,Thyroid hormones,drug
40925511,Iodine / levothyroxine Oral Tablet [Thyronajod],Drug,RxNorm Extension,standard,H03A_thyroid_preparations,thyroid_hormones,Thyroid hormones,drug
40927279,thyroid (USP) 300 MG Oral Tablet Box of 20,Drug,RxNorm Extension,standard,H03A_thyroid_preparations,thyroid_hormones,Thyroid hormones,drug
40928808,levothyroxine 0.1 MG / liothyronine 0.01 MG Oral Tablet Box of 500,Drug,RxNorm Extension,standard,H03A_thyroid_preparations,thyroid_hormones,Thyroid hormones,drug
40928809,levothyroxine 0.075 MG / liothyronine 0.015 MG Oral Tablet Box of 50,Drug,RxNorm Extension,standard,H03A_thyroid_preparations,thyroid_hormones,Thyroid hormones,drug
40928811,levothyroxine 0.075 MG Oral Tablet Box of 1000,Drug,RxNorm Extension,standard,H03A_thyroid_preparations,thyroid_hormones,Thyroid hormones,drug
40928812,levothyroxine 0.05 MG Oral Tablet Box of 1,Drug,RxNorm Extension,standard,H03A_thyroid_preparations,thyroid_hormones,Thyroid hormones,drug
40928813,levothyroxine 0.003 MG/ML Oral Solution Box of 1,Drug,RxNorm Extension,standard,H03A_thyroid_preparations,thyroid_hormones,Thyroid hormones,drug
40928814,levothyroxine 0.15 MG Oral Tablet Box of 360,Drug,RxNorm Extension,standard,H03A_thyroid_preparations,thyroid_hormones,Thyroid hormones,drug
40928817,levothyroxine 0.15 MG Oral Tablet Box of 70,Drug,RxNorm Extension,standard,H03A_thyroid_preparations,thyroid_hormones,Thyroid hormones,drug
40929021,Iodine 0.225 MG / levothyroxine 0.0025 MG / liothyronine 0.0015 MG / Lycopus Europaeus 2 MG / Vitamin E 2 MG Oral Tablet Box of 50,Drug,RxNorm Extension,standard,H03A_thyroid_preparations,thyroid_hormones,Thyroid hormones,drug
40929022,Iodine 0.2 MG / levothyroxine 0.125 MG Oral Tablet Box of 100,Drug,RxNorm Extension,standard,H03A_thyroid_preparations,thyroid_hormones,Thyroid hormones,drug
40929023,Iodine 0.2 MG / levothyroxine 0.05 MG Oral Tablet Box of 500,Drug,RxNorm Extension,standard,H03A_thyroid_preparations,thyroid_hormones,Thyroid hormones,drug
40929024,Iodine 0.2 MG / levothyroxine 0.15 MG Oral Tablet Box of 50,Drug,RxNorm Extension,standard,H03A_thyroid_preparations,thyroid_hormones,Thyroid hormones,drug
40929025,Iodine 0.099 MG / levothyroxine 0.05 MG Oral Tablet,Drug,RxNorm Extension,standard,H03A_thyroid_preparations,thyroid_hormones,Thyroid hormones,drug
40931088,Bos taurus ovary preparation 30 MG / Bromisoval 150 MG / Theobromine 160 MG / thyroid (USP) 6 MG Oral Tablet Box of 50,Drug,RxNorm Extension,standard,H03A_thyroid_preparations,thyroid_hormones,Thyroid hormones,drug
40931288,Bellis perennis extract 0.000002 MG/ML / Chelidonium majus extract 0.0000002 MG/ML / Dioscorea villosa tuber extract 0.000002 MG/ML / levothyroxine 0.000000001 MG/ML Oral Solution,Drug,RxNorm Extension,standard,H03A_thyroid_preparations,thyroid_hormones,Thyroid hormones,drug
40931423,Ascorbic Acid 4 MG / Bos taurus ovary preparation 3 MG / Bos taurus testicle preparation 4 MG / Iodine 0.1 MG / Naphthalene 0.0075 MG / Phosphorus 0.0075 MG / Riboflavin 0.2 MG / Saffron Extract 0.00075 MG / Strychnine 0.01 MG / ... Oral Tablet,Drug,RxNorm Extension,standard,H03A_thyroid_preparations,thyroid_hormones,Thyroid hormones,drug
40931877,Bos taurus adrenal gland preparation 0.0000000001 MG/ML / Bos taurus ovary preparation 0.0000000001 MG/ML / hypophysis extract 0.0000000001 MG/ML / Pancreas extract 0.0000000001 MG/ML / Thymus Extracts 0.0000000001 MG/ML / ... Oral Solution,Drug,RxNorm Extension,standard,H03A_thyroid_preparations,thyroid_hormones,Thyroid hormones,drug
40933039,thyroid (USP) 97.5 MG Oral Tablet [Thyreoid Dispert],Drug,RxNorm Extension,standard,H03A_thyroid_preparations,thyroid_hormones,Thyroid hormones,drug
40937531,levothyroxine 0.1 MG / liothyronine 0.01 MG Oral Tablet [Prothyrid] Box of 350,Drug,RxNorm Extension,standard,H03A_thyroid_preparations,thyroid_hormones,Thyroid hormones,drug
40937532,levothyroxine 0.1 MG / liothyronine 0.01 MG Oral Tablet [Prothyrid] Box of 70,Drug,RxNorm Extension,standard,H03A_thyroid_preparations,thyroid_hormones,Thyroid hormones,drug
40937533,levothyroxine 0.1 MG / liothyronine 0.02 MG Oral Tablet [Thyroxin T],Drug,RxNorm Extension,standard,H03A_thyroid_preparations,thyroid_hormones,Thyroid hormones,drug
40937534,levothyroxine 0.1 MG / liothyronine 0.02 MG Oral Tablet [Novothyral] Box of 50,Drug,RxNorm Extension,standard,H03A_thyroid_preparations,thyroid_hormones,Thyroid hormones,drug
40937535,levothyroxine 0.1 MG / liothyronine 0.02 MG Oral Tablet [Novothyral] Box of 20,Drug,RxNorm Extension,standard,H03A_thyroid_preparations,thyroid_hormones,Thyroid hormones,drug
40937536,levothyroxine 0.2 MG Oral Tablet [L Thyroxin Ratiopharm],Drug,RxNorm Extension,standard,H03A_thyroid_preparations,thyroid_hormones,Thyroid hormones,drug
40937537,levothyroxine 0.2 MG Oral Tablet [L Thyroxin Na Abz] Box of 100,Drug,RxNorm Extension,standard,H03A_thyroid_preparations,thyroid_hormones,Thyroid hormones,drug
40937538,levothyroxine 0.2 MG Oral Tablet [L Thyroxin Na Abz],Drug,RxNorm Extension,standard,H03A_thyroid_preparations,thyroid_hormones,Thyroid hormones,drug
40937539,levothyroxine 0.2 MG Oral Tablet [L Thyroxin Beta],Drug,RxNorm Extension,standard,H03A_thyroid_preparations,thyroid_hormones,Thyroid hormones,drug
40937540,levothyroxine 0.2 MG Oral Tablet [L Thyrox Hexal] Box of 50,Drug,RxNorm Extension,standard,H03A_thyroid_preparations,thyroid_hormones,Thyroid hormones,drug
40937542,levothyroxine 0.125 MG Oral Tablet [Euthyrox] Box of 500,Drug,RxNorm Extension,standard,H03A_thyroid_preparations,thyroid_hormones,Thyroid hormones,drug
40937543,levothyroxine 0.125 MG Oral Tablet [Euthyrox] Box of 336,Drug,RxNorm Extension,standard,H03A_thyroid_preparations,thyroid_hormones,Thyroid hormones,drug
40937544,levothyroxine 0.125 MG Oral Tablet [Euthyrox] Box of 100,Drug,RxNorm Extension,standard,H03A_thyroid_preparations,thyroid_hormones,Thyroid hormones,drug
40937545,levothyroxine 0.125 MG Oral Tablet [Euthyrox] Box of 50,Drug,RxNorm Extension,standard,H03A_thyroid_preparations,thyroid_hormones,Thyroid hormones,drug
40937546,levothyroxine 0.1 MG Oral Tablet [L Thyroxin Na Abz] Box of 100,Drug,RxNorm Extension,standard,H03A_thyroid_preparations,thyroid_hormones,Thyroid hormones,drug
40937547,levothyroxine 0.1 MG Oral Tablet [L Thyroxin Al] Box of 100,Drug,RxNorm Extension,standard,H03A_thyroid_preparations,thyroid_hormones,Thyroid hormones,drug
40937548,levothyroxine 0.075 MG Oral Tablet [L Thyrox Ratiopharm] Box of 50,Drug,RxNorm Extension,standard,H03A_thyroid_preparations,thyroid_hormones,Thyroid hormones,drug
40937549,levothyroxine 0.05 MG Oral Tablet [Thevier],Drug,RxNorm Extension,standard,H03A_thyroid_preparations,thyroid_hormones,Thyroid hormones,drug
40937551,levothyroxine 0.05 MG Oral Tablet [L Thyroxin Winthrop] Box of 50,Drug,RxNorm Extension,standard,H03A_thyroid_preparations,thyroid_hormones,Thyroid hormones,drug
40937552,levothyroxine 0.05 MG Oral Tablet [L Thyroxin Na Ratiopharm] Box of 100,Drug,RxNorm Extension,standard,H03A_thyroid_preparations,thyroid_hormones,Thyroid hormones,drug
40937553,levothyroxine 0.05 MG Oral Tablet [Berlthyrox] Box of 84,Drug,RxNorm Extension,standard,H03A_thyroid_preparations,thyroid_hormones,Thyroid hormones,drug
40937554,levothyroxine 0.1 MG/ML Oral Solution [L Thyroxin Henning] Box of 30,Drug,RxNorm Extension,standard,H03A_thyroid_preparations,thyroid_hormones,Thyroid hormones,drug
40937556,levothyroxine 0.088 MG Oral Tablet [L Thyrox Hexal] Box of 100,Drug,RxNorm Extension,standard,H03A_thyroid_preparations,thyroid_hormones,Thyroid hormones,drug
40937558,levothyroxine 0.175 MG Oral Tablet [L Thyroxin Winthrop] Box of 50,Drug,RxNorm Extension,standard,H03A_thyroid_preparations,thyroid_hormones,Thyroid hormones,drug
40937559,levothyroxine 0.175 MG Oral Tablet [L Thyroxin Na Ratiopharm] Box of 50,Drug,RxNorm Extension,standard,H03A_thyroid_preparations,thyroid_hormones,Thyroid hormones,drug
40937560,levothyroxine 0.175 MG Oral Tablet [L Thyroxin Henning] Box of 98,Drug,RxNorm Extension,standard,H03A_thyroid_preparations,thyroid_hormones,Thyroid hormones,drug
40937561,levothyroxine 0.175 MG Oral Tablet [L Thyroxin Aristo] Box of 98,Drug,RxNorm Extension,standard,H03A_thyroid_preparations,thyroid_hormones,Thyroid hormones,drug
40937562,levothyroxine 0.025 MG Oral Tablet [L Thyroxin Winthrop] Box of 100,Drug,RxNorm Extension,standard,H03A_thyroid_preparations,thyroid_hormones,Thyroid hormones,drug
40937563,levothyroxine 0.025 MG Oral Tablet [L Thyroxin Ratiopharm],Drug,RxNorm Extension,standard,H03A_thyroid_preparations,thyroid_hormones,Thyroid hormones,drug
40937564,levothyroxine 0.025 MG Oral Tablet [L Thyroxin Na Ratiopharm] Box of 100,Drug,RxNorm Extension,standard,H03A_thyroid_preparations,thyroid_hormones,Thyroid hormones,drug
40937568,levothyroxine 0.15 MG Oral Tablet [L Thyroxin 1a Pharma] Box of 50,Drug,RxNorm Extension,standard,H03A_thyroid_preparations,thyroid_hormones,Thyroid hormones,drug
40937571,levothyroxine 0.15 MG Oral Tablet [Euthyrox] Box of 100,Drug,RxNorm Extension,standard,H03A_thyroid_preparations,thyroid_hormones,Thyroid hormones,drug
40938164,Iodine 0.2 MG / levothyroxine 0.125 MG Oral Tablet [L Thyroxin Jod Winthrop] Box of 100,Drug,RxNorm Extension,standard,H03A_thyroid_preparations,thyroid_hormones,Thyroid hormones,drug
40938165,Iodine 0.2 MG / levothyroxine 0.125 MG Oral Tablet [Eferox],Drug,RxNorm Extension,standard,H03A_thyroid_preparations,thyroid_hormones,Thyroid hormones,drug
40938166,Iodine 0.2 MG / levothyroxine 0.15 MG Oral Tablet [Thyronajod] Box of 50,Drug,RxNorm Extension,standard,H03A_thyroid_preparations,thyroid_hormones,Thyroid hormones,drug
40938167,Iodine 0.2 MG / levothyroxine 0.15 MG Oral Tablet [Thyronajod],Drug,RxNorm Extension,standard,H03A_thyroid_preparations,thyroid_hormones,Thyroid hormones,drug
40938168,Iodine 0.2 MG / levothyroxine 0.075 MG Oral Tablet [L Thyroxin Jod Winthrop],Drug,RxNorm Extension,standard,H03A_thyroid_preparations,thyroid_hormones,Thyroid hormones,drug
40938169,Iodine 0.2 MG / levothyroxine 0.075 MG Oral Tablet [L Thyrox Jod Hexal] Box of 100,Drug,RxNorm Extension,standard,H03A_thyroid_preparations,thyroid_hormones,Thyroid hormones,drug
40938170,Iodine 0.2 MG / levothyroxine 0.075 MG Oral Tablet [L Thyrox Jod Hexal],Drug,RxNorm Extension,standard,H03A_thyroid_preparations,thyroid_hormones,Thyroid hormones,drug
40938171,Iodine 0.14 MG / levothyroxine 0.1 MG Oral Tablet [L Thyrox Jod Hexal] Box of 100,Drug,RxNorm Extension,standard,H03A_thyroid_preparations,thyroid_hormones,Thyroid hormones,drug
40938172,Iodine 196 MG / levothyroxine 0.125 MG Oral Tablet [Eferox] Box of 100,Drug,RxNorm Extension,standard,H03A_thyroid_preparations,thyroid_hormones,Thyroid hormones,drug
40938173,Iodine 196 MG / levothyroxine 0.125 MG Oral Tablet [Eferox],Drug,RxNorm Extension,standard,H03A_thyroid_preparations,thyroid_hormones,Thyroid hormones,drug
40942814,Bos taurus ovary preparation 30 MG / Bromisoval 150 MG / Theobromine 160 MG / thyroid (USP) 6 MG Oral Tablet [Klimakton] Box of 50,Drug,RxNorm Extension,standard,H03A_thyroid_preparations,thyroid_hormones,Thyroid hormones,drug
40944223,Adrenal cortex extract 12 MG / Bos taurus ovary preparation 20 MG / hypophysis extract 3 MG / thyroid (USP) 97.5 MG Oral Tablet [Lipolysin],Drug,RxNorm Extension,standard,H03A_thyroid_preparations,thyroid_hormones,Thyroid hormones,drug
40947596,levothyroxine 0.1 MG / liothyronine 0.02 MG Oral Tablet [Novothyral] Box of 100 by Mtk,Drug,RxNorm Extension,standard,H03A_thyroid_preparations,thyroid_hormones,Thyroid hormones,drug
40947597,levothyroxine 0.1 MG / liothyronine 0.02 MG Oral Tablet [Novothyral] Box of 100 by Gerke,Drug,RxNorm Extension,standard,H03A_thyroid_preparations,thyroid_hormones,Thyroid hormones,drug
40947598,levothyroxine 0.1 MG / liothyronine 0.02 MG Oral Tablet [Novothyral] Box of 100 by Beragena,Drug,RxNorm Extension,standard,H03A_thyroid_preparations,thyroid_hormones,Thyroid hormones,drug
40947599,levothyroxine 0.075 MG Oral Tablet [L Thyroxin Henning] Box of 84 by Sanofi,Drug,RxNorm Extension,standard,H03A_thyroid_preparations,thyroid_hormones,Thyroid hormones,drug
40947600,levothyroxine 0.075 MG Oral Tablet [Eferox] Box of 100 by Pfizer,Drug,RxNorm Extension,standard,H03A_thyroid_preparations,thyroid_hormones,Thyroid hormones,drug
40947601,levothyroxine 0.075 MG Oral Tablet [Eferox] Box of 50 by Novartis,Drug,RxNorm Extension,standard,H03A_thyroid_preparations,thyroid_hormones,Thyroid hormones,drug
40947602,levothyroxine 0.075 MG Oral Tablet [Berlthyrox] Box of 50 by Berlin-Chemie,Drug,RxNorm Extension,standard,H03A_thyroid_preparations,thyroid_hormones,Thyroid hormones,drug
40947603,levothyroxine 0.2 MG Oral Tablet [L Thyroxin Na Abz] Box of 100 by AbZ-Pharma,Drug,RxNorm Extension,standard,H03A_thyroid_preparations,thyroid_hormones,Thyroid hormones,drug
40947604,levothyroxine 0.175 MG Oral Tablet [Euthyrox] Box of 84 by Mylan,Drug,RxNorm Extension,standard,H03A_thyroid_preparations,thyroid_hormones,Thyroid hormones,drug
40947605,levothyroxine 0.2 MG Oral Tablet [Euthyrox] Box of 84 by Mylan,Drug,RxNorm Extension,standard,H03A_thyroid_preparations,thyroid_hormones,Thyroid hormones,drug
40947606,levothyroxine 0.2 MG Oral Tablet [Euthyrox] Box of 50 by Mylan,Drug,RxNorm Extension,standard,H03A_thyroid_preparations,thyroid_hormones,Thyroid hormones,drug
40947607,levothyroxine 0.1 MG Oral Tablet [L Thyroxin Winthrop] Box of 100 by Sanofi,Drug,RxNorm Extension,standard,H03A_thyroid_preparations,thyroid_hormones,Thyroid hormones,drug
40947608,levothyroxine 0.1 MG Oral Tablet [L Thyrox Ratiopharm] Box of 50 by Ratiopharm,Drug,RxNorm Extension,standard,H03A_thyroid_preparations,thyroid_hormones,Thyroid hormones,drug
40947609,levothyroxine 0.05 MG Oral Tablet [L Thyroxin Na Ct] Box of 50 by AbZ-Pharma,Drug,RxNorm Extension,standard,H03A_thyroid_preparations,thyroid_hormones,Thyroid hormones,drug
40947610,levothyroxine 0.05 MG Oral Tablet [L Thyroxin Beta] Box of 50 by Betapharm,Drug,RxNorm Extension,standard,H03A_thyroid_preparations,thyroid_hormones,Thyroid hormones,drug
40947611,levothyroxine 0.088 MG Oral Tablet [L Thyroxin Na Abz] Box of 100 by AbZ-Pharma,Drug,RxNorm Extension,standard,H03A_thyroid_preparations,thyroid_hormones,Thyroid hormones,drug
40947612,levothyroxine 0.088 MG Oral Tablet [Euthyrox] Box of 100 by Mylan,Drug,RxNorm Extension,standard,H03A_thyroid_preparations,thyroid_hormones,Thyroid hormones,drug
40947613,levothyroxine 0.1 MG Oral Tablet [L Thyroxin Henning] Box of 50 by Sanofi,Drug,RxNorm Extension,standard,H03A_thyroid_preparations,thyroid_hormones,Thyroid hormones,drug
40947614,levothyroxine 0.1 MG Oral Tablet [Berlthyrox] Box of 50 by Berlin-Chemie,Drug,RxNorm Extension,standard,H03A_thyroid_preparations,thyroid_hormones,Thyroid hormones,drug
40947615,levothyroxine 0.025 MG Oral Tablet [L Thyrox Hexal] Box of 100 by Novartis,Drug,RxNorm Extension,standard,H03A_thyroid_preparations,thyroid_hormones,Thyroid hormones,drug
40947616,levothyroxine 0.05 MG Oral Tablet [Euthyrox] Box of 100 by Emra-Med,Drug,RxNorm Extension,standard,H03A_thyroid_preparations,thyroid_hormones,Thyroid hormones,drug
40947941,Iodine 0.15 MG / levothyroxine 0.07 MG / liothyronine 0.01 MG Oral Tablet Box of 40 by Berlin-Chemie,Drug,RxNorm Extension,standard,H03A_thyroid_preparations,thyroid_hormones,Thyroid hormones,drug
40947942,Iodine 0.2 MG / levothyroxine 0.05 MG Oral Tablet [Thyronajod] Box of 100 by Sanofi,Drug,RxNorm Extension,standard,H03A_thyroid_preparations,thyroid_hormones,Thyroid hormones,drug
40947943,Iodine 0.2 MG / levothyroxine 0.05 MG Oral Tablet [L Thyrox Jod Aristo] Box of 50 by Aristo,Drug,RxNorm Extension,standard,H03A_thyroid_preparations,thyroid_hormones,Thyroid hormones,drug
40947944,Iodine 0.2 MG / levothyroxine 0.075 MG Oral Tablet [L Thyrox Jod Aristo] Box of 50 by Aristo,Drug,RxNorm Extension,standard,H03A_thyroid_preparations,thyroid_hormones,Thyroid hormones,drug
40947945,Iodine 0.14 MG / levothyroxine 0.1 MG Oral Tablet [Jodthyrox] Box of 100 by Mevita,Drug,RxNorm Extension,standard,H03A_thyroid_preparations,thyroid_hormones,Thyroid hormones,drug
40947946,Iodine 0.14 MG / levothyroxine 0.1 MG Oral Tablet [Jodthyrox] Box of 100 by Eurim-Pharm,Drug,RxNorm Extension,standard,H03A_thyroid_preparations,thyroid_hormones,Thyroid hormones,drug
40950864,thyroid (USP) 3 MG,Drug,RxNorm Extension,standard,H03A_thyroid_preparations,thyroid_hormones,Thyroid hormones,drug
40952485,thyroid (USP) 48.75 MG [Thyreoid Dispert],Drug,RxNorm Extension,standard,H03A_thyroid_preparations,thyroid_hormones,Thyroid hormones,drug
40952486,thyroid (USP) 300 MG [Thyreoidin],Drug,RxNorm Extension,standard,H03A_thyroid_preparations,thyroid_hormones,Thyroid hormones,drug
40953332,levothyroxine 0.025 MG / liothyronine 0.005 MG [Novothyral],Drug,RxNorm Extension,standard,H03A_thyroid_preparations,thyroid_hormones,Thyroid hormones,drug
40953334,levothyroxine 0.6 MG [L Thyroxin Aristo],Drug,RxNorm Extension,standard,H03A_thyroid_preparations,thyroid_hormones,Thyroid hormones,drug
40953335,levothyroxine 0.1 MG [L Thyroxin Al],Drug,RxNorm Extension,standard,H03A_thyroid_preparations,thyroid_hormones,Thyroid hormones,drug
40953336,levothyroxine 0.05 MG [L Thyroxin Na Abz],Drug,RxNorm Extension,standard,H03A_thyroid_preparations,thyroid_hormones,Thyroid hormones,drug
40953337,levothyroxine 0.05 MG [L Thyrox Hexal],Drug,RxNorm Extension,standard,H03A_thyroid_preparations,thyroid_hormones,Thyroid hormones,drug
40953338,levothyroxine 0.003 MG/ML [L Thyroxin Henning],Drug,RxNorm Extension,standard,H03A_thyroid_preparations,thyroid_hormones,Thyroid hormones,drug
40953339,levothyroxine 0.112 MG [L Thyroxin Na Abz],Drug,RxNorm Extension,standard,H03A_thyroid_preparations,thyroid_hormones,Thyroid hormones,drug
40953341,levothyroxine 0.175 MG [L Thyroxin Aristo],Drug,RxNorm Extension,standard,H03A_thyroid_preparations,thyroid_hormones,Thyroid hormones,drug
40953342,levothyroxine 0.025 MG [L Thyroxin Na Abz],Drug,RxNorm Extension,standard,H03A_thyroid_preparations,thyroid_hormones,Thyroid hormones,drug
40953434,Iodine 0.2 MG / levothyroxine 0.1 MG [L Thyrox Jod Aristo],Drug,RxNorm Extension,standard,H03A_thyroid_preparations,thyroid_hormones,Thyroid hormones,drug
40955173,Iodine / thyroid (USP) Oral Tablet,Drug,RxNorm Extension,standard,H03A_thyroid_preparations,thyroid_hormones,Thyroid hormones,drug
40956656,levothyroxine Injectable Suspension [L Thyroxin Henning],Drug,RxNorm Extension,standard,H03A_thyroid_preparations,thyroid_hormones,Thyroid hormones,drug
40956659,levothyroxine Oral Tablet [Eferox],Drug,RxNorm Extension,standard,H03A_thyroid_preparations,thyroid_hormones,Thyroid hormones,drug
40956754,Iodine / levothyroxine Oral Tablet [Jodthyrox],Drug,RxNorm Extension,standard,H03A_thyroid_preparations,thyroid_hormones,Thyroid hormones,drug
40957894,Ascorbic Acid / Bos taurus ovary preparation / Bos taurus testicle preparation / Iodine / Naphthalene / Phosphorus / Riboflavin / Saffron Extract / Strychnine / Sus scrofa parathyroid gland preparation / Thiamine / ... Oral Tablet [Duralentan],Drug,RxNorm Extension,standard,H03A_thyroid_preparations,thyroid_hormones,Thyroid hormones,drug
40958529,thyroid (USP) 97.5 MG Oral Tablet Box of 500,Drug,RxNorm Extension,standard,H03A_thyroid_preparations,thyroid_hormones,Thyroid hormones,drug
40958530,thyroid (USP) 48.75 MG Oral Tablet Box of 50,Drug,RxNorm Extension,standard,H03A_thyroid_preparations,thyroid_hormones,Thyroid hormones,drug
40958531,thyroid (USP) 48.75 MG Oral Tablet Box of 20,Drug,RxNorm Extension,standard,H03A_thyroid_preparations,thyroid_hormones,Thyroid hormones,drug
40958532,thyroid (USP) 300 MG Oral Tablet Box of 500,Drug,RxNorm Extension,standard,H03A_thyroid_preparations,thyroid_hormones,Thyroid hormones,drug
40960106,liothyronine 0.1 MG Injectable Solution Box of 1,Drug,RxNorm Extension,standard,H03A_thyroid_preparations,thyroid_hormones,Thyroid hormones,drug
40960107,liothyronine 0.05 MG Oral Tablet Box of 60,Drug,RxNorm Extension,standard,H03A_thyroid_preparations,thyroid_hormones,Thyroid hormones,drug
40960133,levothyroxine 0.1 MG / liothyronine 0.01 MG Oral Tablet Box of 50,Drug,RxNorm Extension,standard,H03A_thyroid_preparations,thyroid_hormones,Thyroid hormones,drug
40960134,levothyroxine 0.12 MG / liothyronine 0.03 MG Oral Tablet Box of 100,Drug,RxNorm Extension,standard,H03A_thyroid_preparations,thyroid_hormones,Thyroid hormones,drug
40960135,levothyroxine 0.1 MG Oral Tablet Box of 336,Drug,RxNorm Extension,standard,H03A_thyroid_preparations,thyroid_hormones,Thyroid hormones,drug
40960136,levothyroxine 0.15 MG Oral Tablet Box of 200,Drug,RxNorm Extension,standard,H03A_thyroid_preparations,thyroid_hormones,Thyroid hormones,drug
40960137,levothyroxine 0.15 MG Oral Tablet Box of 100,Drug,RxNorm Extension,standard,H03A_thyroid_preparations,thyroid_hormones,Thyroid hormones,drug
40960138,levothyroxine 0.15 MG Oral Tablet Box of 84,Drug,RxNorm Extension,standard,H03A_thyroid_preparations,thyroid_hormones,Thyroid hormones,drug
40960324,Iodine 0.225 MG / levothyroxine 0.0025 MG / liothyronine 0.0015 MG / Lycopus Europaeus 2 MG / Vitamin E 2 MG Oral Tablet,Drug,RxNorm Extension,standard,H03A_thyroid_preparations,thyroid_hormones,Thyroid hormones,drug
40960325,Iodine 0.225 MG / levothyroxine 0.0025 MG / liothyronine 0.0015 MG / Lycopus Europaeus 4 MG / Vitamin E 2 MG Oral Tablet Box of 50,Drug,RxNorm Extension,standard,H03A_thyroid_preparations,thyroid_hormones,Thyroid hormones,drug
40960326,Iodine 0.15 MG / levothyroxine 0.07 MG / liothyronine 0.01 MG Oral Tablet,Drug,RxNorm Extension,standard,H03A_thyroid_preparations,thyroid_hormones,Thyroid hormones,drug
40961011,levothyroxine 20 MG Oral Capsule Box of 60,Drug,RxNorm Extension,standard,H03A_thyroid_preparations,thyroid_hormones,Thyroid hormones,drug
40962359,Bos taurus ovary preparation 30 MG / Bromisoval 150 MG / Theobromine 160 MG / thyroid (USP) 6 MG Oral Tablet Box of 20,Drug,RxNorm Extension,standard,H03A_thyroid_preparations,thyroid_hormones,Thyroid hormones,drug
40962576,Bellis perennis extract 0.000004 MG/ML / Chelidonium majus extract 0.0000004 MG/ML / Dioscorea villosa tuber extract 0.000004 MG/ML / levothyroxine 0.000000002 MG/ML Oral Solution Box of 1,Drug,RxNorm Extension,standard,H03A_thyroid_preparations,thyroid_hormones,Thyroid hormones,drug
40964276,thyroid (USP) 300 MG Oral Tablet [Thyreoidin],Drug,RxNorm Extension,standard,H03A_thyroid_preparations,thyroid_hormones,Thyroid hormones,drug
40968562,liothyronine 0.1 MG Oral Tablet [Thyrotardin] Box of 20,Drug,RxNorm Extension,standard,H03A_thyroid_preparations,thyroid_hormones,Thyroid hormones,drug
40968563,liothyronine 0.02 MG Oral Tablet [Thybon Henning] Box of 30,Drug,RxNorm Extension,standard,H03A_thyroid_preparations,thyroid_hormones,Thyroid hormones,drug
40968564,liothyronine 0.05 MG Oral Tablet [Trijodthyronin] Box of 100,Drug,RxNorm Extension,standard,H03A_thyroid_preparations,thyroid_hormones,Thyroid hormones,drug
40968599,levothyroxine 0.04 MG / liothyronine 0.01 MG Oral Tablet [Thyreotom] Box of 100,Drug,RxNorm Extension,standard,H03A_thyroid_preparations,thyroid_hormones,Thyroid hormones,drug
40968600,levothyroxine 0.1 MG / liothyronine 0.02 MG Oral Tablet [Novothyral] Box of 500,Drug,RxNorm Extension,standard,H03A_thyroid_preparations,thyroid_hormones,Thyroid hormones,drug
40968601,levothyroxine 0.2 MG Oral Tablet [L Thyroxin Winthrop] Box of 100,Drug,RxNorm Extension,standard,H03A_thyroid_preparations,thyroid_hormones,Thyroid hormones,drug
40968602,levothyroxine 0.2 MG Oral Tablet [L Thyroxin 1a Pharma],Drug,RxNorm Extension,standard,H03A_thyroid_preparations,thyroid_hormones,Thyroid hormones,drug
40968603,levothyroxine 0.2 MG Oral Tablet [L Thyrox Ratiopharm] Box of 100,Drug,RxNorm Extension,standard,H03A_thyroid_preparations,thyroid_hormones,Thyroid hormones,drug
40968604,levothyroxine 0.2 MG Oral Tablet [Euthyrox] Box of 336,Drug,RxNorm Extension,standard,H03A_thyroid_preparations,thyroid_hormones,Thyroid hormones,drug
40968605,levothyroxine 0.2 MG Oral Tablet [L Thyroxin Henning],Drug,RxNorm Extension,standard,H03A_thyroid_preparations,thyroid_hormones,Thyroid hormones,drug
40968606,levothyroxine 0.2 MG Oral Tablet [L Thyroxin Aristo] Box of 50,Drug,RxNorm Extension,standard,H03A_thyroid_preparations,thyroid_hormones,Thyroid hormones,drug
40968607,levothyroxine 0.2 MG Oral Tablet [Eferox] Box of 100,Drug,RxNorm Extension,standard,H03A_thyroid_preparations,thyroid_hormones,Thyroid hormones,drug
40968608,levothyroxine 0.2 MG Oral Tablet [Eferox],Drug,RxNorm Extension,standard,H03A_thyroid_preparations,thyroid_hormones,Thyroid hormones,drug
40968609,levothyroxine 0.1 MG Oral Tablet [L Thyroxin Ratiopharm] Box of 100,Drug,RxNorm Extension,standard,H03A_thyroid_preparations,thyroid_hormones,Thyroid hormones,drug
40968610,levothyroxine 0.1 MG Oral Tablet [L Thyroxin Na Ratiopharm] Box of 50,Drug,RxNorm Extension,standard,H03A_thyroid_preparations,thyroid_hormones,Thyroid hormones,drug
40968611,levothyroxine 0.1 MG Oral Tablet [L Thyroxin Na Ratiopharm],Drug,RxNorm Extension,standard,H03A_thyroid_preparations,thyroid_hormones,Thyroid hormones,drug
40968612,levothyroxine 0.075 MG Oral Tablet [L Thyroxin Na Ct] Box of 100,Drug,RxNorm Extension,standard,H03A_thyroid_preparations,thyroid_hormones,Thyroid hormones,drug
40968613,levothyroxine 0.075 MG Oral Tablet [L Thyroxin Aristo] Box of 98,Drug,RxNorm Extension,standard,H03A_thyroid_preparations,thyroid_hormones,Thyroid hormones,drug
40968614,levothyroxine 0.05 MG Oral Tablet [Synthroid] Box of 100,Drug,RxNorm Extension,standard,H03A_thyroid_preparations,thyroid_hormones,Thyroid hormones,drug
40968615,levothyroxine 0.05 MG Oral Tablet [L Thyroxin Aristo] Box of 100,Drug,RxNorm Extension,standard,H03A_thyroid_preparations,thyroid_hormones,Thyroid hormones,drug
40968616,levothyroxine 0.05 MG Oral Tablet [L Thyrox Ratiopharm] Box of 100,Drug,RxNorm Extension,standard,H03A_thyroid_preparations,thyroid_hormones,Thyroid hormones,drug
40968617,levothyroxine 0.003 MG/ML Oral Solution [L Thyroxin Henning] Box of 1,Drug,RxNorm Extension,standard,H03A_thyroid_preparations,thyroid_hormones,Thyroid hormones,drug
40968618,levothyroxine 0.1 MG Oral Tablet [L Thyroxin Henning] Box of 200,Drug,RxNorm Extension,standard,H03A_thyroid_preparations,thyroid_hormones,Thyroid hormones,drug
40968619,levothyroxine 0.1 MG Oral Tablet [L Thyroxin Henning] Box of 84,Drug,RxNorm Extension,standard,H03A_thyroid_preparations,thyroid_hormones,Thyroid hormones,drug
40968620,levothyroxine 0.1 MG Oral Tablet [L Thyroxin Henning] Box of 50,Drug,RxNorm Extension,standard,H03A_thyroid_preparations,thyroid_hormones,Thyroid hormones,drug
40968621,levothyroxine 0.112 MG Oral Tablet [L Thyroxin 1a Pharma] Box of 50,Drug,RxNorm Extension,standard,H03A_thyroid_preparations,thyroid_hormones,Thyroid hormones,drug
40968623,levothyroxine 0.175 MG Oral Tablet [L Thyroxin Winthrop],Drug,RxNorm Extension,standard,H03A_thyroid_preparations,thyroid_hormones,Thyroid hormones,drug
40968624,levothyroxine 0.175 MG Oral Tablet [L Thyroxin Aristo] Box of 50,Drug,RxNorm Extension,standard,H03A_thyroid_preparations,thyroid_hormones,Thyroid hormones,drug
40968625,levothyroxine 0.175 MG Oral Tablet [Eferox] Box of 100,Drug,RxNorm Extension,standard,H03A_thyroid_preparations,thyroid_hormones,Thyroid hormones,drug
40968626,levothyroxine 0.025 MG Oral Tablet [L Thyroxin Na Abz] Box of 50,Drug,RxNorm Extension,standard,H03A_thyroid_preparations,thyroid_hormones,Thyroid hormones,drug
40968627,levothyroxine 0.025 MG Oral Tablet [L Thyroxin Henning] Box of 56,Drug,RxNorm Extension,standard,H03A_thyroid_preparations,thyroid_hormones,Thyroid hormones,drug
40968628,levothyroxine 0.025 MG Oral Tablet [L Thyrox Hexal] Box of 50,Drug,RxNorm Extension,standard,H03A_thyroid_preparations,thyroid_hormones,Thyroid hormones,drug
40968629,levothyroxine 0.05 MG Oral Tablet [L Thyroxin Henning] Box of 84,Drug,RxNorm Extension,standard,H03A_thyroid_preparations,thyroid_hormones,Thyroid hormones,drug
40968630,levothyroxine 0.05 MG Oral Tablet [L Thyroxin Henning],Drug,RxNorm Extension,standard,H03A_thyroid_preparations,thyroid_hormones,Thyroid hormones,drug
40968632,levothyroxine 0.05 MG Oral Tablet [Euthyrox] Box of 100,Drug,RxNorm Extension,standard,H03A_thyroid_preparations,thyroid_hormones,Thyroid hormones,drug
40968633,levothyroxine 0.05 MG Oral Tablet [Eferox] Box of 20,Drug,RxNorm Extension,standard,H03A_thyroid_preparations,thyroid_hormones,Thyroid hormones,drug
40968636,levothyroxine 0.15 MG Oral Tablet [Euthyrox] Box of 500,Drug,RxNorm Extension,standard,H03A_thyroid_preparations,thyroid_hormones,Thyroid hormones,drug
40969176,Iodine 0.2 MG / levothyroxine 0.05 MG Oral Tablet [L Thyrox Jod Hexal] Box of 100,Drug,RxNorm Extension,standard,H03A_thyroid_preparations,thyroid_hormones,Thyroid hormones,drug
40969177,Iodine 0.14 MG / levothyroxine 0.1 MG Oral Tablet [Jodthyrox] Box of 100,Drug,RxNorm Extension,standard,H03A_thyroid_preparations,thyroid_hormones,Thyroid hormones,drug
40969178,Iodine 196 MG / levothyroxine 0.15 MG Oral Tablet [Eferox] Box of 100,Drug,RxNorm Extension,standard,H03A_thyroid_preparations,thyroid_hormones,Thyroid hormones,drug
40973806,Bos taurus ovary preparation 30 MG / Bromisoval 150 MG / Theobromine 160 MG / thyroid (USP) 6 MG Oral Tablet [Klimakton],Drug,RxNorm Extension,standard,H03A_thyroid_preparations,thyroid_hormones,Thyroid hormones,drug
40978577,liothyronine 0.02 MG Oral Tablet [Thybon Henning] Box of 100 by Sanofi,Drug,RxNorm Extension,standard,H03A_thyroid_preparations,thyroid_hormones,Thyroid hormones,drug
40978582,levothyroxine 0.1 MG / liothyronine 0.02 MG Oral Tablet [Novothyral] Box of 100 by Kohlpharma,Drug,RxNorm Extension,standard,H03A_thyroid_preparations,thyroid_hormones,Thyroid hormones,drug
40978583,levothyroxine 0.112 MG Oral Tablet [Euthyrox] Box of 100 by Mylan,Drug,RxNorm Extension,standard,H03A_thyroid_preparations,thyroid_hormones,Thyroid hormones,drug
40978584,levothyroxine 0.075 MG Oral Tablet [Euthyrox] Box of 50 by Mylan,Drug,RxNorm Extension,standard,H03A_thyroid_preparations,thyroid_hormones,Thyroid hormones,drug
40978585,levothyroxine 0.075 MG Oral Tablet [Eferox] Box of 50 by Aristo,Drug,RxNorm Extension,standard,H03A_thyroid_preparations,thyroid_hormones,Thyroid hormones,drug
40978586,levothyroxine 0.175 MG Oral Tablet [Eferox] Box of 50 by Aristo,Drug,RxNorm Extension,standard,H03A_thyroid_preparations,thyroid_hormones,Thyroid hormones,drug
40978587,levothyroxine 0.2 MG Oral Tablet [L Thyroxin Ratiopharm] Box of 100 by Ratiopharm,Drug,RxNorm Extension,standard,H03A_thyroid_preparations,thyroid_hormones,Thyroid hormones,drug
40978588,levothyroxine 0.2 MG Oral Tablet [L Thyroxin Henning] Box of 84 by Sanofi,Drug,RxNorm Extension,standard,H03A_thyroid_preparations,thyroid_hormones,Thyroid hormones,drug
40978589,levothyroxine 0.1 MG Oral Tablet Box of 50 by Delalande,Drug,RxNorm Extension,standard,H03A_thyroid_preparations,thyroid_hormones,Thyroid hormones,drug
40978590,levothyroxine 0.1 MG Oral Tablet [L Thyroxin Na Abz] Box of 100 by AbZ-Pharma,Drug,RxNorm Extension,standard,H03A_thyroid_preparations,thyroid_hormones,Thyroid hormones,drug
40978591,levothyroxine 0.1 MG Oral Tablet [L Thyroxin Beta] Box of 100 by Betapharm,Drug,RxNorm Extension,standard,H03A_thyroid_preparations,thyroid_hormones,Thyroid hormones,drug
40978592,levothyroxine 0.05 MG Oral Tablet [L Thyroxin Ratiopharm] Box of 50 by Ratiopharm,Drug,RxNorm Extension,standard,H03A_thyroid_preparations,thyroid_hormones,Thyroid hormones,drug
40978593,levothyroxine 0.05 MG Oral Tablet [L Thyroxin Ct] Box of 50 by AbZ-Pharma,Drug,RxNorm Extension,standard,H03A_thyroid_preparations,thyroid_hormones,Thyroid hormones,drug
40978594,levothyroxine 0.1 MG Oral Tablet [Euthyrox] Box of 50 by Kohlpharma,Drug,RxNorm Extension,standard,H03A_thyroid_preparations,thyroid_hormones,Thyroid hormones,drug
40978595,levothyroxine 0.088 MG Oral Tablet [L Thyroxin 1a Pharma] Box of 50 by 1 A,Drug,RxNorm Extension,standard,H03A_thyroid_preparations,thyroid_hormones,Thyroid hormones,drug
40978597,levothyroxine 0.112 MG Oral Tablet [L Thyroxin 1a Pharma] Box of 50 by 1 A,Drug,RxNorm Extension,standard,H03A_thyroid_preparations,thyroid_hormones,Thyroid hormones,drug
40978598,levothyroxine 0.025 MG Oral Tablet [L Thyroxin Henning] Box of 500 by Sanofi,Drug,RxNorm Extension,standard,H03A_thyroid_preparations,thyroid_hormones,Thyroid hormones,drug
40978599,levothyroxine 0.025 MG Oral Tablet [Eferox] Box of 20 by Novartis,Drug,RxNorm Extension,standard,H03A_thyroid_preparations,thyroid_hormones,Thyroid hormones,drug
40978601,levothyroxine 0.175 MG Oral Tablet [L Thyroxin Na Ratiopharm] Box of 50 by Ratiopharm,Drug,RxNorm Extension,standard,H03A_thyroid_preparations,thyroid_hormones,Thyroid hormones,drug
40978602,levothyroxine 0.025 MG Oral Tablet [L Thyroxin 1a Pharma] Box of 50 by 1 A,Drug,RxNorm Extension,standard,H03A_thyroid_preparations,thyroid_hormones,Thyroid hormones,drug
40978603,levothyroxine 0.025 MG Oral Tablet [Eferox] Box of 50 by Aristo,Drug,RxNorm Extension,standard,H03A_thyroid_preparations,thyroid_hormones,Thyroid hormones,drug
40978604,levothyroxine 0.05 MG Oral Tablet [Euthyrox] Box of 50 by Eurim-Pharm,Drug,RxNorm Extension,standard,H03A_thyroid_preparations,thyroid_hormones,Thyroid hormones,drug
40978605,levothyroxine 0.05 MG Oral Tablet [Eferox] Box of 98 by Aristo,Drug,RxNorm Extension,standard,H03A_thyroid_preparations,thyroid_hormones,Thyroid hormones,drug
40978904,Iodine 0.2 MG / levothyroxine 0.05 MG Oral Tablet [L Thyroxin Jod Winthrop] Box of 100 by Sanofi,Drug,RxNorm Extension,standard,H03A_thyroid_preparations,thyroid_hormones,Thyroid hormones,drug
40978905,Iodine 0.14 MG / levothyroxine 0.1 MG Oral Tablet [Jodthyrox] Box of 100 by Mylan,Drug,RxNorm Extension,standard,H03A_thyroid_preparations,thyroid_hormones,Thyroid hormones,drug
40983631,thyroid (USP) 97.5 MG [Thyreoidin],Drug,RxNorm Extension,standard,H03A_thyroid_preparations,thyroid_hormones,Thyroid hormones,drug
40984495,levothyroxine 0.1 MG / liothyronine 0.02 MG [Novothyral],Drug,RxNorm Extension,standard,H03A_thyroid_preparations,thyroid_hormones,Thyroid hormones,drug
40984496,levothyroxine 0.1 MG [Thevier],Drug,RxNorm Extension,standard,H03A_thyroid_preparations,thyroid_hormones,Thyroid hormones,drug
40984497,levothyroxine 0.075 MG [L Thyroxin Sandoz],Drug,RxNorm Extension,standard,H03A_thyroid_preparations,thyroid_hormones,Thyroid hormones,drug
40984498,levothyroxine 0.075 MG [L Thyroxin Na Abz],Drug,RxNorm Extension,standard,H03A_thyroid_preparations,thyroid_hormones,Thyroid hormones,drug
40984499,levothyroxine 0.1 MG [L Thyroxin Aristo],Drug,RxNorm Extension,standard,H03A_thyroid_preparations,thyroid_hormones,Thyroid hormones,drug
40984501,levothyroxine 0.1 MG [Eferox],Drug,RxNorm Extension,standard,H03A_thyroid_preparations,thyroid_hormones,Thyroid hormones,drug
40984502,levothyroxine 0.175 MG [L Thyroxin Na Ct],Drug,RxNorm Extension,standard,H03A_thyroid_preparations,thyroid_hormones,Thyroid hormones,drug
40984605,Iodine 0.2 MG / levothyroxine 0.112 MG [L Thyrox Jod Hexal],Drug,RxNorm Extension,standard,H03A_thyroid_preparations,thyroid_hormones,Thyroid hormones,drug
40984606,Iodine 0.2 MG / levothyroxine 0.112 MG [L Thyrox Jod Aristo],Drug,RxNorm Extension,standard,H03A_thyroid_preparations,thyroid_hormones,Thyroid hormones,drug
40984607,Iodine 0.15 MG / levothyroxine 0.15 MG [L Thyrox Jod Hexal],Drug,RxNorm Extension,standard,H03A_thyroid_preparations,thyroid_hormones,Thyroid hormones,drug
40984608,Iodine 196 MG / levothyroxine 0.075 MG [Eferox],Drug,RxNorm Extension,standard,H03A_thyroid_preparations,thyroid_hormones,Thyroid hormones,drug
40984609,Iodine 0.099 MG / levothyroxine 0.05 MG [L Thyroxin Plus Henning],Drug,RxNorm Extension,standard,H03A_thyroid_preparations,thyroid_hormones,Thyroid hormones,drug
40984999,Scrophularia nodosa extract 12.5 MG / Spongia officinalis preparation 1.25 MG / thyroid (USP) 0.00125 MG [Cefathyreo],Drug,RxNorm Extension,standard,H03A_thyroid_preparations,thyroid_hormones,Thyroid hormones,drug
40985770,Bellis perennis extract 0.000002 MG/ML / Chelidonium majus extract 0.0000002 MG/ML / Dioscorea villosa tuber extract 0.000002 MG/ML / levothyroxine 0.000000001 MG/ML [Retroplex],Drug,RxNorm Extension,standard,H03A_thyroid_preparations,thyroid_hormones,Thyroid hormones,drug
40985859,Ascorbic Acid 4 MG / Bos taurus ovary preparation 3 MG / Bos taurus testicle preparation 4 MG / Iodine 0.1 MG / Naphthalene 0.0075 MG / Phosphorus 0.0075 MG / Riboflavin 0.2 MG / Saffron Extract 0.00075 MG / Strychnine 0.01 MG / ... [Duralentan],Drug,RxNorm Extension,standard,H03A_thyroid_preparations,thyroid_hormones,Thyroid hormones,drug
40986740,Bellis perennis extract / Chelidonium majus extract / Dioscorea villosa tuber extract / levothyroxine Oral Solution,Drug,RxNorm Extension,standard,H03A_thyroid_preparations,thyroid_hormones,Thyroid hormones,drug
40987913,levothyroxine / liothyronine Oral Tablet [Novothyral],Drug,RxNorm Extension,standard,H03A_thyroid_preparations,thyroid_hormones,Thyroid hormones,drug
40987914,levothyroxine Injectable Solution [L Thyroxin Henning],Drug,RxNorm Extension,standard,H03A_thyroid_preparations,thyroid_hormones,Thyroid hormones,drug
40987915,levothyroxine Oral Tablet [Thevier],Drug,RxNorm Extension,standard,H03A_thyroid_preparations,thyroid_hormones,Thyroid hormones,drug
40988350,Scrophularia nodosa extract / Spongia officinalis preparation / thyroid (USP) Oral Tablet [Cefathyreo],Drug,RxNorm Extension,standard,H03A_thyroid_preparations,thyroid_hormones,Thyroid hormones,drug
40988966,Calcium / Equisetum arvense whole extract / ferrous cation / Fumaria officinalis flowering top extract / Gentiana lutea root extract / Geranium robertianum extract / Juglans regia leaf extract / levothyroxine / ... Injectable Solution [Lymphomyosot],Drug,RxNorm Extension,standard,H03A_thyroid_preparations,thyroid_hormones,Thyroid hormones,drug
40989804,thyroid (USP) 300 MG Oral Tablet Box of 60,Drug,RxNorm Extension,standard,H03A_thyroid_preparations,thyroid_hormones,Thyroid hormones,drug
40991353,levothyroxine 0.025 MG / liothyronine 0.005 MG Oral Tablet Box of 500,Drug,RxNorm Extension,standard,H03A_thyroid_preparations,thyroid_hormones,Thyroid hormones,drug
40991354,levothyroxine 0.05 MG/ML Injectable Solution Box of 1,Drug,RxNorm Extension,standard,H03A_thyroid_preparations,thyroid_hormones,Thyroid hormones,drug
40991355,levothyroxine 0.2 MG Oral Tablet Box of 98,Drug,RxNorm Extension,standard,H03A_thyroid_preparations,thyroid_hormones,Thyroid hormones,drug
40991356,levothyroxine 0.2 MG Oral Tablet Box of 50,Drug,RxNorm Extension,standard,H03A_thyroid_preparations,thyroid_hormones,Thyroid hormones,drug
40991357,levothyroxine 0.175 MG Oral Tablet Box of 84,Drug,RxNorm Extension,standard,H03A_thyroid_preparations,thyroid_hormones,Thyroid hormones,drug
40991358,levothyroxine 0.175 MG Oral Tablet Box of 50,Drug,RxNorm Extension,standard,H03A_thyroid_preparations,thyroid_hormones,Thyroid hormones,drug
40991359,levothyroxine 0.15 MG Oral Tablet Box of 336,Drug,RxNorm Extension,standard,H03A_thyroid_preparations,thyroid_hormones,Thyroid hormones,drug
40991360,levothyroxine 0.15 MG Oral Tablet Box of 20,Drug,RxNorm Extension,standard,H03A_thyroid_preparations,thyroid_hormones,Thyroid hormones,drug
40991548,Iodine 0.07 MG / thyroid (USP) 15 MG Oral Tablet Box of 100,Drug,RxNorm Extension,standard,H03A_thyroid_preparations,thyroid_hormones,Thyroid hormones,drug
40991549,Iodine 0.1 MG / thyroid (USP) 48.75 MG Oral Tablet Box of 50,Drug,RxNorm Extension,standard,H03A_thyroid_preparations,thyroid_hormones,Thyroid hormones,drug
40991550,Iodine 0.2 MG / levothyroxine 0.1 MG Oral Tablet Box of 500,Drug,RxNorm Extension,standard,H03A_thyroid_preparations,thyroid_hormones,Thyroid hormones,drug
40991551,Iodine 0.2 MG / levothyroxine 0.088 MG Oral Tablet Box of 100,Drug,RxNorm Extension,standard,H03A_thyroid_preparations,thyroid_hormones,Thyroid hormones,drug
40991552,Iodine 0.14 MG / levothyroxine 0.1 MG Oral Tablet Box of 84,Drug,RxNorm Extension,standard,H03A_thyroid_preparations,thyroid_hormones,Thyroid hormones,drug
40991553,Iodine 196 MG / levothyroxine 0.1 MG Oral Tablet Box of 50,Drug,RxNorm Extension,standard,H03A_thyroid_preparations,thyroid_hormones,Thyroid hormones,drug
40991554,Iodine 0.099 MG / levothyroxine 0.1 MG Oral Tablet,Drug,RxNorm Extension,standard,H03A_thyroid_preparations,thyroid_hormones,Thyroid hormones,drug
40993961,Ascorbic Acid 4 MG / Bos taurus ovary preparation 3 MG / Bos taurus testicle preparation 4 MG / Iodine 0.1 MG / Naphthalene 0.0075 MG / Phosphorus 0.0075 MG / Riboflavin 0.2 MG / Saffron Extract 0.00075 MG / ... Oral Tablet Box of 60,Drug,RxNorm Extension,standard,H03A_thyroid_preparations,thyroid_hormones,Thyroid hormones,drug
40994412,Adrenal cortex extract 12 MG / Bos taurus ovary preparation 20 MG / hypophysis extract 3 MG / thyroid (USP) 97.5 MG Oral Tablet Box of 100,Drug,RxNorm Extension,standard,H03A_thyroid_preparations,thyroid_hormones,Thyroid hormones,drug
40999886,liothyronine 0.02 MG/ML Injectable Solution [Thyrotardin],Drug,RxNorm Extension,standard,H03A_thyroid_preparations,thyroid_hormones,Thyroid hormones,drug
40999920,levothyroxine 0.075 MG / liothyronine 0.015 MG Oral Tablet [Novothyral] Box of 100,Drug,RxNorm Extension,standard,H03A_thyroid_preparations,thyroid_hormones,Thyroid hormones,drug
40999921,levothyroxine 0.1 MG / liothyronine 0.02 MG Oral Tablet [Thyroxin T] Box of 20,Drug,RxNorm Extension,standard,H03A_thyroid_preparations,thyroid_hormones,Thyroid hormones,drug
40999922,levothyroxine 0.2 MG Oral Tablet [L Thyroxin Ratiopharm] Box of 50,Drug,RxNorm Extension,standard,H03A_thyroid_preparations,thyroid_hormones,Thyroid hormones,drug
40999923,levothyroxine 0.2 MG Oral Tablet [L Thyroxin Henning] Box of 490,Drug,RxNorm Extension,standard,H03A_thyroid_preparations,thyroid_hormones,Thyroid hormones,drug
40999924,levothyroxine 0.6 MG Oral Tablet [L Thyroxin Aristo],Drug,RxNorm Extension,standard,H03A_thyroid_preparations,thyroid_hormones,Thyroid hormones,drug
40999925,levothyroxine 0.1 MG Oral Tablet [Thevier] Box of 1200,Drug,RxNorm Extension,standard,H03A_thyroid_preparations,thyroid_hormones,Thyroid hormones,drug
40999926,levothyroxine 0.1 MG Oral Tablet [Thevier] Box of 1000,Drug,RxNorm Extension,standard,H03A_thyroid_preparations,thyroid_hormones,Thyroid hormones,drug
40999927,levothyroxine 0.1 MG Oral Tablet [Synthroid] Box of 500,Drug,RxNorm Extension,standard,H03A_thyroid_preparations,thyroid_hormones,Thyroid hormones,drug
40999928,levothyroxine 0.1 MG Oral Tablet [L Thyroxin Ratiopharm] Box of 50,Drug,RxNorm Extension,standard,H03A_thyroid_preparations,thyroid_hormones,Thyroid hormones,drug
40999929,levothyroxine 0.1 MG Oral Tablet [L Thyroxin Ratiopharm],Drug,RxNorm Extension,standard,H03A_thyroid_preparations,thyroid_hormones,Thyroid hormones,drug
40999930,levothyroxine 0.1 MG Oral Tablet [L Thyroxin Ct],Drug,RxNorm Extension,standard,H03A_thyroid_preparations,thyroid_hormones,Thyroid hormones,drug
40999931,levothyroxine 0.1 MG Oral Tablet [Eferox] Box of 100,Drug,RxNorm Extension,standard,H03A_thyroid_preparations,thyroid_hormones,Thyroid hormones,drug
40999932,levothyroxine 0.075 MG Oral Tablet [L Thyroxin Sandoz],Drug,RxNorm Extension,standard,H03A_thyroid_preparations,thyroid_hormones,Thyroid hormones,drug
40999933,levothyroxine 0.075 MG Oral Tablet [L Thyroxin 1a Pharma] Box of 100,Drug,RxNorm Extension,standard,H03A_thyroid_preparations,thyroid_hormones,Thyroid hormones,drug
40999934,levothyroxine 0.075 MG Oral Tablet [L Thyrox Hexal] Box of 100,Drug,RxNorm Extension,standard,H03A_thyroid_preparations,thyroid_hormones,Thyroid hormones,drug
40999935,levothyroxine 0.075 MG Oral Tablet [Euthyrox] Box of 100,Drug,RxNorm Extension,standard,H03A_thyroid_preparations,thyroid_hormones,Thyroid hormones,drug
40999936,levothyroxine 0.075 MG Oral Tablet [Eferox] Box of 100,Drug,RxNorm Extension,standard,H03A_thyroid_preparations,thyroid_hormones,Thyroid hormones,drug
40999937,levothyroxine 0.05 MG Oral Tablet [L Thyroxin Na Abz] Box of 100,Drug,RxNorm Extension,standard,H03A_thyroid_preparations,thyroid_hormones,Thyroid hormones,drug
40999938,levothyroxine 0.05 MG Oral Tablet [L Thyroxin Na Abz] Box of 50,Drug,RxNorm Extension,standard,H03A_thyroid_preparations,thyroid_hormones,Thyroid hormones,drug
40999939,levothyroxine 0.05 MG Oral Tablet [L Thyroxin Ct] Box of 100,Drug,RxNorm Extension,standard,H03A_thyroid_preparations,thyroid_hormones,Thyroid hormones,drug
40999940,levothyroxine 0.05 MG Oral Tablet [L Thyrox Hexal] Box of 50,Drug,RxNorm Extension,standard,H03A_thyroid_preparations,thyroid_hormones,Thyroid hormones,drug
40999941,levothyroxine 0.112 MG Oral Tablet [L Thyroxin Na Ratiopharm] Box of 100,Drug,RxNorm Extension,standard,H03A_thyroid_preparations,thyroid_hormones,Thyroid hormones,drug
40999942,levothyroxine 0.112 MG Oral Tablet [L Thyrox Hexal],Drug,RxNorm Extension,standard,H03A_thyroid_preparations,thyroid_hormones,Thyroid hormones,drug
40999943,levothyroxine 0.175 MG Oral Tablet [L Thyroxin Na Ratiopharm],Drug,RxNorm Extension,standard,H03A_thyroid_preparations,thyroid_hormones,Thyroid hormones,drug
40999944,levothyroxine 0.175 MG Oral Tablet [L Thyroxin 1a Pharma] Box of 100,Drug,RxNorm Extension,standard,H03A_thyroid_preparations,thyroid_hormones,Thyroid hormones,drug
40999945,levothyroxine 0.025 MG Oral Tablet [L Thyroxin Na Abz],Drug,RxNorm Extension,standard,H03A_thyroid_preparations,thyroid_hormones,Thyroid hormones,drug
40999946,levothyroxine 0.025 MG Oral Tablet [L Thyroxin Henning] Box of 500,Drug,RxNorm Extension,standard,H03A_thyroid_preparations,thyroid_hormones,Thyroid hormones,drug
40999947,levothyroxine 0.025 MG Oral Tablet [L Thyroxin Henning] Box of 98,Drug,RxNorm Extension,standard,H03A_thyroid_preparations,thyroid_hormones,Thyroid hormones,drug
40999949,levothyroxine 0.025 MG Oral Tablet [Eferox] Box of 20,Drug,RxNorm Extension,standard,H03A_thyroid_preparations,thyroid_hormones,Thyroid hormones,drug
40999950,levothyroxine 0.05 MG Oral Tablet [Eferox],Drug,RxNorm Extension,standard,H03A_thyroid_preparations,thyroid_hormones,Thyroid hormones,drug
40999953,levothyroxine 0.15 MG Oral Tablet [Euthyrox] Box of 360,Drug,RxNorm Extension,standard,H03A_thyroid_preparations,thyroid_hormones,Thyroid hormones,drug
40999954,levothyroxine 0.15 MG Oral Tablet [Euthyrox] Box of 50,Drug,RxNorm Extension,standard,H03A_thyroid_preparations,thyroid_hormones,Thyroid hormones,drug
41000485,Iodine 0.2 MG / levothyroxine 0.15 MG Oral Tablet [Eferox] Box of 100,Drug,RxNorm Extension,standard,H03A_thyroid_preparations,thyroid_hormones,Thyroid hormones,drug
41000486,Iodine 0.15 MG / levothyroxine 0.15 MG Oral Tablet [L Thyrox Jod Hexal] Box of 100,Drug,RxNorm Extension,standard,H03A_thyroid_preparations,thyroid_hormones,Thyroid hormones,drug
41000487,Iodine 0.14 MG / levothyroxine 0.1 MG Oral Tablet [L Thyroxin Jod Betapharm] Box of 100,Drug,RxNorm Extension,standard,H03A_thyroid_preparations,thyroid_hormones,Thyroid hormones,drug
41000488,Iodine 0.14 MG / levothyroxine 0.1 MG Oral Tablet [L Thyroxin Jod 1a Pharma],Drug,RxNorm Extension,standard,H03A_thyroid_preparations,thyroid_hormones,Thyroid hormones,drug
41000489,Iodine 0.14 MG / levothyroxine 0.1 MG Oral Tablet [L Thyrox Jod Hexal] Box of 50,Drug,RxNorm Extension,standard,H03A_thyroid_preparations,thyroid_hormones,Thyroid hormones,drug
41000490,Iodine 196 MG / levothyroxine 0.15 MG Oral Tablet [Eferox],Drug,RxNorm Extension,standard,H03A_thyroid_preparations,thyroid_hormones,Thyroid hormones,drug
41000491,Iodine 196 MG / levothyroxine 0.088 MG Oral Tablet [Eferox] Box of 100,Drug,RxNorm Extension,standard,H03A_thyroid_preparations,thyroid_hormones,Thyroid hormones,drug
41000492,Iodine 0.099 MG / levothyroxine 0.075 MG Oral Tablet [L Thyroxin Plus Henning] Box of 50,Drug,RxNorm Extension,standard,H03A_thyroid_preparations,thyroid_hormones,Thyroid hormones,drug
41005565,Bellis perennis extract 0.000002 MG/ML / Chelidonium majus extract 0.0000002 MG/ML / Dioscorea villosa tuber extract 0.000002 MG/ML / levothyroxine 0.000000001 MG/ML Oral Solution [Retroplex] Box of 1,Drug,RxNorm Extension,standard,H03A_thyroid_preparations,thyroid_hormones,Thyroid hormones,drug
41006529,Adrenal cortex extract 12 MG / Bos taurus testicle preparation 20 MG / hypophysis extract 3 MG / thyroid (USP) 97.5 MG Oral Tablet [Lipolysin],Drug,RxNorm Extension,standard,H03A_thyroid_preparations,thyroid_hormones,Thyroid hormones,drug
41009912,levothyroxine 0.1 MG / liothyronine 0.02 MG Oral Tablet [Novothyral] Box of 100 by Axicorp,Drug,RxNorm Extension,standard,H03A_thyroid_preparations,thyroid_hormones,Thyroid hormones,drug
41009913,levothyroxine 0.175 MG Oral Tablet [L Thyroxin Ratiopharm] Box of 100 by Ratiopharm,Drug,RxNorm Extension,standard,H03A_thyroid_preparations,thyroid_hormones,Thyroid hormones,drug
41009914,levothyroxine 0.175 MG Oral Tablet [L Thyroxin Ratiopharm] Box of 50 by Ratiopharm,Drug,RxNorm Extension,standard,H03A_thyroid_preparations,thyroid_hormones,Thyroid hormones,drug
41009915,levothyroxine 0.175 MG Oral Tablet [L Thyroxin Henning] Box of 98 by Sanofi,Drug,RxNorm Extension,standard,H03A_thyroid_preparations,thyroid_hormones,Thyroid hormones,drug
41009916,levothyroxine 0.1 MG Oral Tablet [L Thyroxin Winthrop] Box of 50 by Sanofi,Drug,RxNorm Extension,standard,H03A_thyroid_preparations,thyroid_hormones,Thyroid hormones,drug
41009917,levothyroxine 0.1 MG Oral Tablet [L Thyroxin Na Ratiopharm] Box of 50 by Ratiopharm,Drug,RxNorm Extension,standard,H03A_thyroid_preparations,thyroid_hormones,Thyroid hormones,drug
41009918,levothyroxine 0.1 MG Oral Tablet [L Thyroxin Na Ct] Box of 100 by AbZ-Pharma,Drug,RxNorm Extension,standard,H03A_thyroid_preparations,thyroid_hormones,Thyroid hormones,drug
41009919,levothyroxine 0.1 MG Oral Tablet [Eferox] Box of 50 by Aristo,Drug,RxNorm Extension,standard,H03A_thyroid_preparations,thyroid_hormones,Thyroid hormones,drug
41009920,levothyroxine 0.05 MG Oral Tablet [L Thyroxin Winthrop] Box of 100 by Sanofi,Drug,RxNorm Extension,standard,H03A_thyroid_preparations,thyroid_hormones,Thyroid hormones,drug
41009921,levothyroxine 0.05 MG Oral Tablet [Eferox] Box of 100 by Aristo,Drug,RxNorm Extension,standard,H03A_thyroid_preparations,thyroid_hormones,Thyroid hormones,drug
41009922,levothyroxine 0.1 MG Oral Tablet [L Thyroxin Henning] Box of 84 by Sanofi,Drug,RxNorm Extension,standard,H03A_thyroid_preparations,thyroid_hormones,Thyroid hormones,drug
41009923,levothyroxine 0.1 MG Oral Tablet [Euthyrox] Box of 100 by Emra-Med,Drug,RxNorm Extension,standard,H03A_thyroid_preparations,thyroid_hormones,Thyroid hormones,drug
41009924,levothyroxine 0.025 MG Oral Tablet Box of 100 by Berlin-Chemie,Drug,RxNorm Extension,standard,H03A_thyroid_preparations,thyroid_hormones,Thyroid hormones,drug
41009925,levothyroxine 0.15 MG Oral Tablet [Euthyrox] Box of 50 by Eurim-Pharm,Drug,RxNorm Extension,standard,H03A_thyroid_preparations,thyroid_hormones,Thyroid hormones,drug
41009926,levothyroxine 0.175 MG Oral Tablet [L Thyroxin Winthrop] Box of 100 by Sanofi,Drug,RxNorm Extension,standard,H03A_thyroid_preparations,thyroid_hormones,Thyroid hormones,drug
41009927,levothyroxine 0.025 MG Oral Tablet [L Thyroxin Na Ct] Box of 100 by AbZ-Pharma,Drug,RxNorm Extension,standard,H03A_thyroid_preparations,thyroid_hormones,Thyroid hormones,drug
41009928,levothyroxine 0.025 MG Oral Tablet [L Thyrox Ratiopharm] Box of 50 by Ratiopharm,Drug,RxNorm Extension,standard,H03A_thyroid_preparations,thyroid_hormones,Thyroid hormones,drug
41009929,levothyroxine 0.025 MG Oral Tablet [Eferox] Box of 100 by Pfizer,Drug,RxNorm Extension,standard,H03A_thyroid_preparations,thyroid_hormones,Thyroid hormones,drug
41010242,Iodine 0.2 MG / levothyroxine 0.125 MG Oral Tablet [L Thyroxin Jod Winthrop] Box of 100 by Sanofi,Drug,RxNorm Extension,standard,H03A_thyroid_preparations,thyroid_hormones,Thyroid hormones,drug
41010243,Iodine 0.099 MG / levothyroxine 0.05 MG Oral Tablet [L Thyroxin Plus Henning] Box of 100 by Sanofi,Drug,RxNorm Extension,standard,H03A_thyroid_preparations,thyroid_hormones,Thyroid hormones,drug
41013272,thyroid (USP) 0.0000000001 MG/ML,Drug,RxNorm Extension,standard,H03A_thyroid_preparations,thyroid_hormones,Thyroid hormones,drug
41015668,levothyroxine 0.075 MG / liothyronine 0.015 MG [Novothyral],Drug,RxNorm Extension,standard,H03A_thyroid_preparations,thyroid_hormones,Thyroid hormones,drug
41015669,levothyroxine 0.2 MG [Eferox],Drug,RxNorm Extension,standard,H03A_thyroid_preparations,thyroid_hormones,Thyroid hormones,drug
41015670,levothyroxine 0.075 MG [L Thyroxin Winthrop],Drug,RxNorm Extension,standard,H03A_thyroid_preparations,thyroid_hormones,Thyroid hormones,drug
41015671,levothyroxine 0.1 MG/ML [L Thyroxin Henning],Drug,RxNorm Extension,standard,H03A_thyroid_preparations,thyroid_hormones,Thyroid hormones,drug
41015672,levothyroxine 0.175 MG [L Thyroxin Henning],Drug,RxNorm Extension,standard,H03A_thyroid_preparations,thyroid_hormones,Thyroid hormones,drug
41015673,levothyroxine 0.025 MG [L Thyroxin Sandoz],Drug,RxNorm Extension,standard,H03A_thyroid_preparations,thyroid_hormones,Thyroid hormones,drug
41015674,levothyroxine 0.025 MG [L Thyroxin 1a Pharma],Drug,RxNorm Extension,standard,H03A_thyroid_preparations,thyroid_hormones,Thyroid hormones,drug
41015765,Iodine 0.14 MG / levothyroxine 0.1 MG [L Thyrox Jod Aristo],Drug,RxNorm Extension,standard,H03A_thyroid_preparations,thyroid_hormones,Thyroid hormones,drug
41017398,Iodine / levothyroxine / liothyronine / Lycopus Europaeus / Vitamin E Oral Tablet,Drug,RxNorm Extension,standard,H03A_thyroid_preparations,thyroid_hormones,Thyroid hormones,drug
41017399,Iodine / levothyroxine Oral Tablet,Drug,RxNorm Extension,standard,H03A_thyroid_preparations,thyroid_hormones,Thyroid hormones,drug
41017435,Hedera helix flowering twig extract / Iodine / Leonurus cardiaca extract / Lycopus virginicus extract / Spongilla lacustris extract / thyroid (USP) Oral Solution,Drug,RxNorm Extension,standard,H03A_thyroid_preparations,thyroid_hormones,Thyroid hormones,drug
41017830,Ascorbic Acid / Bos taurus ovary preparation / Bos taurus testicle preparation / Iodine / Naphthalene / Phosphorus / Riboflavin / Saffron Extract / Strychnine / Sus scrofa parathyroid gland preparation / Thiamine / thyroid (USP) Oral Tablet,Drug,RxNorm Extension,standard,H03A_thyroid_preparations,thyroid_hormones,Thyroid hormones,drug
41018883,levothyroxine / liothyronine Oral Tablet [Thyreotom],Drug,RxNorm Extension,standard,H03A_thyroid_preparations,thyroid_hormones,Thyroid hormones,drug
41020766,thyroid (USP) 48.75 MG Oral Tablet Box of 500,Drug,RxNorm Extension,standard,H03A_thyroid_preparations,thyroid_hormones,Thyroid hormones,drug
41021367,Potassium 60 MG / thyroid (USP) 20 MG Oral Tablet Box of 100,Drug,RxNorm Extension,standard,H03A_thyroid_preparations,thyroid_hormones,Thyroid hormones,drug
41021368,Potassium 60 MG / thyroid (USP) 20 MG Oral Tablet Box of 50,Drug,RxNorm Extension,standard,H03A_thyroid_preparations,thyroid_hormones,Thyroid hormones,drug
41022267,liothyronine 0.1 MG Injectable Suspension,Drug,RxNorm Extension,standard,H03A_thyroid_preparations,thyroid_hormones,Thyroid hormones,drug
41022292,levothyroxine 0.1 MG / liothyronine 0.01 MG Oral Tablet Box of 200,Drug,RxNorm Extension,standard,H03A_thyroid_preparations,thyroid_hormones,Thyroid hormones,drug
41022293,levothyroxine 0.025 MG / liothyronine 0.005 MG Oral Tablet Box of 50,Drug,RxNorm Extension,standard,H03A_thyroid_preparations,thyroid_hormones,Thyroid hormones,drug
41022294,levothyroxine 0.12 MG / liothyronine 0.03 MG Oral Tablet Box of 50,Drug,RxNorm Extension,standard,H03A_thyroid_preparations,thyroid_hormones,Thyroid hormones,drug
41022295,levothyroxine 100 MG Oral Tablet,Drug,RxNorm Extension,standard,H03A_thyroid_preparations,thyroid_hormones,Thyroid hormones,drug
41022296,levothyroxine 0.05 MG/ML Injectable Solution,Drug,RxNorm Extension,standard,H03A_thyroid_preparations,thyroid_hormones,Thyroid hormones,drug
41022297,levothyroxine 0.1 MG/ML Injectable Suspension Box of 1,Drug,RxNorm Extension,standard,H03A_thyroid_preparations,thyroid_hormones,Thyroid hormones,drug
41022298,levothyroxine 0.125 MG Oral Tablet Box of 336,Drug,RxNorm Extension,standard,H03A_thyroid_preparations,thyroid_hormones,Thyroid hormones,drug
41022299,levothyroxine 0.1 MG Oral Tablet Box of 490,Drug,RxNorm Extension,standard,H03A_thyroid_preparations,thyroid_hormones,Thyroid hormones,drug
41022300,levothyroxine 0.05 MG Oral Tablet Box of 70,Drug,RxNorm Extension,standard,H03A_thyroid_preparations,thyroid_hormones,Thyroid hormones,drug
41022301,levothyroxine 0.088 MG Oral Tablet Box of 50,Drug,RxNorm Extension,standard,H03A_thyroid_preparations,thyroid_hormones,Thyroid hormones,drug
41022302,levothyroxine 0.15 MG Oral Tablet Box of 490,Drug,RxNorm Extension,standard,H03A_thyroid_preparations,thyroid_hormones,Thyroid hormones,drug
41022303,levothyroxine 0.15 MG Oral Tablet Box of 56,Drug,RxNorm Extension,standard,H03A_thyroid_preparations,thyroid_hormones,Thyroid hormones,drug
41022512,Iodine 0.2 MG / levothyroxine 0.125 MG Oral Tablet Box of 500,Drug,RxNorm Extension,standard,H03A_thyroid_preparations,thyroid_hormones,Thyroid hormones,drug
41022513,Iodine 0.2 MG / levothyroxine 0.05 MG Oral Tablet,Drug,RxNorm Extension,standard,H03A_thyroid_preparations,thyroid_hormones,Thyroid hormones,drug
41022514,Iodine 0.2 MG / levothyroxine 0.075 MG Oral Tablet Box of 100,Drug,RxNorm Extension,standard,H03A_thyroid_preparations,thyroid_hormones,Thyroid hormones,drug
41022515,Iodine 0.2 MG / levothyroxine 0.075 MG Oral Tablet Box of 50,Drug,RxNorm Extension,standard,H03A_thyroid_preparations,thyroid_hormones,Thyroid hormones,drug
41022516,Iodine 196 MG / levothyroxine 0.1 MG Oral Tablet Box of 100,Drug,RxNorm Extension,standard,H03A_thyroid_preparations,thyroid_hormones,Thyroid hormones,drug
41022517,Iodine 0.099 MG / levothyroxine 0.05 MG Oral Tablet Box of 100,Drug,RxNorm Extension,standard,H03A_thyroid_preparations,thyroid_hormones,Thyroid hormones,drug
41024608,Bos taurus ovary preparation 30 MG / Bromisoval 150 MG / Theobromine 160 MG / thyroid (USP) 6 MG Oral Tablet Box of 250,Drug,RxNorm Extension,standard,H03A_thyroid_preparations,thyroid_hormones,Thyroid hormones,drug
41024821,Bellis perennis extract 0.000004 MG/ML / Chelidonium majus extract 0.0000004 MG/ML / Dioscorea villosa tuber extract 0.000004 MG/ML / levothyroxine 0.000000002 MG/ML Oral Solution,Drug,RxNorm Extension,standard,H03A_thyroid_preparations,thyroid_hormones,Thyroid hormones,drug
41028403,Potassium 60 MG / thyroid (USP) 20 MG Oral Tablet [Thyronorman] Box of 100,Drug,RxNorm Extension,standard,H03A_thyroid_preparations,thyroid_hormones,Thyroid hormones,drug
41030944,liothyronine 0.1 MG Oral Tablet [Thyrotardin],Drug,RxNorm Extension,standard,H03A_thyroid_preparations,thyroid_hormones,Thyroid hormones,drug
41030945,liothyronine 0.1 MG Oral Tablet [Thybon Henning] Box of 100,Drug,RxNorm Extension,standard,H03A_thyroid_preparations,thyroid_hormones,Thyroid hormones,drug
41030946,liothyronine 0.1 MG Oral Tablet [Thybon Henning] Box of 20,Drug,RxNorm Extension,standard,H03A_thyroid_preparations,thyroid_hormones,Thyroid hormones,drug
41030985,levothyroxine 0.04 MG / liothyronine 0.01 MG Oral Tablet [Thyreotom],Drug,RxNorm Extension,standard,H03A_thyroid_preparations,thyroid_hormones,Thyroid hormones,drug
41030986,levothyroxine 0.1 MG / liothyronine 0.01 MG Oral Tablet [Prothyrid] Box of 100,Drug,RxNorm Extension,standard,H03A_thyroid_preparations,thyroid_hormones,Thyroid hormones,drug
41030987,levothyroxine 0.12 MG / liothyronine 0.03 MG Oral Tablet [Thyreotom],Drug,RxNorm Extension,standard,H03A_thyroid_preparations,thyroid_hormones,Thyroid hormones,drug
41030988,levothyroxine 0.1 MG / liothyronine 0.02 MG Oral Tablet [Thyroxin T] Box of 350,Drug,RxNorm Extension,standard,H03A_thyroid_preparations,thyroid_hormones,Thyroid hormones,drug
41030989,levothyroxine 0.2 MG Oral Tablet [L Thyroxin Na Ct] Box of 100,Drug,RxNorm Extension,standard,H03A_thyroid_preparations,thyroid_hormones,Thyroid hormones,drug
41030990,levothyroxine 0.2 MG Oral Tablet [L Thyroxin Henning] Box of 500,Drug,RxNorm Extension,standard,H03A_thyroid_preparations,thyroid_hormones,Thyroid hormones,drug
41030991,levothyroxine 0.2 MG Oral Tablet [Euthyrox] Box of 360,Drug,RxNorm Extension,standard,H03A_thyroid_preparations,thyroid_hormones,Thyroid hormones,drug
41030993,levothyroxine 0.1 MG Oral Tablet [L Thyroxin Beta],Drug,RxNorm Extension,standard,H03A_thyroid_preparations,thyroid_hormones,Thyroid hormones,drug
41030994,levothyroxine 0.1 MG Oral Tablet [L Thyroxin Al] Box of 50,Drug,RxNorm Extension,standard,H03A_thyroid_preparations,thyroid_hormones,Thyroid hormones,drug
41030995,levothyroxine 0.1 MG Oral Tablet [L Thyrox Hexal] Box of 50,Drug,RxNorm Extension,standard,H03A_thyroid_preparations,thyroid_hormones,Thyroid hormones,drug
41030996,levothyroxine 0.1 MG Oral Tablet [Euthyrox] Box of 360,Drug,RxNorm Extension,standard,H03A_thyroid_preparations,thyroid_hormones,Thyroid hormones,drug
41030997,levothyroxine 0.075 MG Oral Tablet [L Thyroxin Winthrop],Drug,RxNorm Extension,standard,H03A_thyroid_preparations,thyroid_hormones,Thyroid hormones,drug
41030998,levothyroxine 0.075 MG Oral Tablet [L Thyroxin Ratiopharm] Box of 50,Drug,RxNorm Extension,standard,H03A_thyroid_preparations,thyroid_hormones,Thyroid hormones,drug
41030999,levothyroxine 0.075 MG Oral Tablet [L Thyroxin Na Ct],Drug,RxNorm Extension,standard,H03A_thyroid_preparations,thyroid_hormones,Thyroid hormones,drug
41031000,levothyroxine 0.075 MG Oral Tablet [L Thyroxin Na Abz] Box of 100,Drug,RxNorm Extension,standard,H03A_thyroid_preparations,thyroid_hormones,Thyroid hormones,drug
41031001,levothyroxine 0.05 MG Oral Tablet [Lixin] Box of 98,Drug,RxNorm Extension,standard,H03A_thyroid_preparations,thyroid_hormones,Thyroid hormones,drug
41031002,levothyroxine 0.05 MG Oral Tablet [Lixin],Drug,RxNorm Extension,standard,H03A_thyroid_preparations,thyroid_hormones,Thyroid hormones,drug
41031003,levothyroxine 0.05 MG Oral Tablet [LEVOTHYROXINE RATIOPHARM] Box of 50,Drug,RxNorm Extension,standard,H03A_thyroid_preparations,thyroid_hormones,Thyroid hormones,drug
41031005,levothyroxine 0.05 MG Oral Tablet [L Thyrox Hexal],Drug,RxNorm Extension,standard,H03A_thyroid_preparations,thyroid_hormones,Thyroid hormones,drug
41031008,levothyroxine 0.1 MG Oral Tablet [Eferox] Box of 98,Drug,RxNorm Extension,standard,H03A_thyroid_preparations,thyroid_hormones,Thyroid hormones,drug
41031009,levothyroxine 0.088 MG Oral Tablet [L Thyroxin Na Ratiopharm] Box of 100,Drug,RxNorm Extension,standard,H03A_thyroid_preparations,thyroid_hormones,Thyroid hormones,drug
41031010,levothyroxine 0.088 MG Oral Tablet [L Thyroxin Na Ratiopharm] Box of 50,Drug,RxNorm Extension,standard,H03A_thyroid_preparations,thyroid_hormones,Thyroid hormones,drug
41031011,levothyroxine 0.112 MG Oral Tablet [L Thyroxin Na Ratiopharm] Box of 50,Drug,RxNorm Extension,standard,H03A_thyroid_preparations,thyroid_hormones,Thyroid hormones,drug
41031012,levothyroxine 0.112 MG Oral Tablet [L Thyroxin Na Abz] Box of 100,Drug,RxNorm Extension,standard,H03A_thyroid_preparations,thyroid_hormones,Thyroid hormones,drug
41031013,levothyroxine 1 MG Oral Tablet [L Thyroxin Henning],Drug,RxNorm Extension,standard,H03A_thyroid_preparations,thyroid_hormones,Thyroid hormones,drug
41031014,levothyroxine 0.175 MG Oral Tablet [Euthyrox] Box of 500,Drug,RxNorm Extension,standard,H03A_thyroid_preparations,thyroid_hormones,Thyroid hormones,drug
41031015,levothyroxine 0.025 MG Oral Tablet [Synthroid] Box of 100,Drug,RxNorm Extension,standard,H03A_thyroid_preparations,thyroid_hormones,Thyroid hormones,drug
41031016,levothyroxine 0.025 MG Oral Tablet [L Thyroxin Na Ct],Drug,RxNorm Extension,standard,H03A_thyroid_preparations,thyroid_hormones,Thyroid hormones,drug
41031017,levothyroxine 0.025 MG Oral Tablet [L Thyroxin Aristo],Drug,RxNorm Extension,standard,H03A_thyroid_preparations,thyroid_hormones,Thyroid hormones,drug
41031563,Iodine 0.07 MG / thyroid (USP) 15 MG Oral Tablet [Astrumin] Box of 100,Drug,RxNorm Extension,standard,H03A_thyroid_preparations,thyroid_hormones,Thyroid hormones,drug
41031564,Iodine 0.2 MG / levothyroxine 0.1 MG Oral Tablet [L Thyrox Jod Aristo] Box of 50,Drug,RxNorm Extension,standard,H03A_thyroid_preparations,thyroid_hormones,Thyroid hormones,drug
41031565,Iodine 0.2 MG / levothyroxine 0.05 MG Oral Tablet [Thyronajod] Box of 100,Drug,RxNorm Extension,standard,H03A_thyroid_preparations,thyroid_hormones,Thyroid hormones,drug
41031566,Iodine 0.2 MG / levothyroxine 0.05 MG Oral Tablet [L Thyroxin Jod Winthrop] Box of 100,Drug,RxNorm Extension,standard,H03A_thyroid_preparations,thyroid_hormones,Thyroid hormones,drug
41031567,Iodine 0.2 MG / levothyroxine 0.05 MG Oral Tablet [L Thyroxin Jod Winthrop] Box of 50,Drug,RxNorm Extension,standard,H03A_thyroid_preparations,thyroid_hormones,Thyroid hormones,drug
41031568,Iodine 131 MG / levothyroxine 0.1 MG Oral Tablet [Eferox] Box of 50,Drug,RxNorm Extension,standard,H03A_thyroid_preparations,thyroid_hormones,Thyroid hormones,drug
41031569,Iodine 0.14 MG / levothyroxine 0.1 MG Oral Tablet [L Thyroxin Jod 1a Pharma] Box of 50,Drug,RxNorm Extension,standard,H03A_thyroid_preparations,thyroid_hormones,Thyroid hormones,drug
41031570,Iodine 0.14 MG / levothyroxine 0.1 MG Oral Tablet [L Thyrox Jod Aristo] Box of 50,Drug,RxNorm Extension,standard,H03A_thyroid_preparations,thyroid_hormones,Thyroid hormones,drug
41031571,Iodine 0.14 MG / levothyroxine 0.1 MG Oral Tablet [Jodthyrox] Box of 50,Drug,RxNorm Extension,standard,H03A_thyroid_preparations,thyroid_hormones,Thyroid hormones,drug
41031572,Iodine 0.14 MG / levothyroxine 0.1 MG Oral Tablet [Eferox] Box of 100,Drug,RxNorm Extension,standard,H03A_thyroid_preparations,thyroid_hormones,Thyroid hormones,drug
41031573,Iodine 196 MG / levothyroxine 0.05 MG Oral Tablet [Eferox] Box of 100,Drug,RxNorm Extension,standard,H03A_thyroid_preparations,thyroid_hormones,Thyroid hormones,drug
41031574,Iodine 0.099 MG / levothyroxine 0.05 MG Oral Tablet [L Thyroxin Plus Henning] Box of 100,Drug,RxNorm Extension,standard,H03A_thyroid_preparations,thyroid_hormones,Thyroid hormones,drug
41033293,Scrophularia nodosa extract 12.5 MG / Spongia officinalis preparation 1.25 MG / thyroid (USP) 0.00125 MG Oral Tablet [Cefathyreo],Drug,RxNorm Extension,standard,H03A_thyroid_preparations,thyroid_hormones,Thyroid hormones,drug
41036863,Ascorbic Acid 4 MG / Bos taurus ovary preparation 3 MG / Bos taurus testicle preparation 4 MG / Iodine 0.1 MG / Naphthalene 0.0075 MG / Phosphorus 0.0075 MG / Riboflavin 0.2 MG / Saffron Extract 0.00075 MG / ... Oral Tablet [Duralentan] Box of 60,Drug,RxNorm Extension,standard,H03A_thyroid_preparations,thyroid_hormones,Thyroid hormones,drug
41037618,Adrenal cortex extract 12 MG / Bos taurus ovary preparation 20 MG / hypophysis extract 3 MG / thyroid (USP) 97.5 MG Oral Tablet [Lipolysin] Box of 250,Drug,RxNorm Extension,standard,H03A_thyroid_preparations,thyroid_hormones,Thyroid hormones,drug
41040977,liothyronine 0.1 MG Oral Tablet [Thybon Henning] Box of 100 by Sanofi,Drug,RxNorm Extension,standard,H03A_thyroid_preparations,thyroid_hormones,Thyroid hormones,drug
41040983,levothyroxine 0.075 MG Oral Tablet [L Thyroxin Ratiopharm] Box of 100 by Ratiopharm,Drug,RxNorm Extension,standard,H03A_thyroid_preparations,thyroid_hormones,Thyroid hormones,drug
41040984,levothyroxine 0.075 MG Oral Tablet [L Thyroxin Henning] Box of 50 by Sanofi,Drug,RxNorm Extension,standard,H03A_thyroid_preparations,thyroid_hormones,Thyroid hormones,drug
41040985,levothyroxine 0.2 MG Oral Tablet [L Thyroxin Beta] Box of 50 by Betapharm,Drug,RxNorm Extension,standard,H03A_thyroid_preparations,thyroid_hormones,Thyroid hormones,drug
41040986,levothyroxine 0.175 MG Oral Tablet [L Thyroxin Aristo] Box of 100 by Aristo,Drug,RxNorm Extension,standard,H03A_thyroid_preparations,thyroid_hormones,Thyroid hormones,drug
41040987,levothyroxine 0.175 MG Oral Tablet [Euthyrox] Box of 100 by Mylan,Drug,RxNorm Extension,standard,H03A_thyroid_preparations,thyroid_hormones,Thyroid hormones,drug
41040988,levothyroxine 0.175 MG Oral Tablet [Eferox] Box of 100 by Aristo,Drug,RxNorm Extension,standard,H03A_thyroid_preparations,thyroid_hormones,Thyroid hormones,drug
41040989,levothyroxine 0.15 MG Oral Tablet Box of 100 by Ratiopharm,Drug,RxNorm Extension,standard,H03A_thyroid_preparations,thyroid_hormones,Thyroid hormones,drug
41040990,levothyroxine 0.3 MG Oral Tablet [Euthyrox] Box of 100 by Mylan,Drug,RxNorm Extension,standard,H03A_thyroid_preparations,thyroid_hormones,Thyroid hormones,drug
41040991,levothyroxine 0.1 MG Oral Tablet Box of 100 by Isarpharm,Drug,RxNorm Extension,standard,H03A_thyroid_preparations,thyroid_hormones,Thyroid hormones,drug
41040992,levothyroxine 0.1 MG Oral Tablet [L Thyroxin Ct] Box of 100 by AbZ-Pharma,Drug,RxNorm Extension,standard,H03A_thyroid_preparations,thyroid_hormones,Thyroid hormones,drug
41040993,levothyroxine 0.1 MG Oral Tablet [L Thyrox Hexal] Box of 100 by Novartis,Drug,RxNorm Extension,standard,H03A_thyroid_preparations,thyroid_hormones,Thyroid hormones,drug
41040994,levothyroxine 0.1 MG Oral Tablet [Euthyrox] Box of 50 by Mtk,Drug,RxNorm Extension,standard,H03A_thyroid_preparations,thyroid_hormones,Thyroid hormones,drug
41040995,levothyroxine 0.075 MG Oral Tablet [L Thyroxin Na Ratiopharm] Box of 100 by Ratiopharm,Drug,RxNorm Extension,standard,H03A_thyroid_preparations,thyroid_hormones,Thyroid hormones,drug
41040996,levothyroxine 0.075 MG Oral Tablet [L Thyroxin Na Ct] Box of 50 by AbZ-Pharma,Drug,RxNorm Extension,standard,H03A_thyroid_preparations,thyroid_hormones,Thyroid hormones,drug
41040997,levothyroxine 0.05 MG Oral Tablet [L Thyroxin Na Ratiopharm] Box of 100 by Ratiopharm,Drug,RxNorm Extension,standard,H03A_thyroid_preparations,thyroid_hormones,Thyroid hormones,drug
41040998,levothyroxine 0.05 MG Oral Tablet [L Thyroxin Na Abz] Box of 50 by AbZ-Pharma,Drug,RxNorm Extension,standard,H03A_thyroid_preparations,thyroid_hormones,Thyroid hormones,drug
41040999,levothyroxine 0.05 MG Oral Tablet [L Thyroxin Ct] Box of 100 by AbZ-Pharma,Drug,RxNorm Extension,standard,H03A_thyroid_preparations,thyroid_hormones,Thyroid hormones,drug
41041000,levothyroxine 0.05 MG Oral Tablet [L Thyrox Hexal] Box of 50 by Novartis,Drug,RxNorm Extension,standard,H03A_thyroid_preparations,thyroid_hormones,Thyroid hormones,drug
41041001,levothyroxine 0.088 MG Oral Tablet [L Thyrox Hexal] Box of 100 by Novartis,Drug,RxNorm Extension,standard,H03A_thyroid_preparations,thyroid_hormones,Thyroid hormones,drug
41041002,levothyroxine 0.112 MG Oral Tablet [L Thyroxin 1a Pharma] Box of 100 by 1 A,Drug,RxNorm Extension,standard,H03A_thyroid_preparations,thyroid_hormones,Thyroid hormones,drug
41041003,levothyroxine 0.025 MG Oral Tablet [L Thyroxin Henning] Box of 100 by Sanofi,Drug,RxNorm Extension,standard,H03A_thyroid_preparations,thyroid_hormones,Thyroid hormones,drug
41041004,levothyroxine 0.025 MG Oral Tablet [L Thyroxin Henning] Box of 50 by Sanofi,Drug,RxNorm Extension,standard,H03A_thyroid_preparations,thyroid_hormones,Thyroid hormones,drug
41041005,levothyroxine 0.15 MG Oral Tablet [Euthyrox] Box of 84 by Mylan,Drug,RxNorm Extension,standard,H03A_thyroid_preparations,thyroid_hormones,Thyroid hormones,drug
41041006,levothyroxine 0.175 MG Oral Tablet [L Thyroxin Winthrop] Box of 50 by Sanofi,Drug,RxNorm Extension,standard,H03A_thyroid_preparations,thyroid_hormones,Thyroid hormones,drug
41041007,levothyroxine 0.175 MG Oral Tablet [L Thyrox Ratiopharm] Box of 50 by Ratiopharm,Drug,RxNorm Extension,standard,H03A_thyroid_preparations,thyroid_hormones,Thyroid hormones,drug
41041008,levothyroxine 0.025 MG Oral Tablet [L Thyroxin Beta] Box of 100 by Betapharm,Drug,RxNorm Extension,standard,H03A_thyroid_preparations,thyroid_hormones,Thyroid hormones,drug
41041350,Iodine 0.2 MG / levothyroxine 0.125 MG Oral Tablet [L Thyroxin Jod Winthrop] Box of 50 by Sanofi,Drug,RxNorm Extension,standard,H03A_thyroid_preparations,thyroid_hormones,Thyroid hormones,drug
41041351,Iodine 0.2 MG / levothyroxine 0.1 MG Oral Tablet [L Thyrox Jod Aristo] Box of 100 by Aristo,Drug,RxNorm Extension,standard,H03A_thyroid_preparations,thyroid_hormones,Thyroid hormones,drug
41041352,Iodine 0.2 MG / levothyroxine 0.05 MG Oral Tablet [L Thyroxin Jod Winthrop] Box of 50 by Sanofi,Drug,RxNorm Extension,standard,H03A_thyroid_preparations,thyroid_hormones,Thyroid hormones,drug
41041353,Iodine 0.2 MG / levothyroxine 0.15 MG Oral Tablet [L Thyrox Jod Aristo] Box of 100 by Aristo,Drug,RxNorm Extension,standard,H03A_thyroid_preparations,thyroid_hormones,Thyroid hormones,drug
41041354,Iodine 0.14 MG / levothyroxine 0.1 MG Oral Tablet [L Thyroxin Jod Betapharm] Box of 50 by Betapharm,Drug,RxNorm Extension,standard,H03A_thyroid_preparations,thyroid_hormones,Thyroid hormones,drug
41042101,Scrophularia nodosa extract 12.5 MG / Spongia officinalis preparation 1.25 MG / thyroid (USP) 0.00125 MG Oral Tablet [Cefathyreo] Box of 100 by Cefak,Drug,RxNorm Extension,standard,H03A_thyroid_preparations,thyroid_hormones,Thyroid hormones,drug
41044363,thyroid (USP) 6 MG,Drug,RxNorm Extension,standard,H03A_thyroid_preparations,thyroid_hormones,Thyroid hormones,drug
41046041,thyroid (USP) 97.5 MG [Thyreoid Dispert],Drug,RxNorm Extension,standard,H03A_thyroid_preparations,thyroid_hormones,Thyroid hormones,drug
41046380,Potassium 60 MG / thyroid (USP) 20 MG [Thyronorman],Drug,RxNorm Extension,standard,H03A_thyroid_preparations,thyroid_hormones,Thyroid hormones,drug
41046869,liothyronine 0.05 MG [Trijodthyronin],Drug,RxNorm Extension,standard,H03A_thyroid_preparations,thyroid_hormones,Thyroid hormones,drug
41046875,levothyroxine 0.075 MG [L Thyroxin 1a Pharma],Drug,RxNorm Extension,standard,H03A_thyroid_preparations,thyroid_hormones,Thyroid hormones,drug
41046876,levothyroxine 0.05 MG [L Thyroxin Ratiopharm],Drug,RxNorm Extension,standard,H03A_thyroid_preparations,thyroid_hormones,Thyroid hormones,drug
41046878,levothyroxine 0.05 MG [Eferox],Drug,RxNorm Extension,standard,H03A_thyroid_preparations,thyroid_hormones,Thyroid hormones,drug
41046972,Iodine 0.1 MG / thyroid (USP) 48.75 MG [Thyreohorm],Drug,RxNorm Extension,standard,H03A_thyroid_preparations,thyroid_hormones,Thyroid hormones,drug
41046973,Iodine 0.2 MG / levothyroxine 0.05 MG [Thyronajod],Drug,RxNorm Extension,standard,H03A_thyroid_preparations,thyroid_hormones,Thyroid hormones,drug
41046974,Iodine 0.2 MG / levothyroxine 0.15 MG [L Thyrox Jod Hexal],Drug,RxNorm Extension,standard,H03A_thyroid_preparations,thyroid_hormones,Thyroid hormones,drug
41046975,Iodine 196 MG / levothyroxine 0.125 MG [Eferox],Drug,RxNorm Extension,standard,H03A_thyroid_preparations,thyroid_hormones,Thyroid hormones,drug
41050158,levothyroxine Oral Solution [Lixin],Drug,RxNorm Extension,standard,H03A_thyroid_preparations,thyroid_hormones,Thyroid hormones,drug
41050159,levothyroxine Oral Solution [Eferox],Drug,RxNorm Extension,standard,H03A_thyroid_preparations,thyroid_hormones,Thyroid hormones,drug
41050258,Iodine / levothyroxine Oral Tablet [L Thyroxin Jod 1a Pharma],Drug,RxNorm Extension,standard,H03A_thyroid_preparations,thyroid_hormones,Thyroid hormones,drug
41050259,Iodine / levothyroxine Oral Tablet [Eferox],Drug,RxNorm Extension,standard,H03A_thyroid_preparations,thyroid_hormones,Thyroid hormones,drug
41051185,Bos taurus ovary preparation / Bromisoval / Theobromine / thyroid (USP) Oral Tablet [Klimakton],Drug,RxNorm Extension,standard,H03A_thyroid_preparations,thyroid_hormones,Thyroid hormones,drug
41051573,Adrenal cortex extract / Bos taurus ovary preparation / hypophysis extract / thyroid (USP) Oral Tablet [Lipolysin],Drug,RxNorm Extension,standard,H03A_thyroid_preparations,thyroid_hormones,Thyroid hormones,drug
41051972,thyroid (USP) 1 MG/ML Oral Solution,Drug,RxNorm Extension,standard,H03A_thyroid_preparations,thyroid_hormones,Thyroid hormones,drug
41053550,liothyronine 0.1 MG Oral Tablet Box of 100,Drug,RxNorm Extension,standard,H03A_thyroid_preparations,thyroid_hormones,Thyroid hormones,drug
41053551,liothyronine 0.1 MG Oral Tablet Box of 50,Drug,RxNorm Extension,standard,H03A_thyroid_preparations,thyroid_hormones,Thyroid hormones,drug
41053575,levothyroxine 0.2 MG Oral Tablet Box of 56,Drug,RxNorm Extension,standard,H03A_thyroid_preparations,thyroid_hormones,Thyroid hormones,drug
41053576,levothyroxine 0.125 MG Oral Tablet Box of 100,Drug,RxNorm Extension,standard,H03A_thyroid_preparations,thyroid_hormones,Thyroid hormones,drug
41053577,levothyroxine 0.075 MG Oral Tablet Box of 98,Drug,RxNorm Extension,standard,H03A_thyroid_preparations,thyroid_hormones,Thyroid hormones,drug
41053578,levothyroxine 0.075 MG Oral Tablet Box of 84,Drug,RxNorm Extension,standard,H03A_thyroid_preparations,thyroid_hormones,Thyroid hormones,drug
41053579,levothyroxine 0.05 MG Oral Tablet Box of 360,Drug,RxNorm Extension,standard,H03A_thyroid_preparations,thyroid_hormones,Thyroid hormones,drug
41053580,levothyroxine 0.05 MG Oral Tablet Box of 350,Drug,RxNorm Extension,standard,H03A_thyroid_preparations,thyroid_hormones,Thyroid hormones,drug
41053581,levothyroxine 0.088 MG Oral Tablet Box of 100,Drug,RxNorm Extension,standard,H03A_thyroid_preparations,thyroid_hormones,Thyroid hormones,drug
41053582,levothyroxine 0.025 MG Oral Tablet Box of 98,Drug,RxNorm Extension,standard,H03A_thyroid_preparations,thyroid_hormones,Thyroid hormones,drug
41053583,levothyroxine 0.025 MG Oral Tablet Box of 56,Drug,RxNorm Extension,standard,H03A_thyroid_preparations,thyroid_hormones,Thyroid hormones,drug
41053793,Iodine 0.07 MG / thyroid (USP) 15 MG Oral Tablet,Drug,RxNorm Extension,standard,H03A_thyroid_preparations,thyroid_hormones,Thyroid hormones,drug
41053794,Iodine 0.1 MG / thyroid (USP) 48.75 MG Oral Tablet,Drug,RxNorm Extension,standard,H03A_thyroid_preparations,thyroid_hormones,Thyroid hormones,drug
41053795,Iodine 0.2 MG / levothyroxine 0.125 MG Oral Tablet Box of 50,Drug,RxNorm Extension,standard,H03A_thyroid_preparations,thyroid_hormones,Thyroid hormones,drug
41053796,Iodine 131 MG / levothyroxine 0.1 MG Oral Tablet Box of 50,Drug,RxNorm Extension,standard,H03A_thyroid_preparations,thyroid_hormones,Thyroid hormones,drug
41053797,Iodine 196 MG / levothyroxine 0.075 MG Oral Tablet Box of 100,Drug,RxNorm Extension,standard,H03A_thyroid_preparations,thyroid_hormones,Thyroid hormones,drug
41053798,Iodine 0.099 MG / levothyroxine 0.05 MG Oral Tablet Box of 50,Drug,RxNorm Extension,standard,H03A_thyroid_preparations,thyroid_hormones,Thyroid hormones,drug
41057785,thyroid (USP) 300 MG Oral Tablet [Thyreoid Dispert] Box of 50,Drug,RxNorm Extension,standard,H03A_thyroid_preparations,thyroid_hormones,Thyroid hormones,drug
41062047,liothyronine 0.1 MG Injectable Solution [Thyrotardin],Drug,RxNorm Extension,standard,H03A_thyroid_preparations,thyroid_hormones,Thyroid hormones,drug
41062048,liothyronine 0.1 MG Injectable Suspension [Thyrotardin] Box of 1,Drug,RxNorm Extension,standard,H03A_thyroid_preparations,thyroid_hormones,Thyroid hormones,drug
41062049,liothyronine 0.02 MG/ML Injectable Solution [Thyrotardin] Box of 1,Drug,RxNorm Extension,standard,H03A_thyroid_preparations,thyroid_hormones,Thyroid hormones,drug
41062092,levothyroxine 0.1 MG / liothyronine 0.02 MG Oral Tablet [Thyroxin T] Box of 500,Drug,RxNorm Extension,standard,H03A_thyroid_preparations,thyroid_hormones,Thyroid hormones,drug
41062093,levothyroxine 0.1 MG / liothyronine 0.02 MG Oral Tablet [Thyroxin T] Box of 100,Drug,RxNorm Extension,standard,H03A_thyroid_preparations,thyroid_hormones,Thyroid hormones,drug
41062094,levothyroxine 0.2 MG Oral Tablet [L Thyroxin Na Ct],Drug,RxNorm Extension,standard,H03A_thyroid_preparations,thyroid_hormones,Thyroid hormones,drug
41062095,levothyroxine 0.05 MG/ML Injectable Solution [Synthroid],Drug,RxNorm Extension,standard,H03A_thyroid_preparations,thyroid_hormones,Thyroid hormones,drug
41062097,levothyroxine 0.2 MG Oral Tablet [L Thyroxin Aristo],Drug,RxNorm Extension,standard,H03A_thyroid_preparations,thyroid_hormones,Thyroid hormones,drug
41062098,levothyroxine 0.2 MG Oral Tablet [Euthyrox] Box of 84,Drug,RxNorm Extension,standard,H03A_thyroid_preparations,thyroid_hormones,Thyroid hormones,drug
41062099,levothyroxine 0.2 MG Oral Tablet [Euthyrox] Box of 50,Drug,RxNorm Extension,standard,H03A_thyroid_preparations,thyroid_hormones,Thyroid hormones,drug
41062100,levothyroxine 0.1 MG Oral Tablet [LEVOTHYROXINE RATIOPHARM] Box of 50,Drug,RxNorm Extension,standard,H03A_thyroid_preparations,thyroid_hormones,Thyroid hormones,drug
41062102,levothyroxine 0.1 MG Oral Tablet [L Thyroxin Winthrop] Box of 50,Drug,RxNorm Extension,standard,H03A_thyroid_preparations,thyroid_hormones,Thyroid hormones,drug
41062103,levothyroxine 0.1 MG Oral Tablet [L Thyroxin Na Ct],Drug,RxNorm Extension,standard,H03A_thyroid_preparations,thyroid_hormones,Thyroid hormones,drug
41062104,levothyroxine 0.1 MG Oral Tablet [L Thyroxin Beta] Box of 100,Drug,RxNorm Extension,standard,H03A_thyroid_preparations,thyroid_hormones,Thyroid hormones,drug
41062105,levothyroxine 0.1 MG Oral Tablet [Eutirox] Box of 50,Drug,RxNorm Extension,standard,H03A_thyroid_preparations,thyroid_hormones,Thyroid hormones,drug
41062106,levothyroxine 0.075 MG Oral Tablet [L Thyroxin Na Abz],Drug,RxNorm Extension,standard,H03A_thyroid_preparations,thyroid_hormones,Thyroid hormones,drug
41062107,levothyroxine 0.075 MG Oral Tablet [L Thyroxin Henning],Drug,RxNorm Extension,standard,H03A_thyroid_preparations,thyroid_hormones,Thyroid hormones,drug
41062108,levothyroxine 0.075 MG Oral Tablet [L Thyroxin 1a Pharma],Drug,RxNorm Extension,standard,H03A_thyroid_preparations,thyroid_hormones,Thyroid hormones,drug
41062109,levothyroxine 0.075 MG Oral Tablet [Berlthyrox] Box of 50,Drug,RxNorm Extension,standard,H03A_thyroid_preparations,thyroid_hormones,Thyroid hormones,drug
41062110,levothyroxine 0.05 MG Oral Tablet [L Thyroxin Sandoz] Box of 50,Drug,RxNorm Extension,standard,H03A_thyroid_preparations,thyroid_hormones,Thyroid hormones,drug
41062111,levothyroxine 0.05 MG Oral Tablet [L Thyroxin 1a Pharma] Box of 50,Drug,RxNorm Extension,standard,H03A_thyroid_preparations,thyroid_hormones,Thyroid hormones,drug
41062112,levothyroxine 0.05 MG Oral Tablet [L Thyroxin 1a Pharma],Drug,RxNorm Extension,standard,H03A_thyroid_preparations,thyroid_hormones,Thyroid hormones,drug
41062113,levothyroxine 0.05 MG Oral Tablet [Euthyrox] Box of 90,Drug,RxNorm Extension,standard,H03A_thyroid_preparations,thyroid_hormones,Thyroid hormones,drug
41062114,levothyroxine 0.1 MG/ML Oral Solution [L Thyroxin Henning] Box of 1,Drug,RxNorm Extension,standard,H03A_thyroid_preparations,thyroid_hormones,Thyroid hormones,drug
41062115,levothyroxine 0.1 MG Oral Tablet [L Thyroxin Aristo],Drug,RxNorm Extension,standard,H03A_thyroid_preparations,thyroid_hormones,Thyroid hormones,drug
41062116,levothyroxine 0.112 MG Oral Tablet [L Thyroxin 1a Pharma] Box of 100,Drug,RxNorm Extension,standard,H03A_thyroid_preparations,thyroid_hormones,Thyroid hormones,drug
41062117,levothyroxine 0.175 MG Oral Tablet [L Thyroxin Sandoz] Box of 100,Drug,RxNorm Extension,standard,H03A_thyroid_preparations,thyroid_hormones,Thyroid hormones,drug
41062118,levothyroxine 0.025 MG Oral Tablet [Synthroid] Box of 500,Drug,RxNorm Extension,standard,H03A_thyroid_preparations,thyroid_hormones,Thyroid hormones,drug
41062119,levothyroxine 0.025 MG Oral Tablet [L Thyroxin Sandoz],Drug,RxNorm Extension,standard,H03A_thyroid_preparations,thyroid_hormones,Thyroid hormones,drug
41062120,levothyroxine 0.025 MG Oral Tablet [L Thyroxin Na Ratiopharm] Box of 50,Drug,RxNorm Extension,standard,H03A_thyroid_preparations,thyroid_hormones,Thyroid hormones,drug
41062121,levothyroxine 0.025 MG Oral Tablet [L Thyroxin Henning] Box of 84,Drug,RxNorm Extension,standard,H03A_thyroid_preparations,thyroid_hormones,Thyroid hormones,drug
41062122,levothyroxine 0.025 MG Oral Tablet [L Thyroxin Henning],Drug,RxNorm Extension,standard,H03A_thyroid_preparations,thyroid_hormones,Thyroid hormones,drug
41062123,levothyroxine 0.025 MG Oral Tablet [L Thyroxin Aristo] Box of 98,Drug,RxNorm Extension,standard,H03A_thyroid_preparations,thyroid_hormones,Thyroid hormones,drug
41062124,levothyroxine 0.025 MG Oral Tablet [Euthyrox] Box of 500,Drug,RxNorm Extension,standard,H03A_thyroid_preparations,thyroid_hormones,Thyroid hormones,drug
41062125,levothyroxine 0.025 MG Oral Tablet [Euthyrox] Box of 100,Drug,RxNorm Extension,standard,H03A_thyroid_preparations,thyroid_hormones,Thyroid hormones,drug
41062126,levothyroxine 0.025 MG Oral Tablet [Euthyrox] Box of 50,Drug,RxNorm Extension,standard,H03A_thyroid_preparations,thyroid_hormones,Thyroid hormones,drug
41062721,Iodine 0.2 MG / levothyroxine 0.1 MG Oral Tablet [Thyronajod] Box of 500,Drug,RxNorm Extension,standard,H03A_thyroid_preparations,thyroid_hormones,Thyroid hormones,drug
41062722,Iodine 0.2 MG / levothyroxine 0.1 MG Oral Tablet [Eferox] Box of 100,Drug,RxNorm Extension,standard,H03A_thyroid_preparations,thyroid_hormones,Thyroid hormones,drug
41062723,Iodine 0.2 MG / levothyroxine 0.15 MG Oral Tablet [L Thyrox Jod Hexal],Drug,RxNorm Extension,standard,H03A_thyroid_preparations,thyroid_hormones,Thyroid hormones,drug
41062724,Iodine 0.2 MG / levothyroxine 0.15 MG Oral Tablet [L Thyrox Jod Aristo] Box of 100,Drug,RxNorm Extension,standard,H03A_thyroid_preparations,thyroid_hormones,Thyroid hormones,drug
41062725,Iodine 0.2 MG / levothyroxine 0.075 MG Oral Tablet [L Thyroxin Jod Winthrop] Box of 50,Drug,RxNorm Extension,standard,H03A_thyroid_preparations,thyroid_hormones,Thyroid hormones,drug
41062726,Iodine 196 MG / levothyroxine 0.05 MG Oral Tablet [Eferox],Drug,RxNorm Extension,standard,H03A_thyroid_preparations,thyroid_hormones,Thyroid hormones,drug
41062727,Iodine 196 MG / levothyroxine 0.088 MG Oral Tablet [Eferox],Drug,RxNorm Extension,standard,H03A_thyroid_preparations,thyroid_hormones,Thyroid hormones,drug
41064469,levothyroxine 20 MG Oral Capsule [Skleronorm],Drug,RxNorm Extension,standard,H03A_thyroid_preparations,thyroid_hormones,Thyroid hormones,drug
41068123,Ascorbic Acid 4 MG / Bos taurus ovary preparation 3 MG / Bos taurus testicle preparation 4 MG / Iodine 0.1 MG / Naphthalene 0.0075 MG / Phosphorus 0.0075 MG / Riboflavin 0.2 MG / Saffron Extract 0.00075 MG / ... Oral Tablet [Duralentan],Drug,RxNorm Extension,standard,H03A_thyroid_preparations,thyroid_hormones,Thyroid hormones,drug
41068855,Adrenal cortex extract 12 MG / Bos taurus ovary preparation 20 MG / hypophysis extract 3 MG / thyroid (USP) 97.5 MG Oral Tablet [Lipolysin] Box of 40,Drug,RxNorm Extension,standard,H03A_thyroid_preparations,thyroid_hormones,Thyroid hormones,drug
41068857,Adrenal cortex extract 12 MG / Bos taurus testicle preparation 20 MG / hypophysis extract 3 MG / thyroid (USP) 97.5 MG Oral Tablet [Lipolysin] Box of 100,Drug,RxNorm Extension,standard,H03A_thyroid_preparations,thyroid_hormones,Thyroid hormones,drug
41072231,levothyroxine 0.1 MG / liothyronine 0.02 MG Oral Tablet [Thyroxin T] Box of 50 by Sanofi,Drug,RxNorm Extension,standard,H03A_thyroid_preparations,thyroid_hormones,Thyroid hormones,drug
41072232,levothyroxine 0.1 MG / liothyronine 0.02 MG Oral Tablet [Novothyral] Box of 100 by Ae-Media,Drug,RxNorm Extension,standard,H03A_thyroid_preparations,thyroid_hormones,Thyroid hormones,drug
41072233,levothyroxine 0.1 MG / liothyronine 0.02 MG Oral Tablet [Novothyral] Box of 50 by Eurim-Pharm,Drug,RxNorm Extension,standard,H03A_thyroid_preparations,thyroid_hormones,Thyroid hormones,drug
41072234,levothyroxine 0.1 MG / liothyronine 0.02 MG Oral Tablet [Novothyral] Box of 50 by Aca Mueller,Drug,RxNorm Extension,standard,H03A_thyroid_preparations,thyroid_hormones,Thyroid hormones,drug
41072235,levothyroxine 0.112 MG Oral Tablet [L Thyrox Hexal] Box of 100 by Novartis,Drug,RxNorm Extension,standard,H03A_thyroid_preparations,thyroid_hormones,Thyroid hormones,drug
41072236,levothyroxine 0.075 MG Oral Tablet [L Thyroxin Henning] Box of 500 by Sanofi,Drug,RxNorm Extension,standard,H03A_thyroid_preparations,thyroid_hormones,Thyroid hormones,drug
41072237,levothyroxine 0.075 MG Oral Tablet [L Thyroxin Henning] Box of 98 by Sanofi,Drug,RxNorm Extension,standard,H03A_thyroid_preparations,thyroid_hormones,Thyroid hormones,drug
41072238,levothyroxine 0.075 MG Oral Tablet [Eferox] Box of 98 by Aristo,Drug,RxNorm Extension,standard,H03A_thyroid_preparations,thyroid_hormones,Thyroid hormones,drug
41072239,levothyroxine 0.075 MG Oral Tablet [Eferox] Box of 20 by Novartis,Drug,RxNorm Extension,standard,H03A_thyroid_preparations,thyroid_hormones,Thyroid hormones,drug
41072240,levothyroxine 0.175 MG Oral Tablet [Euthyrox] Box of 50 by Mylan,Drug,RxNorm Extension,standard,H03A_thyroid_preparations,thyroid_hormones,Thyroid hormones,drug
41072241,levothyroxine 0.2 MG Oral Tablet [Euthyrox] Box of 50 by Emra-Med,Drug,RxNorm Extension,standard,H03A_thyroid_preparations,thyroid_hormones,Thyroid hormones,drug
41072242,levothyroxine 0.1 MG Oral Tablet [L Thyroxin Ct] Box of 50 by AbZ-Pharma,Drug,RxNorm Extension,standard,H03A_thyroid_preparations,thyroid_hormones,Thyroid hormones,drug
41072243,levothyroxine 0.075 MG Oral Tablet [L Thyroxin Winthrop] Box of 50 by Sanofi,Drug,RxNorm Extension,standard,H03A_thyroid_preparations,thyroid_hormones,Thyroid hormones,drug
41072244,levothyroxine 0.075 MG Oral Tablet [L Thyroxin Sandoz] Box of 50 by Novartis,Drug,RxNorm Extension,standard,H03A_thyroid_preparations,thyroid_hormones,Thyroid hormones,drug
41072245,levothyroxine 0.075 MG Oral Tablet [L Thyroxin Na Abz] Box of 50 by AbZ-Pharma,Drug,RxNorm Extension,standard,H03A_thyroid_preparations,thyroid_hormones,Thyroid hormones,drug
41072246,levothyroxine 0.075 MG Oral Tablet [L Thyroxin Aristo] Box of 100 by Aristo,Drug,RxNorm Extension,standard,H03A_thyroid_preparations,thyroid_hormones,Thyroid hormones,drug
41072247,levothyroxine 0.075 MG Oral Tablet [L Thyroxin 1a Pharma] Box of 100 by 1 A,Drug,RxNorm Extension,standard,H03A_thyroid_preparations,thyroid_hormones,Thyroid hormones,drug
41072248,levothyroxine 0.05 MG Oral Tablet [L Thyroxin Al] Box of 50 by Aliud,Drug,RxNorm Extension,standard,H03A_thyroid_preparations,thyroid_hormones,Thyroid hormones,drug
41072249,levothyroxine 0.05 MG Oral Tablet [Eferox] Box of 50 by Novartis,Drug,RxNorm Extension,standard,H03A_thyroid_preparations,thyroid_hormones,Thyroid hormones,drug
41072250,levothyroxine 0.088 MG Oral Tablet [Euthyrox] Box of 50 by Mylan,Drug,RxNorm Extension,standard,H03A_thyroid_preparations,thyroid_hormones,Thyroid hormones,drug
41072251,levothyroxine 0.1 MG Oral Tablet [Euthyrox] Box of 100 by Mylan,Drug,RxNorm Extension,standard,H03A_thyroid_preparations,thyroid_hormones,Thyroid hormones,drug
41072252,levothyroxine 0.088 MG Oral Tablet [L Thyroxin 1a Pharma] Box of 100 by 1 A,Drug,RxNorm Extension,standard,H03A_thyroid_preparations,thyroid_hormones,Thyroid hormones,drug
41072253,levothyroxine 0.025 MG Oral Tablet [L Thyroxin Aristo] Box of 98 by Aristo,Drug,RxNorm Extension,standard,H03A_thyroid_preparations,thyroid_hormones,Thyroid hormones,drug
41072254,levothyroxine 0.025 MG Oral Tablet Box of 50 by Berlin-Chemie,Drug,RxNorm Extension,standard,H03A_thyroid_preparations,thyroid_hormones,Thyroid hormones,drug
41072255,levothyroxine 0.025 MG Oral Tablet [Eferox] Box of 20 by Pfizer,Drug,RxNorm Extension,standard,H03A_thyroid_preparations,thyroid_hormones,Thyroid hormones,drug
41072257,levothyroxine 0.175 MG Oral Tablet [L Thyroxin 1a Pharma] Box of 50 by 1 A,Drug,RxNorm Extension,standard,H03A_thyroid_preparations,thyroid_hormones,Thyroid hormones,drug
41072258,levothyroxine 0.025 MG Oral Tablet [L Thyroxin Beta] Box of 50 by Betapharm,Drug,RxNorm Extension,standard,H03A_thyroid_preparations,thyroid_hormones,Thyroid hormones,drug
41072259,levothyroxine 0.025 MG Oral Tablet [L Thyroxin Aristo] Box of 100 by Aristo,Drug,RxNorm Extension,standard,H03A_thyroid_preparations,thyroid_hormones,Thyroid hormones,drug
41072260,levothyroxine 0.05 MG Oral Tablet [Euthyrox] Box of 100 by Eurim-Pharm,Drug,RxNorm Extension,standard,H03A_thyroid_preparations,thyroid_hormones,Thyroid hormones,drug
41072601,Iodine 0.2 MG / levothyroxine 0.1 MG Oral Tablet [L Thyroxin Jod Winthrop] Box of 100 by Sanofi,Drug,RxNorm Extension,standard,H03A_thyroid_preparations,thyroid_hormones,Thyroid hormones,drug
41072602,Iodine 0.2 MG / levothyroxine 0.075 MG Oral Tablet [Thyronajod] Box of 50 by Sanofi,Drug,RxNorm Extension,standard,H03A_thyroid_preparations,thyroid_hormones,Thyroid hormones,drug
41072603,Iodine 0.14 MG / levothyroxine 0.1 MG Oral Tablet [Eferox] Box of 100 by Aristo,Drug,RxNorm Extension,standard,H03A_thyroid_preparations,thyroid_hormones,Thyroid hormones,drug
41073398,Scrophularia nodosa extract 12.5 MG / Spongia officinalis preparation 1.25 MG / thyroid (USP) 0.00125 MG Oral Tablet [Cefathyreo] Box of 60 by Cefak,Drug,RxNorm Extension,standard,H03A_thyroid_preparations,thyroid_hormones,Thyroid hormones,drug
41075759,thyroid (USP) 0.00125 MG,Drug,RxNorm Extension,standard,H03A_thyroid_preparations,thyroid_hormones,Thyroid hormones,drug
41075761,thyroid (USP) 4 X,Drug,RxNorm Extension,standard,H03A_thyroid_preparations,thyroid_hormones,Thyroid hormones,drug
41078260,liothyronine 0.02 MG [Thyrotardin],Drug,RxNorm Extension,standard,H03A_thyroid_preparations,thyroid_hormones,Thyroid hormones,drug
41078276,levothyroxine 0.125 MG [L Thyroxin Sandoz],Drug,RxNorm Extension,standard,H03A_thyroid_preparations,thyroid_hormones,Thyroid hormones,drug
41078277,levothyroxine 0.1 MG [Eutirox],Drug,RxNorm Extension,standard,H03A_thyroid_preparations,thyroid_hormones,Thyroid hormones,drug
41078278,levothyroxine 0.05 MG [L Thyroxin Na Ratiopharm],Drug,RxNorm Extension,standard,H03A_thyroid_preparations,thyroid_hormones,Thyroid hormones,drug
41078279,levothyroxine 0.05 MG [L Thyroxin Na Ct],Drug,RxNorm Extension,standard,H03A_thyroid_preparations,thyroid_hormones,Thyroid hormones,drug
41078280,levothyroxine 0.1 MG [Berlthyrox],Drug,RxNorm Extension,standard,H03A_thyroid_preparations,thyroid_hormones,Thyroid hormones,drug
41078281,levothyroxine 0.025 MG [L Thyroxin Henning],Drug,RxNorm Extension,standard,H03A_thyroid_preparations,thyroid_hormones,Thyroid hormones,drug
41078282,levothyroxine 0.025 MG [L Thyrox Hexal],Drug,RxNorm Extension,standard,H03A_thyroid_preparations,thyroid_hormones,Thyroid hormones,drug
41078389,Iodine 0.2 MG / levothyroxine 0.125 MG [Thyronajod],Drug,RxNorm Extension,standard,H03A_thyroid_preparations,thyroid_hormones,Thyroid hormones,drug
41081196,Potassium / thyroid (USP) Oral Tablet [Thyronorman],Drug,RxNorm Extension,standard,H03A_thyroid_preparations,thyroid_hormones,Thyroid hormones,drug
41081733,Iodine / thyroid (USP) Oral Tablet [Thyreohorm],Drug,RxNorm Extension,standard,H03A_thyroid_preparations,thyroid_hormones,Thyroid hormones,drug
41081737,Iodine / levothyroxine Oral Tablet [L Thyrox Jod Hexal],Drug,RxNorm Extension,standard,H03A_thyroid_preparations,thyroid_hormones,Thyroid hormones,drug
41083570,thyroid (USP) 97.5 MG Oral Tablet Box of 100,Drug,RxNorm Extension,standard,H03A_thyroid_preparations,thyroid_hormones,Thyroid hormones,drug
41083571,thyroid (USP) 97.5 MG Oral Tablet Box of 25,Drug,RxNorm Extension,standard,H03A_thyroid_preparations,thyroid_hormones,Thyroid hormones,drug
41085127,liothyronine 0.05 MG Oral Tablet Box of 50,Drug,RxNorm Extension,standard,H03A_thyroid_preparations,thyroid_hormones,Thyroid hormones,drug
41085152,levothyroxine 0.1 MG / liothyronine 0.01 MG Oral Tablet Box of 100,Drug,RxNorm Extension,standard,H03A_thyroid_preparations,thyroid_hormones,Thyroid hormones,drug
41085153,levothyroxine 0.025 MG / liothyronine 0.005 MG Oral Tablet,Drug,RxNorm Extension,standard,H03A_thyroid_preparations,thyroid_hormones,Thyroid hormones,drug
41085154,levothyroxine 0.1 MG / liothyronine 0.02 MG Oral Tablet Box of 500,Drug,RxNorm Extension,standard,H03A_thyroid_preparations,thyroid_hormones,Thyroid hormones,drug
41085155,levothyroxine 0.1 MG / liothyronine 0.02 MG Oral Tablet Box of 200,Drug,RxNorm Extension,standard,H03A_thyroid_preparations,thyroid_hormones,Thyroid hormones,drug
41085156,levothyroxine 0.2 MG Oral Tablet Box of 500,Drug,RxNorm Extension,standard,H03A_thyroid_preparations,thyroid_hormones,Thyroid hormones,drug
41085157,levothyroxine 0.1 MG Oral Tablet Box of 70,Drug,RxNorm Extension,standard,H03A_thyroid_preparations,thyroid_hormones,Thyroid hormones,drug
41085347,Iodine 0.15 MG / levothyroxine 0.07 MG / liothyronine 0.01 MG Oral Tablet Box of 100,Drug,RxNorm Extension,standard,H03A_thyroid_preparations,thyroid_hormones,Thyroid hormones,drug
41085348,Iodine 0.15 MG / levothyroxine 0.07 MG / liothyronine 0.01 MG Oral Tablet Box of 40,Drug,RxNorm Extension,standard,H03A_thyroid_preparations,thyroid_hormones,Thyroid hormones,drug
41085349,Iodine 0.225 MG / levothyroxine 0.0025 MG / liothyronine 0.0015 MG Oral Tablet Box of 50,Drug,RxNorm Extension,standard,H03A_thyroid_preparations,thyroid_hormones,Thyroid hormones,drug
41085350,Iodine 0.2 MG / levothyroxine 0.15 MG Oral Tablet Box of 100,Drug,RxNorm Extension,standard,H03A_thyroid_preparations,thyroid_hormones,Thyroid hormones,drug
41085351,Iodine 196 MG / levothyroxine 0.15 MG Oral Tablet Box of 100,Drug,RxNorm Extension,standard,H03A_thyroid_preparations,thyroid_hormones,Thyroid hormones,drug
41088180,Adrenal cortex extract 12 MG / Bos taurus ovary preparation 20 MG / hypophysis extract 3 MG / thyroid (USP) 97.5 MG Oral Tablet Box of 250,Drug,RxNorm Extension,standard,H03A_thyroid_preparations,thyroid_hormones,Thyroid hormones,drug
41088181,Adrenal cortex extract 12 MG / Bos taurus testicle preparation 20 MG / hypophysis extract 3 MG / thyroid (USP) 97.5 MG Oral Tablet,Drug,RxNorm Extension,standard,H03A_thyroid_preparations,thyroid_hormones,Thyroid hormones,drug
41089327,thyroid (USP) 10 MG Oral Tablet [Thyreoidin] Box of 50,Drug,RxNorm Extension,standard,H03A_thyroid_preparations,thyroid_hormones,Thyroid hormones,drug
41091204,Potassium 60 MG / thyroid (USP) 20 MG Oral Tablet [Thyronorman] Box of 50,Drug,RxNorm Extension,standard,H03A_thyroid_preparations,thyroid_hormones,Thyroid hormones,drug
41093691,liothyronine 0.02 MG Oral Tablet [Thybon Henning] Box of 100,Drug,RxNorm Extension,standard,H03A_thyroid_preparations,thyroid_hormones,Thyroid hormones,drug
41093734,levothyroxine 0.075 MG / liothyronine 0.015 MG Oral Tablet [Novothyral] Box of 50,Drug,RxNorm Extension,standard,H03A_thyroid_preparations,thyroid_hormones,Thyroid hormones,drug
41093737,levothyroxine 0.2 MG Oral Tablet [L Thyroxin Beta] Box of 50,Drug,RxNorm Extension,standard,H03A_thyroid_preparations,thyroid_hormones,Thyroid hormones,drug
41093738,levothyroxine 0.2 MG Oral Tablet [L Thyrox Ratiopharm],Drug,RxNorm Extension,standard,H03A_thyroid_preparations,thyroid_hormones,Thyroid hormones,drug
41093739,levothyroxine 0.05 MG/ML Injectable Solution [Synthroid] Box of 1,Drug,RxNorm Extension,standard,H03A_thyroid_preparations,thyroid_hormones,Thyroid hormones,drug
41093740,levothyroxine 0.3 MG Oral Tablet [Euthyrox] Box of 50,Drug,RxNorm Extension,standard,H03A_thyroid_preparations,thyroid_hormones,Thyroid hormones,drug
41093741,levothyroxine 0.1 MG Oral Tablet [L Thyroxin Na Ct] Box of 100,Drug,RxNorm Extension,standard,H03A_thyroid_preparations,thyroid_hormones,Thyroid hormones,drug
41093742,levothyroxine 0.1 MG Oral Tablet [L Thyroxin Henning] Box of 70,Drug,RxNorm Extension,standard,H03A_thyroid_preparations,thyroid_hormones,Thyroid hormones,drug
41093743,levothyroxine 0.1 MG Oral Tablet [L Thyroxin Aristo] Box of 100,Drug,RxNorm Extension,standard,H03A_thyroid_preparations,thyroid_hormones,Thyroid hormones,drug
41093744,levothyroxine 0.1 MG Oral Tablet [L Thyroxin 1a Pharma],Drug,RxNorm Extension,standard,H03A_thyroid_preparations,thyroid_hormones,Thyroid hormones,drug
41093745,levothyroxine 0.1 MG Oral Tablet [L Thyroxin Ct] Box of 100,Drug,RxNorm Extension,standard,H03A_thyroid_preparations,thyroid_hormones,Thyroid hormones,drug
41093746,levothyroxine 0.1 MG Oral Tablet [Eferox] Box of 84,Drug,RxNorm Extension,standard,H03A_thyroid_preparations,thyroid_hormones,Thyroid hormones,drug
41093747,levothyroxine 0.075 MG Oral Tablet [L Thyroxin Ratiopharm],Drug,RxNorm Extension,standard,H03A_thyroid_preparations,thyroid_hormones,Thyroid hormones,drug
41093748,levothyroxine 0.075 MG Oral Tablet [L Thyroxin Henning] Box of 98,Drug,RxNorm Extension,standard,H03A_thyroid_preparations,thyroid_hormones,Thyroid hormones,drug
41093749,levothyroxine 0.075 MG Oral Tablet [L Thyrox Hexal] Box of 50,Drug,RxNorm Extension,standard,H03A_thyroid_preparations,thyroid_hormones,Thyroid hormones,drug
41093750,levothyroxine 0.05 MG Oral Tablet [Synthroid] Box of 500,Drug,RxNorm Extension,standard,H03A_thyroid_preparations,thyroid_hormones,Thyroid hormones,drug
41093751,levothyroxine 0.05 MG Oral Tablet [L Thyroxin Sandoz],Drug,RxNorm Extension,standard,H03A_thyroid_preparations,thyroid_hormones,Thyroid hormones,drug
41093752,levothyroxine 0.05 MG Oral Tablet [L Thyroxin Ratiopharm] Box of 50,Drug,RxNorm Extension,standard,H03A_thyroid_preparations,thyroid_hormones,Thyroid hormones,drug
41093753,levothyroxine 0.05 MG Oral Tablet [L Thyroxin Na Ct] Box of 100,Drug,RxNorm Extension,standard,H03A_thyroid_preparations,thyroid_hormones,Thyroid hormones,drug
41093754,levothyroxine 0.05 MG Oral Tablet [L Thyroxin Na Ct] Box of 50,Drug,RxNorm Extension,standard,H03A_thyroid_preparations,thyroid_hormones,Thyroid hormones,drug
41093755,levothyroxine 0.05 MG Oral Tablet [L Thyroxin Henning] Box of 490,Drug,RxNorm Extension,standard,H03A_thyroid_preparations,thyroid_hormones,Thyroid hormones,drug
41093756,levothyroxine 0.05 MG Oral Tablet [L Thyrox Ratiopharm] Box of 50,Drug,RxNorm Extension,standard,H03A_thyroid_preparations,thyroid_hormones,Thyroid hormones,drug
41093757,levothyroxine 0.1 MG Oral Tablet [L Thyroxin Henning] Box of 1000,Drug,RxNorm Extension,standard,H03A_thyroid_preparations,thyroid_hormones,Thyroid hormones,drug
41093759,levothyroxine 0.1 MG Oral Tablet [Berlthyrox],Drug,RxNorm Extension,standard,H03A_thyroid_preparations,thyroid_hormones,Thyroid hormones,drug
41093760,levothyroxine 0.088 MG Oral Tablet [L Thyroxin Na Abz] Box of 50,Drug,RxNorm Extension,standard,H03A_thyroid_preparations,thyroid_hormones,Thyroid hormones,drug
41093761,levothyroxine 0.088 MG Oral Tablet [Euthyrox] Box of 50,Drug,RxNorm Extension,standard,H03A_thyroid_preparations,thyroid_hormones,Thyroid hormones,drug
41093762,levothyroxine 0.175 MG Oral Tablet [L Thyroxin Na Abz],Drug,RxNorm Extension,standard,H03A_thyroid_preparations,thyroid_hormones,Thyroid hormones,drug
41093763,levothyroxine 0.175 MG Oral Tablet [L Thyroxin Beta] Box of 50,Drug,RxNorm Extension,standard,H03A_thyroid_preparations,thyroid_hormones,Thyroid hormones,drug
41093764,levothyroxine 0.175 MG Oral Tablet [L Thyroxin Aristo] Box of 100,Drug,RxNorm Extension,standard,H03A_thyroid_preparations,thyroid_hormones,Thyroid hormones,drug
41093765,levothyroxine 0.025 MG Oral Tablet [L Thyroxin Beta] Box of 100,Drug,RxNorm Extension,standard,H03A_thyroid_preparations,thyroid_hormones,Thyroid hormones,drug
41093766,levothyroxine 0.025 MG Oral Tablet [L Thyroxin Beta] Box of 50,Drug,RxNorm Extension,standard,H03A_thyroid_preparations,thyroid_hormones,Thyroid hormones,drug
41093767,levothyroxine 0.025 MG Oral Tablet [L Thyroxin Aristo] Box of 50,Drug,RxNorm Extension,standard,H03A_thyroid_preparations,thyroid_hormones,Thyroid hormones,drug
41093768,levothyroxine 0.025 MG Oral Tablet [L Thyroxin 1a Pharma] Box of 50,Drug,RxNorm Extension,standard,H03A_thyroid_preparations,thyroid_hormones,Thyroid hormones,drug
41093769,levothyroxine 0.025 MG Oral Tablet [Eferox] Box of 98,Drug,RxNorm Extension,standard,H03A_thyroid_preparations,thyroid_hormones,Thyroid hormones,drug
41093770,levothyroxine 0.025 MG Oral Tablet [Eferox] Box of 50,Drug,RxNorm Extension,standard,H03A_thyroid_preparations,thyroid_hormones,Thyroid hormones,drug
41093771,levothyroxine 0.05 MG Oral Tablet [L Thyroxin Henning] Box of 1000,Drug,RxNorm Extension,standard,H03A_thyroid_preparations,thyroid_hormones,Thyroid hormones,drug
41093772,levothyroxine 0.05 MG Oral Tablet [Euthyrox] Box of 336,Drug,RxNorm Extension,standard,H03A_thyroid_preparations,thyroid_hormones,Thyroid hormones,drug
41094316,Iodine 0.1 MG / thyroid (USP) 48.75 MG Oral Tablet [Thyreohorm] Box of 50,Drug,RxNorm Extension,standard,H03A_thyroid_preparations,thyroid_hormones,Thyroid hormones,drug
41094317,Iodine 0.2 MG / levothyroxine 0.125 MG Oral Tablet [Thyronajod] Box of 500,Drug,RxNorm Extension,standard,H03A_thyroid_preparations,thyroid_hormones,Thyroid hormones,drug
41094318,Iodine 0.2 MG / levothyroxine 0.125 MG Oral Tablet [Thyronajod] Box of 50,Drug,RxNorm Extension,standard,H03A_thyroid_preparations,thyroid_hormones,Thyroid hormones,drug
41094319,Iodine 0.2 MG / levothyroxine 0.1 MG Oral Tablet [Thyronajod] Box of 100,Drug,RxNorm Extension,standard,H03A_thyroid_preparations,thyroid_hormones,Thyroid hormones,drug
41094320,Iodine 0.2 MG / levothyroxine 0.1 MG Oral Tablet [L Thyrox Jod Aristo],Drug,RxNorm Extension,standard,H03A_thyroid_preparations,thyroid_hormones,Thyroid hormones,drug
41094321,Iodine 0.2 MG / levothyroxine 0.05 MG Oral Tablet [Thyronajod] Box of 50,Drug,RxNorm Extension,standard,H03A_thyroid_preparations,thyroid_hormones,Thyroid hormones,drug
41094322,Iodine 0.2 MG / levothyroxine 0.05 MG Oral Tablet [L Thyrox Jod Aristo],Drug,RxNorm Extension,standard,H03A_thyroid_preparations,thyroid_hormones,Thyroid hormones,drug
41094323,Iodine 0.2 MG / levothyroxine 0.075 MG Oral Tablet [Thyronajod] Box of 50,Drug,RxNorm Extension,standard,H03A_thyroid_preparations,thyroid_hormones,Thyroid hormones,drug
41094324,Iodine 0.2 MG / levothyroxine 0.075 MG Oral Tablet [L Thyrox Jod Hexal] Box of 50,Drug,RxNorm Extension,standard,H03A_thyroid_preparations,thyroid_hormones,Thyroid hormones,drug
41094325,Iodine 0.099 MG / levothyroxine 0.1 MG Oral Tablet [L Thyroxin Plus Henning] Box of 100,Drug,RxNorm Extension,standard,H03A_thyroid_preparations,thyroid_hormones,Thyroid hormones,drug
41103694,liothyronine 0.05 MG Oral Tablet [Trijodthyronin] Box of 50 by Berlin-Chemie,Drug,RxNorm Extension,standard,H03A_thyroid_preparations,thyroid_hormones,Thyroid hormones,drug
41103706,levothyroxine 0.1 MG / liothyronine 0.02 MG Oral Tablet [Novothyral] Box of 50 by Opti,Drug,RxNorm Extension,standard,H03A_thyroid_preparations,thyroid_hormones,Thyroid hormones,drug
41103707,levothyroxine 0.1 MG / liothyronine 0.02 MG Oral Tablet [Novothyral] Box of 50 by Me,Drug,RxNorm Extension,standard,H03A_thyroid_preparations,thyroid_hormones,Thyroid hormones,drug
41103708,levothyroxine 0.075 MG Oral Tablet [Eferox] Box of 100 by Aristo,Drug,RxNorm Extension,standard,H03A_thyroid_preparations,thyroid_hormones,Thyroid hormones,drug
41103709,levothyroxine 0.1 MG Oral Tablet [Thevier] Box of 100 by Aspen,Drug,RxNorm Extension,standard,H03A_thyroid_preparations,thyroid_hormones,Thyroid hormones,drug
41103710,levothyroxine 0.1 MG Oral Tablet [L Thyroxin 1a Pharma] Box of 50 by 1 A,Drug,RxNorm Extension,standard,H03A_thyroid_preparations,thyroid_hormones,Thyroid hormones,drug
41103711,levothyroxine 0.1 MG Oral Tablet [Euthyrox] Box of 50 by Mylan,Drug,RxNorm Extension,standard,H03A_thyroid_preparations,thyroid_hormones,Thyroid hormones,drug
41103712,levothyroxine 0.1 MG Oral Tablet [Eferox] Box of 100 by Aristo,Drug,RxNorm Extension,standard,H03A_thyroid_preparations,thyroid_hormones,Thyroid hormones,drug
41103713,levothyroxine 0.1 MG Oral Tablet [Eferox] Box of 84 by Pfizer,Drug,RxNorm Extension,standard,H03A_thyroid_preparations,thyroid_hormones,Thyroid hormones,drug
41103714,levothyroxine 0.05 MG Oral Tablet [Thevier] Box of 100 by Aspen,Drug,RxNorm Extension,standard,H03A_thyroid_preparations,thyroid_hormones,Thyroid hormones,drug
41103715,levothyroxine 0.05 MG Oral Tablet [Lixin] Box of 28 by Sanofi,Drug,RxNorm Extension,standard,H03A_thyroid_preparations,thyroid_hormones,Thyroid hormones,drug
41103716,levothyroxine 0.05 MG Oral Tablet [L Thyroxin 1a Pharma] Box of 100 by 1 A,Drug,RxNorm Extension,standard,H03A_thyroid_preparations,thyroid_hormones,Thyroid hormones,drug
41103717,levothyroxine 0.05 MG Oral Tablet [L Thyrox Ratiopharm] Box of 100 by Ratiopharm,Drug,RxNorm Extension,standard,H03A_thyroid_preparations,thyroid_hormones,Thyroid hormones,drug
41103718,levothyroxine 0.05 MG Oral Tablet [L Thyrox Ratiopharm] Box of 50 by Ratiopharm,Drug,RxNorm Extension,standard,H03A_thyroid_preparations,thyroid_hormones,Thyroid hormones,drug
41103719,levothyroxine 0.088 MG Oral Tablet Box of 100 by Ratiopharm,Drug,RxNorm Extension,standard,H03A_thyroid_preparations,thyroid_hormones,Thyroid hormones,drug
41103723,levothyroxine 0.15 MG Oral Tablet [Euthyrox] Box of 100 by Eurim-Pharm,Drug,RxNorm Extension,standard,H03A_thyroid_preparations,thyroid_hormones,Thyroid hormones,drug
41103724,levothyroxine 0.175 MG Oral Tablet [L Thyroxin Beta] Box of 100 by Betapharm,Drug,RxNorm Extension,standard,H03A_thyroid_preparations,thyroid_hormones,Thyroid hormones,drug
41103725,levothyroxine 0.025 MG Oral Tablet [L Thyroxin Winthrop] Box of 50 by Sanofi,Drug,RxNorm Extension,standard,H03A_thyroid_preparations,thyroid_hormones,Thyroid hormones,drug
41103726,levothyroxine 0.025 MG Oral Tablet [L Thyroxin Na Ratiopharm] Box of 50 by Ratiopharm,Drug,RxNorm Extension,standard,H03A_thyroid_preparations,thyroid_hormones,Thyroid hormones,drug
41103727,levothyroxine 0.025 MG Oral Tablet [L Thyroxin Na Abz] Box of 50 by AbZ-Pharma,Drug,RxNorm Extension,standard,H03A_thyroid_preparations,thyroid_hormones,Thyroid hormones,drug
41103728,levothyroxine 0.025 MG Oral Tablet [Eferox] Box of 100 by Aristo,Drug,RxNorm Extension,standard,H03A_thyroid_preparations,thyroid_hormones,Thyroid hormones,drug
41103729,levothyroxine 0.05 MG Oral Tablet Box of 84 by Berlin-Chemie,Drug,RxNorm Extension,standard,H03A_thyroid_preparations,thyroid_hormones,Thyroid hormones,drug
41104047,Iodine 0.14 MG / levothyroxine 0.1 MG Oral Tablet [L Thyroxin Jod Betapharm] Box of 100 by Betapharm,Drug,RxNorm Extension,standard,H03A_thyroid_preparations,thyroid_hormones,Thyroid hormones,drug
41104048,Iodine 0.14 MG / levothyroxine 0.1 MG Oral Tablet [Jodthyrox] Box of 100 by Axicorp,Drug,RxNorm Extension,standard,H03A_thyroid_preparations,thyroid_hormones,Thyroid hormones,drug
41107850,levothyroxine 100 MG,Drug,RxNorm Extension,standard,H03A_thyroid_preparations,thyroid_hormones,Thyroid hormones,drug
41109696,levothyroxine 0.04 MG / liothyronine 0.01 MG [Thyreotom],Drug,RxNorm Extension,standard,H03A_thyroid_preparations,thyroid_hormones,Thyroid hormones,drug
41109697,levothyroxine 0.001 MG/ML [Eferox],Drug,RxNorm Extension,standard,H03A_thyroid_preparations,thyroid_hormones,Thyroid hormones,drug
41109698,levothyroxine 0.2 MG [L Thyroxin Henning],Drug,RxNorm Extension,standard,H03A_thyroid_preparations,thyroid_hormones,Thyroid hormones,drug
41109699,levothyroxine 0.1 MG [L Thyroxin Na Abz],Drug,RxNorm Extension,standard,H03A_thyroid_preparations,thyroid_hormones,Thyroid hormones,drug
41109700,levothyroxine 0.075 MG [L Thyroxin Henning],Drug,RxNorm Extension,standard,H03A_thyroid_preparations,thyroid_hormones,Thyroid hormones,drug
41109702,levothyroxine 0.05 MG [L Thyroxin Beta],Drug,RxNorm Extension,standard,H03A_thyroid_preparations,thyroid_hormones,Thyroid hormones,drug
41109703,levothyroxine 0.175 MG [L Thyroxin Na Abz],Drug,RxNorm Extension,standard,H03A_thyroid_preparations,thyroid_hormones,Thyroid hormones,drug
41109704,levothyroxine 0.175 MG [Eferox],Drug,RxNorm Extension,standard,H03A_thyroid_preparations,thyroid_hormones,Thyroid hormones,drug
41109705,levothyroxine 0.025 MG [L Thyroxin Ratiopharm],Drug,RxNorm Extension,standard,H03A_thyroid_preparations,thyroid_hormones,Thyroid hormones,drug
41109706,levothyroxine 0.025 MG [L Thyrox Ratiopharm],Drug,RxNorm Extension,standard,H03A_thyroid_preparations,thyroid_hormones,Thyroid hormones,drug
41109816,Iodine 0.225 MG / levothyroxine 0.0025 MG / liothyronine 0.0015 MG [Spongiosal],Drug,RxNorm Extension,standard,H03A_thyroid_preparations,thyroid_hormones,Thyroid hormones,drug
41109817,Iodine 0.2 MG / levothyroxine 0.05 MG [L Thyroxin Jod Winthrop],Drug,RxNorm Extension,standard,H03A_thyroid_preparations,thyroid_hormones,Thyroid hormones,drug
41109818,Iodine 0.2 MG / levothyroxine 0.088 MG [Eferox],Drug,RxNorm Extension,standard,H03A_thyroid_preparations,thyroid_hormones,Thyroid hormones,drug
41111174,Adrenal cortex extract 12 MG / Bos taurus testicle preparation 20 MG / hypophysis extract 3 MG / thyroid (USP) 97.5 MG [Lipolysin],Drug,RxNorm Extension,standard,H03A_thyroid_preparations,thyroid_hormones,Thyroid hormones,drug
41111786,Hedera helix flowering twig extract / Iodine / Leonurus cardiaca extract / Lycopus virginicus extract / Naja naja whole extract / Oats preparation / P-Arsanilic Acid / Scrophularia nodosa extract / Spongia officinalis preparation / ... Oral Tablet,Drug,RxNorm Extension,standard,H03A_thyroid_preparations,thyroid_hormones,Thyroid hormones,drug
41112183,thyroid (USP) Oral Tablet [Thyreoidinum],Drug,RxNorm Extension,standard,H03A_thyroid_preparations,thyroid_hormones,Thyroid hormones,drug
41112861,levothyroxine Oral Tablet [L Thyroxin Na Ratiopharm],Drug,RxNorm Extension,standard,H03A_thyroid_preparations,thyroid_hormones,Thyroid hormones,drug
41112862,levothyroxine Oral Tablet [L Thyroxin Na Ct],Drug,RxNorm Extension,standard,H03A_thyroid_preparations,thyroid_hormones,Thyroid hormones,drug
41112863,levothyroxine Oral Tablet [L Thyroxin 1a Pharma],Drug,RxNorm Extension,standard,H03A_thyroid_preparations,thyroid_hormones,Thyroid hormones,drug
41114107,Hedera helix flowering twig extract / Iodine / Leonurus cardiaca extract / Lycopus virginicus extract / Naja naja whole extract / Oats preparation / P-Arsanilic Acid / Scrophularia nodosa extract / ... Oral Tablet [Hewethyreon],Drug,RxNorm Extension,standard,H03A_thyroid_preparations,thyroid_hormones,Thyroid hormones,drug
41116353,levothyroxine 0.04 MG / liothyronine 0.01 MG Oral Tablet Box of 60,Drug,RxNorm Extension,standard,H03A_thyroid_preparations,thyroid_hormones,Thyroid hormones,drug
41116354,levothyroxine 0.075 MG / liothyronine 0.015 MG Oral Tablet Box of 500,Drug,RxNorm Extension,standard,H03A_thyroid_preparations,thyroid_hormones,Thyroid hormones,drug
41116355,levothyroxine 0.075 MG / liothyronine 0.015 MG Oral Tablet Box of 100,Drug,RxNorm Extension,standard,H03A_thyroid_preparations,thyroid_hormones,Thyroid hormones,drug
41116356,levothyroxine 0.2 MG Oral Tablet Box of 336,Drug,RxNorm Extension,standard,H03A_thyroid_preparations,thyroid_hormones,Thyroid hormones,drug
41116357,levothyroxine 0.3 MG Oral Tablet Box of 336,Drug,RxNorm Extension,standard,H03A_thyroid_preparations,thyroid_hormones,Thyroid hormones,drug
41116358,levothyroxine 0.075 MG Oral Tablet Box of 336,Drug,RxNorm Extension,standard,H03A_thyroid_preparations,thyroid_hormones,Thyroid hormones,drug
41116359,levothyroxine 0.003 MG/ML Oral Solution Box of 3,Drug,RxNorm Extension,standard,H03A_thyroid_preparations,thyroid_hormones,Thyroid hormones,drug
41116360,levothyroxine 0.1 MG/ML Oral Solution Box of 3,Drug,RxNorm Extension,standard,H03A_thyroid_preparations,thyroid_hormones,Thyroid hormones,drug
41116361,levothyroxine 0.112 MG Oral Tablet Box of 100,Drug,RxNorm Extension,standard,H03A_thyroid_preparations,thyroid_hormones,Thyroid hormones,drug
41116362,levothyroxine 0.112 MG Oral Tablet Box of 50,Drug,RxNorm Extension,standard,H03A_thyroid_preparations,thyroid_hormones,Thyroid hormones,drug
41116363,levothyroxine 0.025 MG Oral Tablet Box of 20,Drug,RxNorm Extension,standard,H03A_thyroid_preparations,thyroid_hormones,Thyroid hormones,drug
41116543,Iodine 0.15 MG / levothyroxine 0.07 MG Oral Tablet Box of 100,Drug,RxNorm Extension,standard,H03A_thyroid_preparations,thyroid_hormones,Thyroid hormones,drug
41116544,Iodine 0.2 MG / levothyroxine 0.088 MG Oral Tablet Box of 50,Drug,RxNorm Extension,standard,H03A_thyroid_preparations,thyroid_hormones,Thyroid hormones,drug
41116545,Iodine 0.14 MG / levothyroxine 0.1 MG Oral Tablet,Drug,RxNorm Extension,standard,H03A_thyroid_preparations,thyroid_hormones,Thyroid hormones,drug
41116546,Iodine 196 MG / levothyroxine 0.112 MG Oral Tablet Box of 100,Drug,RxNorm Extension,standard,H03A_thyroid_preparations,thyroid_hormones,Thyroid hormones,drug
41118641,Bos taurus ovary preparation 30 MG / Bromisoval 150 MG / Theobromine 160 MG / thyroid (USP) 6 MG Oral Tablet,Drug,RxNorm Extension,standard,H03A_thyroid_preparations,thyroid_hormones,Thyroid hormones,drug
41119001,Ascorbic Acid 4 MG / Bos taurus ovary preparation 3 MG / Bos taurus testicle preparation 4 MG / Iodine 0.1 MG / Naphthalene 0.0075 MG / Phosphorus 0.0075 MG / Riboflavin 0.2 MG / Saffron Extract 0.00075 MG / ... Oral Tablet Box of 120,Drug,RxNorm Extension,standard,H03A_thyroid_preparations,thyroid_hormones,Thyroid hormones,drug
41119424,Adrenal cortex extract 12 MG / Bos taurus testicle preparation 20 MG / hypophysis extract 3 MG / thyroid (USP) 97.5 MG Oral Tablet Box of 40,Drug,RxNorm Extension,standard,H03A_thyroid_preparations,thyroid_hormones,Thyroid hormones,drug
41120558,thyroid (USP) 97.5 MG Oral Tablet [Thyreoidin],Drug,RxNorm Extension,standard,H03A_thyroid_preparations,thyroid_hormones,Thyroid hormones,drug
41120561,thyroid (USP) 48.75 MG Oral Tablet [Thyreoid Dispert] Box of 50,Drug,RxNorm Extension,standard,H03A_thyroid_preparations,thyroid_hormones,Thyroid hormones,drug
41120562,thyroid (USP) 300 MG Oral Tablet [Thyreoid Dispert] Box of 20,Drug,RxNorm Extension,standard,H03A_thyroid_preparations,thyroid_hormones,Thyroid hormones,drug
41120563,thyroid (USP) 300 MG Oral Tablet [Thyreoid Dispert],Drug,RxNorm Extension,standard,H03A_thyroid_preparations,thyroid_hormones,Thyroid hormones,drug
41124865,liothyronine 0.02 MG Oral Tablet [Thyrotardin] Box of 30,Drug,RxNorm Extension,standard,H03A_thyroid_preparations,thyroid_hormones,Thyroid hormones,drug
41124899,levothyroxine 0.025 MG / liothyronine 0.005 MG Oral Tablet [Novothyral] Box of 500,Drug,RxNorm Extension,standard,H03A_thyroid_preparations,thyroid_hormones,Thyroid hormones,drug
41124900,levothyroxine 0.12 MG / liothyronine 0.03 MG Oral Tablet [Thyreotom] Box of 50,Drug,RxNorm Extension,standard,H03A_thyroid_preparations,thyroid_hormones,Thyroid hormones,drug
41124901,levothyroxine 0.1 MG / liothyronine 0.02 MG Oral Tablet [Thyroxin T] Box of 200,Drug,RxNorm Extension,standard,H03A_thyroid_preparations,thyroid_hormones,Thyroid hormones,drug
41124902,levothyroxine 0.1 MG / liothyronine 0.02 MG Oral Tablet [Novothyral],Drug,RxNorm Extension,standard,H03A_thyroid_preparations,thyroid_hormones,Thyroid hormones,drug
41124903,levothyroxine 0.2 MG Oral Tablet [L Thyroxin Na Ratiopharm] Box of 50,Drug,RxNorm Extension,standard,H03A_thyroid_preparations,thyroid_hormones,Thyroid hormones,drug
41124904,levothyroxine 0.2 MG Oral Tablet [Euthyrox] Box of 90,Drug,RxNorm Extension,standard,H03A_thyroid_preparations,thyroid_hormones,Thyroid hormones,drug
41124906,levothyroxine 0.1 MG/ML Injectable Suspension [L Thyroxin Henning],Drug,RxNorm Extension,standard,H03A_thyroid_preparations,thyroid_hormones,Thyroid hormones,drug
41124907,levothyroxine 0.2 MG Oral Tablet [L Thyroxin Henning] Box of 98,Drug,RxNorm Extension,standard,H03A_thyroid_preparations,thyroid_hormones,Thyroid hormones,drug
41124908,levothyroxine 0.1 MG Oral Tablet [Thevier],Drug,RxNorm Extension,standard,H03A_thyroid_preparations,thyroid_hormones,Thyroid hormones,drug
41124909,levothyroxine 0.1 MG Oral Tablet [LEVOTHYROXINE RATIOPHARM] Box of 100,Drug,RxNorm Extension,standard,H03A_thyroid_preparations,thyroid_hormones,Thyroid hormones,drug
41124910,levothyroxine 0.1 MG Oral Tablet [L Thyroxin Winthrop] Box of 100,Drug,RxNorm Extension,standard,H03A_thyroid_preparations,thyroid_hormones,Thyroid hormones,drug
41124911,levothyroxine 0.1 MG Oral Tablet [L Thyroxin Sandoz] Box of 50,Drug,RxNorm Extension,standard,H03A_thyroid_preparations,thyroid_hormones,Thyroid hormones,drug
41124912,levothyroxine 0.1 MG Oral Tablet [L Thyroxin Sandoz],Drug,RxNorm Extension,standard,H03A_thyroid_preparations,thyroid_hormones,Thyroid hormones,drug
41124913,levothyroxine 0.1 MG Oral Tablet [L Thyroxin Na Ct] Box of 50,Drug,RxNorm Extension,standard,H03A_thyroid_preparations,thyroid_hormones,Thyroid hormones,drug
41124914,levothyroxine 0.1 MG Oral Tablet [L Thyroxin Henning] Box of 490,Drug,RxNorm Extension,standard,H03A_thyroid_preparations,thyroid_hormones,Thyroid hormones,drug
41124915,levothyroxine 0.1 MG Oral Tablet [L Thyroxin Ct] Box of 50,Drug,RxNorm Extension,standard,H03A_thyroid_preparations,thyroid_hormones,Thyroid hormones,drug
41124916,levothyroxine 0.1 MG Oral Tablet [Eutirox] Box of 100,Drug,RxNorm Extension,standard,H03A_thyroid_preparations,thyroid_hormones,Thyroid hormones,drug
41124917,levothyroxine 0.1 MG Oral Tablet [Euthyrox] Box of 90,Drug,RxNorm Extension,standard,H03A_thyroid_preparations,thyroid_hormones,Thyroid hormones,drug
41124918,levothyroxine 0.075 MG Oral Tablet [L Thyroxin Henning] Box of 56,Drug,RxNorm Extension,standard,H03A_thyroid_preparations,thyroid_hormones,Thyroid hormones,drug
41124919,levothyroxine 0.075 MG Oral Tablet [Euthyrox] Box of 500,Drug,RxNorm Extension,standard,H03A_thyroid_preparations,thyroid_hormones,Thyroid hormones,drug
41124920,levothyroxine 0.075 MG Oral Tablet [Eferox] Box of 98,Drug,RxNorm Extension,standard,H03A_thyroid_preparations,thyroid_hormones,Thyroid hormones,drug
41124921,levothyroxine 0.05 MG Oral Tablet [Thevier] Box of 1200,Drug,RxNorm Extension,standard,H03A_thyroid_preparations,thyroid_hormones,Thyroid hormones,drug
41124922,levothyroxine 0.05 MG Oral Tablet [L Thyroxin Winthrop] Box of 100,Drug,RxNorm Extension,standard,H03A_thyroid_preparations,thyroid_hormones,Thyroid hormones,drug
41124923,levothyroxine 0.05 MG Oral Tablet [L Thyroxin Henning] Box of 56,Drug,RxNorm Extension,standard,H03A_thyroid_preparations,thyroid_hormones,Thyroid hormones,drug
41124924,levothyroxine 0.05 MG Oral Tablet [Euthyrox] Box of 500,Drug,RxNorm Extension,standard,H03A_thyroid_preparations,thyroid_hormones,Thyroid hormones,drug
41124925,levothyroxine 0.1 MG/ML Oral Solution [L Thyroxin Henning],Drug,RxNorm Extension,standard,H03A_thyroid_preparations,thyroid_hormones,Thyroid hormones,drug
41124926,levothyroxine 0.1 MG Oral Tablet [L Thyroxin Henning] Box of 500,Drug,RxNorm Extension,standard,H03A_thyroid_preparations,thyroid_hormones,Thyroid hormones,drug
41124927,levothyroxine 0.1 MG Oral Tablet [L Thyroxin Henning] Box of 98,Drug,RxNorm Extension,standard,H03A_thyroid_preparations,thyroid_hormones,Thyroid hormones,drug
41124928,levothyroxine 0.088 MG Oral Tablet [L Thyroxin Sandoz] Box of 100,Drug,RxNorm Extension,standard,H03A_thyroid_preparations,thyroid_hormones,Thyroid hormones,drug
41124929,levothyroxine 0.112 MG Oral Tablet [L Thyroxin Na Abz],Drug,RxNorm Extension,standard,H03A_thyroid_preparations,thyroid_hormones,Thyroid hormones,drug
41124930,levothyroxine 0.112 MG Oral Tablet [Euthyrox] Box of 50,Drug,RxNorm Extension,standard,H03A_thyroid_preparations,thyroid_hormones,Thyroid hormones,drug
41124931,levothyroxine 0.15 MG Oral Tablet [L Thyroxin Ratiopharm] Box of 100,Drug,RxNorm Extension,standard,H03A_thyroid_preparations,thyroid_hormones,Thyroid hormones,drug
41124932,levothyroxine 0.175 MG Oral Tablet [L Thyroxin Na Abz] Box of 100,Drug,RxNorm Extension,standard,H03A_thyroid_preparations,thyroid_hormones,Thyroid hormones,drug
41124933,levothyroxine 0.175 MG Oral Tablet [L Thyroxin Henning] Box of 84,Drug,RxNorm Extension,standard,H03A_thyroid_preparations,thyroid_hormones,Thyroid hormones,drug
41124934,levothyroxine 0.175 MG Oral Tablet [L Thyroxin Beta],Drug,RxNorm Extension,standard,H03A_thyroid_preparations,thyroid_hormones,Thyroid hormones,drug
41124935,levothyroxine 0.175 MG Oral Tablet [L Thyroxin 1a Pharma],Drug,RxNorm Extension,standard,H03A_thyroid_preparations,thyroid_hormones,Thyroid hormones,drug
41124936,levothyroxine 0.175 MG Oral Tablet [Euthyrox] Box of 84,Drug,RxNorm Extension,standard,H03A_thyroid_preparations,thyroid_hormones,Thyroid hormones,drug
41124937,levothyroxine 0.025 MG Oral Tablet [L Thyroxin Sandoz] Box of 50,Drug,RxNorm Extension,standard,H03A_thyroid_preparations,thyroid_hormones,Thyroid hormones,drug
41124938,levothyroxine 0.025 MG Oral Tablet [L Thyroxin Henning] Box of 100,Drug,RxNorm Extension,standard,H03A_thyroid_preparations,thyroid_hormones,Thyroid hormones,drug
41124939,levothyroxine 0.05 MG Oral Tablet [L Thyroxin Henning] Box of 50,Drug,RxNorm Extension,standard,H03A_thyroid_preparations,thyroid_hormones,Thyroid hormones,drug
41124940,levothyroxine 0.05 MG Oral Tablet [Eferox] Box of 98,Drug,RxNorm Extension,standard,H03A_thyroid_preparations,thyroid_hormones,Thyroid hormones,drug
41124941,levothyroxine 0.05 MG Oral Tablet [Berlthyrox] Box of 100,Drug,RxNorm Extension,standard,H03A_thyroid_preparations,thyroid_hormones,Thyroid hormones,drug
41124946,levothyroxine 0.15 MG Oral Tablet [L Thyrox Hexal] Box of 50,Drug,RxNorm Extension,standard,H03A_thyroid_preparations,thyroid_hormones,Thyroid hormones,drug
41124947,levothyroxine 0.15 MG Oral Tablet [Euthyrox] Box of 84,Drug,RxNorm Extension,standard,H03A_thyroid_preparations,thyroid_hormones,Thyroid hormones,drug
41125531,Iodine 0.225 MG / levothyroxine 0.0025 MG / liothyronine 0.0015 MG / Lycopus Europaeus 4 MG / Vitamin E 2 MG Oral Tablet [Spongiosal],Drug,RxNorm Extension,standard,H03A_thyroid_preparations,thyroid_hormones,Thyroid hormones,drug
41125532,Iodine 0.2 MG / levothyroxine 0.15 MG Oral Tablet [L Thyrox Jod Hexal] Box of 50,Drug,RxNorm Extension,standard,H03A_thyroid_preparations,thyroid_hormones,Thyroid hormones,drug
41125533,Iodine 0.2 MG / levothyroxine 0.15 MG Oral Tablet [Eferox],Drug,RxNorm Extension,standard,H03A_thyroid_preparations,thyroid_hormones,Thyroid hormones,drug
41125534,Iodine 0.2 MG / levothyroxine 0.075 MG Oral Tablet [Thyronajod] Box of 100,Drug,RxNorm Extension,standard,H03A_thyroid_preparations,thyroid_hormones,Thyroid hormones,drug
41125535,Iodine 0.2 MG / levothyroxine 0.075 MG Oral Tablet [L Thyroxin Jod Winthrop] Box of 100,Drug,RxNorm Extension,standard,H03A_thyroid_preparations,thyroid_hormones,Thyroid hormones,drug
41125536,Iodine 0.2 MG / levothyroxine 0.075 MG Oral Tablet [L Thyrox Jod Aristo],Drug,RxNorm Extension,standard,H03A_thyroid_preparations,thyroid_hormones,Thyroid hormones,drug
41125537,Iodine 0.2 MG / levothyroxine 0.112 MG Oral Tablet [L Thyrox Jod Hexal],Drug,RxNorm Extension,standard,H03A_thyroid_preparations,thyroid_hormones,Thyroid hormones,drug
41125538,Iodine 0.2 MG / levothyroxine 0.112 MG Oral Tablet [L Thyrox Jod Aristo] Box of 50,Drug,RxNorm Extension,standard,H03A_thyroid_preparations,thyroid_hormones,Thyroid hormones,drug
41125539,Iodine 0.2 MG / levothyroxine 0.112 MG Oral Tablet [L Thyrox Jod Aristo],Drug,RxNorm Extension,standard,H03A_thyroid_preparations,thyroid_hormones,Thyroid hormones,drug
41125540,Iodine 131 MG / levothyroxine 0.1 MG Oral Tablet [Eferox] Box of 100,Drug,RxNorm Extension,standard,H03A_thyroid_preparations,thyroid_hormones,Thyroid hormones,drug
41125541,Iodine 196 MG / levothyroxine 0.1 MG Oral Tablet [Eferox] Box of 100,Drug,RxNorm Extension,standard,H03A_thyroid_preparations,thyroid_hormones,Thyroid hormones,drug
41127251,Scrophularia nodosa extract 12.5 MG / Spongia officinalis preparation 1.25 MG / thyroid (USP) 0.00125 MG Oral Tablet [Cefathyreo] Box of 100,Drug,RxNorm Extension,standard,H03A_thyroid_preparations,thyroid_hormones,Thyroid hormones,drug
41127295,levothyroxine 20 MG Oral Capsule [Skleronorm] Box of 600,Drug,RxNorm Extension,standard,H03A_thyroid_preparations,thyroid_hormones,Thyroid hormones,drug
41130712,Bellis perennis extract 0.000004 MG/ML / Chelidonium majus extract 0.0000004 MG/ML / Dioscorea villosa tuber extract 0.000004 MG/ML / levothyroxine 0.000000002 MG/ML Oral Solution [Retroplex] Box of 1,Drug,RxNorm Extension,standard,H03A_thyroid_preparations,thyroid_hormones,Thyroid hormones,drug
41135132,levothyroxine 0.1 MG / liothyronine 0.02 MG Oral Tablet [Novothyral] Box of 100 by Mylan,Drug,RxNorm Extension,standard,H03A_thyroid_preparations,thyroid_hormones,Thyroid hormones,drug
41135133,levothyroxine 0.1 MG / liothyronine 0.02 MG Oral Tablet [Novothyral] Box of 100 by Gppl,Drug,RxNorm Extension,standard,H03A_thyroid_preparations,thyroid_hormones,Thyroid hormones,drug
41135134,levothyroxine 0.075 MG Oral Tablet [L Thyroxin Ratiopharm] Box of 50 by Ratiopharm,Drug,RxNorm Extension,standard,H03A_thyroid_preparations,thyroid_hormones,Thyroid hormones,drug
41135135,levothyroxine 0.075 MG Oral Tablet [Eferox] Box of 100 by Novartis,Drug,RxNorm Extension,standard,H03A_thyroid_preparations,thyroid_hormones,Thyroid hormones,drug
41135136,levothyroxine 0.075 MG Oral Tablet [Eferox] Box of 50 by Pfizer,Drug,RxNorm Extension,standard,H03A_thyroid_preparations,thyroid_hormones,Thyroid hormones,drug
41135137,levothyroxine 0.2 MG Oral Tablet [L Thyroxin 1a Pharma] Box of 100 by 1 A,Drug,RxNorm Extension,standard,H03A_thyroid_preparations,thyroid_hormones,Thyroid hormones,drug
41135138,levothyroxine 0.6 MG Oral Tablet [L Thyroxin Aristo] Box of 50 by Aristo,Drug,RxNorm Extension,standard,H03A_thyroid_preparations,thyroid_hormones,Thyroid hormones,drug
41135139,levothyroxine 0.3 MG Oral Tablet [Euthyrox] Box of 336 by Mylan,Drug,RxNorm Extension,standard,H03A_thyroid_preparations,thyroid_hormones,Thyroid hormones,drug
41135140,levothyroxine 0.3 MG Oral Tablet [Euthyrox] Box of 50 by Mylan,Drug,RxNorm Extension,standard,H03A_thyroid_preparations,thyroid_hormones,Thyroid hormones,drug
41135141,levothyroxine 0.2 MG Oral Tablet [Eferox] Box of 100 by Aristo,Drug,RxNorm Extension,standard,H03A_thyroid_preparations,thyroid_hormones,Thyroid hormones,drug
41135142,levothyroxine 0.1 MG Oral Tablet [L Thyroxin Sandoz] Box of 50 by Novartis,Drug,RxNorm Extension,standard,H03A_thyroid_preparations,thyroid_hormones,Thyroid hormones,drug
41135143,levothyroxine 0.1 MG Oral Tablet [L Thyroxin Aristo] Box of 100 by Aristo,Drug,RxNorm Extension,standard,H03A_thyroid_preparations,thyroid_hormones,Thyroid hormones,drug
41135144,levothyroxine 0.1 MG Oral Tablet [Eferox] Box of 100 by Novartis,Drug,RxNorm Extension,standard,H03A_thyroid_preparations,thyroid_hormones,Thyroid hormones,drug
41135145,levothyroxine 0.1 MG Oral Tablet [Berlthyrox] Box of 84 by Berlin-Chemie,Drug,RxNorm Extension,standard,H03A_thyroid_preparations,thyroid_hormones,Thyroid hormones,drug
41135146,levothyroxine 0.075 MG Oral Tablet [L Thyrox Hexal] Box of 100 by Novartis,Drug,RxNorm Extension,standard,H03A_thyroid_preparations,thyroid_hormones,Thyroid hormones,drug
41135147,levothyroxine 0.05 MG Oral Tablet [L Thyrox Hexal] Box of 100 by Novartis,Drug,RxNorm Extension,standard,H03A_thyroid_preparations,thyroid_hormones,Thyroid hormones,drug
41135148,levothyroxine 0.05 MG Oral Tablet [Eferox] Box of 84 by Pfizer,Drug,RxNorm Extension,standard,H03A_thyroid_preparations,thyroid_hormones,Thyroid hormones,drug
41135149,levothyroxine 0.1 MG Oral Tablet Box of 84 by Berlin-Chemie,Drug,RxNorm Extension,standard,H03A_thyroid_preparations,thyroid_hormones,Thyroid hormones,drug
41135150,levothyroxine 0.1 MG Oral Tablet [Euthyrox] Box of 50 by Eurim-Pharm,Drug,RxNorm Extension,standard,H03A_thyroid_preparations,thyroid_hormones,Thyroid hormones,drug
41135151,levothyroxine 0.025 MG Oral Tablet [L Thyroxin Henning] Box of 84 by Sanofi,Drug,RxNorm Extension,standard,H03A_thyroid_preparations,thyroid_hormones,Thyroid hormones,drug
41135154,levothyroxine 0.05 MG Oral Tablet [L Thyroxin Henning] Box of 98 by Sanofi,Drug,RxNorm Extension,standard,H03A_thyroid_preparations,thyroid_hormones,Thyroid hormones,drug
41135155,levothyroxine 0.05 MG Oral Tablet [L Thyroxin Henning] Box of 50 by Sanofi,Drug,RxNorm Extension,standard,H03A_thyroid_preparations,thyroid_hormones,Thyroid hormones,drug
41135156,levothyroxine 0.05 MG Oral Tablet [Euthyrox] Box of 50 by Emra-Med,Drug,RxNorm Extension,standard,H03A_thyroid_preparations,thyroid_hormones,Thyroid hormones,drug
41135476,Iodine 0.099 MG / levothyroxine 0.1 MG Oral Tablet [L Thyroxin Plus Henning] Box of 100 by Sanofi,Drug,RxNorm Extension,standard,H03A_thyroid_preparations,thyroid_hormones,Thyroid hormones,drug
41135477,Iodine 0.099 MG / levothyroxine 0.075 MG Oral Tablet [L Thyroxin Plus Henning] Box of 50 by Sanofi,Drug,RxNorm Extension,standard,H03A_thyroid_preparations,thyroid_hormones,Thyroid hormones,drug
41141051,levothyroxine 0.2 MG [L Thyroxin Winthrop],Drug,RxNorm Extension,standard,H03A_thyroid_preparations,thyroid_hormones,Thyroid hormones,drug
41141052,levothyroxine 0.2 MG [L Thyroxin Sandoz],Drug,RxNorm Extension,standard,H03A_thyroid_preparations,thyroid_hormones,Thyroid hormones,drug
41141053,levothyroxine 0.2 MG [L Thyroxin Na Abz],Drug,RxNorm Extension,standard,H03A_thyroid_preparations,thyroid_hormones,Thyroid hormones,drug
41141054,levothyroxine 0.1 MG [L Thyroxin Beta],Drug,RxNorm Extension,standard,H03A_thyroid_preparations,thyroid_hormones,Thyroid hormones,drug
41141055,levothyroxine 0.1 MG [L Thyroxin Ct],Drug,RxNorm Extension,standard,H03A_thyroid_preparations,thyroid_hormones,Thyroid hormones,drug
41141057,levothyroxine 0.112 MG [L Thyroxin 1a Pharma],Drug,RxNorm Extension,standard,H03A_thyroid_preparations,thyroid_hormones,Thyroid hormones,drug
41141058,levothyroxine 0.175 MG [L Thyrox Ratiopharm],Drug,RxNorm Extension,standard,H03A_thyroid_preparations,thyroid_hormones,Thyroid hormones,drug
41141059,levothyroxine 0.025 MG [Eferox],Drug,RxNorm Extension,standard,H03A_thyroid_preparations,thyroid_hormones,Thyroid hormones,drug
41141060,levothyroxine 0.15 MG [L Thyroxin Henning],Drug,RxNorm Extension,standard,H03A_thyroid_preparations,thyroid_hormones,Thyroid hormones,drug
41141168,Iodine 0.2 MG / levothyroxine 0.15 MG [Eferox],Drug,RxNorm Extension,standard,H03A_thyroid_preparations,thyroid_hormones,Thyroid hormones,drug
41141169,Iodine 0.2 MG / levothyroxine 0.088 MG [L Thyrox Jod Hexal],Drug,RxNorm Extension,standard,H03A_thyroid_preparations,thyroid_hormones,Thyroid hormones,drug
41141559,levothyroxine 20 MG [Skleronorm],Drug,RxNorm Extension,standard,H03A_thyroid_preparations,thyroid_hormones,Thyroid hormones,drug
41142282,Bos taurus ovary preparation 30 MG / Bromisoval 150 MG / Theobromine 160 MG / thyroid (USP) 6 MG [Klimakton],Drug,RxNorm Extension,standard,H03A_thyroid_preparations,thyroid_hormones,Thyroid hormones,drug
41142990,Fucus vesiculosus extract / Iodine / thyroid (USP) Oral Tablet,Drug,RxNorm Extension,standard,H03A_thyroid_preparations,thyroid_hormones,Thyroid hormones,drug
41144468,liothyronine Oral Tablet [Thybon Henning],Drug,RxNorm Extension,standard,H03A_thyroid_preparations,thyroid_hormones,Thyroid hormones,drug
41144477,levothyroxine / liothyronine Oral Tablet [Prothyrid],Drug,RxNorm Extension,standard,H03A_thyroid_preparations,thyroid_hormones,Thyroid hormones,drug
41144478,levothyroxine Oral Solution [L Thyroxin Henning],Drug,RxNorm Extension,standard,H03A_thyroid_preparations,thyroid_hormones,Thyroid hormones,drug
41144479,levothyroxine Oral Tablet [Lixin],Drug,RxNorm Extension,standard,H03A_thyroid_preparations,thyroid_hormones,Thyroid hormones,drug
41144480,levothyroxine Oral Tablet [L Thyroxin Beta],Drug,RxNorm Extension,standard,H03A_thyroid_preparations,thyroid_hormones,Thyroid hormones,drug
41144562,Iodine / levothyroxine Oral Tablet [L Thyroxin Jod Winthrop],Drug,RxNorm Extension,standard,H03A_thyroid_preparations,thyroid_hormones,Thyroid hormones,drug
41144721,Hedera helix flowering twig extract / Iodine / Leonurus cardiaca extract / Lycopus virginicus extract / Spongilla lacustris extract / thyroid (USP) Oral Solution [Hewethyreon],Drug,RxNorm Extension,standard,H03A_thyroid_preparations,thyroid_hormones,Thyroid hormones,drug
41147856,liothyronine 0.1 MG Injectable Solution,Drug,RxNorm Extension,standard,H03A_thyroid_preparations,thyroid_hormones,Thyroid hormones,drug
41147857,liothyronine 0.02 MG Oral Tablet Box of 250,Drug,RxNorm Extension,standard,H03A_thyroid_preparations,thyroid_hormones,Thyroid hormones,drug
41147875,levothyroxine 0.2 MG Oral Tablet Box of 90,Drug,RxNorm Extension,standard,H03A_thyroid_preparations,thyroid_hormones,Thyroid hormones,drug
41147876,levothyroxine 100 MG Oral Tablet Box of 100,Drug,RxNorm Extension,standard,H03A_thyroid_preparations,thyroid_hormones,Thyroid hormones,drug
41147877,levothyroxine 0.1 MG Oral Tablet Box of 840,Drug,RxNorm Extension,standard,H03A_thyroid_preparations,thyroid_hormones,Thyroid hormones,drug
41147878,levothyroxine 0.075 MG Oral Tablet Box of 100,Drug,RxNorm Extension,standard,H03A_thyroid_preparations,thyroid_hormones,Thyroid hormones,drug
41147879,levothyroxine 0.05 MG Oral Tablet Box of 56,Drug,RxNorm Extension,standard,H03A_thyroid_preparations,thyroid_hormones,Thyroid hormones,drug
41147880,levothyroxine 0.175 MG Oral Tablet Box of 500,Drug,RxNorm Extension,standard,H03A_thyroid_preparations,thyroid_hormones,Thyroid hormones,drug
41147881,levothyroxine 0.05 MG Oral Tablet Box of 500,Drug,RxNorm Extension,standard,H03A_thyroid_preparations,thyroid_hormones,Thyroid hormones,drug
41147882,levothyroxine 0.05 MG Oral Tablet Box of 336,Drug,RxNorm Extension,standard,H03A_thyroid_preparations,thyroid_hormones,Thyroid hormones,drug
41148046,Iodine 0.225 MG / levothyroxine 0.0025 MG / liothyronine 0.0015 MG Oral Tablet,Drug,RxNorm Extension,standard,H03A_thyroid_preparations,thyroid_hormones,Thyroid hormones,drug
41148047,Iodine 0.15 MG / levothyroxine 0.07 MG Oral Tablet,Drug,RxNorm Extension,standard,H03A_thyroid_preparations,thyroid_hormones,Thyroid hormones,drug
41148048,Iodine 0.15 MG / levothyroxine 0.15 MG Oral Tablet Box of 100,Drug,RxNorm Extension,standard,H03A_thyroid_preparations,thyroid_hormones,Thyroid hormones,drug
41148049,Iodine 0.14 MG / levothyroxine 0.1 MG Oral Tablet Box of 500,Drug,RxNorm Extension,standard,H03A_thyroid_preparations,thyroid_hormones,Thyroid hormones,drug
41148050,Iodine 0.14 MG / levothyroxine 0.1 MG Oral Tablet Box of 100,Drug,RxNorm Extension,standard,H03A_thyroid_preparations,thyroid_hormones,Thyroid hormones,drug
41148051,Iodine 0.14 MG / levothyroxine 0.1 MG Oral Tablet Box of 50,Drug,RxNorm Extension,standard,H03A_thyroid_preparations,thyroid_hormones,Thyroid hormones,drug
41148052,Iodine 196 MG / levothyroxine 0.05 MG Oral Tablet Box of 50,Drug,RxNorm Extension,standard,H03A_thyroid_preparations,thyroid_hormones,Thyroid hormones,drug
41148053,Iodine 0.099 MG / levothyroxine 0.075 MG Oral Tablet Box of 100,Drug,RxNorm Extension,standard,H03A_thyroid_preparations,thyroid_hormones,Thyroid hormones,drug
41156415,liothyronine 0.02 MG Oral Tablet [Trijodthyronin] Box of 60,Drug,RxNorm Extension,standard,H03A_thyroid_preparations,thyroid_hormones,Thyroid hormones,drug
41156451,levothyroxine 0.04 MG / liothyronine 0.01 MG Oral Tablet [Thyreotom] Box of 50,Drug,RxNorm Extension,standard,H03A_thyroid_preparations,thyroid_hormones,Thyroid hormones,drug
41156452,levothyroxine 0.1 MG / liothyronine 0.01 MG Oral Tablet [Prothyrid] Box of 500,Drug,RxNorm Extension,standard,H03A_thyroid_preparations,thyroid_hormones,Thyroid hormones,drug
41156453,levothyroxine 0.1 MG / liothyronine 0.02 MG Oral Tablet [Novothyral] Box of 100,Drug,RxNorm Extension,standard,H03A_thyroid_preparations,thyroid_hormones,Thyroid hormones,drug
41156455,levothyroxine 0.3 MG Oral Tablet [Synthroid] Box of 100,Drug,RxNorm Extension,standard,H03A_thyroid_preparations,thyroid_hormones,Thyroid hormones,drug
41156456,levothyroxine 0.2 MG Oral Tablet [L Thyroxin Sandoz],Drug,RxNorm Extension,standard,H03A_thyroid_preparations,thyroid_hormones,Thyroid hormones,drug
41156457,levothyroxine 0.2 MG Oral Tablet [L Thyroxin Henning] Box of 56,Drug,RxNorm Extension,standard,H03A_thyroid_preparations,thyroid_hormones,Thyroid hormones,drug
41156458,levothyroxine 0.2 MG Oral Tablet [L Thyrox Hexal] Box of 100,Drug,RxNorm Extension,standard,H03A_thyroid_preparations,thyroid_hormones,Thyroid hormones,drug
41156459,levothyroxine 100 MG Oral Tablet [Eutirox] Box of 50,Drug,RxNorm Extension,standard,H03A_thyroid_preparations,thyroid_hormones,Thyroid hormones,drug
41156461,levothyroxine 0.2 MG Oral Tablet [L Thyroxin Henning] Box of 100,Drug,RxNorm Extension,standard,H03A_thyroid_preparations,thyroid_hormones,Thyroid hormones,drug
41156462,levothyroxine 0.1 MG Oral Tablet [Synthroid] Box of 100,Drug,RxNorm Extension,standard,H03A_thyroid_preparations,thyroid_hormones,Thyroid hormones,drug
41156463,levothyroxine 0.1 MG Oral Tablet [L Thyroxin Winthrop],Drug,RxNorm Extension,standard,H03A_thyroid_preparations,thyroid_hormones,Thyroid hormones,drug
41156464,levothyroxine 0.1 MG Oral Tablet [L Thyroxin Beta] Box of 50,Drug,RxNorm Extension,standard,H03A_thyroid_preparations,thyroid_hormones,Thyroid hormones,drug
41156465,levothyroxine 0.075 MG Oral Tablet [L Thyroxin Henning] Box of 84,Drug,RxNorm Extension,standard,H03A_thyroid_preparations,thyroid_hormones,Thyroid hormones,drug
41156466,levothyroxine 0.075 MG Oral Tablet [L Thyroxin Beta] Box of 50,Drug,RxNorm Extension,standard,H03A_thyroid_preparations,thyroid_hormones,Thyroid hormones,drug
41156467,levothyroxine 0.075 MG Oral Tablet [Euthyrox] Box of 50,Drug,RxNorm Extension,standard,H03A_thyroid_preparations,thyroid_hormones,Thyroid hormones,drug
41156468,levothyroxine 0.05 MG Oral Tablet [Thevier] Box of 1000,Drug,RxNorm Extension,standard,H03A_thyroid_preparations,thyroid_hormones,Thyroid hormones,drug
41156469,levothyroxine 0.05 MG Oral Tablet [LEVOTHYROXINE RATIOPHARM] Box of 100,Drug,RxNorm Extension,standard,H03A_thyroid_preparations,thyroid_hormones,Thyroid hormones,drug
41156470,levothyroxine 0.05 MG Oral Tablet [L Thyrox Hexal] Box of 100,Drug,RxNorm Extension,standard,H03A_thyroid_preparations,thyroid_hormones,Thyroid hormones,drug
41156471,levothyroxine 0.05 MG Oral Tablet [Eferox] Box of 84,Drug,RxNorm Extension,standard,H03A_thyroid_preparations,thyroid_hormones,Thyroid hormones,drug
41156472,levothyroxine 0.1 MG/ML Oral Solution [Lixin],Drug,RxNorm Extension,standard,H03A_thyroid_preparations,thyroid_hormones,Thyroid hormones,drug
41156473,levothyroxine 0.175 MG Oral Tablet [L Thyroxin Ratiopharm] Box of 100,Drug,RxNorm Extension,standard,H03A_thyroid_preparations,thyroid_hormones,Thyroid hormones,drug
41156474,levothyroxine 0.175 MG Oral Tablet [L Thyroxin Na Ct] Box of 100,Drug,RxNorm Extension,standard,H03A_thyroid_preparations,thyroid_hormones,Thyroid hormones,drug
41156475,levothyroxine 0.175 MG Oral Tablet [L Thyroxin Na Ct],Drug,RxNorm Extension,standard,H03A_thyroid_preparations,thyroid_hormones,Thyroid hormones,drug
41156476,levothyroxine 0.175 MG Oral Tablet [Euthyrox] Box of 336,Drug,RxNorm Extension,standard,H03A_thyroid_preparations,thyroid_hormones,Thyroid hormones,drug
41156477,levothyroxine 0.025 MG Oral Tablet [L Thyroxin Ratiopharm] Box of 50,Drug,RxNorm Extension,standard,H03A_thyroid_preparations,thyroid_hormones,Thyroid hormones,drug
41156478,levothyroxine 0.025 MG Oral Tablet [L Thyroxin 1a Pharma] Box of 100,Drug,RxNorm Extension,standard,H03A_thyroid_preparations,thyroid_hormones,Thyroid hormones,drug
41156480,levothyroxine 0.025 MG Oral Tablet [L Thyrox Hexal],Drug,RxNorm Extension,standard,H03A_thyroid_preparations,thyroid_hormones,Thyroid hormones,drug
41156481,levothyroxine 0.05 MG Oral Tablet [L Thyroxin Henning] Box of 200,Drug,RxNorm Extension,standard,H03A_thyroid_preparations,thyroid_hormones,Thyroid hormones,drug
41157025,Iodine 0.225 MG / levothyroxine 0.0025 MG / liothyronine 0.0015 MG Oral Tablet [Spongiosal] Box of 50,Drug,RxNorm Extension,standard,H03A_thyroid_preparations,thyroid_hormones,Thyroid hormones,drug
41157028,Iodine 0.2 MG / levothyroxine 0.125 MG Oral Tablet [Thyronajod],Drug,RxNorm Extension,standard,H03A_thyroid_preparations,thyroid_hormones,Thyroid hormones,drug
41157029,Iodine 0.2 MG / levothyroxine 0.1 MG Oral Tablet [Thyronajod] Box of 50,Drug,RxNorm Extension,standard,H03A_thyroid_preparations,thyroid_hormones,Thyroid hormones,drug
41157030,Iodine 0.2 MG / levothyroxine 0.1 MG Oral Tablet [Thyronajod],Drug,RxNorm Extension,standard,H03A_thyroid_preparations,thyroid_hormones,Thyroid hormones,drug
41157031,Iodine 0.2 MG / levothyroxine 0.1 MG Oral Tablet [L Thyrox Jod Hexal] Box of 100,Drug,RxNorm Extension,standard,H03A_thyroid_preparations,thyroid_hormones,Thyroid hormones,drug
41157032,Iodine 0.2 MG / levothyroxine 0.05 MG Oral Tablet [Thyronajod] Box of 500,Drug,RxNorm Extension,standard,H03A_thyroid_preparations,thyroid_hormones,Thyroid hormones,drug
41157033,Iodine 0.2 MG / levothyroxine 0.05 MG Oral Tablet [Thyronajod],Drug,RxNorm Extension,standard,H03A_thyroid_preparations,thyroid_hormones,Thyroid hormones,drug
41157034,Iodine 0.2 MG / levothyroxine 0.15 MG Oral Tablet [L Thyrox Jod Hexal] Box of 100,Drug,RxNorm Extension,standard,H03A_thyroid_preparations,thyroid_hormones,Thyroid hormones,drug
41157035,Iodine 0.2 MG / levothyroxine 0.075 MG Oral Tablet [Eferox] Box of 100,Drug,RxNorm Extension,standard,H03A_thyroid_preparations,thyroid_hormones,Thyroid hormones,drug
41157036,Iodine 0.2 MG / levothyroxine 0.088 MG Oral Tablet [L Thyrox Jod Aristo] Box of 50,Drug,RxNorm Extension,standard,H03A_thyroid_preparations,thyroid_hormones,Thyroid hormones,drug
41157037,Iodine 0.2 MG / levothyroxine 0.088 MG Oral Tablet [L Thyrox Jod Aristo],Drug,RxNorm Extension,standard,H03A_thyroid_preparations,thyroid_hormones,Thyroid hormones,drug
41157038,Iodine 0.14 MG / levothyroxine 0.1 MG Oral Tablet [Eferox] Box of 50,Drug,RxNorm Extension,standard,H03A_thyroid_preparations,thyroid_hormones,Thyroid hormones,drug
41157039,Iodine 0.099 MG / levothyroxine 0.075 MG Oral Tablet [L Thyroxin Plus Henning] Box of 100,Drug,RxNorm Extension,standard,H03A_thyroid_preparations,thyroid_hormones,Thyroid hormones,drug
41158749,levothyroxine 20 MG Oral Capsule [Skleronorm] Box of 60,Drug,RxNorm Extension,standard,H03A_thyroid_preparations,thyroid_hormones,Thyroid hormones,drug
41162996,Adrenal cortex extract 12 MG / Bos taurus testicle preparation 20 MG / hypophysis extract 3 MG / thyroid (USP) 97.5 MG Oral Tablet [Lipolysin] Box of 250,Drug,RxNorm Extension,standard,H03A_thyroid_preparations,thyroid_hormones,Thyroid hormones,drug
41166362,liothyronine 0.1 MG Oral Tablet [Thybon Henning] Box of 50 by Sanofi,Drug,RxNorm Extension,standard,H03A_thyroid_preparations,thyroid_hormones,Thyroid hormones,drug
41166363,liothyronine 0.05 MG Oral Tablet [Trijodthyronin] Box of 100 by Berlin-Chemie,Drug,RxNorm Extension,standard,H03A_thyroid_preparations,thyroid_hormones,Thyroid hormones,drug
41166370,levothyroxine 0.1 MG / liothyronine 0.01 MG Oral Tablet [Prothyrid] Box of 50 by Sanofi,Drug,RxNorm Extension,standard,H03A_thyroid_preparations,thyroid_hormones,Thyroid hormones,drug
41166371,levothyroxine 0.1 MG / liothyronine 0.02 MG Oral Tablet [Novothyral] Box of 100 by Me,Drug,RxNorm Extension,standard,H03A_thyroid_preparations,thyroid_hormones,Thyroid hormones,drug
41166372,levothyroxine 0.1 MG / liothyronine 0.02 MG Oral Tablet [Novothyral] Box of 50 by Ae-Media,Drug,RxNorm Extension,standard,H03A_thyroid_preparations,thyroid_hormones,Thyroid hormones,drug
41166373,levothyroxine 0.075 MG Oral Tablet [Eferox] Box of 20 by Pfizer,Drug,RxNorm Extension,standard,H03A_thyroid_preparations,thyroid_hormones,Thyroid hormones,drug
41166374,levothyroxine 0.125 MG Oral Tablet [L Thyroxin Sandoz] Box of 100 by Novartis,Drug,RxNorm Extension,standard,H03A_thyroid_preparations,thyroid_hormones,Thyroid hormones,drug
41166375,levothyroxine 0.175 MG Oral Tablet [L Thyroxin Henning] Box of 100 by Sanofi,Drug,RxNorm Extension,standard,H03A_thyroid_preparations,thyroid_hormones,Thyroid hormones,drug
41166376,levothyroxine 0.175 MG Oral Tablet [L Thyroxin Aristo] Box of 50 by Aristo,Drug,RxNorm Extension,standard,H03A_thyroid_preparations,thyroid_hormones,Thyroid hormones,drug
41166377,levothyroxine 0.3 MG Oral Tablet [Euthyrox] Box of 84 by Mylan,Drug,RxNorm Extension,standard,H03A_thyroid_preparations,thyroid_hormones,Thyroid hormones,drug
41166378,levothyroxine 0.1 MG Oral Tablet [Eutirox] Box of 50 by Emra-Med,Drug,RxNorm Extension,standard,H03A_thyroid_preparations,thyroid_hormones,Thyroid hormones,drug
41166379,levothyroxine 0.075 MG Oral Tablet [L Thyroxin Na Ct] Box of 100 by AbZ-Pharma,Drug,RxNorm Extension,standard,H03A_thyroid_preparations,thyroid_hormones,Thyroid hormones,drug
41166380,levothyroxine 0.075 MG Oral Tablet [L Thyrox Hexal] Box of 50 by Novartis,Drug,RxNorm Extension,standard,H03A_thyroid_preparations,thyroid_hormones,Thyroid hormones,drug
41166381,levothyroxine 0.088 MG Oral Tablet Box of 50 by Ratiopharm,Drug,RxNorm Extension,standard,H03A_thyroid_preparations,thyroid_hormones,Thyroid hormones,drug
41166384,levothyroxine 0.15 MG Oral Tablet [Euthyrox] Box of 100 by Mylan,Drug,RxNorm Extension,standard,H03A_thyroid_preparations,thyroid_hormones,Thyroid hormones,drug
41166385,levothyroxine 0.025 MG Oral Tablet [L Thyroxin Sandoz] Box of 50 by Novartis,Drug,RxNorm Extension,standard,H03A_thyroid_preparations,thyroid_hormones,Thyroid hormones,drug
41166386,levothyroxine 0.025 MG Oral Tablet [L Thyroxin 1a Pharma] Box of 100 by 1 A,Drug,RxNorm Extension,standard,H03A_thyroid_preparations,thyroid_hormones,Thyroid hormones,drug
41166387,levothyroxine 0.025 MG Oral Tablet [L Thyrox Ratiopharm] Box of 100 by Ratiopharm,Drug,RxNorm Extension,standard,H03A_thyroid_preparations,thyroid_hormones,Thyroid hormones,drug
41166388,levothyroxine 0.05 MG Oral Tablet [L Thyroxin Henning] Box of 84 by Sanofi,Drug,RxNorm Extension,standard,H03A_thyroid_preparations,thyroid_hormones,Thyroid hormones,drug
41166389,levothyroxine 0.05 MG Oral Tablet [Berlthyrox] Box of 50 by Berlin-Chemie,Drug,RxNorm Extension,standard,H03A_thyroid_preparations,thyroid_hormones,Thyroid hormones,drug
41166715,Iodine 0.2 MG / levothyroxine 0.125 MG Oral Tablet [Thyronajod] Box of 100 by Sanofi,Drug,RxNorm Extension,standard,H03A_thyroid_preparations,thyroid_hormones,Thyroid hormones,drug
41166716,Iodine 0.2 MG / levothyroxine 0.05 MG Oral Tablet [Thyronajod] Box of 50 by Sanofi,Drug,RxNorm Extension,standard,H03A_thyroid_preparations,thyroid_hormones,Thyroid hormones,drug
41166717,Iodine 0.14 MG / levothyroxine 0.1 MG Oral Tablet [Jodthyrox] Box of 100 by Emra-Med,Drug,RxNorm Extension,standard,H03A_thyroid_preparations,thyroid_hormones,Thyroid hormones,drug
41166718,Iodine 0.14 MG / levothyroxine 0.1 MG Oral Tablet [Jodthyrox] Box of 100 by Aca Mueller,Drug,RxNorm Extension,standard,H03A_thyroid_preparations,thyroid_hormones,Thyroid hormones,drug
41166719,Iodine 0.14 MG / levothyroxine 0.1 MG Oral Tablet [Jodthyrox] Box of 50 by Mylan,Drug,RxNorm Extension,standard,H03A_thyroid_preparations,thyroid_hormones,Thyroid hormones,drug
41166720,Iodine 0.099 MG / levothyroxine 0.075 MG Oral Tablet [L Thyroxin Plus Henning] Box of 100 by Sanofi,Drug,RxNorm Extension,standard,H03A_thyroid_preparations,thyroid_hormones,Thyroid hormones,drug
41172153,liothyronine 0.02 MG [Trijodthyronin],Drug,RxNorm Extension,standard,H03A_thyroid_preparations,thyroid_hormones,Thyroid hormones,drug
41172169,levothyroxine 0.1 MG [L Thyroxin Winthrop],Drug,RxNorm Extension,standard,H03A_thyroid_preparations,thyroid_hormones,Thyroid hormones,drug
41172170,levothyroxine 0.1 MG [L Thyroxin Ratiopharm],Drug,RxNorm Extension,standard,H03A_thyroid_preparations,thyroid_hormones,Thyroid hormones,drug
41172171,levothyroxine 0.003 MG/ML [Lixin],Drug,RxNorm Extension,standard,H03A_thyroid_preparations,thyroid_hormones,Thyroid hormones,drug
41172172,levothyroxine 0.088 MG [L Thyroxin 1a Pharma],Drug,RxNorm Extension,standard,H03A_thyroid_preparations,thyroid_hormones,Thyroid hormones,drug
41172173,levothyroxine 0.088 MG [L Thyrox Hexal],Drug,RxNorm Extension,standard,H03A_thyroid_preparations,thyroid_hormones,Thyroid hormones,drug
41172174,levothyroxine 0.175 MG [L Thyroxin Winthrop],Drug,RxNorm Extension,standard,H03A_thyroid_preparations,thyroid_hormones,Thyroid hormones,drug
41172175,levothyroxine 0.025 MG [L Thyroxin Winthrop],Drug,RxNorm Extension,standard,H03A_thyroid_preparations,thyroid_hormones,Thyroid hormones,drug
41172176,levothyroxine 0.05 MG [L Thyroxin Aristo],Drug,RxNorm Extension,standard,H03A_thyroid_preparations,thyroid_hormones,Thyroid hormones,drug
41172264,Iodine 0.2 MG / levothyroxine 0.075 MG [L Thyrox Jod Aristo],Drug,RxNorm Extension,standard,H03A_thyroid_preparations,thyroid_hormones,Thyroid hormones,drug
41172265,Iodine 196 MG / levothyroxine 0.05 MG [L Thyrox Jod Aristo],Drug,RxNorm Extension,standard,H03A_thyroid_preparations,thyroid_hormones,Thyroid hormones,drug
41175410,levothyroxine Oral Tablet [L Thyroxin Winthrop],Drug,RxNorm Extension,standard,H03A_thyroid_preparations,thyroid_hormones,Thyroid hormones,drug
41175411,levothyroxine Oral Tablet [L Thyroxin Henning],Drug,RxNorm Extension,standard,H03A_thyroid_preparations,thyroid_hormones,Thyroid hormones,drug
41175511,Iodine / levothyroxine / liothyronine / Lycopus Europaeus / Vitamin E Oral Tablet [Spongiosal],Drug,RxNorm Extension,standard,H03A_thyroid_preparations,thyroid_hormones,Thyroid hormones,drug
41175765,Fucus vesiculosus extract / Iodine / thyroid (USP) Oral Tablet [Krophan],Drug,RxNorm Extension,standard,H03A_thyroid_preparations,thyroid_hormones,Thyroid hormones,drug
41177309,thyroid (USP) 300 MG Oral Tablet Box of 100,Drug,RxNorm Extension,standard,H03A_thyroid_preparations,thyroid_hormones,Thyroid hormones,drug
41177919,Potassium 60 MG / thyroid (USP) 20 MG Oral Tablet Box of 18,Drug,RxNorm Extension,standard,H03A_thyroid_preparations,thyroid_hormones,Thyroid hormones,drug
41178907,levothyroxine 0.12 MG / liothyronine 0.03 MG Oral Tablet Box of 60,Drug,RxNorm Extension,standard,H03A_thyroid_preparations,thyroid_hormones,Thyroid hormones,drug
41178908,levothyroxine 0.001 MG/ML Oral Solution Box of 1,Drug,RxNorm Extension,standard,H03A_thyroid_preparations,thyroid_hormones,Thyroid hormones,drug
41178909,levothyroxine 0.3 MG Oral Tablet Box of 100,Drug,RxNorm Extension,standard,H03A_thyroid_preparations,thyroid_hormones,Thyroid hormones,drug
41178910,levothyroxine 0.3 MG Oral Tablet Box of 50,Drug,RxNorm Extension,standard,H03A_thyroid_preparations,thyroid_hormones,Thyroid hormones,drug
41178911,levothyroxine 0.1 MG Oral Tablet Box of 500,Drug,RxNorm Extension,standard,H03A_thyroid_preparations,thyroid_hormones,Thyroid hormones,drug
41178912,levothyroxine 0.025 MG Oral Tablet Box of 490,Drug,RxNorm Extension,standard,H03A_thyroid_preparations,thyroid_hormones,Thyroid hormones,drug
41178913,levothyroxine 0.05 MG Oral Tablet Box of 98,Drug,RxNorm Extension,standard,H03A_thyroid_preparations,thyroid_hormones,Thyroid hormones,drug
41179081,Iodine 0.15 MG / levothyroxine 0.07 MG Oral Tablet Box of 50,Drug,RxNorm Extension,standard,H03A_thyroid_preparations,thyroid_hormones,Thyroid hormones,drug
41179082,Iodine 0.2 MG / levothyroxine 0.1 MG Oral Tablet Box of 50,Drug,RxNorm Extension,standard,H03A_thyroid_preparations,thyroid_hormones,Thyroid hormones,drug
41179083,Iodine 0.2 MG / levothyroxine 0.112 MG Oral Tablet Box of 50,Drug,RxNorm Extension,standard,H03A_thyroid_preparations,thyroid_hormones,Thyroid hormones,drug
41179084,Iodine 131 MG / levothyroxine 0.1 MG Oral Tablet Box of 100,Drug,RxNorm Extension,standard,H03A_thyroid_preparations,thyroid_hormones,Thyroid hormones,drug
41179085,Iodine 131 MG / levothyroxine 0.1 MG Oral Tablet,Drug,RxNorm Extension,standard,H03A_thyroid_preparations,thyroid_hormones,Thyroid hormones,drug
41179086,Iodine 0.099 MG / levothyroxine 0.075 MG Oral Tablet Box of 50,Drug,RxNorm Extension,standard,H03A_thyroid_preparations,thyroid_hormones,Thyroid hormones,drug
41179772,Scrophularia nodosa extract 12.5 MG / Spongia officinalis preparation 1.25 MG / thyroid (USP) 0.00125 MG Oral Tablet,Drug,RxNorm Extension,standard,H03A_thyroid_preparations,thyroid_hormones,Thyroid hormones,drug
41187532,levothyroxine 0.1 MG / liothyronine 0.01 MG Oral Tablet [Prothyrid] Box of 50,Drug,RxNorm Extension,standard,H03A_thyroid_preparations,thyroid_hormones,Thyroid hormones,drug
41187533,levothyroxine 0.075 MG / liothyronine 0.015 MG Oral Tablet [Novothyral],Drug,RxNorm Extension,standard,H03A_thyroid_preparations,thyroid_hormones,Thyroid hormones,drug
41187535,levothyroxine 0.2 MG Oral Tablet [L Thyroxin Na Ct] Box of 50,Drug,RxNorm Extension,standard,H03A_thyroid_preparations,thyroid_hormones,Thyroid hormones,drug
41187536,levothyroxine 0.2 MG Oral Tablet [L Thyroxin Beta] Box of 100,Drug,RxNorm Extension,standard,H03A_thyroid_preparations,thyroid_hormones,Thyroid hormones,drug
41187537,levothyroxine 0.001 MG/ML Oral Solution [Eferox] Box of 1,Drug,RxNorm Extension,standard,H03A_thyroid_preparations,thyroid_hormones,Thyroid hormones,drug
41187538,levothyroxine 0.2 MG Oral Tablet [L Thyroxin Aristo] Box of 100,Drug,RxNorm Extension,standard,H03A_thyroid_preparations,thyroid_hormones,Thyroid hormones,drug
41187539,levothyroxine 0.1 MG Oral Tablet [L Thyroxin Al],Drug,RxNorm Extension,standard,H03A_thyroid_preparations,thyroid_hormones,Thyroid hormones,drug
41187540,levothyroxine 0.1 MG Oral Tablet [L Thyrox Ratiopharm] Box of 100,Drug,RxNorm Extension,standard,H03A_thyroid_preparations,thyroid_hormones,Thyroid hormones,drug
41187541,levothyroxine 0.1 MG Oral Tablet [Eutirox] Box of 84,Drug,RxNorm Extension,standard,H03A_thyroid_preparations,thyroid_hormones,Thyroid hormones,drug
41187542,levothyroxine 0.1 MG Oral Tablet [Eferox] Box of 50,Drug,RxNorm Extension,standard,H03A_thyroid_preparations,thyroid_hormones,Thyroid hormones,drug
41187543,levothyroxine 0.075 MG Oral Tablet [L Thyroxin Na Ratiopharm],Drug,RxNorm Extension,standard,H03A_thyroid_preparations,thyroid_hormones,Thyroid hormones,drug
41187544,levothyroxine 0.075 MG Oral Tablet [L Thyroxin Henning] Box of 100,Drug,RxNorm Extension,standard,H03A_thyroid_preparations,thyroid_hormones,Thyroid hormones,drug
41187545,levothyroxine 0.075 MG Oral Tablet [L Thyroxin Aristo] Box of 50,Drug,RxNorm Extension,standard,H03A_thyroid_preparations,thyroid_hormones,Thyroid hormones,drug
41187546,levothyroxine 0.075 MG Oral Tablet [L Thyrox Ratiopharm] Box of 100,Drug,RxNorm Extension,standard,H03A_thyroid_preparations,thyroid_hormones,Thyroid hormones,drug
41187547,levothyroxine 0.075 MG Oral Tablet [Eferox] Box of 50,Drug,RxNorm Extension,standard,H03A_thyroid_preparations,thyroid_hormones,Thyroid hormones,drug
41187548,levothyroxine 0.05 MG Oral Tablet [L Thyroxin Al] Box of 50,Drug,RxNorm Extension,standard,H03A_thyroid_preparations,thyroid_hormones,Thyroid hormones,drug
41187549,levothyroxine 0.003 MG/ML Oral Solution [Lixin],Drug,RxNorm Extension,standard,H03A_thyroid_preparations,thyroid_hormones,Thyroid hormones,drug
41187550,levothyroxine 0.003 MG/ML Oral Solution [L Thyroxin Henning] Box of 3,Drug,RxNorm Extension,standard,H03A_thyroid_preparations,thyroid_hormones,Thyroid hormones,drug
41187552,levothyroxine 0.1 MG Oral Tablet [L Thyroxin Henning],Drug,RxNorm Extension,standard,H03A_thyroid_preparations,thyroid_hormones,Thyroid hormones,drug
41187553,levothyroxine 0.1 MG Oral Tablet [L Thyroxin Aristo] Box of 98,Drug,RxNorm Extension,standard,H03A_thyroid_preparations,thyroid_hormones,Thyroid hormones,drug
41187554,levothyroxine 0.088 MG Oral Tablet [L Thyroxin 1a Pharma] Box of 100,Drug,RxNorm Extension,standard,H03A_thyroid_preparations,thyroid_hormones,Thyroid hormones,drug
41187559,levothyroxine 0.175 MG Oral Tablet [L Thyroxin Sandoz],Drug,RxNorm Extension,standard,H03A_thyroid_preparations,thyroid_hormones,Thyroid hormones,drug
41187560,levothyroxine 0.175 MG Oral Tablet [L Thyroxin Na Ct] Box of 50,Drug,RxNorm Extension,standard,H03A_thyroid_preparations,thyroid_hormones,Thyroid hormones,drug
41187561,levothyroxine 0.175 MG Oral Tablet [L Thyrox Ratiopharm] Box of 50,Drug,RxNorm Extension,standard,H03A_thyroid_preparations,thyroid_hormones,Thyroid hormones,drug
41187562,levothyroxine 0.025 MG Oral Tablet [L Thyroxin Winthrop] Box of 50,Drug,RxNorm Extension,standard,H03A_thyroid_preparations,thyroid_hormones,Thyroid hormones,drug
41187563,levothyroxine 0.05 MG Oral Tablet [L Thyroxin Aristo] Box of 98,Drug,RxNorm Extension,standard,H03A_thyroid_preparations,thyroid_hormones,Thyroid hormones,drug
41187564,levothyroxine 0.15 MG Oral Tablet [L Thyroxin Winthrop] Box of 100,Drug,RxNorm Extension,standard,H03A_thyroid_preparations,thyroid_hormones,Thyroid hormones,drug
41187567,levothyroxine 0.15 MG Oral Tablet [L Thyroxin Henning],Drug,RxNorm Extension,standard,H03A_thyroid_preparations,thyroid_hormones,Thyroid hormones,drug
41187569,levothyroxine 0.15 MG Oral Tablet [Euthyrox] Box of 90,Drug,RxNorm Extension,standard,H03A_thyroid_preparations,thyroid_hormones,Thyroid hormones,drug
41187570,levothyroxine 0.15 MG Oral Tablet [Berlthyrox] Box of 84,Drug,RxNorm Extension,standard,H03A_thyroid_preparations,thyroid_hormones,Thyroid hormones,drug
41188134,Iodine 0.225 MG / levothyroxine 0.0025 MG / liothyronine 0.0015 MG Oral Tablet [Spongiosal],Drug,RxNorm Extension,standard,H03A_thyroid_preparations,thyroid_hormones,Thyroid hormones,drug
41188135,Iodine 0.2 MG / levothyroxine 0.125 MG Oral Tablet [Thyronajod] Box of 100,Drug,RxNorm Extension,standard,H03A_thyroid_preparations,thyroid_hormones,Thyroid hormones,drug
41188136,Iodine 0.2 MG / levothyroxine 0.125 MG Oral Tablet [L Thyrox Jod Aristo],Drug,RxNorm Extension,standard,H03A_thyroid_preparations,thyroid_hormones,Thyroid hormones,drug
41188137,Iodine 0.2 MG / levothyroxine 0.1 MG Oral Tablet [Eferox],Drug,RxNorm Extension,standard,H03A_thyroid_preparations,thyroid_hormones,Thyroid hormones,drug
41188138,Iodine 0.14 MG / levothyroxine 0.1 MG Oral Tablet [L Thyrox Jod Hexal],Drug,RxNorm Extension,standard,H03A_thyroid_preparations,thyroid_hormones,Thyroid hormones,drug
41189921,levothyroxine 20 MG Oral Capsule [Skleronorm] Box of 120,Drug,RxNorm Extension,standard,H03A_thyroid_preparations,thyroid_hormones,Thyroid hormones,drug
41197752,levothyroxine 0.04 MG / liothyronine 0.01 MG Oral Tablet [Thyreotom] Box of 60 by Berlin-Chemie,Drug,RxNorm Extension,standard,H03A_thyroid_preparations,thyroid_hormones,Thyroid hormones,drug
41197753,levothyroxine 0.1 MG / liothyronine 0.02 MG Oral Tablet [Novothyral] Box of 100 by Opti,Drug,RxNorm Extension,standard,H03A_thyroid_preparations,thyroid_hormones,Thyroid hormones,drug
41197754,levothyroxine 0.1 MG / liothyronine 0.02 MG Oral Tablet [Novothyral] Box of 100 by Emra-Med,Drug,RxNorm Extension,standard,H03A_thyroid_preparations,thyroid_hormones,Thyroid hormones,drug
41197755,levothyroxine 0.1 MG / liothyronine 0.02 MG Oral Tablet [Novothyral] Box of 50 by Bestphago,Drug,RxNorm Extension,standard,H03A_thyroid_preparations,thyroid_hormones,Thyroid hormones,drug
41197756,levothyroxine 0.075 MG Oral Tablet [Euthyrox] Box of 100 by Mylan,Drug,RxNorm Extension,standard,H03A_thyroid_preparations,thyroid_hormones,Thyroid hormones,drug
41197757,levothyroxine 0.2 MG Oral Tablet [L Thyroxin Na Ratiopharm] Box of 50 by Ratiopharm,Drug,RxNorm Extension,standard,H03A_thyroid_preparations,thyroid_hormones,Thyroid hormones,drug
41197758,levothyroxine 0.2 MG Oral Tablet [L Thyrox Ratiopharm] Box of 50 by Ratiopharm,Drug,RxNorm Extension,standard,H03A_thyroid_preparations,thyroid_hormones,Thyroid hormones,drug
41197759,levothyroxine 100 MG Oral Tablet [Eutirox] Box of 50 by Beragena,Drug,RxNorm Extension,standard,H03A_thyroid_preparations,thyroid_hormones,Thyroid hormones,drug
41197760,levothyroxine 0.2 MG Oral Tablet [L Thyroxin Henning] Box of 50 by Sanofi,Drug,RxNorm Extension,standard,H03A_thyroid_preparations,thyroid_hormones,Thyroid hormones,drug
41197761,levothyroxine 0.1 MG Oral Tablet Box of 100 by Delalande,Drug,RxNorm Extension,standard,H03A_thyroid_preparations,thyroid_hormones,Thyroid hormones,drug
41197762,levothyroxine 0.1 MG Oral Tablet [L Thyroxin Al] Box of 50 by Aliud,Drug,RxNorm Extension,standard,H03A_thyroid_preparations,thyroid_hormones,Thyroid hormones,drug
41197763,levothyroxine 0.075 MG Oral Tablet [L Thyroxin Na Ratiopharm] Box of 50 by Ratiopharm,Drug,RxNorm Extension,standard,H03A_thyroid_preparations,thyroid_hormones,Thyroid hormones,drug
41197764,levothyroxine 0.075 MG Oral Tablet [L Thyroxin 1a Pharma] Box of 50 by 1 A,Drug,RxNorm Extension,standard,H03A_thyroid_preparations,thyroid_hormones,Thyroid hormones,drug
41197765,levothyroxine 0.05 MG Oral Tablet [L Thyroxin Winthrop] Box of 50 by Sanofi,Drug,RxNorm Extension,standard,H03A_thyroid_preparations,thyroid_hormones,Thyroid hormones,drug
41197766,levothyroxine 0.05 MG Oral Tablet [L Thyroxin 1a Pharma] Box of 50 by 1 A,Drug,RxNorm Extension,standard,H03A_thyroid_preparations,thyroid_hormones,Thyroid hormones,drug
41197767,levothyroxine 0.05 MG Oral Tablet [Berlthyrox] Box of 84 by Berlin-Chemie,Drug,RxNorm Extension,standard,H03A_thyroid_preparations,thyroid_hormones,Thyroid hormones,drug
41197768,levothyroxine 0.15 MG Oral Tablet [Euthyrox] Box of 50 by Emra-Med,Drug,RxNorm Extension,standard,H03A_thyroid_preparations,thyroid_hormones,Thyroid hormones,drug
41197769,levothyroxine 0.025 MG Oral Tablet [Euthyrox] Box of 84 by Mylan,Drug,RxNorm Extension,standard,H03A_thyroid_preparations,thyroid_hormones,Thyroid hormones,drug
41197770,levothyroxine 0.15 MG Oral Tablet [Euthyrox] Box of 50 by Mylan,Drug,RxNorm Extension,standard,H03A_thyroid_preparations,thyroid_hormones,Thyroid hormones,drug
41197771,levothyroxine 0.175 MG Oral Tablet [L Thyroxin Na Ratiopharm] Box of 100 by Ratiopharm,Drug,RxNorm Extension,standard,H03A_thyroid_preparations,thyroid_hormones,Thyroid hormones,drug
41197772,levothyroxine 0.025 MG Oral Tablet [Eferox] Box of 50 by Pfizer,Drug,RxNorm Extension,standard,H03A_thyroid_preparations,thyroid_hormones,Thyroid hormones,drug
41197773,levothyroxine 0.05 MG Oral Tablet [Eferox] Box of 20 by Novartis,Drug,RxNorm Extension,standard,H03A_thyroid_preparations,thyroid_hormones,Thyroid hormones,drug
41198112,Iodine 0.2 MG / levothyroxine 0.075 MG Oral Tablet [L Thyrox Jod Aristo] Box of 100 by Aristo,Drug,RxNorm Extension,standard,H03A_thyroid_preparations,thyroid_hormones,Thyroid hormones,drug
41198113,Iodine 0.14 MG / levothyroxine 0.1 MG Oral Tablet [L Thyrox Jod Hexal] Box of 100 by Novartis,Drug,RxNorm Extension,standard,H03A_thyroid_preparations,thyroid_hormones,Thyroid hormones,drug
41201773,levothyroxine 0.000000001 MG/ML,Drug,RxNorm Extension,standard,H03A_thyroid_preparations,thyroid_hormones,Thyroid hormones,drug
41202056,levothyroxine 20 MG,Drug,RxNorm Extension,standard,H03A_thyroid_preparations,thyroid_hormones,Thyroid hormones,drug
41203636,levothyroxine 0.02 MG/ML [Eferox],Drug,RxNorm Extension,standard,H03A_thyroid_preparations,thyroid_hormones,Thyroid hormones,drug
41203637,levothyroxine 0.1 MG [L Thyroxin Sandoz],Drug,RxNorm Extension,standard,H03A_thyroid_preparations,thyroid_hormones,Thyroid hormones,drug
41203638,levothyroxine 0.1 MG [L Thyroxin Na Ratiopharm],Drug,RxNorm Extension,standard,H03A_thyroid_preparations,thyroid_hormones,Thyroid hormones,drug
41203639,levothyroxine 0.05 MG [L Thyroxin Winthrop],Drug,RxNorm Extension,standard,H03A_thyroid_preparations,thyroid_hormones,Thyroid hormones,drug
41203640,levothyroxine 0.05 MG [L Thyroxin Al],Drug,RxNorm Extension,standard,H03A_thyroid_preparations,thyroid_hormones,Thyroid hormones,drug
41203641,levothyroxine 0.025 MG [L Thyroxin Na Ratiopharm],Drug,RxNorm Extension,standard,H03A_thyroid_preparations,thyroid_hormones,Thyroid hormones,drug
41203749,Iodine 0.225 MG / levothyroxine 0.0025 MG / liothyronine 0.0015 MG / Lycopus Europaeus 2 MG / Vitamin E 2 MG [Spongiosal],Drug,RxNorm Extension,standard,H03A_thyroid_preparations,thyroid_hormones,Thyroid hormones,drug
41203750,Iodine 0.2 MG / levothyroxine 0.1 MG [Eferox],Drug,RxNorm Extension,standard,H03A_thyroid_preparations,thyroid_hormones,Thyroid hormones,drug
41203751,Iodine 0.2 MG / levothyroxine 0.05 MG [Eferox],Drug,RxNorm Extension,standard,H03A_thyroid_preparations,thyroid_hormones,Thyroid hormones,drug
41203752,Iodine 0.14 MG / levothyroxine 0.1 MG [L Thyroxin Jod 1a Pharma],Drug,RxNorm Extension,standard,H03A_thyroid_preparations,thyroid_hormones,Thyroid hormones,drug
41203753,Iodine 196 MG / levothyroxine 0.1 MG [Eferox],Drug,RxNorm Extension,standard,H03A_thyroid_preparations,thyroid_hormones,Thyroid hormones,drug
41205224,Adrenal cortex extract 12 MG / Bos taurus ovary preparation 20 MG / hypophysis extract 3 MG / thyroid (USP) 97.5 MG [Lipolysin],Drug,RxNorm Extension,standard,H03A_thyroid_preparations,thyroid_hormones,Thyroid hormones,drug
41205840,Bos taurus ovary preparation / Bromisoval / Theobromine / thyroid (USP) Oral Tablet,Drug,RxNorm Extension,standard,H03A_thyroid_preparations,thyroid_hormones,Thyroid hormones,drug
41205940,Arsenic / Fucus vesiculosus extract / Lycopus virginicus extract / thyroid (USP) Sublingual Tablet,Drug,RxNorm Extension,standard,H03A_thyroid_preparations,thyroid_hormones,Thyroid hormones,drug
41206060,Adrenal cortex extract / Bos taurus testicle preparation / hypophysis extract / thyroid (USP) Oral Tablet,Drug,RxNorm Extension,standard,H03A_thyroid_preparations,thyroid_hormones,Thyroid hormones,drug
41206977,levothyroxine Oral Tablet [L Thyroxin Na Abz],Drug,RxNorm Extension,standard,H03A_thyroid_preparations,thyroid_hormones,Thyroid hormones,drug
41206978,levothyroxine Oral Tablet [Eutirox],Drug,RxNorm Extension,standard,H03A_thyroid_preparations,thyroid_hormones,Thyroid hormones,drug
41207073,Iodine / levothyroxine Oral Tablet [L Thyroxin Jod Betapharm],Drug,RxNorm Extension,standard,H03A_thyroid_preparations,thyroid_hormones,Thyroid hormones,drug
41208802,thyroid (USP) 97.5 MG Oral Tablet Box of 20,Drug,RxNorm Extension,standard,H03A_thyroid_preparations,thyroid_hormones,Thyroid hormones,drug
41208803,thyroid (USP) 10 MG Oral Tablet Box of 50,Drug,RxNorm Extension,standard,H03A_thyroid_preparations,thyroid_hormones,Thyroid hormones,drug
41210315,liothyronine 0.02 MG Oral Tablet Box of 30,Drug,RxNorm Extension,standard,H03A_thyroid_preparations,thyroid_hormones,Thyroid hormones,drug
41210316,liothyronine 0.05 MG Oral Tablet Box of 100,Drug,RxNorm Extension,standard,H03A_thyroid_preparations,thyroid_hormones,Thyroid hormones,drug
41210346,levothyroxine 0.1 MG / liothyronine 0.01 MG Oral Tablet Box of 70,Drug,RxNorm Extension,standard,H03A_thyroid_preparations,thyroid_hormones,Thyroid hormones,drug
41210347,levothyroxine 0.6 MG Oral Tablet Box of 50,Drug,RxNorm Extension,standard,H03A_thyroid_preparations,thyroid_hormones,Thyroid hormones,drug
41210348,levothyroxine 100 MG Oral Tablet Box of 50,Drug,RxNorm Extension,standard,H03A_thyroid_preparations,thyroid_hormones,Thyroid hormones,drug
41210349,levothyroxine 0.2 MG Oral Tablet Box of 100,Drug,RxNorm Extension,standard,H03A_thyroid_preparations,thyroid_hormones,Thyroid hormones,drug
41210350,levothyroxine 0.075 MG Oral Tablet Box of 490,Drug,RxNorm Extension,standard,H03A_thyroid_preparations,thyroid_hormones,Thyroid hormones,drug
41210351,levothyroxine 0.15 MG Oral Tablet Box of 90,Drug,RxNorm Extension,standard,H03A_thyroid_preparations,thyroid_hormones,Thyroid hormones,drug
41210552,Iodine 0.07 MG / thyroid (USP) 15 MG Oral Tablet Box of 75,Drug,RxNorm Extension,standard,H03A_thyroid_preparations,thyroid_hormones,Thyroid hormones,drug
41210553,Iodine 0.2 MG / levothyroxine 0.1 MG Oral Tablet,Drug,RxNorm Extension,standard,H03A_thyroid_preparations,thyroid_hormones,Thyroid hormones,drug
41210554,Iodine 0.2 MG / levothyroxine 0.05 MG Oral Tablet Box of 50,Drug,RxNorm Extension,standard,H03A_thyroid_preparations,thyroid_hormones,Thyroid hormones,drug
41210555,Iodine 0.2 MG / levothyroxine 0.112 MG Oral Tablet Box of 100,Drug,RxNorm Extension,standard,H03A_thyroid_preparations,thyroid_hormones,Thyroid hormones,drug
41210556,Iodine 0.2 MG / levothyroxine 0.112 MG Oral Tablet,Drug,RxNorm Extension,standard,H03A_thyroid_preparations,thyroid_hormones,Thyroid hormones,drug
41210557,Iodine 196 MG / levothyroxine 0.05 MG Oral Tablet Box of 100,Drug,RxNorm Extension,standard,H03A_thyroid_preparations,thyroid_hormones,Thyroid hormones,drug
41210558,Iodine 196 MG / levothyroxine 0.075 MG Oral Tablet Box of 50,Drug,RxNorm Extension,standard,H03A_thyroid_preparations,thyroid_hormones,Thyroid hormones,drug
41210559,Iodine 196 MG / levothyroxine 0.088 MG Oral Tablet Box of 100,Drug,RxNorm Extension,standard,H03A_thyroid_preparations,thyroid_hormones,Thyroid hormones,drug
41213407,Adrenal cortex extract 12 MG / Bos taurus testicle preparation 20 MG / hypophysis extract 3 MG / thyroid (USP) 97.5 MG Oral Tablet Box of 250,Drug,RxNorm Extension,standard,H03A_thyroid_preparations,thyroid_hormones,Thyroid hormones,drug
41218718,liothyronine 0.05 MG Oral Tablet [Trijodthyronin] Box of 50,Drug,RxNorm Extension,standard,H03A_thyroid_preparations,thyroid_hormones,Thyroid hormones,drug
41218719,liothyronine 0.05 MG Oral Tablet [Trijodthyronin],Drug,RxNorm Extension,standard,H03A_thyroid_preparations,thyroid_hormones,Thyroid hormones,drug
41218762,levothyroxine 0.3 MG Oral Tablet [Euthyrox] Box of 90,Drug,RxNorm Extension,standard,H03A_thyroid_preparations,thyroid_hormones,Thyroid hormones,drug
41218763,levothyroxine 0.2 MG Oral Tablet [Synthroid] Box of 500,Drug,RxNorm Extension,standard,H03A_thyroid_preparations,thyroid_hormones,Thyroid hormones,drug
41218764,levothyroxine 0.2 MG Oral Tablet [L Thyroxin Ratiopharm] Box of 100,Drug,RxNorm Extension,standard,H03A_thyroid_preparations,thyroid_hormones,Thyroid hormones,drug
41218765,levothyroxine 0.02 MG/ML Oral Solution [Eferox],Drug,RxNorm Extension,standard,H03A_thyroid_preparations,thyroid_hormones,Thyroid hormones,drug
41218766,levothyroxine 0.3 MG Oral Tablet [Euthyrox] Box of 84,Drug,RxNorm Extension,standard,H03A_thyroid_preparations,thyroid_hormones,Thyroid hormones,drug
41218768,levothyroxine 0.1 MG Oral Tablet [L Thyrox Ratiopharm],Drug,RxNorm Extension,standard,H03A_thyroid_preparations,thyroid_hormones,Thyroid hormones,drug
41218769,levothyroxine 0.075 MG Oral Tablet [L Thyroxin Sandoz] Box of 50,Drug,RxNorm Extension,standard,H03A_thyroid_preparations,thyroid_hormones,Thyroid hormones,drug
41218770,levothyroxine 0.075 MG Oral Tablet [L Thyroxin Ratiopharm] Box of 100,Drug,RxNorm Extension,standard,H03A_thyroid_preparations,thyroid_hormones,Thyroid hormones,drug
41218771,levothyroxine 0.075 MG Oral Tablet [L Thyroxin Henning] Box of 1000,Drug,RxNorm Extension,standard,H03A_thyroid_preparations,thyroid_hormones,Thyroid hormones,drug
41218772,levothyroxine 0.075 MG Oral Tablet [L Thyroxin Henning] Box of 500,Drug,RxNorm Extension,standard,H03A_thyroid_preparations,thyroid_hormones,Thyroid hormones,drug
41218773,levothyroxine 0.075 MG Oral Tablet [L Thyrox Hexal],Drug,RxNorm Extension,standard,H03A_thyroid_preparations,thyroid_hormones,Thyroid hormones,drug
41218774,levothyroxine 0.075 MG Oral Tablet [Eferox],Drug,RxNorm Extension,standard,H03A_thyroid_preparations,thyroid_hormones,Thyroid hormones,drug
41218775,levothyroxine 0.05 MG Oral Tablet [L Thyroxin Al],Drug,RxNorm Extension,standard,H03A_thyroid_preparations,thyroid_hormones,Thyroid hormones,drug
41218776,levothyroxine 0.05 MG Oral Tablet [Eferox] Box of 1,Drug,RxNorm Extension,standard,H03A_thyroid_preparations,thyroid_hormones,Thyroid hormones,drug
41218777,levothyroxine 0.1 MG Oral Tablet [Euthyrox] Box of 100,Drug,RxNorm Extension,standard,H03A_thyroid_preparations,thyroid_hormones,Thyroid hormones,drug
41218778,levothyroxine 0.112 MG Oral Tablet [L Thyroxin Na Abz] Box of 50,Drug,RxNorm Extension,standard,H03A_thyroid_preparations,thyroid_hormones,Thyroid hormones,drug
41218780,levothyroxine 0.175 MG Oral Tablet [L Thyrox Ratiopharm],Drug,RxNorm Extension,standard,H03A_thyroid_preparations,thyroid_hormones,Thyroid hormones,drug
41218781,levothyroxine 0.025 MG Oral Tablet [L Thyroxin Winthrop],Drug,RxNorm Extension,standard,H03A_thyroid_preparations,thyroid_hormones,Thyroid hormones,drug
41218782,levothyroxine 0.025 MG Oral Tablet [L Thyroxin Aristo] Box of 100,Drug,RxNorm Extension,standard,H03A_thyroid_preparations,thyroid_hormones,Thyroid hormones,drug
41218783,levothyroxine 0.025 MG Oral Tablet [L Thyrox Ratiopharm] Box of 50,Drug,RxNorm Extension,standard,H03A_thyroid_preparations,thyroid_hormones,Thyroid hormones,drug
41219331,Iodine 0.07 MG / thyroid (USP) 15 MG Oral Tablet [Astrumin],Drug,RxNorm Extension,standard,H03A_thyroid_preparations,thyroid_hormones,Thyroid hormones,drug
41219332,Iodine 0.2 MG / levothyroxine 0.125 MG Oral Tablet [L Thyroxin Jod Winthrop],Drug,RxNorm Extension,standard,H03A_thyroid_preparations,thyroid_hormones,Thyroid hormones,drug
41219333,Iodine 0.2 MG / levothyroxine 0.125 MG Oral Tablet [L Thyrox Jod Aristo] Box of 50,Drug,RxNorm Extension,standard,H03A_thyroid_preparations,thyroid_hormones,Thyroid hormones,drug
41219334,Iodine 0.2 MG / levothyroxine 0.15 MG Oral Tablet [Thyronajod] Box of 100,Drug,RxNorm Extension,standard,H03A_thyroid_preparations,thyroid_hormones,Thyroid hormones,drug
41219335,Iodine 0.2 MG / levothyroxine 0.088 MG Oral Tablet [L Thyrox Jod Hexal],Drug,RxNorm Extension,standard,H03A_thyroid_preparations,thyroid_hormones,Thyroid hormones,drug
41219336,Iodine 0.14 MG / levothyroxine 0.1 MG Oral Tablet [Eferox],Drug,RxNorm Extension,standard,H03A_thyroid_preparations,thyroid_hormones,Thyroid hormones,drug
41219337,Iodine 196 MG / levothyroxine 0.1 MG Oral Tablet [Eferox] Box of 50,Drug,RxNorm Extension,standard,H03A_thyroid_preparations,thyroid_hormones,Thyroid hormones,drug
41219338,Iodine 196 MG / levothyroxine 0.1 MG Oral Tablet [Eferox],Drug,RxNorm Extension,standard,H03A_thyroid_preparations,thyroid_hormones,Thyroid hormones,drug
41219339,Iodine 196 MG / levothyroxine 0.15 MG Oral Tablet [Eferox] Box of 50,Drug,RxNorm Extension,standard,H03A_thyroid_preparations,thyroid_hormones,Thyroid hormones,drug
41219340,Iodine 196 MG / levothyroxine 0.075 MG Oral Tablet [Eferox] Box of 50,Drug,RxNorm Extension,standard,H03A_thyroid_preparations,thyroid_hormones,Thyroid hormones,drug
41224282,Bellis perennis extract 0.000004 MG/ML / Chelidonium majus extract 0.0000004 MG/ML / Dioscorea villosa tuber extract 0.000004 MG/ML / levothyroxine 0.000000002 MG/ML Oral Solution [Retroplex],Drug,RxNorm Extension,standard,H03A_thyroid_preparations,thyroid_hormones,Thyroid hormones,drug
41228825,levothyroxine 0.1 MG / liothyronine 0.02 MG Oral Tablet [Novothyral] Box of 100 by Veron,Drug,RxNorm Extension,standard,H03A_thyroid_preparations,thyroid_hormones,Thyroid hormones,drug
41228826,levothyroxine 0.1 MG / liothyronine 0.02 MG Oral Tablet [Novothyral] Box of 100 by A+S Unicare,Drug,RxNorm Extension,standard,H03A_thyroid_preparations,thyroid_hormones,Thyroid hormones,drug
41228827,levothyroxine 0.112 MG Oral Tablet Box of 100 by Ratiopharm,Drug,RxNorm Extension,standard,H03A_thyroid_preparations,thyroid_hormones,Thyroid hormones,drug
41228828,levothyroxine 0.075 MG Oral Tablet [L Thyroxin Aristo] Box of 98 by Aristo,Drug,RxNorm Extension,standard,H03A_thyroid_preparations,thyroid_hormones,Thyroid hormones,drug
41228829,levothyroxine 0.2 MG Oral Tablet [L Thyroxin Na Ct] Box of 50 by AbZ-Pharma,Drug,RxNorm Extension,standard,H03A_thyroid_preparations,thyroid_hormones,Thyroid hormones,drug
41228830,levothyroxine 0.2 MG Oral Tablet [L Thyrox Hexal] Box of 50 by Novartis,Drug,RxNorm Extension,standard,H03A_thyroid_preparations,thyroid_hormones,Thyroid hormones,drug
41228831,levothyroxine 0.175 MG Oral Tablet [L Thyroxin Henning] Box of 50 by Sanofi,Drug,RxNorm Extension,standard,H03A_thyroid_preparations,thyroid_hormones,Thyroid hormones,drug
41228832,levothyroxine 0.2 MG Oral Tablet [L Thyroxin Ratiopharm] Box of 50 by Ratiopharm,Drug,RxNorm Extension,standard,H03A_thyroid_preparations,thyroid_hormones,Thyroid hormones,drug
41228833,levothyroxine 0.2 MG Oral Tablet [Euthyrox] Box of 100 by Mylan,Drug,RxNorm Extension,standard,H03A_thyroid_preparations,thyroid_hormones,Thyroid hormones,drug
41228834,levothyroxine 0.2 MG Oral Tablet [Eferox] Box of 50 by Aristo,Drug,RxNorm Extension,standard,H03A_thyroid_preparations,thyroid_hormones,Thyroid hormones,drug
41228835,levothyroxine 0.1 MG Oral Tablet [Eferox] Box of 100 by Pfizer,Drug,RxNorm Extension,standard,H03A_thyroid_preparations,thyroid_hormones,Thyroid hormones,drug
41228836,levothyroxine 0.088 MG Oral Tablet [L Thyroxin Na Abz] Box of 50 by AbZ-Pharma,Drug,RxNorm Extension,standard,H03A_thyroid_preparations,thyroid_hormones,Thyroid hormones,drug
41228837,levothyroxine 0.1 MG Oral Tablet [L Thyroxin Henning] Box of 500 by Sanofi,Drug,RxNorm Extension,standard,H03A_thyroid_preparations,thyroid_hormones,Thyroid hormones,drug
41228838,levothyroxine 0.1 MG Oral Tablet [L Thyroxin Henning] Box of 200 by Sanofi,Drug,RxNorm Extension,standard,H03A_thyroid_preparations,thyroid_hormones,Thyroid hormones,drug
41228839,levothyroxine 0.1 MG Oral Tablet [Euthyrox] Box of 100 by Eurim-Pharm,Drug,RxNorm Extension,standard,H03A_thyroid_preparations,thyroid_hormones,Thyroid hormones,drug
41228841,levothyroxine 0.025 MG Oral Tablet [L Thyroxin Ratiopharm] Box of 100 by Ratiopharm,Drug,RxNorm Extension,standard,H03A_thyroid_preparations,thyroid_hormones,Thyroid hormones,drug
41228842,levothyroxine 0.025 MG Oral Tablet [L Thyroxin Henning] Box of 98 by Sanofi,Drug,RxNorm Extension,standard,H03A_thyroid_preparations,thyroid_hormones,Thyroid hormones,drug
41228844,levothyroxine 0.175 MG Oral Tablet [L Thyroxin 1a Pharma] Box of 100 by 1 A,Drug,RxNorm Extension,standard,H03A_thyroid_preparations,thyroid_hormones,Thyroid hormones,drug
41228845,levothyroxine 0.175 MG Oral Tablet [L Thyrox Hexal] Box of 50 by Novartis,Drug,RxNorm Extension,standard,H03A_thyroid_preparations,thyroid_hormones,Thyroid hormones,drug
41228846,levothyroxine 0.025 MG Oral Tablet [L Thyroxin Na Ct] Box of 50 by AbZ-Pharma,Drug,RxNorm Extension,standard,H03A_thyroid_preparations,thyroid_hormones,Thyroid hormones,drug
41228847,levothyroxine 0.025 MG Oral Tablet [L Thyroxin Na Abz] Box of 100 by AbZ-Pharma,Drug,RxNorm Extension,standard,H03A_thyroid_preparations,thyroid_hormones,Thyroid hormones,drug
41228848,levothyroxine 0.025 MG Oral Tablet [Eferox] Box of 50 by Novartis,Drug,RxNorm Extension,standard,H03A_thyroid_preparations,thyroid_hormones,Thyroid hormones,drug
41229178,Iodine 0.2 MG / levothyroxine 0.1 MG Oral Tablet [L Thyrox Jod Aristo] Box of 50 by Aristo,Drug,RxNorm Extension,standard,H03A_thyroid_preparations,thyroid_hormones,Thyroid hormones,drug
41229179,Iodine 0.14 MG / levothyroxine 0.1 MG Oral Tablet [L Thyroxin Jod 1a Pharma] Box of 50 by 1 A,Drug,RxNorm Extension,standard,H03A_thyroid_preparations,thyroid_hormones,Thyroid hormones,drug
41229180,Iodine 0.14 MG / levothyroxine 0.1 MG Oral Tablet [L Thyrox Jod Aristo] Box of 100 by Aristo,Drug,RxNorm Extension,standard,H03A_thyroid_preparations,thyroid_hormones,Thyroid hormones,drug
41232819,levothyroxine 0.0025 MG,Drug,RxNorm Extension,standard,H03A_thyroid_preparations,thyroid_hormones,Thyroid hormones,drug
41233834,thyroid (USP) 10 MG [Thyreoidin],Drug,RxNorm Extension,standard,H03A_thyroid_preparations,thyroid_hormones,Thyroid hormones,drug
41234644,levothyroxine 0.2 MG [L Thyroxin Na Ratiopharm],Drug,RxNorm Extension,standard,H03A_thyroid_preparations,thyroid_hormones,Thyroid hormones,drug
41234645,levothyroxine 0.1 MG [L Thyrox Ratiopharm],Drug,RxNorm Extension,standard,H03A_thyroid_preparations,thyroid_hormones,Thyroid hormones,drug
41234646,levothyroxine 0.075 MG [L Thyroxin Ratiopharm],Drug,RxNorm Extension,standard,H03A_thyroid_preparations,thyroid_hormones,Thyroid hormones,drug
41234647,levothyroxine 0.05 MG [L Thyrox Ratiopharm],Drug,RxNorm Extension,standard,H03A_thyroid_preparations,thyroid_hormones,Thyroid hormones,drug
41234648,levothyroxine 0.088 MG [L Thyroxin Na Ratiopharm],Drug,RxNorm Extension,standard,H03A_thyroid_preparations,thyroid_hormones,Thyroid hormones,drug
41234649,levothyroxine 0.088 MG [L Thyroxin Na Abz],Drug,RxNorm Extension,standard,H03A_thyroid_preparations,thyroid_hormones,Thyroid hormones,drug
41234650,levothyroxine 0.175 MG [L Thyroxin Na Ratiopharm],Drug,RxNorm Extension,standard,H03A_thyroid_preparations,thyroid_hormones,Thyroid hormones,drug
41234651,levothyroxine 0.175 MG [L Thyroxin Beta],Drug,RxNorm Extension,standard,H03A_thyroid_preparations,thyroid_hormones,Thyroid hormones,drug
41234652,levothyroxine 0.025 MG [L Thyroxin Aristo],Drug,RxNorm Extension,standard,H03A_thyroid_preparations,thyroid_hormones,Thyroid hormones,drug
41234756,Iodine 0.14 MG / levothyroxine 0.1 MG [L Thyroxin Jod Betapharm],Drug,RxNorm Extension,standard,H03A_thyroid_preparations,thyroid_hormones,Thyroid hormones,drug
41234757,Iodine 0.14 MG / levothyroxine 0.1 MG [Jodthyrox],Drug,RxNorm Extension,standard,H03A_thyroid_preparations,thyroid_hormones,Thyroid hormones,drug
41234758,Iodine 196 MG / levothyroxine 0.05 MG [Eferox],Drug,RxNorm Extension,standard,H03A_thyroid_preparations,thyroid_hormones,Thyroid hormones,drug
41235884,Bellis perennis extract 0.000004 MG/ML / Chelidonium majus extract 0.0000004 MG/ML / Dioscorea villosa tuber extract 0.000004 MG/ML / levothyroxine 0.000000002 MG/ML [Retroplex],Drug,RxNorm Extension,standard,H03A_thyroid_preparations,thyroid_hormones,Thyroid hormones,drug
41237974,Iodine / thyroid (USP) Oral Tablet [Astrumin],Drug,RxNorm Extension,standard,H03A_thyroid_preparations,thyroid_hormones,Thyroid hormones,drug
41239777,thyroid (USP) 4 X Oral Tablet Box of 1,Drug,RxNorm Extension,standard,H03A_thyroid_preparations,thyroid_hormones,Thyroid hormones,drug
41241295,levothyroxine 0.04 MG / liothyronine 0.01 MG Oral Tablet Box of 50,Drug,RxNorm Extension,standard,H03A_thyroid_preparations,thyroid_hormones,Thyroid hormones,drug
41241296,levothyroxine 0.3 MG Oral Tablet Box of 500,Drug,RxNorm Extension,standard,H03A_thyroid_preparations,thyroid_hormones,Thyroid hormones,drug
41241297,levothyroxine 0.2 MG Oral Tablet Box of 490,Drug,RxNorm Extension,standard,H03A_thyroid_preparations,thyroid_hormones,Thyroid hormones,drug
41241298,levothyroxine 0.1 MG/ML Injectable Suspension,Drug,RxNorm Extension,standard,H03A_thyroid_preparations,thyroid_hormones,Thyroid hormones,drug
41241299,levothyroxine 0.2 MG Oral Tablet Box of 84,Drug,RxNorm Extension,standard,H03A_thyroid_preparations,thyroid_hormones,Thyroid hormones,drug
41241300,levothyroxine 0.125 MG Oral Tablet Box of 500,Drug,RxNorm Extension,standard,H03A_thyroid_preparations,thyroid_hormones,Thyroid hormones,drug
41241301,levothyroxine 0.1 MG Oral Tablet Box of 360,Drug,RxNorm Extension,standard,H03A_thyroid_preparations,thyroid_hormones,Thyroid hormones,drug
41241302,levothyroxine 0.075 MG Oral Tablet Box of 56,Drug,RxNorm Extension,standard,H03A_thyroid_preparations,thyroid_hormones,Thyroid hormones,drug
41241303,levothyroxine 0.1 MG/ML Oral Solution Box of 30,Drug,RxNorm Extension,standard,H03A_thyroid_preparations,thyroid_hormones,Thyroid hormones,drug
41241484,Iodine 0.225 MG / levothyroxine 0.0025 MG / liothyronine 0.0015 MG / Lycopus Europaeus 4 MG / Vitamin E 2 MG Oral Tablet,Drug,RxNorm Extension,standard,H03A_thyroid_preparations,thyroid_hormones,Thyroid hormones,drug
41241485,Iodine 0.2 MG / levothyroxine 0.125 MG Oral Tablet,Drug,RxNorm Extension,standard,H03A_thyroid_preparations,thyroid_hormones,Thyroid hormones,drug
41241486,Iodine 0.2 MG / levothyroxine 0.05 MG Oral Tablet Box of 100,Drug,RxNorm Extension,standard,H03A_thyroid_preparations,thyroid_hormones,Thyroid hormones,drug
41241487,Iodine 196 MG / levothyroxine 0.125 MG Oral Tablet Box of 100,Drug,RxNorm Extension,standard,H03A_thyroid_preparations,thyroid_hormones,Thyroid hormones,drug
41241488,Iodine 196 MG / levothyroxine 0.125 MG Oral Tablet Box of 50,Drug,RxNorm Extension,standard,H03A_thyroid_preparations,thyroid_hormones,Thyroid hormones,drug
41242109,Scrophularia nodosa extract 12.5 MG / Spongia officinalis preparation 1.25 MG / thyroid (USP) 0.00125 MG Oral Tablet Box of 100,Drug,RxNorm Extension,standard,H03A_thyroid_preparations,thyroid_hormones,Thyroid hormones,drug
41243756,Bellis perennis extract 0.000002 MG/ML / Chelidonium majus extract 0.0000002 MG/ML / Dioscorea villosa tuber extract 0.000002 MG/ML / levothyroxine 0.000000001 MG/ML Oral Solution Box of 1,Drug,RxNorm Extension,standard,H03A_thyroid_preparations,thyroid_hormones,Thyroid hormones,drug
41244367,Bos taurus adrenal gland preparation 0.0000000000909 MG/ML / Bos taurus ovary preparation 0.0000000000909 MG/ML / hypophysis extract 0.0000000000909 MG/ML / Pancreas extract 0.0000000000909 MG/ML / ... Oral Solution Box of 1,Drug,RxNorm Extension,standard,H03A_thyroid_preparations,thyroid_hormones,Thyroid hormones,drug
41244368,Bos taurus adrenal gland preparation 0.0000000000909 MG/ML / Bos taurus ovary preparation 0.0000000000909 MG/ML / hypophysis extract 0.0000000000909 MG/ML / Pancreas extract 0.0000000000909 MG/ML / ... Oral Solution,Drug,RxNorm Extension,standard,H03A_thyroid_preparations,thyroid_hormones,Thyroid hormones,drug
41245449,thyroid (USP) 10 MG Oral Tablet [Thyreoidin],Drug,RxNorm Extension,standard,H03A_thyroid_preparations,thyroid_hormones,Thyroid hormones,drug
41245450,thyroid (USP) 300 MG Oral Tablet [Thyreoidin] Box of 100,Drug,RxNorm Extension,standard,H03A_thyroid_preparations,thyroid_hormones,Thyroid hormones,drug
41249785,levothyroxine 0.12 MG / liothyronine 0.03 MG Oral Tablet [Thyreotom] Box of 100,Drug,RxNorm Extension,standard,H03A_thyroid_preparations,thyroid_hormones,Thyroid hormones,drug
41249786,levothyroxine 0.001 MG/ML Oral Solution [Eferox],Drug,RxNorm Extension,standard,H03A_thyroid_preparations,thyroid_hormones,Thyroid hormones,drug
41249787,levothyroxine 0.3 MG Oral Tablet [Euthyrox] Box of 336,Drug,RxNorm Extension,standard,H03A_thyroid_preparations,thyroid_hormones,Thyroid hormones,drug
41249788,levothyroxine 0.1 MG Oral Tablet [L Thyroxin Na Abz],Drug,RxNorm Extension,standard,H03A_thyroid_preparations,thyroid_hormones,Thyroid hormones,drug
41249789,levothyroxine 0.1 MG Oral Tablet [L Thyroxin 1a Pharma] Box of 50,Drug,RxNorm Extension,standard,H03A_thyroid_preparations,thyroid_hormones,Thyroid hormones,drug
41249791,levothyroxine 0.05 MG Oral Tablet [L Thyroxin Na Ratiopharm],Drug,RxNorm Extension,standard,H03A_thyroid_preparations,thyroid_hormones,Thyroid hormones,drug
41249792,levothyroxine 0.05 MG Oral Tablet [L Thyroxin Henning] Box of 70,Drug,RxNorm Extension,standard,H03A_thyroid_preparations,thyroid_hormones,Thyroid hormones,drug
41249793,levothyroxine 0.05 MG Oral Tablet [L Thyroxin Ct],Drug,RxNorm Extension,standard,H03A_thyroid_preparations,thyroid_hormones,Thyroid hormones,drug
41249794,levothyroxine 0.1 MG/ML Injectable Solution [L Thyroxin Henning] Box of 1,Drug,RxNorm Extension,standard,H03A_thyroid_preparations,thyroid_hormones,Thyroid hormones,drug
41249796,levothyroxine 0.1 MG Oral Tablet [Euthyrox] Box of 84,Drug,RxNorm Extension,standard,H03A_thyroid_preparations,thyroid_hormones,Thyroid hormones,drug
41249797,levothyroxine 0.1 MG Oral Tablet [Eferox],Drug,RxNorm Extension,standard,H03A_thyroid_preparations,thyroid_hormones,Thyroid hormones,drug
41249798,levothyroxine 0.088 MG Oral Tablet [L Thyroxin Na Abz] Box of 100,Drug,RxNorm Extension,standard,H03A_thyroid_preparations,thyroid_hormones,Thyroid hormones,drug
41249799,levothyroxine 0.175 MG Oral Tablet [Euthyrox] Box of 50,Drug,RxNorm Extension,standard,H03A_thyroid_preparations,thyroid_hormones,Thyroid hormones,drug
41249800,levothyroxine 0.025 MG Oral Tablet [L Thyroxin Ratiopharm] Box of 100,Drug,RxNorm Extension,standard,H03A_thyroid_preparations,thyroid_hormones,Thyroid hormones,drug
41249801,levothyroxine 0.025 MG Oral Tablet [L Thyroxin Na Ratiopharm],Drug,RxNorm Extension,standard,H03A_thyroid_preparations,thyroid_hormones,Thyroid hormones,drug
41249802,levothyroxine 0.025 MG Oral Tablet [L Thyroxin Beta],Drug,RxNorm Extension,standard,H03A_thyroid_preparations,thyroid_hormones,Thyroid hormones,drug
41249807,levothyroxine 0.05 MG Oral Tablet [Berlthyrox],Drug,RxNorm Extension,standard,H03A_thyroid_preparations,thyroid_hormones,Thyroid hormones,drug
41249808,levothyroxine 0.15 MG Oral Tablet [Synthroid] Box of 500,Drug,RxNorm Extension,standard,H03A_thyroid_preparations,thyroid_hormones,Thyroid hormones,drug
41249809,levothyroxine 0.15 MG Oral Tablet [L Thyroxin Sandoz] Box of 100,Drug,RxNorm Extension,standard,H03A_thyroid_preparations,thyroid_hormones,Thyroid hormones,drug
41249810,levothyroxine 0.15 MG Oral Tablet [L Thyroxin 1a Pharma],Drug,RxNorm Extension,standard,H03A_thyroid_preparations,thyroid_hormones,Thyroid hormones,drug
41249811,levothyroxine 0.15 MG Oral Tablet [Eferox] Box of 84,Drug,RxNorm Extension,standard,H03A_thyroid_preparations,thyroid_hormones,Thyroid hormones,drug
41250363,Iodine 0.07 MG / thyroid (USP) 15 MG Oral Tablet [Astrumin] Box of 75,Drug,RxNorm Extension,standard,H03A_thyroid_preparations,thyroid_hormones,Thyroid hormones,drug
41250365,Iodine 0.2 MG / levothyroxine 0.1 MG Oral Tablet [L Thyrox Jod Hexal],Drug,RxNorm Extension,standard,H03A_thyroid_preparations,thyroid_hormones,Thyroid hormones,drug
41250366,Iodine 0.2 MG / levothyroxine 0.05 MG Oral Tablet [Eferox] Box of 100,Drug,RxNorm Extension,standard,H03A_thyroid_preparations,thyroid_hormones,Thyroid hormones,drug
41250367,Iodine 0.2 MG / levothyroxine 0.075 MG Oral Tablet [Thyronajod] Box of 500,Drug,RxNorm Extension,standard,H03A_thyroid_preparations,thyroid_hormones,Thyroid hormones,drug
41250368,Iodine 0.15 MG / levothyroxine 0.15 MG Oral Tablet [L Thyrox Jod Hexal],Drug,RxNorm Extension,standard,H03A_thyroid_preparations,thyroid_hormones,Thyroid hormones,drug
41250369,Iodine 131 MG / levothyroxine 0.1 MG Oral Tablet [Eferox],Drug,RxNorm Extension,standard,H03A_thyroid_preparations,thyroid_hormones,Thyroid hormones,drug
41250370,Iodine 0.099 MG / levothyroxine 0.1 MG Oral Tablet [L Thyroxin Plus Henning],Drug,RxNorm Extension,standard,H03A_thyroid_preparations,thyroid_hormones,Thyroid hormones,drug
41250371,Iodine 196 MG / levothyroxine 0.112 MG Oral Tablet [Eferox] Box of 100,Drug,RxNorm Extension,standard,H03A_thyroid_preparations,thyroid_hormones,Thyroid hormones,drug
41254910,Bos taurus ovary preparation 30 MG / Bromisoval 150 MG / Theobromine 160 MG / thyroid (USP) 6 MG Oral Tablet [Klimakton] Box of 20,Drug,RxNorm Extension,standard,H03A_thyroid_preparations,thyroid_hormones,Thyroid hormones,drug
41259649,levothyroxine 0.1 MG / liothyronine 0.02 MG Oral Tablet [Novothyral] Box of 100 by Gruenewald,Drug,RxNorm Extension,standard,H03A_thyroid_preparations,thyroid_hormones,Thyroid hormones,drug
41259650,levothyroxine 0.1 MG / liothyronine 0.02 MG Oral Tablet [Novothyral] Box of 100 by Aca Mueller,Drug,RxNorm Extension,standard,H03A_thyroid_preparations,thyroid_hormones,Thyroid hormones,drug
41259651,levothyroxine 0.112 MG Oral Tablet [L Thyroxin Na Abz] Box of 100 by AbZ-Pharma,Drug,RxNorm Extension,standard,H03A_thyroid_preparations,thyroid_hormones,Thyroid hormones,drug
41259652,levothyroxine 0.2 MG Oral Tablet [L Thyrox Hexal] Box of 100 by Novartis,Drug,RxNorm Extension,standard,H03A_thyroid_preparations,thyroid_hormones,Thyroid hormones,drug
41259653,levothyroxine 0.2 MG Oral Tablet [L Thyroxin Henning] Box of 98 by Sanofi,Drug,RxNorm Extension,standard,H03A_thyroid_preparations,thyroid_hormones,Thyroid hormones,drug
41259654,levothyroxine 0.1 MG Oral Tablet [L Thyroxin Aristo] Box of 50 by Aristo,Drug,RxNorm Extension,standard,H03A_thyroid_preparations,thyroid_hormones,Thyroid hormones,drug
41259655,levothyroxine 0.1 MG Oral Tablet [Euthyrox] Box of 100 by Mtk,Drug,RxNorm Extension,standard,H03A_thyroid_preparations,thyroid_hormones,Thyroid hormones,drug
41259656,levothyroxine 0.1 MG Oral Tablet [Eferox] Box of 50 by Pfizer,Drug,RxNorm Extension,standard,H03A_thyroid_preparations,thyroid_hormones,Thyroid hormones,drug
41259657,levothyroxine 0.1 MG Oral Tablet [Eferox] Box of 50 by Novartis,Drug,RxNorm Extension,standard,H03A_thyroid_preparations,thyroid_hormones,Thyroid hormones,drug
41259658,levothyroxine 0.075 MG Oral Tablet [L Thyroxin Na Abz] Box of 100 by AbZ-Pharma,Drug,RxNorm Extension,standard,H03A_thyroid_preparations,thyroid_hormones,Thyroid hormones,drug
41259659,levothyroxine 0.075 MG Oral Tablet [L Thyroxin Beta] Box of 50 by Betapharm,Drug,RxNorm Extension,standard,H03A_thyroid_preparations,thyroid_hormones,Thyroid hormones,drug
41259660,levothyroxine 0.05 MG Oral Tablet [Lixin] Box of 98 by Sanofi,Drug,RxNorm Extension,standard,H03A_thyroid_preparations,thyroid_hormones,Thyroid hormones,drug
41259661,levothyroxine 0.05 MG Oral Tablet [L Thyroxin Ratiopharm] Box of 100 by Ratiopharm,Drug,RxNorm Extension,standard,H03A_thyroid_preparations,thyroid_hormones,Thyroid hormones,drug
41259662,levothyroxine 0.05 MG Oral Tablet [L Thyroxin Aristo] Box of 100 by Aristo,Drug,RxNorm Extension,standard,H03A_thyroid_preparations,thyroid_hormones,Thyroid hormones,drug
41259663,levothyroxine 0.05 MG Oral Tablet [Eferox] Box of 1 by Aristo,Drug,RxNorm Extension,standard,H03A_thyroid_preparations,thyroid_hormones,Thyroid hormones,drug
41259664,levothyroxine 0.1 MG Oral Tablet [L Thyroxin Aristo] Box of 98 by Aristo,Drug,RxNorm Extension,standard,H03A_thyroid_preparations,thyroid_hormones,Thyroid hormones,drug
41259665,levothyroxine 0.1 MG Oral Tablet Box of 100 by Berlin-Chemie,Drug,RxNorm Extension,standard,H03A_thyroid_preparations,thyroid_hormones,Thyroid hormones,drug
41259666,levothyroxine 0.1 MG Oral Tablet Box of 50 by Berlin-Chemie,Drug,RxNorm Extension,standard,H03A_thyroid_preparations,thyroid_hormones,Thyroid hormones,drug
41259667,levothyroxine 0.1 MG Oral Tablet [Eferox] Box of 20 by Novartis,Drug,RxNorm Extension,standard,H03A_thyroid_preparations,thyroid_hormones,Thyroid hormones,drug
41259669,levothyroxine 0.175 MG Oral Tablet [L Thyroxin Na Ct] Box of 100 by AbZ-Pharma,Drug,RxNorm Extension,standard,H03A_thyroid_preparations,thyroid_hormones,Thyroid hormones,drug
41259670,levothyroxine 0.025 MG Oral Tablet [L Thyroxin Na Ratiopharm] Box of 100 by Ratiopharm,Drug,RxNorm Extension,standard,H03A_thyroid_preparations,thyroid_hormones,Thyroid hormones,drug
41259671,levothyroxine 0.05 MG Oral Tablet [L Thyroxin Aristo] Box of 98 by Aristo,Drug,RxNorm Extension,standard,H03A_thyroid_preparations,thyroid_hormones,Thyroid hormones,drug
41259672,levothyroxine 0.05 MG Oral Tablet [Euthyrox] Box of 100 by Mylan,Drug,RxNorm Extension,standard,H03A_thyroid_preparations,thyroid_hormones,Thyroid hormones,drug
41259673,levothyroxine 0.05 MG Oral Tablet [Euthyrox] Box of 50 by Mylan,Drug,RxNorm Extension,standard,H03A_thyroid_preparations,thyroid_hormones,Thyroid hormones,drug
41259984,Iodine 0.2 MG / levothyroxine 0.1 MG Oral Tablet [Thyronajod] Box of 50 by Sanofi,Drug,RxNorm Extension,standard,H03A_thyroid_preparations,thyroid_hormones,Thyroid hormones,drug
41259985,Iodine 0.14 MG / levothyroxine 0.1 MG Oral Tablet [L Thyrox Jod Aristo] Box of 50 by Aristo,Drug,RxNorm Extension,standard,H03A_thyroid_preparations,thyroid_hormones,Thyroid hormones,drug
41259986,Iodine 196 MG / levothyroxine 0.05 MG Oral Tablet [L Thyrox Jod Aristo] Box of 100 by Aristo,Drug,RxNorm Extension,standard,H03A_thyroid_preparations,thyroid_hormones,Thyroid hormones,drug
41262965,thyroid (USP) 20 MG,Drug,RxNorm Extension,standard,H03A_thyroid_preparations,thyroid_hormones,Thyroid hormones,drug
41262967,thyroid (USP) 0.0000000000909 MG/ML,Drug,RxNorm Extension,standard,H03A_thyroid_preparations,thyroid_hormones,Thyroid hormones,drug
41264616,thyroid (USP) 300 MG [Thyreoid Dispert],Drug,RxNorm Extension,standard,H03A_thyroid_preparations,thyroid_hormones,Thyroid hormones,drug
41265462,liothyronine 0.02 MG/ML [Thyrotardin],Drug,RxNorm Extension,standard,H03A_thyroid_preparations,thyroid_hormones,Thyroid hormones,drug
41265473,levothyroxine 0.1 MG / liothyronine 0.01 MG [Prothyrid],Drug,RxNorm Extension,standard,H03A_thyroid_preparations,thyroid_hormones,Thyroid hormones,drug
41265475,levothyroxine 0.1 MG [L Thyrox Hexal],Drug,RxNorm Extension,standard,H03A_thyroid_preparations,thyroid_hormones,Thyroid hormones,drug
41265476,levothyroxine 0.075 MG [L Thyroxin Beta],Drug,RxNorm Extension,standard,H03A_thyroid_preparations,thyroid_hormones,Thyroid hormones,drug
41265477,levothyroxine 0.05 MG [L Thyroxin Sandoz],Drug,RxNorm Extension,standard,H03A_thyroid_preparations,thyroid_hormones,Thyroid hormones,drug
41265478,levothyroxine 0.112 MG [L Thyroxin Na Ratiopharm],Drug,RxNorm Extension,standard,H03A_thyroid_preparations,thyroid_hormones,Thyroid hormones,drug
41265480,levothyroxine 0.175 MG [L Thyroxin Ratiopharm],Drug,RxNorm Extension,standard,H03A_thyroid_preparations,thyroid_hormones,Thyroid hormones,drug
41265481,levothyroxine 0.05 MG [L Thyroxin Henning],Drug,RxNorm Extension,standard,H03A_thyroid_preparations,thyroid_hormones,Thyroid hormones,drug
41265482,levothyroxine 0.05 MG [Berlthyrox],Drug,RxNorm Extension,standard,H03A_thyroid_preparations,thyroid_hormones,Thyroid hormones,drug
41265483,levothyroxine 0.15 MG [L Thyroxin Ratiopharm],Drug,RxNorm Extension,standard,H03A_thyroid_preparations,thyroid_hormones,Thyroid hormones,drug
41265566,Iodine 0.2 MG / levothyroxine 0.15 MG [Thyronajod],Drug,RxNorm Extension,standard,H03A_thyroid_preparations,thyroid_hormones,Thyroid hormones,drug
41265567,Iodine 0.2 MG / levothyroxine 0.075 MG [L Thyroxin Jod Winthrop],Drug,RxNorm Extension,standard,H03A_thyroid_preparations,thyroid_hormones,Thyroid hormones,drug
41265568,Iodine 196 MG / levothyroxine 0.112 MG [Eferox],Drug,RxNorm Extension,standard,H03A_thyroid_preparations,thyroid_hormones,Thyroid hormones,drug
41268873,levothyroxine Oral Tablet [L Thyroxin Sandoz],Drug,RxNorm Extension,standard,H03A_thyroid_preparations,thyroid_hormones,Thyroid hormones,drug
41268874,levothyroxine Oral Tablet [L Thyroxin Ct],Drug,RxNorm Extension,standard,H03A_thyroid_preparations,thyroid_hormones,Thyroid hormones,drug
41268875,levothyroxine Oral Tablet [L Thyrox Ratiopharm],Drug,RxNorm Extension,standard,H03A_thyroid_preparations,thyroid_hormones,Thyroid hormones,drug
41270633,thyroid (USP) 300 MG Oral Tablet Box of 50,Drug,RxNorm Extension,standard,H03A_thyroid_preparations,thyroid_hormones,Thyroid hormones,drug
41271237,Potassium 60 MG / thyroid (USP) 20 MG Oral Tablet,Drug,RxNorm Extension,standard,H03A_thyroid_preparations,thyroid_hormones,Thyroid hormones,drug
41272087,liothyronine 0.1 MG Oral Tablet Box of 20,Drug,RxNorm Extension,standard,H03A_thyroid_preparations,thyroid_hormones,Thyroid hormones,drug
41272088,liothyronine 0.02 MG Oral Tablet Box of 50,Drug,RxNorm Extension,standard,H03A_thyroid_preparations,thyroid_hormones,Thyroid hormones,drug
41272107,levothyroxine 0.1 MG / liothyronine 0.01 MG Oral Tablet Box of 350,Drug,RxNorm Extension,standard,H03A_thyroid_preparations,thyroid_hormones,Thyroid hormones,drug
41272108,levothyroxine 0.1 MG / liothyronine 0.02 MG Oral Tablet Box of 100,Drug,RxNorm Extension,standard,H03A_thyroid_preparations,thyroid_hormones,Thyroid hormones,drug
41272109,levothyroxine 0.1 MG / liothyronine 0.02 MG Oral Tablet Box of 20,Drug,RxNorm Extension,standard,H03A_thyroid_preparations,thyroid_hormones,Thyroid hormones,drug
41272110,levothyroxine 0.125 MG Oral Tablet Box of 84,Drug,RxNorm Extension,standard,H03A_thyroid_preparations,thyroid_hormones,Thyroid hormones,drug
41272111,levothyroxine 0.075 MG Oral Tablet Box of 500,Drug,RxNorm Extension,standard,H03A_thyroid_preparations,thyroid_hormones,Thyroid hormones,drug
41272112,levothyroxine 0.05 MG Oral Tablet Box of 1200,Drug,RxNorm Extension,standard,H03A_thyroid_preparations,thyroid_hormones,Thyroid hormones,drug
41272113,levothyroxine 0.05 MG Oral Tablet Box of 490,Drug,RxNorm Extension,standard,H03A_thyroid_preparations,thyroid_hormones,Thyroid hormones,drug
41272114,levothyroxine 0.1 MG Oral Tablet Box of 20,Drug,RxNorm Extension,standard,H03A_thyroid_preparations,thyroid_hormones,Thyroid hormones,drug
41272115,levothyroxine 0.025 MG Oral Tablet Box of 84,Drug,RxNorm Extension,standard,H03A_thyroid_preparations,thyroid_hormones,Thyroid hormones,drug
41272297,Iodine 0.2 MG / levothyroxine 0.075 MG Oral Tablet,Drug,RxNorm Extension,standard,H03A_thyroid_preparations,thyroid_hormones,Thyroid hormones,drug
41272298,Iodine 196 MG / levothyroxine 0.15 MG Oral Tablet Box of 50,Drug,RxNorm Extension,standard,H03A_thyroid_preparations,thyroid_hormones,Thyroid hormones,drug
41272299,Iodine 196 MG / levothyroxine 0.088 MG Oral Tablet,Drug,RxNorm Extension,standard,H03A_thyroid_preparations,thyroid_hormones,Thyroid hormones,drug
41272300,Iodine 0.099 MG / levothyroxine 0.1 MG Oral Tablet Box of 100,Drug,RxNorm Extension,standard,H03A_thyroid_preparations,thyroid_hormones,Thyroid hormones,drug
41273034,levothyroxine 20 MG Oral Capsule Box of 600,Drug,RxNorm Extension,standard,H03A_thyroid_preparations,thyroid_hormones,Thyroid hormones,drug
41275295,Bos taurus adrenal gland preparation 0.0000000001 MG/ML / Bos taurus ovary preparation 0.0000000001 MG/ML / hypophysis extract 0.0000000001 MG/ML / Pancreas extract 0.0000000001 MG/ML / Thymus Extracts 0.0000000001 MG/ML / ... Oral Solution Box of 1,Drug,RxNorm Extension,standard,H03A_thyroid_preparations,thyroid_hormones,Thyroid hormones,drug
41276423,thyroid (USP) 300 MG Oral Tablet [Thyreoid Dispert] Box of 500,Drug,RxNorm Extension,standard,H03A_thyroid_preparations,thyroid_hormones,Thyroid hormones,drug
41280532,liothyronine 0.02 MG Oral Tablet [Trijodthyronin],Drug,RxNorm Extension,standard,H03A_thyroid_preparations,thyroid_hormones,Thyroid hormones,drug
41280533,liothyronine 0.1 MG Oral Tablet [Thybon Henning] Box of 50,Drug,RxNorm Extension,standard,H03A_thyroid_preparations,thyroid_hormones,Thyroid hormones,drug
41280571,levothyroxine 0.2 MG Oral Tablet [L Thyroxin Na Ratiopharm],Drug,RxNorm Extension,standard,H03A_thyroid_preparations,thyroid_hormones,Thyroid hormones,drug
41280572,levothyroxine 0.6 MG Oral Tablet [L Thyroxin Aristo] Box of 50,Drug,RxNorm Extension,standard,H03A_thyroid_preparations,thyroid_hormones,Thyroid hormones,drug
41280573,levothyroxine 0.125 MG Oral Tablet [L Thyroxin Sandoz],Drug,RxNorm Extension,standard,H03A_thyroid_preparations,thyroid_hormones,Thyroid hormones,drug
41280575,levothyroxine 0.1 MG/ML Injectable Suspension [L Thyroxin Henning] Box of 1,Drug,RxNorm Extension,standard,H03A_thyroid_preparations,thyroid_hormones,Thyroid hormones,drug
41280576,levothyroxine 0.2 MG Oral Tablet [L Thyroxin Henning] Box of 50,Drug,RxNorm Extension,standard,H03A_thyroid_preparations,thyroid_hormones,Thyroid hormones,drug
41280577,levothyroxine 0.125 MG Oral Tablet [Euthyrox] Box of 84,Drug,RxNorm Extension,standard,H03A_thyroid_preparations,thyroid_hormones,Thyroid hormones,drug
41280579,levothyroxine 0.075 MG Oral Tablet [L Thyroxin Aristo] Box of 100,Drug,RxNorm Extension,standard,H03A_thyroid_preparations,thyroid_hormones,Thyroid hormones,drug
41280580,levothyroxine 0.075 MG Oral Tablet [Euthyrox] Box of 336,Drug,RxNorm Extension,standard,H03A_thyroid_preparations,thyroid_hormones,Thyroid hormones,drug
41280582,levothyroxine 0.05 MG Oral Tablet [L Thyroxin Winthrop],Drug,RxNorm Extension,standard,H03A_thyroid_preparations,thyroid_hormones,Thyroid hormones,drug
41280583,levothyroxine 0.05 MG Oral Tablet [L Thyroxin Na Ratiopharm] Box of 50,Drug,RxNorm Extension,standard,H03A_thyroid_preparations,thyroid_hormones,Thyroid hormones,drug
41280584,levothyroxine 0.05 MG Oral Tablet [L Thyroxin Na Abz],Drug,RxNorm Extension,standard,H03A_thyroid_preparations,thyroid_hormones,Thyroid hormones,drug
41280585,levothyroxine 0.05 MG Oral Tablet [L Thyroxin Beta] Box of 50,Drug,RxNorm Extension,standard,H03A_thyroid_preparations,thyroid_hormones,Thyroid hormones,drug
41280586,levothyroxine 0.05 MG Oral Tablet [Eferox] Box of 100,Drug,RxNorm Extension,standard,H03A_thyroid_preparations,thyroid_hormones,Thyroid hormones,drug
41280588,levothyroxine 0.1 MG Oral Tablet [Euthyrox] Box of 50,Drug,RxNorm Extension,standard,H03A_thyroid_preparations,thyroid_hormones,Thyroid hormones,drug
41280589,levothyroxine 0.088 MG Oral Tablet [L Thyrox Hexal],Drug,RxNorm Extension,standard,H03A_thyroid_preparations,thyroid_hormones,Thyroid hormones,drug
41280590,levothyroxine 1 MG Oral Tablet [L Thyroxin Henning] Box of 3,Drug,RxNorm Extension,standard,H03A_thyroid_preparations,thyroid_hormones,Thyroid hormones,drug
41280591,levothyroxine 0.175 MG Oral Tablet [L Thyroxin Ratiopharm],Drug,RxNorm Extension,standard,H03A_thyroid_preparations,thyroid_hormones,Thyroid hormones,drug
41280592,levothyroxine 0.175 MG Oral Tablet [L Thyroxin Beta] Box of 100,Drug,RxNorm Extension,standard,H03A_thyroid_preparations,thyroid_hormones,Thyroid hormones,drug
41280593,levothyroxine 0.175 MG Oral Tablet [L Thyroxin 1a Pharma] Box of 50,Drug,RxNorm Extension,standard,H03A_thyroid_preparations,thyroid_hormones,Thyroid hormones,drug
41280594,levothyroxine 0.175 MG Oral Tablet [L Thyrox Hexal] Box of 100,Drug,RxNorm Extension,standard,H03A_thyroid_preparations,thyroid_hormones,Thyroid hormones,drug
41280595,levothyroxine 0.175 MG Oral Tablet [Eferox],Drug,RxNorm Extension,standard,H03A_thyroid_preparations,thyroid_hormones,Thyroid hormones,drug
41280597,levothyroxine 0.025 MG Oral Tablet [L Thyrox Ratiopharm] Box of 100,Drug,RxNorm Extension,standard,H03A_thyroid_preparations,thyroid_hormones,Thyroid hormones,drug
41280599,levothyroxine 0.15 MG Oral Tablet [L Thyroxin Winthrop] Box of 50,Drug,RxNorm Extension,standard,H03A_thyroid_preparations,thyroid_hormones,Thyroid hormones,drug
41280601,levothyroxine 0.15 MG Oral Tablet [L Thyroxin Ratiopharm],Drug,RxNorm Extension,standard,H03A_thyroid_preparations,thyroid_hormones,Thyroid hormones,drug
41280604,levothyroxine 0.15 MG Oral Tablet [L Thyrox Hexal] Box of 100,Drug,RxNorm Extension,standard,H03A_thyroid_preparations,thyroid_hormones,Thyroid hormones,drug
41281195,Iodine 0.1 MG / thyroid (USP) 48.75 MG Oral Tablet [Thyreohorm],Drug,RxNorm Extension,standard,H03A_thyroid_preparations,thyroid_hormones,Thyroid hormones,drug
41281198,Iodine 0.2 MG / levothyroxine 0.125 MG Oral Tablet [Eferox] Box of 100,Drug,RxNorm Extension,standard,H03A_thyroid_preparations,thyroid_hormones,Thyroid hormones,drug
41281199,Iodine 0.2 MG / levothyroxine 0.1 MG Oral Tablet [Eferox] Box of 50,Drug,RxNorm Extension,standard,H03A_thyroid_preparations,thyroid_hormones,Thyroid hormones,drug
41281200,Iodine 0.2 MG / levothyroxine 0.05 MG Oral Tablet [L Thyroxin Jod Winthrop],Drug,RxNorm Extension,standard,H03A_thyroid_preparations,thyroid_hormones,Thyroid hormones,drug
41281201,Iodine 0.2 MG / levothyroxine 0.05 MG Oral Tablet [L Thyrox Jod Hexal],Drug,RxNorm Extension,standard,H03A_thyroid_preparations,thyroid_hormones,Thyroid hormones,drug
41281202,Iodine 0.2 MG / levothyroxine 0.112 MG Oral Tablet [L Thyrox Jod Hexal] Box of 100,Drug,RxNorm Extension,standard,H03A_thyroid_preparations,thyroid_hormones,Thyroid hormones,drug
41281203,Iodine 0.14 MG / levothyroxine 0.1 MG Oral Tablet [Jodthyrox] Box of 84,Drug,RxNorm Extension,standard,H03A_thyroid_preparations,thyroid_hormones,Thyroid hormones,drug
41281204,Iodine 196 MG / levothyroxine 0.125 MG Oral Tablet [Eferox] Box of 50,Drug,RxNorm Extension,standard,H03A_thyroid_preparations,thyroid_hormones,Thyroid hormones,drug
41281205,Iodine 196 MG / levothyroxine 0.075 MG Oral Tablet [Eferox],Drug,RxNorm Extension,standard,H03A_thyroid_preparations,thyroid_hormones,Thyroid hormones,drug
41282931,Scrophularia nodosa extract 12.5 MG / Spongia officinalis preparation 1.25 MG / thyroid (USP) 0.00125 MG Oral Tablet [Cefathyreo] Box of 60,Drug,RxNorm Extension,standard,H03A_thyroid_preparations,thyroid_hormones,Thyroid hormones,drug
41290723,levothyroxine 0.1 MG / liothyronine 0.02 MG Oral Tablet [Novothyral] Box of 100 by Alpha Med,Drug,RxNorm Extension,standard,H03A_thyroid_preparations,thyroid_hormones,Thyroid hormones,drug
41290724,levothyroxine 0.075 MG Oral Tablet [Euthyrox] Box of 84 by Mylan,Drug,RxNorm Extension,standard,H03A_thyroid_preparations,thyroid_hormones,Thyroid hormones,drug
41290725,levothyroxine 0.2 MG Oral Tablet [L Thyroxin Na Ct] Box of 100 by AbZ-Pharma,Drug,RxNorm Extension,standard,H03A_thyroid_preparations,thyroid_hormones,Thyroid hormones,drug
41290726,levothyroxine 0.2 MG Oral Tablet [L Thyroxin Beta] Box of 100 by Betapharm,Drug,RxNorm Extension,standard,H03A_thyroid_preparations,thyroid_hormones,Thyroid hormones,drug
41290727,levothyroxine 0.2 MG Oral Tablet [L Thyroxin 1a Pharma] Box of 50 by 1 A,Drug,RxNorm Extension,standard,H03A_thyroid_preparations,thyroid_hormones,Thyroid hormones,drug
41290728,levothyroxine 0.2 MG Oral Tablet [L Thyroxin Aristo] Box of 100 by Aristo,Drug,RxNorm Extension,standard,H03A_thyroid_preparations,thyroid_hormones,Thyroid hormones,drug
41290729,levothyroxine 0.1 MG Oral Tablet [L Thyroxin Beta] Box of 50 by Betapharm,Drug,RxNorm Extension,standard,H03A_thyroid_preparations,thyroid_hormones,Thyroid hormones,drug
41290730,levothyroxine 0.1 MG Oral Tablet [L Thyroxin 1a Pharma] Box of 100 by 1 A,Drug,RxNorm Extension,standard,H03A_thyroid_preparations,thyroid_hormones,Thyroid hormones,drug
41290731,levothyroxine 0.05 MG Oral Tablet [Eferox] Box of 100 by Novartis,Drug,RxNorm Extension,standard,H03A_thyroid_preparations,thyroid_hormones,Thyroid hormones,drug
41290732,levothyroxine 0.05 MG Oral Tablet [Eferox] Box of 50 by Aristo,Drug,RxNorm Extension,standard,H03A_thyroid_preparations,thyroid_hormones,Thyroid hormones,drug
41290733,levothyroxine 0.1 MG Oral Tablet [L Thyroxin Henning] Box of 98 by Sanofi,Drug,RxNorm Extension,standard,H03A_thyroid_preparations,thyroid_hormones,Thyroid hormones,drug
41290734,levothyroxine 0.025 MG Oral Tablet [Euthyrox] Box of 50 by Mylan,Drug,RxNorm Extension,standard,H03A_thyroid_preparations,thyroid_hormones,Thyroid hormones,drug
41290735,levothyroxine 0.025 MG Oral Tablet [Euthyrox] Box of 50 by Emra-Med,Drug,RxNorm Extension,standard,H03A_thyroid_preparations,thyroid_hormones,Thyroid hormones,drug
41290736,levothyroxine 0.025 MG Oral Tablet [Eferox] Box of 98 by Aristo,Drug,RxNorm Extension,standard,H03A_thyroid_preparations,thyroid_hormones,Thyroid hormones,drug
41290738,levothyroxine 0.15 MG Oral Tablet [Euthyrox] Box of 336 by Mylan,Drug,RxNorm Extension,standard,H03A_thyroid_preparations,thyroid_hormones,Thyroid hormones,drug
41290740,levothyroxine 0.175 MG Oral Tablet [L Thyrox Hexal] Box of 100 by Novartis,Drug,RxNorm Extension,standard,H03A_thyroid_preparations,thyroid_hormones,Thyroid hormones,drug
41290741,levothyroxine 0.025 MG Oral Tablet [L Thyrox Hexal] Box of 50 by Novartis,Drug,RxNorm Extension,standard,H03A_thyroid_preparations,thyroid_hormones,Thyroid hormones,drug
41290742,levothyroxine 0.05 MG Oral Tablet [L Thyroxin Henning] Box of 200 by Sanofi,Drug,RxNorm Extension,standard,H03A_thyroid_preparations,thyroid_hormones,Thyroid hormones,drug
41290743,levothyroxine 0.05 MG Oral Tablet [L Thyroxin Henning] Box of 100 by Sanofi,Drug,RxNorm Extension,standard,H03A_thyroid_preparations,thyroid_hormones,Thyroid hormones,drug
41290744,levothyroxine 0.05 MG Oral Tablet [Euthyrox] Box of 84 by Mylan,Drug,RxNorm Extension,standard,H03A_thyroid_preparations,thyroid_hormones,Thyroid hormones,drug
41291073,Iodine 131 MG / levothyroxine 0.1 MG Oral Tablet [Eferox] Box of 100 by Aristo,Drug,RxNorm Extension,standard,H03A_thyroid_preparations,thyroid_hormones,Thyroid hormones,drug
41291074,Iodine 0.14 MG / levothyroxine 0.1 MG Oral Tablet [Jodthyrox] Box of 100 by Kohlpharma,Drug,RxNorm Extension,standard,H03A_thyroid_preparations,thyroid_hormones,Thyroid hormones,drug
41291075,Iodine 0.14 MG / levothyroxine 0.1 MG Oral Tablet [Jodthyrox] Box of 84 by Mylan,Drug,RxNorm Extension,standard,H03A_thyroid_preparations,thyroid_hormones,Thyroid hormones,drug
41291076,Iodine 0.14 MG / levothyroxine 0.1 MG Oral Tablet [Eferox] Box of 50 by Aristo,Drug,RxNorm Extension,standard,H03A_thyroid_preparations,thyroid_hormones,Thyroid hormones,drug
41295693,thyroid (USP) 97.5 MG [Thyreoidinum],Drug,RxNorm Extension,standard,H03A_thyroid_preparations,thyroid_hormones,Thyroid hormones,drug
41295694,thyroid (USP) 1 MG/ML [Thyreoidinum],Drug,RxNorm Extension,standard,H03A_thyroid_preparations,thyroid_hormones,Thyroid hormones,drug
41296574,levothyroxine 0.05 MG/ML [Synthroid],Drug,RxNorm Extension,standard,H03A_thyroid_preparations,thyroid_hormones,Thyroid hormones,drug
41296575,levothyroxine 0.1 MG [L Thyroxin 1a Pharma],Drug,RxNorm Extension,standard,H03A_thyroid_preparations,thyroid_hormones,Thyroid hormones,drug
41296576,levothyroxine 0.075 MG [L Thyroxin Na Ratiopharm],Drug,RxNorm Extension,standard,H03A_thyroid_preparations,thyroid_hormones,Thyroid hormones,drug
41296577,levothyroxine 0.075 MG [L Thyroxin Na Ct],Drug,RxNorm Extension,standard,H03A_thyroid_preparations,thyroid_hormones,Thyroid hormones,drug
41296578,levothyroxine 0.075 MG [Berlthyrox],Drug,RxNorm Extension,standard,H03A_thyroid_preparations,thyroid_hormones,Thyroid hormones,drug
41296579,levothyroxine 0.05 MG [Thevier],Drug,RxNorm Extension,standard,H03A_thyroid_preparations,thyroid_hormones,Thyroid hormones,drug
41296580,levothyroxine 0.05 MG [Lixin],Drug,RxNorm Extension,standard,H03A_thyroid_preparations,thyroid_hormones,Thyroid hormones,drug
41296581,levothyroxine 0.175 MG [L Thyroxin 1a Pharma],Drug,RxNorm Extension,standard,H03A_thyroid_preparations,thyroid_hormones,Thyroid hormones,drug
41296582,levothyroxine 0.025 MG [L Thyroxin Beta],Drug,RxNorm Extension,standard,H03A_thyroid_preparations,thyroid_hormones,Thyroid hormones,drug
41296700,Iodine 0.2 MG / levothyroxine 0.05 MG [L Thyrox Jod Hexal],Drug,RxNorm Extension,standard,H03A_thyroid_preparations,thyroid_hormones,Thyroid hormones,drug
41296701,Iodine 0.14 MG / levothyroxine 0.1 MG [L Thyrox Jod Hexal],Drug,RxNorm Extension,standard,H03A_thyroid_preparations,thyroid_hormones,Thyroid hormones,drug
41296702,Iodine 196 MG / levothyroxine 0.15 MG [Eferox],Drug,RxNorm Extension,standard,H03A_thyroid_preparations,thyroid_hormones,Thyroid hormones,drug
41298132,thyroid (USP) Oral Solution,Drug,RxNorm Extension,standard,H03A_thyroid_preparations,thyroid_hormones,Thyroid hormones,drug
41298186,Potassium / thyroid (USP) Oral Tablet,Drug,RxNorm Extension,standard,H03A_thyroid_preparations,thyroid_hormones,Thyroid hormones,drug
41298332,Iodine / levothyroxine / liothyronine Oral Tablet,Drug,RxNorm Extension,standard,H03A_thyroid_preparations,thyroid_hormones,Thyroid hormones,drug
41298655,Calcium / Equisetum arvense whole extract / ferrous cation / Fumaria officinalis flowering top extract / Gentiana lutea root extract / Geranium robertianum extract / Juglans regia leaf extract / levothyroxine / ... Injectable Solution,Drug,RxNorm Extension,standard,H03A_thyroid_preparations,thyroid_hormones,Thyroid hormones,drug
41299875,liothyronine Injectable Suspension [Thyrotardin],Drug,RxNorm Extension,standard,H03A_thyroid_preparations,thyroid_hormones,Thyroid hormones,drug
41299887,levothyroxine / liothyronine Oral Tablet [Thyroxin T],Drug,RxNorm Extension,standard,H03A_thyroid_preparations,thyroid_hormones,Thyroid hormones,drug
41299954,Iodine / levothyroxine / liothyronine Oral Tablet [Spongiosal],Drug,RxNorm Extension,standard,H03A_thyroid_preparations,thyroid_hormones,Thyroid hormones,drug
41301278,Adrenal cortex extract / Bos taurus testicle preparation / hypophysis extract / thyroid (USP) Oral Tablet [Lipolysin],Drug,RxNorm Extension,standard,H03A_thyroid_preparations,thyroid_hormones,Thyroid hormones,drug
41301706,thyroid (USP) 97.5 MG Oral Tablet Box of 50,Drug,RxNorm Extension,standard,H03A_thyroid_preparations,thyroid_hormones,Thyroid hormones,drug
41301707,thyroid (USP) 4 X Oral Tablet,Drug,RxNorm Extension,standard,H03A_thyroid_preparations,thyroid_hormones,Thyroid hormones,drug
41303253,liothyronine 0.1 MG Injectable Suspension Box of 1,Drug,RxNorm Extension,standard,H03A_thyroid_preparations,thyroid_hormones,Thyroid hormones,drug
41303278,levothyroxine 0.1 MG / liothyronine 0.02 MG Oral Tablet Box of 70,Drug,RxNorm Extension,standard,H03A_thyroid_preparations,thyroid_hormones,Thyroid hormones,drug
41303279,levothyroxine 0.02 MG/ML Oral Solution Box of 1,Drug,RxNorm Extension,standard,H03A_thyroid_preparations,thyroid_hormones,Thyroid hormones,drug
41303280,levothyroxine 0.1 MG Oral Tablet Box of 1200,Drug,RxNorm Extension,standard,H03A_thyroid_preparations,thyroid_hormones,Thyroid hormones,drug
41303281,levothyroxine 0.1 MG Oral Tablet Box of 56,Drug,RxNorm Extension,standard,H03A_thyroid_preparations,thyroid_hormones,Thyroid hormones,drug
41303282,levothyroxine 1 MG Oral Tablet Box of 14,Drug,RxNorm Extension,standard,H03A_thyroid_preparations,thyroid_hormones,Thyroid hormones,drug
41303283,levothyroxine 0.175 MG Oral Tablet Box of 100,Drug,RxNorm Extension,standard,H03A_thyroid_preparations,thyroid_hormones,Thyroid hormones,drug
41303471,Iodine 0.15 MG / levothyroxine 0.07 MG / liothyronine 0.01 MG Oral Tablet Box of 50,Drug,RxNorm Extension,standard,H03A_thyroid_preparations,thyroid_hormones,Thyroid hormones,drug
41303472,Iodine 0.15 MG / levothyroxine 0.15 MG Oral Tablet,Drug,RxNorm Extension,standard,H03A_thyroid_preparations,thyroid_hormones,Thyroid hormones,drug
41303473,Iodine 0.099 MG / levothyroxine 0.1 MG Oral Tablet Box of 50,Drug,RxNorm Extension,standard,H03A_thyroid_preparations,thyroid_hormones,Thyroid hormones,drug
41303474,Iodine 196 MG / levothyroxine 0.112 MG Oral Tablet,Drug,RxNorm Extension,standard,H03A_thyroid_preparations,thyroid_hormones,Thyroid hormones,drug
41304119,levothyroxine 20 MG Oral Capsule,Drug,RxNorm Extension,standard,H03A_thyroid_preparations,thyroid_hormones,Thyroid hormones,drug
41311869,liothyronine 0.1 MG Injectable Solution [Thyrotardin] Box of 1,Drug,RxNorm Extension,standard,H03A_thyroid_preparations,thyroid_hormones,Thyroid hormones,drug
41311870,liothyronine 0.1 MG Oral Tablet [Thyrotardin] Box of 100,Drug,RxNorm Extension,standard,H03A_thyroid_preparations,thyroid_hormones,Thyroid hormones,drug
41311871,liothyronine 0.02 MG Oral Tablet [Thybon Henning] Box of 250,Drug,RxNorm Extension,standard,H03A_thyroid_preparations,thyroid_hormones,Thyroid hormones,drug
41311912,levothyroxine 0.1 MG / liothyronine 0.01 MG Oral Tablet [Prothyrid] Box of 200,Drug,RxNorm Extension,standard,H03A_thyroid_preparations,thyroid_hormones,Thyroid hormones,drug
41311913,levothyroxine 0.12 MG / liothyronine 0.03 MG Oral Tablet [Thyreotom] Box of 60,Drug,RxNorm Extension,standard,H03A_thyroid_preparations,thyroid_hormones,Thyroid hormones,drug
41311914,levothyroxine 0.1 MG / liothyronine 0.02 MG Oral Tablet [Thyroxin T] Box of 50,Drug,RxNorm Extension,standard,H03A_thyroid_preparations,thyroid_hormones,Thyroid hormones,drug
41311915,levothyroxine 0.2 MG Oral Tablet [L Thyroxin Sandoz] Box of 100,Drug,RxNorm Extension,standard,H03A_thyroid_preparations,thyroid_hormones,Thyroid hormones,drug
41311917,levothyroxine 0.2 MG Oral Tablet [L Thyroxin Aristo] Box of 98,Drug,RxNorm Extension,standard,H03A_thyroid_preparations,thyroid_hormones,Thyroid hormones,drug
41311918,levothyroxine 0.1 MG Oral Tablet [Thevier] Box of 100,Drug,RxNorm Extension,standard,H03A_thyroid_preparations,thyroid_hormones,Thyroid hormones,drug
41311919,levothyroxine 0.1 MG Oral Tablet [L Thyroxin Henning] Box of 56,Drug,RxNorm Extension,standard,H03A_thyroid_preparations,thyroid_hormones,Thyroid hormones,drug
41311920,levothyroxine 0.1 MG Oral Tablet [Eutirox],Drug,RxNorm Extension,standard,H03A_thyroid_preparations,thyroid_hormones,Thyroid hormones,drug
41311921,levothyroxine 0.075 MG Oral Tablet [L Thyroxin Henning] Box of 490,Drug,RxNorm Extension,standard,H03A_thyroid_preparations,thyroid_hormones,Thyroid hormones,drug
41311922,levothyroxine 0.075 MG Oral Tablet [L Thyroxin Henning] Box of 50,Drug,RxNorm Extension,standard,H03A_thyroid_preparations,thyroid_hormones,Thyroid hormones,drug
41311923,levothyroxine 0.075 MG Oral Tablet [L Thyroxin Beta],Drug,RxNorm Extension,standard,H03A_thyroid_preparations,thyroid_hormones,Thyroid hormones,drug
41311924,levothyroxine 0.075 MG Oral Tablet [Euthyrox] Box of 84,Drug,RxNorm Extension,standard,H03A_thyroid_preparations,thyroid_hormones,Thyroid hormones,drug
41311925,levothyroxine 0.075 MG Oral Tablet [Eferox] Box of 20,Drug,RxNorm Extension,standard,H03A_thyroid_preparations,thyroid_hormones,Thyroid hormones,drug
41311926,levothyroxine 0.05 MG Oral Tablet [L Thyroxin Beta],Drug,RxNorm Extension,standard,H03A_thyroid_preparations,thyroid_hormones,Thyroid hormones,drug
41311927,levothyroxine 0.05 MG Oral Tablet [Eferox] Box of 50,Drug,RxNorm Extension,standard,H03A_thyroid_preparations,thyroid_hormones,Thyroid hormones,drug
41311928,levothyroxine 0.003 MG/ML Oral Solution [Lixin] Box of 3,Drug,RxNorm Extension,standard,H03A_thyroid_preparations,thyroid_hormones,Thyroid hormones,drug
41311929,levothyroxine 0.003 MG/ML Oral Solution [Lixin] Box of 1,Drug,RxNorm Extension,standard,H03A_thyroid_preparations,thyroid_hormones,Thyroid hormones,drug
41311930,levothyroxine 0.1 MG/ML Oral Solution [Lixin] Box of 3,Drug,RxNorm Extension,standard,H03A_thyroid_preparations,thyroid_hormones,Thyroid hormones,drug
41311931,levothyroxine 0.1 MG/ML Oral Solution [Lixin] Box of 1,Drug,RxNorm Extension,standard,H03A_thyroid_preparations,thyroid_hormones,Thyroid hormones,drug
41311932,levothyroxine 0.112 MG Oral Tablet [L Thyrox Hexal] Box of 100,Drug,RxNorm Extension,standard,H03A_thyroid_preparations,thyroid_hormones,Thyroid hormones,drug
41311933,levothyroxine 1 MG Oral Tablet [L Thyroxin Henning] Box of 14,Drug,RxNorm Extension,standard,H03A_thyroid_preparations,thyroid_hormones,Thyroid hormones,drug
41311934,levothyroxine 0.175 MG Oral Tablet [L Thyroxin Ratiopharm] Box of 50,Drug,RxNorm Extension,standard,H03A_thyroid_preparations,thyroid_hormones,Thyroid hormones,drug
41311935,levothyroxine 0.175 MG Oral Tablet [L Thyroxin Henning] Box of 100,Drug,RxNorm Extension,standard,H03A_thyroid_preparations,thyroid_hormones,Thyroid hormones,drug
41311936,levothyroxine 0.175 MG Oral Tablet [L Thyroxin Henning] Box of 50,Drug,RxNorm Extension,standard,H03A_thyroid_preparations,thyroid_hormones,Thyroid hormones,drug
41311937,levothyroxine 0.175 MG Oral Tablet [L Thyroxin Henning],Drug,RxNorm Extension,standard,H03A_thyroid_preparations,thyroid_hormones,Thyroid hormones,drug
41311938,levothyroxine 0.025 MG Oral Tablet [L Thyroxin Na Ct] Box of 50,Drug,RxNorm Extension,standard,H03A_thyroid_preparations,thyroid_hormones,Thyroid hormones,drug
41311939,levothyroxine 0.025 MG Oral Tablet [L Thyroxin Na Abz] Box of 100,Drug,RxNorm Extension,standard,H03A_thyroid_preparations,thyroid_hormones,Thyroid hormones,drug
41311940,levothyroxine 0.025 MG Oral Tablet [L Thyrox Hexal] Box of 100,Drug,RxNorm Extension,standard,H03A_thyroid_preparations,thyroid_hormones,Thyroid hormones,drug
41311941,levothyroxine 0.05 MG Oral Tablet [L Thyroxin Henning] Box of 100,Drug,RxNorm Extension,standard,H03A_thyroid_preparations,thyroid_hormones,Thyroid hormones,drug
41311942,levothyroxine 0.05 MG Oral Tablet [Euthyrox] Box of 84,Drug,RxNorm Extension,standard,H03A_thyroid_preparations,thyroid_hormones,Thyroid hormones,drug
41311944,levothyroxine 0.15 MG Oral Tablet [Euthyrox] Box of 336,Drug,RxNorm Extension,standard,H03A_thyroid_preparations,thyroid_hormones,Thyroid hormones,drug
41312518,Iodine 0.225 MG / levothyroxine 0.0025 MG / liothyronine 0.0015 MG / Lycopus Europaeus 4 MG / Vitamin E 2 MG Oral Tablet [Spongiosal] Box of 50,Drug,RxNorm Extension,standard,H03A_thyroid_preparations,thyroid_hormones,Thyroid hormones,drug
41312519,Iodine 0.2 MG / levothyroxine 0.1 MG Oral Tablet [L Thyroxin Jod Winthrop],Drug,RxNorm Extension,standard,H03A_thyroid_preparations,thyroid_hormones,Thyroid hormones,drug
41312520,Iodine 0.2 MG / levothyroxine 0.05 MG Oral Tablet [L Thyrox Jod Hexal] Box of 50,Drug,RxNorm Extension,standard,H03A_thyroid_preparations,thyroid_hormones,Thyroid hormones,drug
41312521,Iodine 0.2 MG / levothyroxine 0.05 MG Oral Tablet [Eferox] Box of 50,Drug,RxNorm Extension,standard,H03A_thyroid_preparations,thyroid_hormones,Thyroid hormones,drug
41312522,Iodine 0.2 MG / levothyroxine 0.15 MG Oral Tablet [L Thyroxin Jod Winthrop] Box of 50,Drug,RxNorm Extension,standard,H03A_thyroid_preparations,thyroid_hormones,Thyroid hormones,drug
41312523,Iodine 0.2 MG / levothyroxine 0.15 MG Oral Tablet [L Thyrox Jod Aristo] Box of 50,Drug,RxNorm Extension,standard,H03A_thyroid_preparations,thyroid_hormones,Thyroid hormones,drug
41312524,Iodine 0.2 MG / levothyroxine 0.075 MG Oral Tablet [Thyronajod],Drug,RxNorm Extension,standard,H03A_thyroid_preparations,thyroid_hormones,Thyroid hormones,drug
41312525,Iodine 0.2 MG / levothyroxine 0.075 MG Oral Tablet [L Thyrox Jod Aristo] Box of 50,Drug,RxNorm Extension,standard,H03A_thyroid_preparations,thyroid_hormones,Thyroid hormones,drug
41312526,Iodine 0.2 MG / levothyroxine 0.088 MG Oral Tablet [Eferox],Drug,RxNorm Extension,standard,H03A_thyroid_preparations,thyroid_hormones,Thyroid hormones,drug
41312527,Iodine 0.2 MG / levothyroxine 0.112 MG Oral Tablet [Eferox],Drug,RxNorm Extension,standard,H03A_thyroid_preparations,thyroid_hormones,Thyroid hormones,drug
41312528,Iodine 196 MG / levothyroxine 0.05 MG Oral Tablet [Eferox] Box of 50,Drug,RxNorm Extension,standard,H03A_thyroid_preparations,thyroid_hormones,Thyroid hormones,drug
41312529,Iodine 0.099 MG / levothyroxine 0.1 MG Oral Tablet [L Thyroxin Plus Henning] Box of 50,Drug,RxNorm Extension,standard,H03A_thyroid_preparations,thyroid_hormones,Thyroid hormones,drug
41318700,Adrenal cortex extract 12 MG / Bos taurus ovary preparation 20 MG / hypophysis extract 3 MG / thyroid (USP) 97.5 MG Oral Tablet [Lipolysin] Box of 100,Drug,RxNorm Extension,standard,H03A_thyroid_preparations,thyroid_hormones,Thyroid hormones,drug
41322020,liothyronine 0.1 MG Injectable Suspension [Thyrotardin] Box of 1 by Sanofi,Drug,RxNorm Extension,standard,H03A_thyroid_preparations,thyroid_hormones,Thyroid hormones,drug
41322025,levothyroxine 0.1 MG / liothyronine 0.02 MG Oral Tablet [Novothyral] Box of 100 by Eurim-Pharm,Drug,RxNorm Extension,standard,H03A_thyroid_preparations,thyroid_hormones,Thyroid hormones,drug
41322026,levothyroxine 0.1 MG / liothyronine 0.02 MG Oral Tablet [Novothyral] Box of 50 by Beragena,Drug,RxNorm Extension,standard,H03A_thyroid_preparations,thyroid_hormones,Thyroid hormones,drug
41322027,levothyroxine 0.112 MG Oral Tablet [L Thyroxin Na Abz] Box of 50 by AbZ-Pharma,Drug,RxNorm Extension,standard,H03A_thyroid_preparations,thyroid_hormones,Thyroid hormones,drug
41322028,levothyroxine 0.075 MG Oral Tablet [Euthyrox] Box of 336 by Mylan,Drug,RxNorm Extension,standard,H03A_thyroid_preparations,thyroid_hormones,Thyroid hormones,drug
41322029,levothyroxine 0.2 MG Oral Tablet [L Thyroxin Sandoz] Box of 100 by Novartis,Drug,RxNorm Extension,standard,H03A_thyroid_preparations,thyroid_hormones,Thyroid hormones,drug
41322030,levothyroxine 0.2 MG Oral Tablet [L Thyroxin Na Ratiopharm] Box of 100 by Ratiopharm,Drug,RxNorm Extension,standard,H03A_thyroid_preparations,thyroid_hormones,Thyroid hormones,drug
41322031,levothyroxine 100 MG Oral Tablet [Eutirox] Box of 100 by Beragena,Drug,RxNorm Extension,standard,H03A_thyroid_preparations,thyroid_hormones,Thyroid hormones,drug
41322032,levothyroxine 0.15 MG Oral Tablet Box of 50 by Ratiopharm,Drug,RxNorm Extension,standard,H03A_thyroid_preparations,thyroid_hormones,Thyroid hormones,drug
41322033,levothyroxine 0.1 MG Oral Tablet [L Thyroxin Ratiopharm] Box of 100 by Ratiopharm,Drug,RxNorm Extension,standard,H03A_thyroid_preparations,thyroid_hormones,Thyroid hormones,drug
41322034,levothyroxine 0.1 MG Oral Tablet [L Thyrox Ratiopharm] Box of 100 by Ratiopharm,Drug,RxNorm Extension,standard,H03A_thyroid_preparations,thyroid_hormones,Thyroid hormones,drug
41322035,levothyroxine 0.1 MG Oral Tablet [Eutirox] Box of 100 by Orifarm Leverkus,Drug,RxNorm Extension,standard,H03A_thyroid_preparations,thyroid_hormones,Thyroid hormones,drug
41322036,levothyroxine 0.075 MG Oral Tablet [L Thyroxin Beta] Box of 100 by Betapharm,Drug,RxNorm Extension,standard,H03A_thyroid_preparations,thyroid_hormones,Thyroid hormones,drug
41322037,levothyroxine 0.05 MG Oral Tablet [Eferox] Box of 100 by Efeka,Drug,RxNorm Extension,standard,H03A_thyroid_preparations,thyroid_hormones,Thyroid hormones,drug
41322038,levothyroxine 0.1 MG Oral Tablet [L Thyroxin Henning] Box of 1000 by Sanofi,Drug,RxNorm Extension,standard,H03A_thyroid_preparations,thyroid_hormones,Thyroid hormones,drug
41322039,levothyroxine 0.1 MG Oral Tablet [Euthyrox] Box of 500 by Mylan,Drug,RxNorm Extension,standard,H03A_thyroid_preparations,thyroid_hormones,Thyroid hormones,drug
41322040,levothyroxine 0.1 MG Oral Tablet [Euthyrox] Box of 100 by Kohlpharma,Drug,RxNorm Extension,standard,H03A_thyroid_preparations,thyroid_hormones,Thyroid hormones,drug
41322041,levothyroxine 0.1 MG Oral Tablet [Euthyrox] Box of 84 by Mylan,Drug,RxNorm Extension,standard,H03A_thyroid_preparations,thyroid_hormones,Thyroid hormones,drug
41322043,levothyroxine 0.15 MG Oral Tablet [Euthyrox] Box of 500 by Mylan,Drug,RxNorm Extension,standard,H03A_thyroid_preparations,thyroid_hormones,Thyroid hormones,drug
41322044,levothyroxine 0.175 MG Oral Tablet [L Thyroxin Sandoz] Box of 100 by Novartis,Drug,RxNorm Extension,standard,H03A_thyroid_preparations,thyroid_hormones,Thyroid hormones,drug
41322045,levothyroxine 0.175 MG Oral Tablet [L Thyroxin Beta] Box of 50 by Betapharm,Drug,RxNorm Extension,standard,H03A_thyroid_preparations,thyroid_hormones,Thyroid hormones,drug
41322046,levothyroxine 0.025 MG Oral Tablet [L Thyroxin Winthrop] Box of 100 by Sanofi,Drug,RxNorm Extension,standard,H03A_thyroid_preparations,thyroid_hormones,Thyroid hormones,drug
41322048,levothyroxine 0.05 MG Oral Tablet [Berlthyrox] Box of 100 by Berlin-Chemie,Drug,RxNorm Extension,standard,H03A_thyroid_preparations,thyroid_hormones,Thyroid hormones,drug
41322395,Iodine 0.2 MG / levothyroxine 0.1 MG Oral Tablet [L Thyroxin Jod Winthrop] Box of 50 by Sanofi,Drug,RxNorm Extension,standard,H03A_thyroid_preparations,thyroid_hormones,Thyroid hormones,drug
41322396,Iodine 0.2 MG / levothyroxine 0.15 MG Oral Tablet [L Thyroxin Jod Winthrop] Box of 50 by Sanofi,Drug,RxNorm Extension,standard,H03A_thyroid_preparations,thyroid_hormones,Thyroid hormones,drug
41322397,Iodine 0.2 MG / levothyroxine 0.075 MG Oral Tablet [Thyronajod] Box of 100 by Sanofi,Drug,RxNorm Extension,standard,H03A_thyroid_preparations,thyroid_hormones,Thyroid hormones,drug
41322398,Iodine 0.14 MG / levothyroxine 0.1 MG Oral Tablet [L Thyroxin Jod 1a Pharma] Box of 100 by 1 A,Drug,RxNorm Extension,standard,H03A_thyroid_preparations,thyroid_hormones,Thyroid hormones,drug
41322399,Iodine 0.14 MG / levothyroxine 0.1 MG Oral Tablet [L Thyrox Jod Hexal] Box of 50 by Novartis,Drug,RxNorm Extension,standard,H03A_thyroid_preparations,thyroid_hormones,Thyroid hormones,drug
41322400,Iodine 0.099 MG / levothyroxine 0.05 MG Oral Tablet [L Thyroxin Plus Henning] Box of 50 by Sanofi,Drug,RxNorm Extension,standard,H03A_thyroid_preparations,thyroid_hormones,Thyroid hormones,drug
41353781,5 ML levothyroxine 0.1 MG/ML Injectable Suspension [L Thyroxin Henning] Box of 1 by Sanofi,Drug,RxNorm Extension,standard,H03A_thyroid_preparations,thyroid_hormones,Thyroid hormones,drug
41353909,5 ML liothyronine 0.02 MG/ML Injectable Solution Box of 1,Drug,RxNorm Extension,standard,H03A_thyroid_preparations,thyroid_hormones,Thyroid hormones,drug
41354116,5 ML levothyroxine 0.1 MG/ML Injectable Solution [L Thyroxin Henning],Drug,RxNorm Extension,standard,H03A_thyroid_preparations,thyroid_hormones,Thyroid hormones,drug
41355155,5 ML liothyronine 0.02 MG/ML Injectable Solution [Thyrotardin],Drug,RxNorm Extension,standard,H03A_thyroid_preparations,thyroid_hormones,Thyroid hormones,drug
41355734,5 ML liothyronine 0.02 MG/ML Injectable Solution [Thyrotardin] Box of 1,Drug,RxNorm Extension,standard,H03A_thyroid_preparations,thyroid_hormones,Thyroid hormones,drug
41355741,5 ML levothyroxine 0.1 MG/ML Injectable Suspension [L Thyroxin Henning],Drug,RxNorm Extension,standard,H03A_thyroid_preparations,thyroid_hormones,Thyroid hormones,drug
41356035,5 ML levothyroxine 0.1 MG/ML Injectable Suspension Box of 1,Drug,RxNorm Extension,standard,H03A_thyroid_preparations,thyroid_hormones,Thyroid hormones,drug
41356036,5 ML levothyroxine 0.1 MG/ML Injectable Suspension,Drug,RxNorm Extension,standard,H03A_thyroid_preparations,thyroid_hormones,Thyroid hormones,drug
41356764,5 ML levothyroxine 0.1 MG/ML Injectable Suspension [L Thyroxin Henning] Box of 1,Drug,RxNorm Extension,standard,H03A_thyroid_preparations,thyroid_hormones,Thyroid hormones,drug
41356765,5 ML levothyroxine 0.1 MG/ML Injectable Solution [L Thyroxin Henning] Box of 1,Drug,RxNorm Extension,standard,H03A_thyroid_preparations,thyroid_hormones,Thyroid hormones,drug
41357687,5 ML levothyroxine 0.1 MG/ML Injectable Solution Box of 1,Drug,RxNorm Extension,standard,H03A_thyroid_preparations,thyroid_hormones,Thyroid hormones,drug
41359331,5 ML liothyronine 0.02 MG/ML Injectable Solution,Drug,RxNorm Extension,standard,H03A_thyroid_preparations,thyroid_hormones,Thyroid hormones,drug
41363801,10 ML thyroid (USP) 1 MG/ML Oral Solution [Thyreoidinum],Drug,RxNorm Extension,standard,H03A_thyroid_preparations,thyroid_hormones,Thyroid hormones,drug
41363941,10 ML levothyroxine 0.05 MG/ML Injectable Solution [Synthroid] Box of 1,Drug,RxNorm Extension,standard,H03A_thyroid_preparations,thyroid_hormones,Thyroid hormones,drug
41365082,10 ML levothyroxine 0.05 MG/ML Injectable Solution,Drug,RxNorm Extension,standard,H03A_thyroid_preparations,thyroid_hormones,Thyroid hormones,drug
41366927,10 ML levothyroxine 0.05 MG/ML Injectable Solution [Synthroid],Drug,RxNorm Extension,standard,H03A_thyroid_preparations,thyroid_hormones,Thyroid hormones,drug
41367996,10 ML thyroid (USP) 1 MG/ML Oral Solution,Drug,RxNorm Extension,standard,H03A_thyroid_preparations,thyroid_hormones,Thyroid hormones,drug
41371926,10 ML levothyroxine 0.05 MG/ML Injectable Solution Box of 1,Drug,RxNorm Extension,standard,H03A_thyroid_preparations,thyroid_hormones,Thyroid hormones,drug
41382368,22 ML Bos taurus adrenal gland preparation 0.0000000000909 MG/ML / Bos taurus ovary preparation 0.0000000000909 MG/ML / hypophysis extract 0.0000000000909 MG/ML / Pancreas extract 0.0000000000909 MG/ML / ... Oral Solution,Drug,RxNorm Extension,standard,H03A_thyroid_preparations,thyroid_hormones,Thyroid hormones,drug
41382408,22 ML Bos taurus adrenal gland preparation 0.0000000000909 MG/ML / Bos taurus ovary preparation 0.0000000000909 MG/ML / hypophysis extract 0.0000000000909 MG/ML / Pancreas extract 0.0000000000909 MG/ML / ... Oral Solution Box of 1,Drug,RxNorm Extension,standard,H03A_thyroid_preparations,thyroid_hormones,Thyroid hormones,drug
41384908,30 ML levothyroxine 0.1 MG/ML Oral Solution Box of 3,Drug,RxNorm Extension,standard,H03A_thyroid_preparations,thyroid_hormones,Thyroid hormones,drug
41385544,30 ML levothyroxine 0.003 MG/ML Oral Solution Box of 3,Drug,RxNorm Extension,standard,H03A_thyroid_preparations,thyroid_hormones,Thyroid hormones,drug
41385545,30 ML levothyroxine 0.003 MG/ML Oral Solution,Drug,RxNorm Extension,standard,H03A_thyroid_preparations,thyroid_hormones,Thyroid hormones,drug
41385546,30 ML levothyroxine 0.1 MG/ML Oral Solution Box of 1,Drug,RxNorm Extension,standard,H03A_thyroid_preparations,thyroid_hormones,Thyroid hormones,drug
41385984,30 ML levothyroxine 0.003 MG/ML Oral Solution [Lixin] Box of 1,Drug,RxNorm Extension,standard,H03A_thyroid_preparations,thyroid_hormones,Thyroid hormones,drug
41385985,30 ML levothyroxine 0.003 MG/ML Oral Solution [Lixin],Drug,RxNorm Extension,standard,H03A_thyroid_preparations,thyroid_hormones,Thyroid hormones,drug
41385986,30 ML levothyroxine 0.003 MG/ML Oral Solution [L Thyroxin Henning] Box of 1,Drug,RxNorm Extension,standard,H03A_thyroid_preparations,thyroid_hormones,Thyroid hormones,drug
41385987,30 ML levothyroxine 0.1 MG/ML Oral Solution [Lixin] Box of 3,Drug,RxNorm Extension,standard,H03A_thyroid_preparations,thyroid_hormones,Thyroid hormones,drug
41386646,30 ML levothyroxine 0.003 MG/ML Oral Solution [L Thyroxin Henning] Box of 1 by Sanofi,Drug,RxNorm Extension,standard,H03A_thyroid_preparations,thyroid_hormones,Thyroid hormones,drug
41386703,30 ML levothyroxine 0.003 MG/ML Oral Solution Box of 1,Drug,RxNorm Extension,standard,H03A_thyroid_preparations,thyroid_hormones,Thyroid hormones,drug
41386704,30 ML levothyroxine 0.1 MG/ML Oral Solution Box of 30,Drug,RxNorm Extension,standard,H03A_thyroid_preparations,thyroid_hormones,Thyroid hormones,drug
41386845,30 ML levothyroxine 0.003 MG/ML Oral Solution [Lixin] Box of 3,Drug,RxNorm Extension,standard,H03A_thyroid_preparations,thyroid_hormones,Thyroid hormones,drug
41386846,30 ML levothyroxine 0.1 MG/ML Oral Solution [L Thyroxin Henning] Box of 30,Drug,RxNorm Extension,standard,H03A_thyroid_preparations,thyroid_hormones,Thyroid hormones,drug
41387212,30 ML levothyroxine 0.003 MG/ML Oral Solution [Lixin] Box of 3 by Sanofi,Drug,RxNorm Extension,standard,H03A_thyroid_preparations,thyroid_hormones,Thyroid hormones,drug
41387944,30 ML levothyroxine 0.003 MG/ML Oral Solution [L Thyroxin Henning],Drug,RxNorm Extension,standard,H03A_thyroid_preparations,thyroid_hormones,Thyroid hormones,drug
41388355,30 ML levothyroxine 0.003 MG/ML Oral Solution [Lixin] Box of 1 by Sanofi,Drug,RxNorm Extension,standard,H03A_thyroid_preparations,thyroid_hormones,Thyroid hormones,drug
41388530,30 ML levothyroxine 0.1 MG/ML Oral Solution [L Thyroxin Henning] Box of 1,Drug,RxNorm Extension,standard,H03A_thyroid_preparations,thyroid_hormones,Thyroid hormones,drug
41388531,30 ML levothyroxine 0.1 MG/ML Oral Solution [L Thyroxin Henning],Drug,RxNorm Extension,standard,H03A_thyroid_preparations,thyroid_hormones,Thyroid hormones,drug
41388628,30 ML levothyroxine 0.003 MG/ML Oral Solution [L Thyroxin Henning] Box of 3 by Sanofi,Drug,RxNorm Extension,standard,H03A_thyroid_preparations,thyroid_hormones,Thyroid hormones,drug
41388798,30 ML levothyroxine 0.003 MG/ML Oral Solution [L Thyroxin Henning] Box of 3,Drug,RxNorm Extension,standard,H03A_thyroid_preparations,thyroid_hormones,Thyroid hormones,drug
41388954,30 ML levothyroxine 0.1 MG/ML Oral Solution,Drug,RxNorm Extension,standard,H03A_thyroid_preparations,thyroid_hormones,Thyroid hormones,drug
41389376,30 ML levothyroxine 0.1 MG/ML Oral Solution [Lixin] Box of 1,Drug,RxNorm Extension,standard,H03A_thyroid_preparations,thyroid_hormones,Thyroid hormones,drug
41389377,30 ML levothyroxine 0.1 MG/ML Oral Solution [Lixin],Drug,RxNorm Extension,standard,H03A_thyroid_preparations,thyroid_hormones,Thyroid hormones,drug
41390943,50 ML Bos taurus adrenal gland preparation 0.0000000001 MG/ML / Bos taurus ovary preparation 0.0000000001 MG/ML / hypophysis extract 0.0000000001 MG/ML / Pancreas extract 0.0000000001 MG/ML / Thymus Extracts 0.0000000001 MG/ML / ... Oral Solution,Drug,RxNorm Extension,standard,H03A_thyroid_preparations,thyroid_hormones,Thyroid hormones,drug
41392585,50 ML Bellis perennis extract 0.000004 MG/ML / Chelidonium majus extract 0.0000004 MG/ML / Dioscorea villosa tuber extract 0.000004 MG/ML / levothyroxine 0.000000002 MG/ML Oral Solution [Retroplex] Box of 1,Drug,RxNorm Extension,standard,H03A_thyroid_preparations,thyroid_hormones,Thyroid hormones,drug
41392925,50 ML Bellis perennis extract 0.000004 MG/ML / Chelidonium majus extract 0.0000004 MG/ML / Dioscorea villosa tuber extract 0.000004 MG/ML / levothyroxine 0.000000002 MG/ML Oral Solution,Drug,RxNorm Extension,standard,H03A_thyroid_preparations,thyroid_hormones,Thyroid hormones,drug
41395712,50 ML Bos taurus adrenal gland preparation 0.0000000001 MG/ML / Bos taurus ovary preparation 0.0000000001 MG/ML / hypophysis extract 0.0000000001 MG/ML / Pancreas extract 0.0000000001 MG/ML / ... Oral Solution Box of 1,Drug,RxNorm Extension,standard,H03A_thyroid_preparations,thyroid_hormones,Thyroid hormones,drug
41398301,50 ML Bellis perennis extract 0.000004 MG/ML / Chelidonium majus extract 0.0000004 MG/ML / Dioscorea villosa tuber extract 0.000004 MG/ML / levothyroxine 0.000000002 MG/ML Oral Solution Box of 1,Drug,RxNorm Extension,standard,H03A_thyroid_preparations,thyroid_hormones,Thyroid hormones,drug
41401394,50 ML Bellis perennis extract 0.000004 MG/ML / Chelidonium majus extract 0.0000004 MG/ML / Dioscorea villosa tuber extract 0.000004 MG/ML / levothyroxine 0.000000002 MG/ML Oral Solution [Retroplex],Drug,RxNorm Extension,standard,H03A_thyroid_preparations,thyroid_hormones,Thyroid hormones,drug
41414534,100 ML Bellis perennis extract 0.000002 MG/ML / Chelidonium majus extract 0.0000002 MG/ML / Dioscorea villosa tuber extract 0.000002 MG/ML / levothyroxine 0.000000001 MG/ML Oral Solution [Retroplex] Box of 1,Drug,RxNorm Extension,standard,H03A_thyroid_preparations,thyroid_hormones,Thyroid hormones,drug
41415359,100 ML Bellis perennis extract 0.000002 MG/ML / Chelidonium majus extract 0.0000002 MG/ML / Dioscorea villosa tuber extract 0.000002 MG/ML / levothyroxine 0.000000001 MG/ML Oral Solution [Retroplex],Drug,RxNorm Extension,standard,H03A_thyroid_preparations,thyroid_hormones,Thyroid hormones,drug
41415656,100 ML levothyroxine 0.02 MG/ML Oral Solution Box of 1,Drug,RxNorm Extension,standard,H03A_thyroid_preparations,thyroid_hormones,Thyroid hormones,drug
41417690,100 ML levothyroxine 0.001 MG/ML Oral Solution [Eferox] Box of 1,Drug,RxNorm Extension,standard,H03A_thyroid_preparations,thyroid_hormones,Thyroid hormones,drug
41418965,100 ML levothyroxine 0.001 MG/ML Oral Solution [Eferox] Box of 1 by Aristo,Drug,RxNorm Extension,standard,H03A_thyroid_preparations,thyroid_hormones,Thyroid hormones,drug
41419119,100 ML levothyroxine 0.001 MG/ML Oral Solution,Drug,RxNorm Extension,standard,H03A_thyroid_preparations,thyroid_hormones,Thyroid hormones,drug
41420999,100 ML Bellis perennis extract 0.000002 MG/ML / Chelidonium majus extract 0.0000002 MG/ML / Dioscorea villosa tuber extract 0.000002 MG/ML / levothyroxine 0.000000001 MG/ML Oral Solution Box of 1,Drug,RxNorm Extension,standard,H03A_thyroid_preparations,thyroid_hormones,Thyroid hormones,drug
41421165,100 ML levothyroxine 0.001 MG/ML Oral Solution [Eferox],Drug,RxNorm Extension,standard,H03A_thyroid_preparations,thyroid_hormones,Thyroid hormones,drug
41422017,100 ML levothyroxine 0.02 MG/ML Oral Solution [Eferox],Drug,RxNorm Extension,standard,H03A_thyroid_preparations,thyroid_hormones,Thyroid hormones,drug
41422916,100 ML levothyroxine 0.02 MG/ML Oral Solution [Eferox] Box of 1,Drug,RxNorm Extension,standard,H03A_thyroid_preparations,thyroid_hormones,Thyroid hormones,drug
41423579,100 ML Bellis perennis extract 0.000002 MG/ML / Chelidonium majus extract 0.0000002 MG/ML / Dioscorea villosa tuber extract 0.000002 MG/ML / levothyroxine 0.000000001 MG/ML Oral Solution,Drug,RxNorm Extension,standard,H03A_thyroid_preparations,thyroid_hormones,Thyroid hormones,drug
41426761,100 ML levothyroxine 0.001 MG/ML Oral Solution Box of 1,Drug,RxNorm Extension,standard,H03A_thyroid_preparations,thyroid_hormones,Thyroid hormones,drug
41464532,21.8 ML Bos taurus adrenal gland preparation 0.0000000000908 MG/ML / Bos taurus ovary preparation 0.0000000000908 MG/ML / hypophysis extract 0.0000000000908 MG/ML / Pancreas extract 0.0000000000908 MG/ML / ... Oral Solution Box of 1,Drug,RxNorm Extension,standard,H03A_thyroid_preparations,thyroid_hormones,Thyroid hormones,drug
41464552,21.8 ML Bos taurus adrenal gland preparation 0.0000000000908 MG/ML / Bos taurus ovary preparation 0.0000000000908 MG/ML / hypophysis extract 0.0000000000908 MG/ML / Pancreas extract 0.0000000000908 MG/ML / ... Oral Solution,Drug,RxNorm Extension,standard,H03A_thyroid_preparations,thyroid_hormones,Thyroid hormones,drug
41477098,thyroid (USP) 10000 MG Oral Tablet,Drug,RxNorm Extension,standard,H03A_thyroid_preparations,thyroid_hormones,Thyroid hormones,drug
41477419,thyroid (USP) 10000 MG Oral Tablet [Thyreoidinum],Drug,RxNorm Extension,standard,H03A_thyroid_preparations,thyroid_hormones,Thyroid hormones,drug
42481289,levothyroxine Injection [Levothroid],Drug,RxNorm Extension,standard,H03A_thyroid_preparations,thyroid_hormones,Thyroid hormones,drug
42481290,levothyroxine Oral Suspension,Drug,RxNorm Extension,standard,H03A_thyroid_preparations,thyroid_hormones,Thyroid hormones,drug
42608981,thyroid (USP) 90 MG [Apur],Drug,RxNorm,standard,H03A_thyroid_preparations,thyroid_hormones,Thyroid hormones,drug
42608984,thyroid (USP) Oral Tablet [Apur],Drug,RxNorm,standard,H03A_thyroid_preparations,thyroid_hormones,Thyroid hormones,drug
42608985,thyroid (USP) 90 MG Oral Tablet [Apur],Drug,RxNorm,standard,H03A_thyroid_preparations,thyroid_hormones,Thyroid hormones,drug
42608986,thyroid (USP) 60 MG [Apur],Drug,RxNorm,standard,H03A_thyroid_preparations,thyroid_hormones,Thyroid hormones,drug
42608987,thyroid (USP) 60 MG Oral Tablet [Apur],Drug,RxNorm,standard,H03A_thyroid_preparations,thyroid_hormones,Thyroid hormones,drug
42608988,thyroid (USP) 30 MG [Apur],Drug,RxNorm,standard,H03A_thyroid_preparations,thyroid_hormones,Thyroid hormones,drug
42608989,thyroid (USP) 30 MG Oral Tablet [Apur],Drug,RxNorm,standard,H03A_thyroid_preparations,thyroid_hormones,Thyroid hormones,drug
42608990,thyroid (USP) 15 MG [Apur],Drug,RxNorm,standard,H03A_thyroid_preparations,thyroid_hormones,Thyroid hormones,drug
42608991,thyroid (USP) 15 MG Oral Tablet [Apur],Drug,RxNorm,standard,H03A_thyroid_preparations,thyroid_hormones,Thyroid hormones,drug
42608992,thyroid (USP) 120 MG [Apur],Drug,RxNorm,standard,H03A_thyroid_preparations,thyroid_hormones,Thyroid hormones,drug
42608993,thyroid (USP) 120 MG Oral Tablet [Apur],Drug,RxNorm,standard,H03A_thyroid_preparations,thyroid_hormones,Thyroid hormones,drug
42609227,levothyroxine sodium 0.0022 MG/MG [Thyrocryn],Drug,RxNorm,standard,H03A_thyroid_preparations,thyroid_hormones,Thyroid hormones,drug
42609230,levothyroxine Oral Powder [Thyrocryn],Drug,RxNorm,standard,H03A_thyroid_preparations,thyroid_hormones,Thyroid hormones,drug
42609231,levothyroxine sodium 0.0022 MG/MG Oral Powder [Thyrocryn],Drug,RxNorm,standard,H03A_thyroid_preparations,thyroid_hormones,Thyroid hormones,drug
42619688,levothyroxine Injectable Solution [Synthroid],Drug,RxNorm Extension,standard,H03A_thyroid_preparations,thyroid_hormones,Thyroid hormones,drug
42619732,levothyroxine 0.1 MG/ML,Drug,RxNorm Extension,standard,H03A_thyroid_preparations,thyroid_hormones,Thyroid hormones,drug
42620096,liothyronine Injectable Solution,Drug,RxNorm Extension,standard,H03A_thyroid_preparations,thyroid_hormones,Thyroid hormones,drug
42620172,levothyroxine 0.02 MG/ML,Drug,RxNorm Extension,standard,H03A_thyroid_preparations,thyroid_hormones,Thyroid hormones,drug
42620256,thyroid (USP) 10000 MG,Drug,RxNorm Extension,standard,H03A_thyroid_preparations,thyroid_hormones,Thyroid hormones,drug
42620304,liothyronine 0.02 MG/ML Injectable Solution,Drug,RxNorm Extension,standard,H03A_thyroid_preparations,thyroid_hormones,Thyroid hormones,drug
42620439,levothyroxine Injectable Solution [Levothroid],Drug,RxNorm Extension,standard,H03A_thyroid_preparations,thyroid_hormones,Thyroid hormones,drug
42620523,levothyroxine Injectable Solution,Drug,RxNorm Extension,standard,H03A_thyroid_preparations,thyroid_hormones,Thyroid hormones,drug
42620710,thyroid (USP) 10000 MG [Thyreoidinum],Drug,RxNorm Extension,standard,H03A_thyroid_preparations,thyroid_hormones,Thyroid hormones,drug
42620846,liothyronine 0.02 MG/ML,Drug,RxNorm Extension,standard,H03A_thyroid_preparations,thyroid_hormones,Thyroid hormones,drug
42620889,levothyroxine 0.1 MG/ML Injectable Solution,Drug,RxNorm Extension,standard,H03A_thyroid_preparations,thyroid_hormones,Thyroid hormones,drug
42621011,levothyroxine 0.04 MG/ML,Drug,RxNorm Extension,standard,H03A_thyroid_preparations,thyroid_hormones,Thyroid hormones,drug
42715066,levothyroxine Oral Tablet [Pms-Levothyroxine Sodium],Drug,RxNorm Extension,standard,H03A_thyroid_preparations,thyroid_hormones,Thyroid hormones,drug
42719529,Bos taurus adrenal gland preparation 0.0000000000908 MG/ML / Bos taurus ovary preparation 0.0000000000908 MG/ML / hypophysis extract 0.0000000000908 MG/ML / Pancreas extract 0.0000000000908 MG/ML / ... Oral Solution,Drug,RxNorm Extension,standard,H03A_thyroid_preparations,thyroid_hormones,Thyroid hormones,drug
42729619,thyroid (USP) 0.0000000000908 MG/ML,Drug,RxNorm Extension,standard,H03A_thyroid_preparations,thyroid_hormones,Thyroid hormones,drug
42730172,Bos taurus adrenal gland preparation 0.0000000000908 MG/ML / Bos taurus ovary preparation 0.0000000000908 MG/ML / hypophysis extract 0.0000000000908 MG/ML / Pancreas extract 0.0000000000908 MG/ML / ... Oral Solution Box of 1,Drug,RxNorm Extension,standard,H03A_thyroid_preparations,thyroid_hormones,Thyroid hormones,drug
42800921,levothyroxine sodium 0.2 MG Chewable Tablet,Drug,RxNorm,standard,H03A_thyroid_preparations,thyroid_hormones,Thyroid hormones,drug
42800922,levothyroxine sodium 0.2 MG Chewable Tablet [ThyroMed],Drug,RxNorm,standard,H03A_thyroid_preparations,thyroid_hormones,Thyroid hormones,drug
42800932,levothyroxine sodium 0.2 MG [ThyroMed],Drug,RxNorm,standard,H03A_thyroid_preparations,thyroid_hormones,Thyroid hormones,drug
42800933,levothyroxine sodium 0.3 MG Chewable Tablet,Drug,RxNorm,standard,H03A_thyroid_preparations,thyroid_hormones,Thyroid hormones,drug
42800934,levothyroxine sodium 0.3 MG Chewable Tablet [ThyroMed],Drug,RxNorm,standard,H03A_thyroid_preparations,thyroid_hormones,Thyroid hormones,drug
42800935,levothyroxine sodium 0.3 MG [ThyroMed],Drug,RxNorm,standard,H03A_thyroid_preparations,thyroid_hormones,Thyroid hormones,drug
42800936,levothyroxine sodium 0.4 MG Chewable Tablet,Drug,RxNorm,standard,H03A_thyroid_preparations,thyroid_hormones,Thyroid hormones,drug
42800937,levothyroxine sodium 0.4 MG Chewable Tablet [ThyroMed],Drug,RxNorm,standard,H03A_thyroid_preparations,thyroid_hormones,Thyroid hormones,drug
42800938,levothyroxine sodium 0.4 MG [ThyroMed],Drug,RxNorm,standard,H03A_thyroid_preparations,thyroid_hormones,Thyroid hormones,drug
42800939,levothyroxine sodium 0.5 MG Chewable Tablet,Drug,RxNorm,standard,H03A_thyroid_preparations,thyroid_hormones,Thyroid hormones,drug
42800940,levothyroxine sodium 0.5 MG Chewable Tablet [ThyroMed],Drug,RxNorm,standard,H03A_thyroid_preparations,thyroid_hormones,Thyroid hormones,drug
42800941,levothyroxine sodium 0.5 MG [ThyroMed],Drug,RxNorm,standard,H03A_thyroid_preparations,thyroid_hormones,Thyroid hormones,drug
42800942,levothyroxine sodium 0.6 MG Chewable Tablet,Drug,RxNorm,standard,H03A_thyroid_preparations,thyroid_hormones,Thyroid hormones,drug
42800943,levothyroxine sodium 0.6 MG Chewable Tablet [ThyroMed],Drug,RxNorm,standard,H03A_thyroid_preparations,thyroid_hormones,Thyroid hormones,drug
42800944,levothyroxine sodium 0.6 MG [ThyroMed],Drug,RxNorm,standard,H03A_thyroid_preparations,thyroid_hormones,Thyroid hormones,drug
42800945,levothyroxine sodium 0.7 MG Chewable Tablet,Drug,RxNorm,standard,H03A_thyroid_preparations,thyroid_hormones,Thyroid hormones,drug
42800946,levothyroxine sodium 0.7 MG Chewable Tablet [ThyroMed],Drug,RxNorm,standard,H03A_thyroid_preparations,thyroid_hormones,Thyroid hormones,drug
42800947,levothyroxine sodium 0.7 MG [ThyroMed],Drug,RxNorm,standard,H03A_thyroid_preparations,thyroid_hormones,Thyroid hormones,drug
42800948,levothyroxine sodium 0.8 MG Chewable Tablet,Drug,RxNorm,standard,H03A_thyroid_preparations,thyroid_hormones,Thyroid hormones,drug
42800949,levothyroxine sodium 0.8 MG Chewable Tablet [ThyroMed],Drug,RxNorm,standard,H03A_thyroid_preparations,thyroid_hormones,Thyroid hormones,drug
42800950,levothyroxine sodium 0.8 MG [ThyroMed],Drug,RxNorm,standard,H03A_thyroid_preparations,thyroid_hormones,Thyroid hormones,drug
42801157,levothyroxine sodium 0.1 MG Chewable Tablet [ThyroMed],Drug,RxNorm,standard,H03A_thyroid_preparations,thyroid_hormones,Thyroid hormones,drug
42801159,levothyroxine Chewable Tablet,Drug,RxNorm,standard,H03A_thyroid_preparations,thyroid_hormones,Thyroid hormones,drug
42801160,levothyroxine Chewable Tablet [ThyroMed],Drug,RxNorm,standard,H03A_thyroid_preparations,thyroid_hormones,Thyroid hormones,drug
42873271,thyroid (USP) 260 MG [Nature-Throid],Drug,RxNorm,standard,H03A_thyroid_preparations,thyroid_hormones,Thyroid hormones,drug
42873272,thyroid (USP) 325 MG [Nature-Throid],Drug,RxNorm,standard,H03A_thyroid_preparations,thyroid_hormones,Thyroid hormones,drug
42873508,thyroid (USP) 260 MG Oral Tablet [Nature-Throid],Drug,RxNorm,standard,H03A_thyroid_preparations,thyroid_hormones,Thyroid hormones,drug
42873509,thyroid (USP) 325 MG Oral Tablet [Nature-Throid],Drug,RxNorm,standard,H03A_thyroid_preparations,thyroid_hormones,Thyroid hormones,drug
42875556,levothyroxine 0.075 MG Oral Tablet [Euthyrox] Box of 50 by Merck,Drug,RxNorm Extension,standard,H03A_thyroid_preparations,thyroid_hormones,Thyroid hormones,drug
42956258,levothyroxine 0.05 MG / liothyronine 0.0125 MG Oral Tablet [COMTHYROID],Drug,RxNorm Extension,standard,H03A_thyroid_preparations,thyroid_hormones,Thyroid hormones,drug
42956259,levothyroxine 0.05 MG / liothyronine 0.0125 MG [COMTHYROID],Drug,RxNorm Extension,standard,H03A_thyroid_preparations,thyroid_hormones,Thyroid hormones,drug
42956260,levothyroxine / liothyronine Oral Tablet [COMTHYROID],Drug,RxNorm Extension,standard,H03A_thyroid_preparations,thyroid_hormones,Thyroid hormones,drug
42956261,levothyroxine 0.025 MG Oral Tablet [SYNTHYROXINE],Drug,RxNorm Extension,standard,H03A_thyroid_preparations,thyroid_hormones,Thyroid hormones,drug
42956262,levothyroxine 0.025 MG [SYNTHYROXINE],Drug,RxNorm Extension,standard,H03A_thyroid_preparations,thyroid_hormones,Thyroid hormones,drug
42956263,levothyroxine 0.1 MG Oral Tablet [SYNTHYROXINE],Drug,RxNorm Extension,standard,H03A_thyroid_preparations,thyroid_hormones,Thyroid hormones,drug
42956264,levothyroxine 0.1 MG Oral Tablet [SYNTHYROID],Drug,RxNorm Extension,standard,H03A_thyroid_preparations,thyroid_hormones,Thyroid hormones,drug
42956265,levothyroxine 0.1 MG [SYNTHYROXINE],Drug,RxNorm Extension,standard,H03A_thyroid_preparations,thyroid_hormones,Thyroid hormones,drug
42956266,levothyroxine 0.1 MG [SYNTHYROID],Drug,RxNorm Extension,standard,H03A_thyroid_preparations,thyroid_hormones,Thyroid hormones,drug
42956267,levothyroxine 0.15 MG Oral Tablet [SYNTHYROXINE],Drug,RxNorm Extension,standard,H03A_thyroid_preparations,thyroid_hormones,Thyroid hormones,drug
42956268,levothyroxine 0.15 MG Oral Tablet [SYNTHYROID],Drug,RxNorm Extension,standard,H03A_thyroid_preparations,thyroid_hormones,Thyroid hormones,drug
42956269,levothyroxine 0.15 MG [SYNTHYROXINE],Drug,RxNorm Extension,standard,H03A_thyroid_preparations,thyroid_hormones,Thyroid hormones,drug
42956270,levothyroxine 0.15 MG [SYNTHYROID],Drug,RxNorm Extension,standard,H03A_thyroid_preparations,thyroid_hormones,Thyroid hormones,drug
42956271,levothyroxine 0.075 MG Oral Tablet [SYNTHYROXINE],Drug,RxNorm Extension,standard,H03A_thyroid_preparations,thyroid_hormones,Thyroid hormones,drug
42956272,levothyroxine 0.075 MG Oral Tablet [SYNTHYROID],Drug,RxNorm Extension,standard,H03A_thyroid_preparations,thyroid_hormones,Thyroid hormones,drug
42956273,levothyroxine 0.075 MG [SYNTHYROXINE],Drug,RxNorm Extension,standard,H03A_thyroid_preparations,thyroid_hormones,Thyroid hormones,drug
42956274,levothyroxine 0.075 MG [SYNTHYROID],Drug,RxNorm Extension,standard,H03A_thyroid_preparations,thyroid_hormones,Thyroid hormones,drug
42956275,levothyroxine 0.125 MG Oral Tablet [SYNTHYROXINE],Drug,RxNorm Extension,standard,H03A_thyroid_preparations,thyroid_hormones,Thyroid hormones,drug
42956276,levothyroxine 0.125 MG [SYNTHYROXINE],Drug,RxNorm Extension,standard,H03A_thyroid_preparations,thyroid_hormones,Thyroid hormones,drug
42956277,levothyroxine 0.088 MG Oral Tablet [SYNTHYROXINE],Drug,RxNorm Extension,standard,H03A_thyroid_preparations,thyroid_hormones,Thyroid hormones,drug
42956278,levothyroxine 0.088 MG [SYNTHYROXINE],Drug,RxNorm Extension,standard,H03A_thyroid_preparations,thyroid_hormones,Thyroid hormones,drug
42956279,levothyroxine 0.05 MG Oral Tablet [SYNTHYROXINE],Drug,RxNorm Extension,standard,H03A_thyroid_preparations,thyroid_hormones,Thyroid hormones,drug
42956280,levothyroxine 0.05 MG Oral Tablet [SYNTHYROID],Drug,RxNorm Extension,standard,H03A_thyroid_preparations,thyroid_hormones,Thyroid hormones,drug
42956281,levothyroxine 0.05 MG [SYNTHYROXINE],Drug,RxNorm Extension,standard,H03A_thyroid_preparations,thyroid_hormones,Thyroid hormones,drug
42956282,levothyroxine 0.05 MG [SYNTHYROID],Drug,RxNorm Extension,standard,H03A_thyroid_preparations,thyroid_hormones,Thyroid hormones,drug
42956283,levothyroxine Oral Tablet [SYNTHYROXINE],Drug,RxNorm Extension,standard,H03A_thyroid_preparations,thyroid_hormones,Thyroid hormones,drug
42956284,levothyroxine Oral Tablet [SYNTHYROID],Drug,RxNorm Extension,standard,H03A_thyroid_preparations,thyroid_hormones,Thyroid hormones,drug
43027636,levothyroxine Oral Capsule [Tcaps],Drug,RxNorm Extension,standard,H03A_thyroid_preparations,thyroid_hormones,Thyroid hormones,drug
43027637,levothyroxine Oral Solution [Tsoludose],Drug,RxNorm Extension,standard,H03A_thyroid_preparations,thyroid_hormones,Thyroid hormones,drug
43027638,levothyroxine 0.025 MG [Tcaps],Drug,RxNorm Extension,standard,H03A_thyroid_preparations,thyroid_hormones,Thyroid hormones,drug
43027639,levothyroxine 0.025 MG [Thyrofix],Drug,RxNorm Extension,standard,H03A_thyroid_preparations,thyroid_hormones,Thyroid hormones,drug
43027640,levothyroxine 0.025 MG Oral Capsule [Tcaps],Drug,RxNorm Extension,standard,H03A_thyroid_preparations,thyroid_hormones,Thyroid hormones,drug
43027641,levothyroxine 0.025 MG Oral Capsule [Tcaps] Box of 30,Drug,RxNorm Extension,standard,H03A_thyroid_preparations,thyroid_hormones,Thyroid hormones,drug
43027642,levothyroxine 0.025 MG Oral Capsule [Tcaps] Box of 30 by Genevrier,Drug,RxNorm Extension,standard,H03A_thyroid_preparations,thyroid_hormones,Thyroid hormones,drug
43027643,levothyroxine 0.025 MG Oral Capsule Box of 30,Drug,RxNorm Extension,standard,H03A_thyroid_preparations,thyroid_hormones,Thyroid hormones,drug
43027644,levothyroxine 0.025 MG Oral Tablet Box of 30 by Biogaran,Drug,RxNorm Extension,standard,H03A_thyroid_preparations,thyroid_hormones,Thyroid hormones,drug
43027645,levothyroxine 0.025 MG Oral Tablet Box of 90 by Biogaran,Drug,RxNorm Extension,standard,H03A_thyroid_preparations,thyroid_hormones,Thyroid hormones,drug
43027646,levothyroxine 0.025 MG Oral Tablet Box of 100 by Sanofi,Drug,RxNorm Extension,standard,H03A_thyroid_preparations,thyroid_hormones,Thyroid hormones,drug
43027647,levothyroxine 0.025 MG Oral Tablet [Thyrofix],Drug,RxNorm Extension,standard,H03A_thyroid_preparations,thyroid_hormones,Thyroid hormones,drug
43027648,levothyroxine 0.025 MG Oral Tablet [Thyrofix] Box of 30,Drug,RxNorm Extension,standard,H03A_thyroid_preparations,thyroid_hormones,Thyroid hormones,drug
43027649,levothyroxine 0.025 MG Oral Tablet [Thyrofix] Box of 30 by Uni,Drug,RxNorm Extension,standard,H03A_thyroid_preparations,thyroid_hormones,Thyroid hormones,drug
43027650,levothyroxine 0.025 MG Oral Tablet [Thyrofix] Box of 100,Drug,RxNorm Extension,standard,H03A_thyroid_preparations,thyroid_hormones,Thyroid hormones,drug
43027652,levothyroxine 0.025 MG Oral Tablet [Thyrofix] Box of 100 by Uni,Drug,RxNorm Extension,standard,H03A_thyroid_preparations,thyroid_hormones,Thyroid hormones,drug
43027653,levothyroxine 0.075 MG/ML [Tsoludose],Drug,RxNorm Extension,standard,H03A_thyroid_preparations,thyroid_hormones,Thyroid hormones,drug
43027654,levothyroxine 0.075 MG/ML Oral Solution [Tsoludose],Drug,RxNorm Extension,standard,H03A_thyroid_preparations,thyroid_hormones,Thyroid hormones,drug
43027655,levothyroxine 0.075 MG/ML Oral Solution [Tsoludose] Box of 30,Drug,RxNorm Extension,standard,H03A_thyroid_preparations,thyroid_hormones,Thyroid hormones,drug
43027656,levothyroxine 0.075 MG/ML Oral Solution Box of 30,Drug,RxNorm Extension,standard,H03A_thyroid_preparations,thyroid_hormones,Thyroid hormones,drug
43027657,levothyroxine 0.112 MG/ML [Tsoludose],Drug,RxNorm Extension,standard,H03A_thyroid_preparations,thyroid_hormones,Thyroid hormones,drug
43027658,levothyroxine 0.112 MG/ML Oral Solution [Tsoludose],Drug,RxNorm Extension,standard,H03A_thyroid_preparations,thyroid_hormones,Thyroid hormones,drug
43027659,levothyroxine 0.112 MG/ML Oral Solution [Tsoludose] Box of 30,Drug,RxNorm Extension,standard,H03A_thyroid_preparations,thyroid_hormones,Thyroid hormones,drug
43027660,levothyroxine 0.112 MG/ML Oral Solution Box of 30,Drug,RxNorm Extension,standard,H03A_thyroid_preparations,thyroid_hormones,Thyroid hormones,drug
43027661,levothyroxine 0.175 MG [Tcaps],Drug,RxNorm Extension,standard,H03A_thyroid_preparations,thyroid_hormones,Thyroid hormones,drug
43027662,levothyroxine 0.175 MG Oral Capsule [Tcaps],Drug,RxNorm Extension,standard,H03A_thyroid_preparations,thyroid_hormones,Thyroid hormones,drug
43027663,levothyroxine 0.175 MG Oral Capsule [Tcaps] Box of 30,Drug,RxNorm Extension,standard,H03A_thyroid_preparations,thyroid_hormones,Thyroid hormones,drug
43027664,levothyroxine 0.175 MG Oral Capsule [Tcaps] Box of 30 by Genevrier,Drug,RxNorm Extension,standard,H03A_thyroid_preparations,thyroid_hormones,Thyroid hormones,drug
43027665,levothyroxine 0.175 MG Oral Capsule Box of 30,Drug,RxNorm Extension,standard,H03A_thyroid_preparations,thyroid_hormones,Thyroid hormones,drug
43027666,levothyroxine 0.175 MG Oral Tablet Box of 30 by Biogaran,Drug,RxNorm Extension,standard,H03A_thyroid_preparations,thyroid_hormones,Thyroid hormones,drug
43027667,levothyroxine 0.175 MG Oral Tablet Box of 90,Drug,RxNorm Extension,standard,H03A_thyroid_preparations,thyroid_hormones,Thyroid hormones,drug
43027668,levothyroxine 0.175 MG Oral Tablet Box of 100 by Sanofi,Drug,RxNorm Extension,standard,H03A_thyroid_preparations,thyroid_hormones,Thyroid hormones,drug
43027669,levothyroxine 0.175 MG Oral Tablet [LEVOTHYROX] Box of 90,Drug,RxNorm Extension,standard,H03A_thyroid_preparations,thyroid_hormones,Thyroid hormones,drug
43027670,levothyroxine 0.175 MG Oral Tablet [LEVOTHYROX] Box of 90 by Merck,Drug,RxNorm Extension,standard,H03A_thyroid_preparations,thyroid_hormones,Thyroid hormones,drug
43027671,levothyroxine 0.05 MG/ML [Tsoludose],Drug,RxNorm Extension,standard,H03A_thyroid_preparations,thyroid_hormones,Thyroid hormones,drug
43027672,levothyroxine 0.05 MG/ML Oral Solution [Tsoludose],Drug,RxNorm Extension,standard,H03A_thyroid_preparations,thyroid_hormones,Thyroid hormones,drug
43027673,levothyroxine 0.05 MG/ML Oral Solution [Tsoludose] Box of 30,Drug,RxNorm Extension,standard,H03A_thyroid_preparations,thyroid_hormones,Thyroid hormones,drug
43027674,levothyroxine 0.05 MG/ML Oral Solution Box of 30,Drug,RxNorm Extension,standard,H03A_thyroid_preparations,thyroid_hormones,Thyroid hormones,drug
43027675,levothyroxine 0.137 MG [Tcaps],Drug,RxNorm Extension,standard,H03A_thyroid_preparations,thyroid_hormones,Thyroid hormones,drug
43027676,levothyroxine 0.137 MG Oral Capsule [Tcaps],Drug,RxNorm Extension,standard,H03A_thyroid_preparations,thyroid_hormones,Thyroid hormones,drug
43027677,levothyroxine 0.137 MG Oral Capsule [Tcaps] Box of 30,Drug,RxNorm Extension,standard,H03A_thyroid_preparations,thyroid_hormones,Thyroid hormones,drug
43027678,levothyroxine 0.137 MG Oral Capsule [Tcaps] Box of 30 by Genevrier,Drug,RxNorm Extension,standard,H03A_thyroid_preparations,thyroid_hormones,Thyroid hormones,drug
43027679,levothyroxine 0.137 MG Oral Capsule Box of 30,Drug,RxNorm Extension,standard,H03A_thyroid_preparations,thyroid_hormones,Thyroid hormones,drug
43027680,levothyroxine 0.125 MG/ML [Tsoludose],Drug,RxNorm Extension,standard,H03A_thyroid_preparations,thyroid_hormones,Thyroid hormones,drug
43027681,levothyroxine 0.125 MG/ML Oral Solution [Tsoludose],Drug,RxNorm Extension,standard,H03A_thyroid_preparations,thyroid_hormones,Thyroid hormones,drug
43027682,levothyroxine 0.125 MG/ML Oral Solution [Tsoludose] Box of 30,Drug,RxNorm Extension,standard,H03A_thyroid_preparations,thyroid_hormones,Thyroid hormones,drug
43027683,levothyroxine 0.125 MG/ML Oral Solution Box of 30,Drug,RxNorm Extension,standard,H03A_thyroid_preparations,thyroid_hormones,Thyroid hormones,drug
43027684,levothyroxine 0.1 MG [Tcaps],Drug,RxNorm Extension,standard,H03A_thyroid_preparations,thyroid_hormones,Thyroid hormones,drug
43027685,levothyroxine 0.1 MG [Thyrofix],Drug,RxNorm Extension,standard,H03A_thyroid_preparations,thyroid_hormones,Thyroid hormones,drug
43027686,levothyroxine 0.1 MG Oral Capsule [Tcaps],Drug,RxNorm Extension,standard,H03A_thyroid_preparations,thyroid_hormones,Thyroid hormones,drug
43027687,levothyroxine 0.1 MG Oral Capsule [Tcaps] Box of 30,Drug,RxNorm Extension,standard,H03A_thyroid_preparations,thyroid_hormones,Thyroid hormones,drug
43027688,levothyroxine 0.1 MG Oral Capsule [Tcaps] Box of 30 by Genevrier,Drug,RxNorm Extension,standard,H03A_thyroid_preparations,thyroid_hormones,Thyroid hormones,drug
43027689,levothyroxine 0.1 MG Oral Capsule Box of 30,Drug,RxNorm Extension,standard,H03A_thyroid_preparations,thyroid_hormones,Thyroid hormones,drug
43027690,levothyroxine 0.1 MG Oral Tablet Box of 30 by Biogaran,Drug,RxNorm Extension,standard,H03A_thyroid_preparations,thyroid_hormones,Thyroid hormones,drug
43027691,levothyroxine 0.1 MG Oral Tablet Box of 100 by Sanofi,Drug,RxNorm Extension,standard,H03A_thyroid_preparations,thyroid_hormones,Thyroid hormones,drug
43027692,levothyroxine 0.1 MG Oral Tablet [LEVOTHYROX] Box of 90,Drug,RxNorm Extension,standard,H03A_thyroid_preparations,thyroid_hormones,Thyroid hormones,drug
43027693,levothyroxine 0.1 MG Oral Tablet [LEVOTHYROX] Box of 90 by Merck,Drug,RxNorm Extension,standard,H03A_thyroid_preparations,thyroid_hormones,Thyroid hormones,drug
43027694,levothyroxine 0.1 MG Oral Tablet [Thyrofix],Drug,RxNorm Extension,standard,H03A_thyroid_preparations,thyroid_hormones,Thyroid hormones,drug
43027695,levothyroxine 0.1 MG Oral Tablet [Thyrofix] Box of 30,Drug,RxNorm Extension,standard,H03A_thyroid_preparations,thyroid_hormones,Thyroid hormones,drug
43027696,levothyroxine 0.1 MG Oral Tablet [Thyrofix] Box of 30 by Uni,Drug,RxNorm Extension,standard,H03A_thyroid_preparations,thyroid_hormones,Thyroid hormones,drug
43027697,levothyroxine 0.1 MG Oral Tablet [Thyrofix] Box of 100,Drug,RxNorm Extension,standard,H03A_thyroid_preparations,thyroid_hormones,Thyroid hormones,drug
43027698,levothyroxine 0.1 MG Oral Tablet [Thyrofix] Box of 100 by Uni,Drug,RxNorm Extension,standard,H03A_thyroid_preparations,thyroid_hormones,Thyroid hormones,drug
43027699,levothyroxine 0.125 MG [Tcaps],Drug,RxNorm Extension,standard,H03A_thyroid_preparations,thyroid_hormones,Thyroid hormones,drug
43027700,levothyroxine 0.125 MG Oral Capsule [Tcaps],Drug,RxNorm Extension,standard,H03A_thyroid_preparations,thyroid_hormones,Thyroid hormones,drug
43027701,levothyroxine 0.125 MG Oral Capsule [Tcaps] Box of 30,Drug,RxNorm Extension,standard,H03A_thyroid_preparations,thyroid_hormones,Thyroid hormones,drug
43027703,levothyroxine 0.125 MG Oral Capsule [Tcaps] Box of 30 by Genevrier,Drug,RxNorm Extension,standard,H03A_thyroid_preparations,thyroid_hormones,Thyroid hormones,drug
43027704,levothyroxine 0.125 MG Oral Capsule Box of 30,Drug,RxNorm Extension,standard,H03A_thyroid_preparations,thyroid_hormones,Thyroid hormones,drug
43027705,levothyroxine 0.125 MG Oral Tablet Box of 30 by Biogaran,Drug,RxNorm Extension,standard,H03A_thyroid_preparations,thyroid_hormones,Thyroid hormones,drug
43027706,levothyroxine 0.125 MG Oral Tablet Box of 90,Drug,RxNorm Extension,standard,H03A_thyroid_preparations,thyroid_hormones,Thyroid hormones,drug
43027707,levothyroxine 0.125 MG Oral Tablet Box of 100 by Sanofi,Drug,RxNorm Extension,standard,H03A_thyroid_preparations,thyroid_hormones,Thyroid hormones,drug
43027708,levothyroxine 0.125 MG Oral Tablet [LEVOTHYROX] Box of 90,Drug,RxNorm Extension,standard,H03A_thyroid_preparations,thyroid_hormones,Thyroid hormones,drug
43027709,levothyroxine 0.125 MG Oral Tablet [LEVOTHYROX] Box of 90 by Merck,Drug,RxNorm Extension,standard,H03A_thyroid_preparations,thyroid_hormones,Thyroid hormones,drug
43027710,levothyroxine 0.088 MG [Tcaps],Drug,RxNorm Extension,standard,H03A_thyroid_preparations,thyroid_hormones,Thyroid hormones,drug
43027711,levothyroxine 0.088 MG [LEVOTHYROX],Drug,RxNorm Extension,standard,H03A_thyroid_preparations,thyroid_hormones,Thyroid hormones,drug
43027712,levothyroxine 0.088 MG Oral Capsule [Tcaps],Drug,RxNorm Extension,standard,H03A_thyroid_preparations,thyroid_hormones,Thyroid hormones,drug
43027713,levothyroxine 0.088 MG Oral Capsule [Tcaps] Box of 30,Drug,RxNorm Extension,standard,H03A_thyroid_preparations,thyroid_hormones,Thyroid hormones,drug
43027714,levothyroxine 0.088 MG Oral Capsule [Tcaps] Box of 30 by Genevrier,Drug,RxNorm Extension,standard,H03A_thyroid_preparations,thyroid_hormones,Thyroid hormones,drug
43027715,levothyroxine 0.088 MG Oral Capsule Box of 30,Drug,RxNorm Extension,standard,H03A_thyroid_preparations,thyroid_hormones,Thyroid hormones,drug
43027716,levothyroxine 0.088 MG Oral Tablet Box of 30,Drug,RxNorm Extension,standard,H03A_thyroid_preparations,thyroid_hormones,Thyroid hormones,drug
43027717,levothyroxine 0.088 MG Oral Tablet Box of 90,Drug,RxNorm Extension,standard,H03A_thyroid_preparations,thyroid_hormones,Thyroid hormones,drug
43027718,levothyroxine 0.088 MG Oral Tablet [LEVOTHYROX],Drug,RxNorm Extension,standard,H03A_thyroid_preparations,thyroid_hormones,Thyroid hormones,drug
43027719,levothyroxine 0.088 MG Oral Tablet [LEVOTHYROX] Box of 30,Drug,RxNorm Extension,standard,H03A_thyroid_preparations,thyroid_hormones,Thyroid hormones,drug
43027720,levothyroxine 0.088 MG Oral Tablet [LEVOTHYROX] Box of 30 by Merck,Drug,RxNorm Extension,standard,H03A_thyroid_preparations,thyroid_hormones,Thyroid hormones,drug
43027721,levothyroxine 0.088 MG Oral Tablet [LEVOTHYROX] Box of 90,Drug,RxNorm Extension,standard,H03A_thyroid_preparations,thyroid_hormones,Thyroid hormones,drug
43027722,levothyroxine 0.088 MG Oral Tablet [LEVOTHYROX] Box of 90 by Merck,Drug,RxNorm Extension,standard,H03A_thyroid_preparations,thyroid_hormones,Thyroid hormones,drug
43027723,levothyroxine 0.1 MG/ML [Tsoludose],Drug,RxNorm Extension,standard,H03A_thyroid_preparations,thyroid_hormones,Thyroid hormones,drug
43027724,levothyroxine 0.1 MG/ML Oral Solution [Tsoludose],Drug,RxNorm Extension,standard,H03A_thyroid_preparations,thyroid_hormones,Thyroid hormones,drug
43027725,levothyroxine 0.1 MG/ML Oral Solution [Tsoludose] Box of 30,Drug,RxNorm Extension,standard,H03A_thyroid_preparations,thyroid_hormones,Thyroid hormones,drug
43027726,levothyroxine 0.2 MG [Tcaps],Drug,RxNorm Extension,standard,H03A_thyroid_preparations,thyroid_hormones,Thyroid hormones,drug
43027727,levothyroxine 0.2 MG Oral Capsule [Tcaps],Drug,RxNorm Extension,standard,H03A_thyroid_preparations,thyroid_hormones,Thyroid hormones,drug
43027728,levothyroxine 0.2 MG Oral Capsule [Tcaps] Box of 30,Drug,RxNorm Extension,standard,H03A_thyroid_preparations,thyroid_hormones,Thyroid hormones,drug
43027729,levothyroxine 0.2 MG Oral Capsule [Tcaps] Box of 30 by Genevrier,Drug,RxNorm Extension,standard,H03A_thyroid_preparations,thyroid_hormones,Thyroid hormones,drug
43027730,levothyroxine 0.2 MG Oral Capsule Box of 30,Drug,RxNorm Extension,standard,H03A_thyroid_preparations,thyroid_hormones,Thyroid hormones,drug
43027731,levothyroxine 0.2 MG Oral Tablet Box of 30 by Biogaran,Drug,RxNorm Extension,standard,H03A_thyroid_preparations,thyroid_hormones,Thyroid hormones,drug
43027732,levothyroxine 0.2 MG Oral Tablet Box of 100 by Sanofi,Drug,RxNorm Extension,standard,H03A_thyroid_preparations,thyroid_hormones,Thyroid hormones,drug
43027733,levothyroxine 0.2 MG Oral Tablet [LEVOTHYROX] Box of 90,Drug,RxNorm Extension,standard,H03A_thyroid_preparations,thyroid_hormones,Thyroid hormones,drug
43027734,levothyroxine 0.2 MG Oral Tablet [LEVOTHYROX] Box of 90 by Merck,Drug,RxNorm Extension,standard,H03A_thyroid_preparations,thyroid_hormones,Thyroid hormones,drug
43027735,levothyroxine 0.013 MG [Tcaps],Drug,RxNorm Extension,standard,H03A_thyroid_preparations,thyroid_hormones,Thyroid hormones,drug
43027736,levothyroxine 0.013 MG Oral Capsule [Tcaps],Drug,RxNorm Extension,standard,H03A_thyroid_preparations,thyroid_hormones,Thyroid hormones,drug
43027737,levothyroxine 0.013 MG Oral Capsule [Tcaps] Box of 30,Drug,RxNorm Extension,standard,H03A_thyroid_preparations,thyroid_hormones,Thyroid hormones,drug
43027738,levothyroxine 0.013 MG Oral Capsule [Tcaps] Box of 30 by Genevrier,Drug,RxNorm Extension,standard,H03A_thyroid_preparations,thyroid_hormones,Thyroid hormones,drug
43027739,levothyroxine 0.013 MG Oral Capsule Box of 30,Drug,RxNorm Extension,standard,H03A_thyroid_preparations,thyroid_hormones,Thyroid hormones,drug
43027740,levothyroxine 0.05 MG [Tcaps],Drug,RxNorm Extension,standard,H03A_thyroid_preparations,thyroid_hormones,Thyroid hormones,drug
43027741,levothyroxine 0.05 MG [Thyrofix],Drug,RxNorm Extension,standard,H03A_thyroid_preparations,thyroid_hormones,Thyroid hormones,drug
43027742,levothyroxine 0.05 MG Oral Capsule [Tcaps],Drug,RxNorm Extension,standard,H03A_thyroid_preparations,thyroid_hormones,Thyroid hormones,drug
43027743,levothyroxine 0.05 MG Oral Capsule [Tcaps] Box of 30,Drug,RxNorm Extension,standard,H03A_thyroid_preparations,thyroid_hormones,Thyroid hormones,drug
43027744,levothyroxine 0.05 MG Oral Capsule [Tcaps] Box of 30 by Genevrier,Drug,RxNorm Extension,standard,H03A_thyroid_preparations,thyroid_hormones,Thyroid hormones,drug
43027745,levothyroxine 0.05 MG Oral Capsule Box of 30,Drug,RxNorm Extension,standard,H03A_thyroid_preparations,thyroid_hormones,Thyroid hormones,drug
43027746,levothyroxine 0.05 MG Oral Tablet Box of 30 by Biogaran,Drug,RxNorm Extension,standard,H03A_thyroid_preparations,thyroid_hormones,Thyroid hormones,drug
43027747,levothyroxine 0.05 MG Oral Tablet Box of 90 by Biogaran,Drug,RxNorm Extension,standard,H03A_thyroid_preparations,thyroid_hormones,Thyroid hormones,drug
43027748,levothyroxine 0.05 MG Oral Tablet Box of 100 by Sanofi,Drug,RxNorm Extension,standard,H03A_thyroid_preparations,thyroid_hormones,Thyroid hormones,drug
43027749,levothyroxine 0.05 MG Oral Tablet [Thyrofix],Drug,RxNorm Extension,standard,H03A_thyroid_preparations,thyroid_hormones,Thyroid hormones,drug
43027750,levothyroxine 0.05 MG Oral Tablet [Thyrofix] Box of 30,Drug,RxNorm Extension,standard,H03A_thyroid_preparations,thyroid_hormones,Thyroid hormones,drug
43027751,levothyroxine 0.05 MG Oral Tablet [Thyrofix] Box of 30 by Uni,Drug,RxNorm Extension,standard,H03A_thyroid_preparations,thyroid_hormones,Thyroid hormones,drug
43027752,levothyroxine 0.05 MG Oral Tablet [Thyrofix] Box of 100,Drug,RxNorm Extension,standard,H03A_thyroid_preparations,thyroid_hormones,Thyroid hormones,drug
43027753,levothyroxine 0.05 MG Oral Tablet [Thyrofix] Box of 100 by Uni,Drug,RxNorm Extension,standard,H03A_thyroid_preparations,thyroid_hormones,Thyroid hormones,drug
43027754,levothyroxine 0.2 MG/ML [Tsoludose],Drug,RxNorm Extension,standard,H03A_thyroid_preparations,thyroid_hormones,Thyroid hormones,drug
43027755,levothyroxine 0.2 MG/ML Injectable Solution,Drug,RxNorm Extension,standard,H03A_thyroid_preparations,thyroid_hormones,Thyroid hormones,drug
43027756,levothyroxine 0.2 MG/ML Injectable Solution Box of 6,Drug,RxNorm Extension,standard,H03A_thyroid_preparations,thyroid_hormones,Thyroid hormones,drug
43027757,levothyroxine 0.2 MG/ML Oral Solution [Tsoludose],Drug,RxNorm Extension,standard,H03A_thyroid_preparations,thyroid_hormones,Thyroid hormones,drug
43027758,levothyroxine 0.2 MG/ML Oral Solution [Tsoludose] Box of 30,Drug,RxNorm Extension,standard,H03A_thyroid_preparations,thyroid_hormones,Thyroid hormones,drug
43027759,levothyroxine 0.2 MG/ML Oral Solution Box of 30,Drug,RxNorm Extension,standard,H03A_thyroid_preparations,thyroid_hormones,Thyroid hormones,drug
43027760,levothyroxine 0.025 MG/ML [Tsoludose],Drug,RxNorm Extension,standard,H03A_thyroid_preparations,thyroid_hormones,Thyroid hormones,drug
43027761,levothyroxine 0.025 MG/ML Oral Solution [Tsoludose],Drug,RxNorm Extension,standard,H03A_thyroid_preparations,thyroid_hormones,Thyroid hormones,drug
43027762,levothyroxine 0.025 MG/ML Oral Solution [Tsoludose] Box of 30,Drug,RxNorm Extension,standard,H03A_thyroid_preparations,thyroid_hormones,Thyroid hormones,drug
43027763,levothyroxine 0.025 MG/ML Oral Solution Box of 30,Drug,RxNorm Extension,standard,H03A_thyroid_preparations,thyroid_hormones,Thyroid hormones,drug
43027764,levothyroxine 0.15 MG/ML [Tsoludose],Drug,RxNorm Extension,standard,H03A_thyroid_preparations,thyroid_hormones,Thyroid hormones,drug
43027765,levothyroxine 0.15 MG/ML Oral Solution [Tsoludose],Drug,RxNorm Extension,standard,H03A_thyroid_preparations,thyroid_hormones,Thyroid hormones,drug
43027766,levothyroxine 0.15 MG/ML Oral Solution [Tsoludose] Box of 30,Drug,RxNorm Extension,standard,H03A_thyroid_preparations,thyroid_hormones,Thyroid hormones,drug
43027767,levothyroxine 0.15 MG/ML Oral Solution Box of 30,Drug,RxNorm Extension,standard,H03A_thyroid_preparations,thyroid_hormones,Thyroid hormones,drug
43027768,levothyroxine 0.088 MG/ML [Tsoludose],Drug,RxNorm Extension,standard,H03A_thyroid_preparations,thyroid_hormones,Thyroid hormones,drug
43027769,levothyroxine 0.088 MG/ML Oral Solution [Tsoludose],Drug,RxNorm Extension,standard,H03A_thyroid_preparations,thyroid_hormones,Thyroid hormones,drug
43027770,levothyroxine 0.088 MG/ML Oral Solution [Tsoludose] Box of 30,Drug,RxNorm Extension,standard,H03A_thyroid_preparations,thyroid_hormones,Thyroid hormones,drug
43027771,levothyroxine 0.088 MG/ML Oral Solution Box of 30,Drug,RxNorm Extension,standard,H03A_thyroid_preparations,thyroid_hormones,Thyroid hormones,drug
43027772,levothyroxine 0.075 MG [Tcaps],Drug,RxNorm Extension,standard,H03A_thyroid_preparations,thyroid_hormones,Thyroid hormones,drug
43027773,levothyroxine 0.075 MG [Thyrofix],Drug,RxNorm Extension,standard,H03A_thyroid_preparations,thyroid_hormones,Thyroid hormones,drug
43027774,levothyroxine 0.075 MG Oral Capsule [Tcaps],Drug,RxNorm Extension,standard,H03A_thyroid_preparations,thyroid_hormones,Thyroid hormones,drug
43027775,levothyroxine 0.075 MG Oral Capsule [Tcaps] Box of 30,Drug,RxNorm Extension,standard,H03A_thyroid_preparations,thyroid_hormones,Thyroid hormones,drug
43027776,levothyroxine 0.075 MG Oral Capsule [Tcaps] Box of 30 by Genevrier,Drug,RxNorm Extension,standard,H03A_thyroid_preparations,thyroid_hormones,Thyroid hormones,drug
43027777,levothyroxine 0.075 MG Oral Capsule Box of 30,Drug,RxNorm Extension,standard,H03A_thyroid_preparations,thyroid_hormones,Thyroid hormones,drug
43027778,levothyroxine 0.075 MG Oral Tablet Box of 30 by Biogaran,Drug,RxNorm Extension,standard,H03A_thyroid_preparations,thyroid_hormones,Thyroid hormones,drug
43027779,levothyroxine 0.075 MG Oral Tablet Box of 90,Drug,RxNorm Extension,standard,H03A_thyroid_preparations,thyroid_hormones,Thyroid hormones,drug
43027780,levothyroxine 0.075 MG Oral Tablet Box of 100 by Sanofi,Drug,RxNorm Extension,standard,H03A_thyroid_preparations,thyroid_hormones,Thyroid hormones,drug
43027781,levothyroxine 0.075 MG Oral Tablet [LEVOTHYROX] Box of 90,Drug,RxNorm Extension,standard,H03A_thyroid_preparations,thyroid_hormones,Thyroid hormones,drug
43027782,levothyroxine 0.075 MG Oral Tablet [LEVOTHYROX] Box of 90 by Merck,Drug,RxNorm Extension,standard,H03A_thyroid_preparations,thyroid_hormones,Thyroid hormones,drug
43027783,levothyroxine 0.075 MG Oral Tablet [Thyrofix],Drug,RxNorm Extension,standard,H03A_thyroid_preparations,thyroid_hormones,Thyroid hormones,drug
43027784,levothyroxine 0.075 MG Oral Tablet [Thyrofix] Box of 30,Drug,RxNorm Extension,standard,H03A_thyroid_preparations,thyroid_hormones,Thyroid hormones,drug
43027785,levothyroxine 0.075 MG Oral Tablet [Thyrofix] Box of 30 by Uni,Drug,RxNorm Extension,standard,H03A_thyroid_preparations,thyroid_hormones,Thyroid hormones,drug
43027786,levothyroxine 0.075 MG Oral Tablet [Thyrofix] Box of 100,Drug,RxNorm Extension,standard,H03A_thyroid_preparations,thyroid_hormones,Thyroid hormones,drug
43027787,levothyroxine 0.075 MG Oral Tablet [Thyrofix] Box of 100 by Uni,Drug,RxNorm Extension,standard,H03A_thyroid_preparations,thyroid_hormones,Thyroid hormones,drug
43027788,levothyroxine 0.15 MG [Tcaps],Drug,RxNorm Extension,standard,H03A_thyroid_preparations,thyroid_hormones,Thyroid hormones,drug
43027789,levothyroxine 0.15 MG Oral Capsule [Tcaps],Drug,RxNorm Extension,standard,H03A_thyroid_preparations,thyroid_hormones,Thyroid hormones,drug
43027790,levothyroxine 0.15 MG Oral Capsule [Tcaps] Box of 30,Drug,RxNorm Extension,standard,H03A_thyroid_preparations,thyroid_hormones,Thyroid hormones,drug
43027791,levothyroxine 0.15 MG Oral Capsule [Tcaps] Box of 30 by Genevrier,Drug,RxNorm Extension,standard,H03A_thyroid_preparations,thyroid_hormones,Thyroid hormones,drug
43027792,levothyroxine 0.15 MG Oral Capsule Box of 30,Drug,RxNorm Extension,standard,H03A_thyroid_preparations,thyroid_hormones,Thyroid hormones,drug
43027793,levothyroxine 0.15 MG Oral Tablet Box of 30 by Biogaran,Drug,RxNorm Extension,standard,H03A_thyroid_preparations,thyroid_hormones,Thyroid hormones,drug
43027794,levothyroxine 0.15 MG Oral Tablet Box of 100 by Sanofi,Drug,RxNorm Extension,standard,H03A_thyroid_preparations,thyroid_hormones,Thyroid hormones,drug
43027795,levothyroxine 0.15 MG Oral Tablet [LEVOTHYROX] Box of 90,Drug,RxNorm Extension,standard,H03A_thyroid_preparations,thyroid_hormones,Thyroid hormones,drug
43027796,levothyroxine 0.15 MG Oral Tablet [LEVOTHYROX] Box of 90 by Merck,Drug,RxNorm Extension,standard,H03A_thyroid_preparations,thyroid_hormones,Thyroid hormones,drug
43027797,levothyroxine 0.175 MG/ML [Tsoludose],Drug,RxNorm Extension,standard,H03A_thyroid_preparations,thyroid_hormones,Thyroid hormones,drug
43027798,levothyroxine 0.175 MG/ML Oral Solution [Tsoludose],Drug,RxNorm Extension,standard,H03A_thyroid_preparations,thyroid_hormones,Thyroid hormones,drug
43027799,levothyroxine 0.175 MG/ML Oral Solution [Tsoludose] Box of 30,Drug,RxNorm Extension,standard,H03A_thyroid_preparations,thyroid_hormones,Thyroid hormones,drug
43027800,levothyroxine 0.175 MG/ML Oral Solution Box of 30,Drug,RxNorm Extension,standard,H03A_thyroid_preparations,thyroid_hormones,Thyroid hormones,drug
43027801,levothyroxine 0.137 MG/ML [Tsoludose],Drug,RxNorm Extension,standard,H03A_thyroid_preparations,thyroid_hormones,Thyroid hormones,drug
43027802,levothyroxine 0.137 MG/ML Oral Solution [Tsoludose],Drug,RxNorm Extension,standard,H03A_thyroid_preparations,thyroid_hormones,Thyroid hormones,drug
43027803,levothyroxine 0.137 MG/ML Oral Solution [Tsoludose] Box of 30,Drug,RxNorm Extension,standard,H03A_thyroid_preparations,thyroid_hormones,Thyroid hormones,drug
43027804,levothyroxine 0.137 MG/ML Oral Solution Box of 30,Drug,RxNorm Extension,standard,H03A_thyroid_preparations,thyroid_hormones,Thyroid hormones,drug
43027805,levothyroxine 0.013 MG/ML [Tsoludose],Drug,RxNorm Extension,standard,H03A_thyroid_preparations,thyroid_hormones,Thyroid hormones,drug
43027806,levothyroxine 0.013 MG/ML Oral Solution [Tsoludose],Drug,RxNorm Extension,standard,H03A_thyroid_preparations,thyroid_hormones,Thyroid hormones,drug
43027807,levothyroxine 0.013 MG/ML Oral Solution [Tsoludose] Box of 30,Drug,RxNorm Extension,standard,H03A_thyroid_preparations,thyroid_hormones,Thyroid hormones,drug
43027808,levothyroxine 0.013 MG/ML Oral Solution Box of 30,Drug,RxNorm Extension,standard,H03A_thyroid_preparations,thyroid_hormones,Thyroid hormones,drug
43027809,levothyroxine 0.112 MG [Tcaps],Drug,RxNorm Extension,standard,H03A_thyroid_preparations,thyroid_hormones,Thyroid hormones,drug
43027810,levothyroxine 0.112 MG [LEVOTHYROX],Drug,RxNorm Extension,standard,H03A_thyroid_preparations,thyroid_hormones,Thyroid hormones,drug
43027811,levothyroxine 0.112 MG Oral Capsule [Tcaps],Drug,RxNorm Extension,standard,H03A_thyroid_preparations,thyroid_hormones,Thyroid hormones,drug
43027812,levothyroxine 0.112 MG Oral Capsule [Tcaps] Box of 30,Drug,RxNorm Extension,standard,H03A_thyroid_preparations,thyroid_hormones,Thyroid hormones,drug
43027813,levothyroxine 0.112 MG Oral Capsule [Tcaps] Box of 30 by Genevrier,Drug,RxNorm Extension,standard,H03A_thyroid_preparations,thyroid_hormones,Thyroid hormones,drug
43027814,levothyroxine 0.112 MG Oral Capsule Box of 30,Drug,RxNorm Extension,standard,H03A_thyroid_preparations,thyroid_hormones,Thyroid hormones,drug
43027815,levothyroxine 0.112 MG Oral Tablet Box of 30,Drug,RxNorm Extension,standard,H03A_thyroid_preparations,thyroid_hormones,Thyroid hormones,drug
43027816,levothyroxine 0.112 MG Oral Tablet Box of 90,Drug,RxNorm Extension,standard,H03A_thyroid_preparations,thyroid_hormones,Thyroid hormones,drug
43027817,levothyroxine 0.112 MG Oral Tablet [LEVOTHYROX],Drug,RxNorm Extension,standard,H03A_thyroid_preparations,thyroid_hormones,Thyroid hormones,drug
43027818,levothyroxine 0.112 MG Oral Tablet [LEVOTHYROX] Box of 30,Drug,RxNorm Extension,standard,H03A_thyroid_preparations,thyroid_hormones,Thyroid hormones,drug
43027819,levothyroxine 0.112 MG Oral Tablet [LEVOTHYROX] Box of 30 by Merck,Drug,RxNorm Extension,standard,H03A_thyroid_preparations,thyroid_hormones,Thyroid hormones,drug
43027820,levothyroxine 0.112 MG Oral Tablet [LEVOTHYROX] Box of 90,Drug,RxNorm Extension,standard,H03A_thyroid_preparations,thyroid_hormones,Thyroid hormones,drug
43027821,levothyroxine 0.112 MG Oral Tablet [LEVOTHYROX] Box of 90 by Merck,Drug,RxNorm Extension,standard,H03A_thyroid_preparations,thyroid_hormones,Thyroid hormones,drug
43038282,1 ML levothyroxine 0.2 MG/ML Oral Solution [Tsoludose],Drug,RxNorm Extension,standard,H03A_thyroid_preparations,thyroid_hormones,Thyroid hormones,drug
43038401,1 ML levothyroxine 0.075 MG/ML Oral Solution [Tsoludose],Drug,RxNorm Extension,standard,H03A_thyroid_preparations,thyroid_hormones,Thyroid hormones,drug
43038402,1 ML levothyroxine 0.075 MG/ML Oral Solution [Tsoludose] Box of 30,Drug,RxNorm Extension,standard,H03A_thyroid_preparations,thyroid_hormones,Thyroid hormones,drug
43038403,1 ML levothyroxine 0.075 MG/ML Oral Solution [Tsoludose] Box of 30 by Genevrier,Drug,RxNorm Extension,standard,H03A_thyroid_preparations,thyroid_hormones,Thyroid hormones,drug
43038404,1 ML levothyroxine 0.075 MG/ML Oral Solution Box of 30,Drug,RxNorm Extension,standard,H03A_thyroid_preparations,thyroid_hormones,Thyroid hormones,drug
43038405,1 ML levothyroxine 0.112 MG/ML Oral Solution [Tsoludose],Drug,RxNorm Extension,standard,H03A_thyroid_preparations,thyroid_hormones,Thyroid hormones,drug
43038406,1 ML levothyroxine 0.112 MG/ML Oral Solution [Tsoludose] Box of 30,Drug,RxNorm Extension,standard,H03A_thyroid_preparations,thyroid_hormones,Thyroid hormones,drug
43038407,1 ML levothyroxine 0.112 MG/ML Oral Solution [Tsoludose] Box of 30 by Genevrier,Drug,RxNorm Extension,standard,H03A_thyroid_preparations,thyroid_hormones,Thyroid hormones,drug
43038408,1 ML levothyroxine 0.112 MG/ML Oral Solution Box of 30,Drug,RxNorm Extension,standard,H03A_thyroid_preparations,thyroid_hormones,Thyroid hormones,drug
43038409,1 ML levothyroxine 0.05 MG/ML Oral Solution [Tsoludose],Drug,RxNorm Extension,standard,H03A_thyroid_preparations,thyroid_hormones,Thyroid hormones,drug
43038410,1 ML levothyroxine 0.05 MG/ML Oral Solution [Tsoludose] Box of 30,Drug,RxNorm Extension,standard,H03A_thyroid_preparations,thyroid_hormones,Thyroid hormones,drug
43038411,1 ML levothyroxine 0.05 MG/ML Oral Solution [Tsoludose] Box of 30 by Genevrier,Drug,RxNorm Extension,standard,H03A_thyroid_preparations,thyroid_hormones,Thyroid hormones,drug
43038412,1 ML levothyroxine 0.05 MG/ML Oral Solution Box of 30,Drug,RxNorm Extension,standard,H03A_thyroid_preparations,thyroid_hormones,Thyroid hormones,drug
43038413,1 ML levothyroxine 0.125 MG/ML Oral Solution [Tsoludose],Drug,RxNorm Extension,standard,H03A_thyroid_preparations,thyroid_hormones,Thyroid hormones,drug
43038414,1 ML levothyroxine 0.125 MG/ML Oral Solution [Tsoludose] Box of 30,Drug,RxNorm Extension,standard,H03A_thyroid_preparations,thyroid_hormones,Thyroid hormones,drug
43038415,1 ML levothyroxine 0.125 MG/ML Oral Solution [Tsoludose] Box of 30 by Genevrier,Drug,RxNorm Extension,standard,H03A_thyroid_preparations,thyroid_hormones,Thyroid hormones,drug
43038416,1 ML levothyroxine 0.125 MG/ML Oral Solution Box of 30,Drug,RxNorm Extension,standard,H03A_thyroid_preparations,thyroid_hormones,Thyroid hormones,drug
43038417,1 ML levothyroxine 0.1 MG/ML Oral Solution [Tsoludose],Drug,RxNorm Extension,standard,H03A_thyroid_preparations,thyroid_hormones,Thyroid hormones,drug
43038418,1 ML levothyroxine 0.1 MG/ML Oral Solution [Tsoludose] Box of 30,Drug,RxNorm Extension,standard,H03A_thyroid_preparations,thyroid_hormones,Thyroid hormones,drug
43038419,1 ML levothyroxine 0.1 MG/ML Oral Solution [Tsoludose] Box of 30 by Genevrier,Drug,RxNorm Extension,standard,H03A_thyroid_preparations,thyroid_hormones,Thyroid hormones,drug
43038420,1 ML levothyroxine 0.1 MG/ML Oral Solution Box of 30,Drug,RxNorm Extension,standard,H03A_thyroid_preparations,thyroid_hormones,Thyroid hormones,drug
43038421,1 ML levothyroxine 0.2 MG/ML Injectable Solution,Drug,RxNorm Extension,standard,H03A_thyroid_preparations,thyroid_hormones,Thyroid hormones,drug
43038422,1 ML levothyroxine 0.2 MG/ML Injectable Solution Box of 6,Drug,RxNorm Extension,standard,H03A_thyroid_preparations,thyroid_hormones,Thyroid hormones,drug
43038423,1 ML levothyroxine 0.2 MG/ML Injectable Solution Box of 6 by SERB,Drug,RxNorm Extension,standard,H03A_thyroid_preparations,thyroid_hormones,Thyroid hormones,drug
43038424,1 ML levothyroxine 0.2 MG/ML Oral Solution [Tsoludose] Box of 30,Drug,RxNorm Extension,standard,H03A_thyroid_preparations,thyroid_hormones,Thyroid hormones,drug
43038425,1 ML levothyroxine 0.2 MG/ML Oral Solution [Tsoludose] Box of 30 by Genevrier,Drug,RxNorm Extension,standard,H03A_thyroid_preparations,thyroid_hormones,Thyroid hormones,drug
43038426,1 ML levothyroxine 0.2 MG/ML Oral Solution Box of 30,Drug,RxNorm Extension,standard,H03A_thyroid_preparations,thyroid_hormones,Thyroid hormones,drug
43038427,1 ML levothyroxine 0.2 MG/ML Prefilled Syringe Box of 6 by SERB,Drug,RxNorm Extension,standard,H03A_thyroid_preparations,thyroid_hormones,Thyroid hormones,drug
43038428,1 ML levothyroxine 0.025 MG/ML Oral Solution [Tsoludose],Drug,RxNorm Extension,standard,H03A_thyroid_preparations,thyroid_hormones,Thyroid hormones,drug
43038429,1 ML levothyroxine 0.025 MG/ML Oral Solution [Tsoludose] Box of 30,Drug,RxNorm Extension,standard,H03A_thyroid_preparations,thyroid_hormones,Thyroid hormones,drug
43038430,1 ML levothyroxine 0.025 MG/ML Oral Solution [Tsoludose] Box of 30 by Genevrier,Drug,RxNorm Extension,standard,H03A_thyroid_preparations,thyroid_hormones,Thyroid hormones,drug
43038431,1 ML levothyroxine 0.025 MG/ML Oral Solution Box of 30,Drug,RxNorm Extension,standard,H03A_thyroid_preparations,thyroid_hormones,Thyroid hormones,drug
43038432,1 ML levothyroxine 0.15 MG/ML Oral Solution [Tsoludose],Drug,RxNorm Extension,standard,H03A_thyroid_preparations,thyroid_hormones,Thyroid hormones,drug
43038433,1 ML levothyroxine 0.15 MG/ML Oral Solution [Tsoludose] Box of 30,Drug,RxNorm Extension,standard,H03A_thyroid_preparations,thyroid_hormones,Thyroid hormones,drug
43038434,1 ML levothyroxine 0.15 MG/ML Oral Solution [Tsoludose] Box of 30 by Genevrier,Drug,RxNorm Extension,standard,H03A_thyroid_preparations,thyroid_hormones,Thyroid hormones,drug
43038435,1 ML levothyroxine 0.15 MG/ML Oral Solution Box of 30,Drug,RxNorm Extension,standard,H03A_thyroid_preparations,thyroid_hormones,Thyroid hormones,drug
43038436,1 ML levothyroxine 0.088 MG/ML Oral Solution [Tsoludose],Drug,RxNorm Extension,standard,H03A_thyroid_preparations,thyroid_hormones,Thyroid hormones,drug
43038437,1 ML levothyroxine 0.088 MG/ML Oral Solution [Tsoludose] Box of 30,Drug,RxNorm Extension,standard,H03A_thyroid_preparations,thyroid_hormones,Thyroid hormones,drug
43038438,1 ML levothyroxine 0.088 MG/ML Oral Solution [Tsoludose] Box of 30 by Genevrier,Drug,RxNorm Extension,standard,H03A_thyroid_preparations,thyroid_hormones,Thyroid hormones,drug
43038439,1 ML levothyroxine 0.088 MG/ML Oral Solution,Drug,RxNorm Extension,standard,H03A_thyroid_preparations,thyroid_hormones,Thyroid hormones,drug
43038440,1 ML levothyroxine 0.088 MG/ML Oral Solution Box of 30,Drug,RxNorm Extension,standard,H03A_thyroid_preparations,thyroid_hormones,Thyroid hormones,drug
43038441,1 ML levothyroxine 0.175 MG/ML Oral Solution [Tsoludose],Drug,RxNorm Extension,standard,H03A_thyroid_preparations,thyroid_hormones,Thyroid hormones,drug
43038442,1 ML levothyroxine 0.175 MG/ML Oral Solution [Tsoludose] Box of 30,Drug,RxNorm Extension,standard,H03A_thyroid_preparations,thyroid_hormones,Thyroid hormones,drug
43038443,1 ML levothyroxine 0.175 MG/ML Oral Solution [Tsoludose] Box of 30 by Genevrier,Drug,RxNorm Extension,standard,H03A_thyroid_preparations,thyroid_hormones,Thyroid hormones,drug
43038444,1 ML levothyroxine 0.175 MG/ML Oral Solution,Drug,RxNorm Extension,standard,H03A_thyroid_preparations,thyroid_hormones,Thyroid hormones,drug
43038445,1 ML levothyroxine 0.175 MG/ML Oral Solution Box of 30,Drug,RxNorm Extension,standard,H03A_thyroid_preparations,thyroid_hormones,Thyroid hormones,drug
43038446,1 ML levothyroxine 0.137 MG/ML Oral Solution [Tsoludose],Drug,RxNorm Extension,standard,H03A_thyroid_preparations,thyroid_hormones,Thyroid hormones,drug
43038447,1 ML levothyroxine 0.137 MG/ML Oral Solution [Tsoludose] Box of 30,Drug,RxNorm Extension,standard,H03A_thyroid_preparations,thyroid_hormones,Thyroid hormones,drug
43038448,1 ML levothyroxine 0.137 MG/ML Oral Solution [Tsoludose] Box of 30 by Genevrier,Drug,RxNorm Extension,standard,H03A_thyroid_preparations,thyroid_hormones,Thyroid hormones,drug
43038449,1 ML levothyroxine 0.137 MG/ML Oral Solution,Drug,RxNorm Extension,standard,H03A_thyroid_preparations,thyroid_hormones,Thyroid hormones,drug
43038450,1 ML levothyroxine 0.137 MG/ML Oral Solution Box of 30,Drug,RxNorm Extension,standard,H03A_thyroid_preparations,thyroid_hormones,Thyroid hormones,drug
43038451,1 ML levothyroxine 0.013 MG/ML Oral Solution [Tsoludose],Drug,RxNorm Extension,standard,H03A_thyroid_preparations,thyroid_hormones,Thyroid hormones,drug
43038452,1 ML levothyroxine 0.013 MG/ML Oral Solution [Tsoludose] Box of 30,Drug,RxNorm Extension,standard,H03A_thyroid_preparations,thyroid_hormones,Thyroid hormones,drug
43038453,1 ML levothyroxine 0.013 MG/ML Oral Solution [Tsoludose] Box of 30 by Genevrier,Drug,RxNorm Extension,standard,H03A_thyroid_preparations,thyroid_hormones,Thyroid hormones,drug
43038454,1 ML levothyroxine 0.013 MG/ML Oral Solution,Drug,RxNorm Extension,standard,H03A_thyroid_preparations,thyroid_hormones,Thyroid hormones,drug
43038455,1 ML levothyroxine 0.013 MG/ML Oral Solution Box of 30,Drug,RxNorm Extension,standard,H03A_thyroid_preparations,thyroid_hormones,Thyroid hormones,drug
43041696,15 ML levothyroxine 0.15 MG/ML Oral Solution by SERB,Drug,RxNorm Extension,standard,H03A_thyroid_preparations,thyroid_hormones,Thyroid hormones,drug
43137111,levothyroxine 0.125 MG Oral Tablet [LEVOTHYROX] Box of 50,Drug,RxNorm Extension,standard,H03A_thyroid_preparations,thyroid_hormones,Thyroid hormones,drug
43137112,levothyroxine 0.125 MG Oral Tablet [LEVOTHYROX] Box of 50 by Merck,Drug,RxNorm Extension,standard,H03A_thyroid_preparations,thyroid_hormones,Thyroid hormones,drug
43137113,levothyroxine 0.075 MG [LEVOTHYROXINE BIOGARAN],Drug,RxNorm Extension,standard,H03A_thyroid_preparations,thyroid_hormones,Thyroid hormones,drug
43137114,levothyroxine 0.175 MG [LEVOTHYROXINE RATIOPHARM],Drug,RxNorm Extension,standard,H03A_thyroid_preparations,thyroid_hormones,Thyroid hormones,drug
43137115,levothyroxine 0.175 MG Oral Tablet [LEVOTHYROXINE BIOGARAN] Box of 30,Drug,RxNorm Extension,standard,H03A_thyroid_preparations,thyroid_hormones,Thyroid hormones,drug
43137116,levothyroxine 0.15 MG [LEVOTHYROXINE BIOGARAN],Drug,RxNorm Extension,standard,H03A_thyroid_preparations,thyroid_hormones,Thyroid hormones,drug
43137117,levothyroxine 0.15 MG Oral Tablet Box of 30,Drug,RxNorm Extension,standard,H03A_thyroid_preparations,thyroid_hormones,Thyroid hormones,drug
43137118,levothyroxine 0.15 MG Oral Tablet [LEVOTHYROX],Drug,RxNorm Extension,standard,H03A_thyroid_preparations,thyroid_hormones,Thyroid hormones,drug
43137119,levothyroxine 0.15 MG Oral Tablet [LEVOTHYROXINE BIOGARAN],Drug,RxNorm Extension,standard,H03A_thyroid_preparations,thyroid_hormones,Thyroid hormones,drug
43137120,levothyroxine 0.15 MG Oral Tablet [LEVOTHYROXINE RATIOPHARM],Drug,RxNorm Extension,standard,H03A_thyroid_preparations,thyroid_hormones,Thyroid hormones,drug
43137121,levothyroxine 0.05 MG Oral Tablet Box of 30,Drug,RxNorm Extension,standard,H03A_thyroid_preparations,thyroid_hormones,Thyroid hormones,drug
43137122,levothyroxine 0.05 MG Oral Tablet [LEVOTHYROX],Drug,RxNorm Extension,standard,H03A_thyroid_preparations,thyroid_hormones,Thyroid hormones,drug
43137123,levothyroxine 0.05 MG Oral Tablet [LEVOTHYROX] Box of 30 by Merck,Drug,RxNorm Extension,standard,H03A_thyroid_preparations,thyroid_hormones,Thyroid hormones,drug
43137124,levothyroxine 0.1 MG [LEVOTHYROXINE BIOGARAN],Drug,RxNorm Extension,standard,H03A_thyroid_preparations,thyroid_hormones,Thyroid hormones,drug
43137125,levothyroxine 0.1 MG Oral Tablet [LEVOTHYROX] Box of 30 by Merck,Drug,RxNorm Extension,standard,H03A_thyroid_preparations,thyroid_hormones,Thyroid hormones,drug
43137126,levothyroxine 0.1 MG Oral Tablet [LEVOTHYROXINE BIOGARAN] Box of 30,Drug,RxNorm Extension,standard,H03A_thyroid_preparations,thyroid_hormones,Thyroid hormones,drug
43137127,levothyroxine 0.1 MG Oral Tablet [LEVOTHYROXINE RATIOPHARM] Box of 30,Drug,RxNorm Extension,standard,H03A_thyroid_preparations,thyroid_hormones,Thyroid hormones,drug
43137128,levothyroxine 0.025 MG [LEVOTHYROX],Drug,RxNorm Extension,standard,H03A_thyroid_preparations,thyroid_hormones,Thyroid hormones,drug
43137129,levothyroxine 0.025 MG Oral Tablet [LEVOTHYROXINE BIOGARAN] Box of 30,Drug,RxNorm Extension,standard,H03A_thyroid_preparations,thyroid_hormones,Thyroid hormones,drug
43137130,levothyroxine 0.025 MG Oral Tablet [LEVOTHYROXINE RATIOPHARM] Box of 30,Drug,RxNorm Extension,standard,H03A_thyroid_preparations,thyroid_hormones,Thyroid hormones,drug
43137131,levothyroxine 0.2 MG [LEVOTHYROX],Drug,RxNorm Extension,standard,H03A_thyroid_preparations,thyroid_hormones,Thyroid hormones,drug
43137132,levothyroxine 0.2 MG [LEVOTHYROXINE RATIOPHARM],Drug,RxNorm Extension,standard,H03A_thyroid_preparations,thyroid_hormones,Thyroid hormones,drug
43137133,levothyroxine 0.2 MG Oral Tablet [LEVOTHYROX],Drug,RxNorm Extension,standard,H03A_thyroid_preparations,thyroid_hormones,Thyroid hormones,drug
43137134,levothyroxine 0.15 MG/ML Oral Solution [L THYROXINE SERB],Drug,RxNorm Extension,standard,H03A_thyroid_preparations,thyroid_hormones,Thyroid hormones,drug
43141394,1 ML levothyroxine 0.2 MG/ML Prefilled Syringe,Drug,RxNorm Extension,standard,H03A_thyroid_preparations,thyroid_hormones,Thyroid hormones,drug
43142205,15 ML levothyroxine 0.15 MG/ML Oral Solution [L THYROXINE SERB],Drug,RxNorm Extension,standard,H03A_thyroid_preparations,thyroid_hormones,Thyroid hormones,drug
43148069,levothyroxine 0.175 MG Oral Tablet [LEVOTHYROX] Box of 30,Drug,RxNorm Extension,standard,H03A_thyroid_preparations,thyroid_hormones,Thyroid hormones,drug
43148070,levothyroxine 0.175 MG Oral Tablet [LEVOTHYROX] Box of 30 by Merck,Drug,RxNorm Extension,standard,H03A_thyroid_preparations,thyroid_hormones,Thyroid hormones,drug
43148071,levothyroxine 0.175 MG Oral Tablet [LEVOTHYROXINE BIOGARAN] Box of 28 by Biogaran,Drug,RxNorm Extension,standard,H03A_thyroid_preparations,thyroid_hormones,Thyroid hormones,drug
43148072,levothyroxine 0.175 MG Oral Tablet [LEVOTHYROXINE RATIOPHARM],Drug,RxNorm Extension,standard,H03A_thyroid_preparations,thyroid_hormones,Thyroid hormones,drug
43148073,levothyroxine 0.05 MG Oral Tablet Box of 50,Drug,RxNorm Extension,standard,H03A_thyroid_preparations,thyroid_hormones,Thyroid hormones,drug
43148074,levothyroxine 0.05 MG Oral Tablet [LEVOTHYROX] Box of 90 by Merck,Drug,RxNorm Extension,standard,H03A_thyroid_preparations,thyroid_hormones,Thyroid hormones,drug
43148075,levothyroxine 0.05 MG Oral Tablet [LEVOTHYROXINE BIOGARAN],Drug,RxNorm Extension,standard,H03A_thyroid_preparations,thyroid_hormones,Thyroid hormones,drug
43148076,levothyroxine 0.05 MG Oral Tablet [LEVOTHYROXINE BIOGARAN] Box of 90,Drug,RxNorm Extension,standard,H03A_thyroid_preparations,thyroid_hormones,Thyroid hormones,drug
43148077,levothyroxine 0.1 MG Oral Tablet Box of 50,Drug,RxNorm Extension,standard,H03A_thyroid_preparations,thyroid_hormones,Thyroid hormones,drug
43148078,levothyroxine 0.1 MG Oral Tablet [LEVOTHYROX] Box of 50,Drug,RxNorm Extension,standard,H03A_thyroid_preparations,thyroid_hormones,Thyroid hormones,drug
43148079,levothyroxine 0.025 MG Oral Tablet Box of 90,Drug,RxNorm Extension,standard,H03A_thyroid_preparations,thyroid_hormones,Thyroid hormones,drug
43148080,levothyroxine 0.025 MG Oral Tablet [LEVOTHYROX] Box of 50 by Merck,Drug,RxNorm Extension,standard,H03A_thyroid_preparations,thyroid_hormones,Thyroid hormones,drug
43148081,levothyroxine 0.025 MG Oral Tablet [LEVOTHYROXINE BIOGARAN] Box of 30 by Biogaran,Drug,RxNorm Extension,standard,H03A_thyroid_preparations,thyroid_hormones,Thyroid hormones,drug
43148082,levothyroxine 0.2 MG Oral Tablet [LEVOTHYROXINE BIOGARAN],Drug,RxNorm Extension,standard,H03A_thyroid_preparations,thyroid_hormones,Thyroid hormones,drug
43148083,levothyroxine 0.2 MG Oral Tablet [LEVOTHYROXINE BIOGARAN] Box of 28 by Biogaran,Drug,RxNorm Extension,standard,H03A_thyroid_preparations,thyroid_hormones,Thyroid hormones,drug
43148084,levothyroxine 0.2 MG/ML [L THYROXINE SERB],Drug,RxNorm Extension,standard,H03A_thyroid_preparations,thyroid_hormones,Thyroid hormones,drug
43152496,1 ML levothyroxine 0.2 MG/ML Prefilled Syringe Box of 6,Drug,RxNorm Extension,standard,H03A_thyroid_preparations,thyroid_hormones,Thyroid hormones,drug
43158296,tiratricol 0.35 MG Oral Tablet [Teatrois] Box of 100 by Theranol Deglaude,Drug,RxNorm Extension,standard,H03A_thyroid_preparations,thyroid_hormones,Thyroid hormones,drug
43159238,levothyroxine Oral Tablet [LEVOTHYROXINE BIOGARAN],Drug,RxNorm Extension,standard,H03A_thyroid_preparations,thyroid_hormones,Thyroid hormones,drug
43159239,levothyroxine 0.125 MG [LEVOTHYROXINE BIOGARAN],Drug,RxNorm Extension,standard,H03A_thyroid_preparations,thyroid_hormones,Thyroid hormones,drug
43159240,levothyroxine 0.125 MG Oral Tablet Box of 50,Drug,RxNorm Extension,standard,H03A_thyroid_preparations,thyroid_hormones,Thyroid hormones,drug
43159241,levothyroxine 0.125 MG Oral Tablet [LEVOTHYROXINE BIOGARAN] Box of 30,Drug,RxNorm Extension,standard,H03A_thyroid_preparations,thyroid_hormones,Thyroid hormones,drug
43159242,levothyroxine 0.125 MG Oral Tablet [LEVOTHYROXINE RATIOPHARM] Box of 30 by Ratiopharm,Drug,RxNorm Extension,standard,H03A_thyroid_preparations,thyroid_hormones,Thyroid hormones,drug
43159243,levothyroxine 0.075 MG [LEVOTHYROX],Drug,RxNorm Extension,standard,H03A_thyroid_preparations,thyroid_hormones,Thyroid hormones,drug
43159244,levothyroxine 0.075 MG [LEVOTHYROXINE RATIOPHARM],Drug,RxNorm Extension,standard,H03A_thyroid_preparations,thyroid_hormones,Thyroid hormones,drug
43159245,levothyroxine 0.075 MG Oral Tablet [LEVOTHYROX],Drug,RxNorm Extension,standard,H03A_thyroid_preparations,thyroid_hormones,Thyroid hormones,drug
43159246,levothyroxine 0.075 MG Oral Tablet [LEVOTHYROX] Box of 30,Drug,RxNorm Extension,standard,H03A_thyroid_preparations,thyroid_hormones,Thyroid hormones,drug
43159247,levothyroxine 0.075 MG Oral Tablet [LEVOTHYROXINE BIOGARAN],Drug,RxNorm Extension,standard,H03A_thyroid_preparations,thyroid_hormones,Thyroid hormones,drug
43159248,levothyroxine 0.075 MG Oral Tablet [LEVOTHYROXINE BIOGARAN] Box of 30,Drug,RxNorm Extension,standard,H03A_thyroid_preparations,thyroid_hormones,Thyroid hormones,drug
43159249,levothyroxine 0.075 MG Oral Tablet [LEVOTHYROXINE RATIOPHARM] Box of 30,Drug,RxNorm Extension,standard,H03A_thyroid_preparations,thyroid_hormones,Thyroid hormones,drug
43159250,levothyroxine 0.175 MG [LEVOTHYROX],Drug,RxNorm Extension,standard,H03A_thyroid_preparations,thyroid_hormones,Thyroid hormones,drug
43159251,levothyroxine 0.15 MG Oral Tablet [LEVOTHYROXINE BIOGARAN] Box of 30,Drug,RxNorm Extension,standard,H03A_thyroid_preparations,thyroid_hormones,Thyroid hormones,drug
43159252,levothyroxine 0.15 MG Oral Tablet [LEVOTHYROXINE BIOGARAN] Box of 30 by Biogaran,Drug,RxNorm Extension,standard,H03A_thyroid_preparations,thyroid_hormones,Thyroid hormones,drug
43159253,levothyroxine 0.05 MG Oral Tablet [LEVOTHYROX] Box of 50,Drug,RxNorm Extension,standard,H03A_thyroid_preparations,thyroid_hormones,Thyroid hormones,drug
43159254,levothyroxine 0.05 MG Oral Tablet [LEVOTHYROXINE BIOGARAN] Box of 28 by Biogaran,Drug,RxNorm Extension,standard,H03A_thyroid_preparations,thyroid_hormones,Thyroid hormones,drug
43159255,levothyroxine 0.05 MG Oral Tablet [LEVOTHYROXINE BIOGARAN] Box of 30 by Biogaran,Drug,RxNorm Extension,standard,H03A_thyroid_preparations,thyroid_hormones,Thyroid hormones,drug
43159256,levothyroxine 0.1 MG Oral Tablet [LEVOTHYROXINE BIOGARAN],Drug,RxNorm Extension,standard,H03A_thyroid_preparations,thyroid_hormones,Thyroid hormones,drug
43159257,levothyroxine 0.025 MG Oral Tablet [LEVOTHYROX] Box of 30,Drug,RxNorm Extension,standard,H03A_thyroid_preparations,thyroid_hormones,Thyroid hormones,drug
43159258,levothyroxine 0.025 MG Oral Tablet [LEVOTHYROX] Box of 90,Drug,RxNorm Extension,standard,H03A_thyroid_preparations,thyroid_hormones,Thyroid hormones,drug
43159259,levothyroxine 0.2 MG Oral Tablet [LEVOTHYROXINE RATIOPHARM] Box of 30,Drug,RxNorm Extension,standard,H03A_thyroid_preparations,thyroid_hormones,Thyroid hormones,drug
43159260,levothyroxine 0.2 MG Oral Tablet [LEVOTHYROXINE RATIOPHARM] Box of 30 by Ratiopharm,Drug,RxNorm Extension,standard,H03A_thyroid_preparations,thyroid_hormones,Thyroid hormones,drug
43159261,levothyroxine 0.2 MG/ML Prefilled Syringe Box of 6,Drug,RxNorm Extension,standard,H03A_thyroid_preparations,thyroid_hormones,Thyroid hormones,drug
43161122,liothyronine 0.025 MG [CYNOMEL],Drug,RxNorm Extension,standard,H03A_thyroid_preparations,thyroid_hormones,Thyroid hormones,drug
43161123,liothyronine 0.025 MG Oral Tablet Box of 30,Drug,RxNorm Extension,standard,H03A_thyroid_preparations,thyroid_hormones,Thyroid hormones,drug
43163605,1 ML levothyroxine 0.2 MG/ML Prefilled Syringe [L THYROXINE SERB],Drug,RxNorm Extension,standard,H03A_thyroid_preparations,thyroid_hormones,Thyroid hormones,drug
43170109,levothyroxine 0.125 MG [LEVOTHYROXINE RATIOPHARM],Drug,RxNorm Extension,standard,H03A_thyroid_preparations,thyroid_hormones,Thyroid hormones,drug
43170110,levothyroxine 0.125 MG Oral Tablet Box of 30,Drug,RxNorm Extension,standard,H03A_thyroid_preparations,thyroid_hormones,Thyroid hormones,drug
43170111,levothyroxine 0.125 MG Oral Tablet [LEVOTHYROXINE BIOGARAN] Box of 28 by Biogaran,Drug,RxNorm Extension,standard,H03A_thyroid_preparations,thyroid_hormones,Thyroid hormones,drug
43170112,levothyroxine 0.075 MG Oral Tablet Box of 30,Drug,RxNorm Extension,standard,H03A_thyroid_preparations,thyroid_hormones,Thyroid hormones,drug
43170113,levothyroxine 0.075 MG Oral Tablet [LEVOTHYROX] Box of 30 by Merck,Drug,RxNorm Extension,standard,H03A_thyroid_preparations,thyroid_hormones,Thyroid hormones,drug
43170114,levothyroxine 0.075 MG Oral Tablet [LEVOTHYROXINE RATIOPHARM],Drug,RxNorm Extension,standard,H03A_thyroid_preparations,thyroid_hormones,Thyroid hormones,drug
43170115,levothyroxine 0.075 MG Oral Tablet [LEVOTHYROXINE RATIOPHARM] Box of 28,Drug,RxNorm Extension,standard,H03A_thyroid_preparations,thyroid_hormones,Thyroid hormones,drug
43170116,levothyroxine 0.175 MG Oral Tablet [LEVOTHYROXINE BIOGARAN] Box of 28,Drug,RxNorm Extension,standard,H03A_thyroid_preparations,thyroid_hormones,Thyroid hormones,drug
43170117,levothyroxine 0.175 MG Oral Tablet [LEVOTHYROXINE BIOGARAN] Box of 30 by Biogaran,Drug,RxNorm Extension,standard,H03A_thyroid_preparations,thyroid_hormones,Thyroid hormones,drug
43170118,levothyroxine 0.175 MG Oral Tablet [LEVOTHYROXINE RATIOPHARM] Box of 28 by Ratiopharm,Drug,RxNorm Extension,standard,H03A_thyroid_preparations,thyroid_hormones,Thyroid hormones,drug
43170119,levothyroxine 0.15 MG Oral Tablet [LEVOTHYROXINE BIOGARAN] Box of 28,Drug,RxNorm Extension,standard,H03A_thyroid_preparations,thyroid_hormones,Thyroid hormones,drug
43170120,levothyroxine 0.05 MG Oral Tablet Box of 90,Drug,RxNorm Extension,standard,H03A_thyroid_preparations,thyroid_hormones,Thyroid hormones,drug
43170121,levothyroxine 0.05 MG Oral Tablet [LEVOTHYROX] Box of 30,Drug,RxNorm Extension,standard,H03A_thyroid_preparations,thyroid_hormones,Thyroid hormones,drug
43170122,levothyroxine 0.05 MG Oral Tablet [LEVOTHYROX] Box of 90,Drug,RxNorm Extension,standard,H03A_thyroid_preparations,thyroid_hormones,Thyroid hormones,drug
43170123,levothyroxine 0.05 MG Oral Tablet [LEVOTHYROXINE RATIOPHARM] Box of 28,Drug,RxNorm Extension,standard,H03A_thyroid_preparations,thyroid_hormones,Thyroid hormones,drug
43170124,levothyroxine 0.05 MG Oral Tablet [LEVOTHYROXINE RATIOPHARM] Box of 28 by Ratiopharm,Drug,RxNorm Extension,standard,H03A_thyroid_preparations,thyroid_hormones,Thyroid hormones,drug
43170125,levothyroxine 0.05 MG Oral Tablet [LEVOTHYROXINE RATIOPHARM] Box of 30,Drug,RxNorm Extension,standard,H03A_thyroid_preparations,thyroid_hormones,Thyroid hormones,drug
43170126,levothyroxine 0.1 MG [LEVOTHYROXINE RATIOPHARM],Drug,RxNorm Extension,standard,H03A_thyroid_preparations,thyroid_hormones,Thyroid hormones,drug
43170127,levothyroxine 0.1 MG Oral Tablet [LEVOTHYROXINE BIOGARAN] Box of 30 by Biogaran,Drug,RxNorm Extension,standard,H03A_thyroid_preparations,thyroid_hormones,Thyroid hormones,drug
43170128,levothyroxine 0.1 MG Oral Tablet [LEVOTHYROXINE RATIOPHARM],Drug,RxNorm Extension,standard,H03A_thyroid_preparations,thyroid_hormones,Thyroid hormones,drug
43170129,levothyroxine 0.1 MG Oral Tablet [LEVOTHYROXINE RATIOPHARM] Box of 28,Drug,RxNorm Extension,standard,H03A_thyroid_preparations,thyroid_hormones,Thyroid hormones,drug
43170130,levothyroxine 0.1 MG Oral Tablet [LEVOTHYROXINE RATIOPHARM] Box of 28 by Ratiopharm,Drug,RxNorm Extension,standard,H03A_thyroid_preparations,thyroid_hormones,Thyroid hormones,drug
43170131,levothyroxine 0.025 MG Oral Tablet [LEVOTHYROX],Drug,RxNorm Extension,standard,H03A_thyroid_preparations,thyroid_hormones,Thyroid hormones,drug
43170132,levothyroxine 0.025 MG Oral Tablet [LEVOTHYROXINE RATIOPHARM],Drug,RxNorm Extension,standard,H03A_thyroid_preparations,thyroid_hormones,Thyroid hormones,drug
43170133,levothyroxine 0.2 MG [LEVOTHYROXINE BIOGARAN],Drug,RxNorm Extension,standard,H03A_thyroid_preparations,thyroid_hormones,Thyroid hormones,drug
43170134,levothyroxine 0.2 MG Oral Tablet [LEVOTHYROX] Box of 30 by Merck,Drug,RxNorm Extension,standard,H03A_thyroid_preparations,thyroid_hormones,Thyroid hormones,drug
43170135,levothyroxine 0.15 MG/ML Oral Solution Box of 1,Drug,RxNorm Extension,standard,H03A_thyroid_preparations,thyroid_hormones,Thyroid hormones,drug
43170136,levothyroxine 0.1 MG / liothyronine 0.02 MG [EUTHYRAL],Drug,RxNorm Extension,standard,H03A_thyroid_preparations,thyroid_hormones,Thyroid hormones,drug
43175410,15 ML levothyroxine 0.15 MG/ML Oral Solution,Drug,RxNorm Extension,standard,H03A_thyroid_preparations,thyroid_hormones,Thyroid hormones,drug
43175411,15 ML levothyroxine 0.15 MG/ML Oral Solution [L THYROXINE SERB] Box of 1,Drug,RxNorm Extension,standard,H03A_thyroid_preparations,thyroid_hormones,Thyroid hormones,drug
43181162,levothyroxine 0.125 MG Oral Tablet [LEVOTHYROX] Box of 30 by Merck,Drug,RxNorm Extension,standard,H03A_thyroid_preparations,thyroid_hormones,Thyroid hormones,drug
43181163,levothyroxine 0.125 MG Oral Tablet [LEVOTHYROXINE BIOGARAN] Box of 28,Drug,RxNorm Extension,standard,H03A_thyroid_preparations,thyroid_hormones,Thyroid hormones,drug
43181164,levothyroxine 0.125 MG Oral Tablet [LEVOTHYROXINE RATIOPHARM],Drug,RxNorm Extension,standard,H03A_thyroid_preparations,thyroid_hormones,Thyroid hormones,drug
43181165,levothyroxine 0.125 MG Oral Tablet [LEVOTHYROXINE RATIOPHARM] Box of 28,Drug,RxNorm Extension,standard,H03A_thyroid_preparations,thyroid_hormones,Thyroid hormones,drug
43181166,levothyroxine 0.075 MG Oral Tablet [LEVOTHYROXINE BIOGARAN] Box of 30 by Biogaran,Drug,RxNorm Extension,standard,H03A_thyroid_preparations,thyroid_hormones,Thyroid hormones,drug
43181167,levothyroxine 0.175 MG Oral Tablet [LEVOTHYROXINE RATIOPHARM] Box of 28,Drug,RxNorm Extension,standard,H03A_thyroid_preparations,thyroid_hormones,Thyroid hormones,drug
43181168,levothyroxine 0.15 MG Oral Tablet [LEVOTHYROX] Box of 30,Drug,RxNorm Extension,standard,H03A_thyroid_preparations,thyroid_hormones,Thyroid hormones,drug
43181169,levothyroxine 0.15 MG Oral Tablet [LEVOTHYROX] Box of 30 by Merck,Drug,RxNorm Extension,standard,H03A_thyroid_preparations,thyroid_hormones,Thyroid hormones,drug
43181170,levothyroxine 0.15 MG Oral Tablet [LEVOTHYROXINE RATIOPHARM] Box of 28 by Ratiopharm,Drug,RxNorm Extension,standard,H03A_thyroid_preparations,thyroid_hormones,Thyroid hormones,drug
43181171,levothyroxine 0.05 MG Oral Tablet [LEVOTHYROXINE BIOGARAN] Box of 30,Drug,RxNorm Extension,standard,H03A_thyroid_preparations,thyroid_hormones,Thyroid hormones,drug
43181172,levothyroxine 0.1 MG Oral Tablet Box of 30,Drug,RxNorm Extension,standard,H03A_thyroid_preparations,thyroid_hormones,Thyroid hormones,drug
43181173,levothyroxine 0.1 MG Oral Tablet [LEVOTHYROX],Drug,RxNorm Extension,standard,H03A_thyroid_preparations,thyroid_hormones,Thyroid hormones,drug
43181174,levothyroxine 0.025 MG Oral Tablet [LEVOTHYROXINE BIOGARAN] Box of 90 by Biogaran,Drug,RxNorm Extension,standard,H03A_thyroid_preparations,thyroid_hormones,Thyroid hormones,drug
43181175,levothyroxine 0.2 MG Oral Tablet [LEVOTHYROXINE BIOGARAN] Box of 28,Drug,RxNorm Extension,standard,H03A_thyroid_preparations,thyroid_hormones,Thyroid hormones,drug
43181176,levothyroxine 0.1 MG / liothyronine 0.02 MG Oral Tablet [EUTHYRAL] Box of 50 by Merck,Drug,RxNorm Extension,standard,H03A_thyroid_preparations,thyroid_hormones,Thyroid hormones,drug
43183047,liothyronine Oral Tablet [CYNOMEL],Drug,RxNorm Extension,standard,H03A_thyroid_preparations,thyroid_hormones,Thyroid hormones,drug
43183048,liothyronine 0.025 MG Oral Tablet [CYNOMEL] Box of 30 by Sanofi,Drug,RxNorm Extension,standard,H03A_thyroid_preparations,thyroid_hormones,Thyroid hormones,drug
43192084,levothyroxine Oral Tablet [LEVOTHYROX],Drug,RxNorm Extension,standard,H03A_thyroid_preparations,thyroid_hormones,Thyroid hormones,drug
43192085,levothyroxine Oral Tablet [LEVOTHYROXINE RATIOPHARM],Drug,RxNorm Extension,standard,H03A_thyroid_preparations,thyroid_hormones,Thyroid hormones,drug
43192086,levothyroxine 0.075 MG Oral Tablet [LEVOTHYROXINE RATIOPHARM] Box of 28 by Ratiopharm,Drug,RxNorm Extension,standard,H03A_thyroid_preparations,thyroid_hormones,Thyroid hormones,drug
43192087,levothyroxine 0.075 MG Oral Tablet [LEVOTHYROXINE RATIOPHARM] Box of 30 by Ratiopharm,Drug,RxNorm Extension,standard,H03A_thyroid_preparations,thyroid_hormones,Thyroid hormones,drug
43192088,levothyroxine 0.175 MG Oral Tablet Box of 30,Drug,RxNorm Extension,standard,H03A_thyroid_preparations,thyroid_hormones,Thyroid hormones,drug
43192089,levothyroxine 0.15 MG [LEVOTHYROX],Drug,RxNorm Extension,standard,H03A_thyroid_preparations,thyroid_hormones,Thyroid hormones,drug
43192090,levothyroxine 0.15 MG Oral Tablet [LEVOTHYROXINE RATIOPHARM] Box of 30,Drug,RxNorm Extension,standard,H03A_thyroid_preparations,thyroid_hormones,Thyroid hormones,drug
43192091,levothyroxine 0.05 MG [LEVOTHYROXINE RATIOPHARM],Drug,RxNorm Extension,standard,H03A_thyroid_preparations,thyroid_hormones,Thyroid hormones,drug
43192092,levothyroxine 0.05 MG Oral Tablet [LEVOTHYROXINE RATIOPHARM],Drug,RxNorm Extension,standard,H03A_thyroid_preparations,thyroid_hormones,Thyroid hormones,drug
43192093,levothyroxine 0.1 MG Oral Tablet [LEVOTHYROX] Box of 30,Drug,RxNorm Extension,standard,H03A_thyroid_preparations,thyroid_hormones,Thyroid hormones,drug
43192094,levothyroxine 0.1 MG Oral Tablet [LEVOTHYROX] Box of 50 by Merck,Drug,RxNorm Extension,standard,H03A_thyroid_preparations,thyroid_hormones,Thyroid hormones,drug
43192095,levothyroxine 0.1 MG Oral Tablet [LEVOTHYROXINE RATIOPHARM] Box of 30 by Ratiopharm,Drug,RxNorm Extension,standard,H03A_thyroid_preparations,thyroid_hormones,Thyroid hormones,drug
43192096,levothyroxine 0.025 MG Oral Tablet Box of 30,Drug,RxNorm Extension,standard,H03A_thyroid_preparations,thyroid_hormones,Thyroid hormones,drug
43192097,levothyroxine 0.025 MG Oral Tablet [LEVOTHYROX] Box of 90 by Merck,Drug,RxNorm Extension,standard,H03A_thyroid_preparations,thyroid_hormones,Thyroid hormones,drug
43192098,levothyroxine 0.025 MG Oral Tablet [LEVOTHYROXINE BIOGARAN],Drug,RxNorm Extension,standard,H03A_thyroid_preparations,thyroid_hormones,Thyroid hormones,drug
43192099,levothyroxine 0.025 MG Oral Tablet [LEVOTHYROXINE BIOGARAN] Box of 90,Drug,RxNorm Extension,standard,H03A_thyroid_preparations,thyroid_hormones,Thyroid hormones,drug
43192100,levothyroxine 0.2 MG Oral Tablet Box of 30,Drug,RxNorm Extension,standard,H03A_thyroid_preparations,thyroid_hormones,Thyroid hormones,drug
43192101,levothyroxine 0.2 MG Oral Tablet [LEVOTHYROX] Box of 30,Drug,RxNorm Extension,standard,H03A_thyroid_preparations,thyroid_hormones,Thyroid hormones,drug
43192102,levothyroxine 0.2 MG Oral Tablet [LEVOTHYROXINE BIOGARAN] Box of 30,Drug,RxNorm Extension,standard,H03A_thyroid_preparations,thyroid_hormones,Thyroid hormones,drug
43192103,levothyroxine / liothyronine Oral Tablet [EUTHYRAL],Drug,RxNorm Extension,standard,H03A_thyroid_preparations,thyroid_hormones,Thyroid hormones,drug
43192104,levothyroxine 0.1 MG / liothyronine 0.02 MG Oral Tablet [EUTHYRAL],Drug,RxNorm Extension,standard,H03A_thyroid_preparations,thyroid_hormones,Thyroid hormones,drug
43194008,liothyronine 0.025 MG Oral Tablet [CYNOMEL],Drug,RxNorm Extension,standard,H03A_thyroid_preparations,thyroid_hormones,Thyroid hormones,drug
43196438,1 ML levothyroxine 0.2 MG/ML Prefilled Syringe [L THYROXINE SERB] Box of 6,Drug,RxNorm Extension,standard,H03A_thyroid_preparations,thyroid_hormones,Thyroid hormones,drug
43203143,levothyroxine Prefilled Syringe [L THYROXINE SERB],Drug,RxNorm Extension,standard,H03A_thyroid_preparations,thyroid_hormones,Thyroid hormones,drug
43203144,levothyroxine 0.175 MG [LEVOTHYROXINE BIOGARAN],Drug,RxNorm Extension,standard,H03A_thyroid_preparations,thyroid_hormones,Thyroid hormones,drug
43203145,levothyroxine 0.175 MG Oral Tablet [LEVOTHYROX],Drug,RxNorm Extension,standard,H03A_thyroid_preparations,thyroid_hormones,Thyroid hormones,drug
43203146,levothyroxine 0.175 MG Oral Tablet [LEVOTHYROXINE BIOGARAN],Drug,RxNorm Extension,standard,H03A_thyroid_preparations,thyroid_hormones,Thyroid hormones,drug
43203147,levothyroxine 0.175 MG Oral Tablet [LEVOTHYROXINE RATIOPHARM] Box of 30,Drug,RxNorm Extension,standard,H03A_thyroid_preparations,thyroid_hormones,Thyroid hormones,drug
43203148,levothyroxine 0.175 MG Oral Tablet [LEVOTHYROXINE RATIOPHARM] Box of 30 by Ratiopharm,Drug,RxNorm Extension,standard,H03A_thyroid_preparations,thyroid_hormones,Thyroid hormones,drug
43203149,levothyroxine 0.15 MG [LEVOTHYROXINE RATIOPHARM],Drug,RxNorm Extension,standard,H03A_thyroid_preparations,thyroid_hormones,Thyroid hormones,drug
43203150,levothyroxine 0.15 MG Oral Tablet [LEVOTHYROXINE RATIOPHARM] Box of 28,Drug,RxNorm Extension,standard,H03A_thyroid_preparations,thyroid_hormones,Thyroid hormones,drug
43203151,levothyroxine 0.05 MG [LEVOTHYROX],Drug,RxNorm Extension,standard,H03A_thyroid_preparations,thyroid_hormones,Thyroid hormones,drug
43203152,levothyroxine 0.05 MG [LEVOTHYROXINE BIOGARAN],Drug,RxNorm Extension,standard,H03A_thyroid_preparations,thyroid_hormones,Thyroid hormones,drug
43203153,levothyroxine 0.05 MG Oral Tablet [LEVOTHYROXINE BIOGARAN] Box of 90 by Biogaran,Drug,RxNorm Extension,standard,H03A_thyroid_preparations,thyroid_hormones,Thyroid hormones,drug
43203154,levothyroxine 0.05 MG Oral Tablet [LEVOTHYROXINE RATIOPHARM] Box of 30 by Ratiopharm,Drug,RxNorm Extension,standard,H03A_thyroid_preparations,thyroid_hormones,Thyroid hormones,drug
43203155,levothyroxine 0.025 MG [LEVOTHYROXINE RATIOPHARM],Drug,RxNorm Extension,standard,H03A_thyroid_preparations,thyroid_hormones,Thyroid hormones,drug
43203156,levothyroxine 0.025 MG Oral Tablet Box of 50,Drug,RxNorm Extension,standard,H03A_thyroid_preparations,thyroid_hormones,Thyroid hormones,drug
43203157,levothyroxine 0.025 MG Oral Tablet [LEVOTHYROXINE RATIOPHARM] Box of 28,Drug,RxNorm Extension,standard,H03A_thyroid_preparations,thyroid_hormones,Thyroid hormones,drug
43203158,levothyroxine 0.2 MG Oral Tablet [LEVOTHYROXINE RATIOPHARM],Drug,RxNorm Extension,standard,H03A_thyroid_preparations,thyroid_hormones,Thyroid hormones,drug
43203159,levothyroxine 0.2 MG Oral Tablet [LEVOTHYROXINE RATIOPHARM] Box of 28 by Ratiopharm,Drug,RxNorm Extension,standard,H03A_thyroid_preparations,thyroid_hormones,Thyroid hormones,drug
43203160,levothyroxine 0.15 MG/ML Oral Solution [L THYROXINE SERB] Box of 1,Drug,RxNorm Extension,standard,H03A_thyroid_preparations,thyroid_hormones,Thyroid hormones,drug
43203161,levothyroxine 0.1 MG / liothyronine 0.02 MG Oral Tablet [EUTHYRAL] Box of 50,Drug,RxNorm Extension,standard,H03A_thyroid_preparations,thyroid_hormones,Thyroid hormones,drug
43204976,liothyronine 0.025 MG Oral Tablet [CYNOMEL] Box of 30,Drug,RxNorm Extension,standard,H03A_thyroid_preparations,thyroid_hormones,Thyroid hormones,drug
43207355,1 ML levothyroxine 0.2 MG/ML Prefilled Syringe [L THYROXINE SERB] Box of 6 by SERB,Drug,RxNorm Extension,standard,H03A_thyroid_preparations,thyroid_hormones,Thyroid hormones,drug
43208171,15 ML levothyroxine 0.15 MG/ML Oral Solution Box of 1,Drug,RxNorm Extension,standard,H03A_thyroid_preparations,thyroid_hormones,Thyroid hormones,drug
43213967,levothyroxine Oral Solution [L THYROXINE SERB],Drug,RxNorm Extension,standard,H03A_thyroid_preparations,thyroid_hormones,Thyroid hormones,drug
43213968,levothyroxine 0.125 MG [LEVOTHYROX],Drug,RxNorm Extension,standard,H03A_thyroid_preparations,thyroid_hormones,Thyroid hormones,drug
43213969,levothyroxine 0.125 MG Oral Tablet [LEVOTHYROX],Drug,RxNorm Extension,standard,H03A_thyroid_preparations,thyroid_hormones,Thyroid hormones,drug
43213970,levothyroxine 0.125 MG Oral Tablet [LEVOTHYROX] Box of 30,Drug,RxNorm Extension,standard,H03A_thyroid_preparations,thyroid_hormones,Thyroid hormones,drug
43213971,levothyroxine 0.125 MG Oral Tablet [LEVOTHYROXINE BIOGARAN],Drug,RxNorm Extension,standard,H03A_thyroid_preparations,thyroid_hormones,Thyroid hormones,drug
43213972,levothyroxine 0.125 MG Oral Tablet [LEVOTHYROXINE BIOGARAN] Box of 30 by Biogaran,Drug,RxNorm Extension,standard,H03A_thyroid_preparations,thyroid_hormones,Thyroid hormones,drug
43213973,levothyroxine 0.125 MG Oral Tablet [LEVOTHYROXINE RATIOPHARM] Box of 28 by Ratiopharm,Drug,RxNorm Extension,standard,H03A_thyroid_preparations,thyroid_hormones,Thyroid hormones,drug
43213974,levothyroxine 0.125 MG Oral Tablet [LEVOTHYROXINE RATIOPHARM] Box of 30,Drug,RxNorm Extension,standard,H03A_thyroid_preparations,thyroid_hormones,Thyroid hormones,drug
43213975,levothyroxine 0.15 MG Oral Tablet [LEVOTHYROXINE BIOGARAN] Box of 28 by Biogaran,Drug,RxNorm Extension,standard,H03A_thyroid_preparations,thyroid_hormones,Thyroid hormones,drug
43213976,levothyroxine 0.15 MG Oral Tablet [LEVOTHYROXINE RATIOPHARM] Box of 30 by Ratiopharm,Drug,RxNorm Extension,standard,H03A_thyroid_preparations,thyroid_hormones,Thyroid hormones,drug
43213977,levothyroxine 0.05 MG Oral Tablet [LEVOTHYROX] Box of 50 by Merck,Drug,RxNorm Extension,standard,H03A_thyroid_preparations,thyroid_hormones,Thyroid hormones,drug
43213978,levothyroxine 0.05 MG Oral Tablet [LEVOTHYROXINE BIOGARAN] Box of 28,Drug,RxNorm Extension,standard,H03A_thyroid_preparations,thyroid_hormones,Thyroid hormones,drug
43213979,levothyroxine 0.1 MG [LEVOTHYROX],Drug,RxNorm Extension,standard,H03A_thyroid_preparations,thyroid_hormones,Thyroid hormones,drug
43213980,levothyroxine 0.025 MG [LEVOTHYROXINE BIOGARAN],Drug,RxNorm Extension,standard,H03A_thyroid_preparations,thyroid_hormones,Thyroid hormones,drug
43213981,levothyroxine 0.025 MG Oral Tablet [LEVOTHYROX] Box of 30 by Merck,Drug,RxNorm Extension,standard,H03A_thyroid_preparations,thyroid_hormones,Thyroid hormones,drug
43213982,levothyroxine 0.025 MG Oral Tablet [LEVOTHYROX] Box of 50,Drug,RxNorm Extension,standard,H03A_thyroid_preparations,thyroid_hormones,Thyroid hormones,drug
43213983,levothyroxine 0.025 MG Oral Tablet [LEVOTHYROXINE RATIOPHARM] Box of 28 by Ratiopharm,Drug,RxNorm Extension,standard,H03A_thyroid_preparations,thyroid_hormones,Thyroid hormones,drug
43213984,levothyroxine 0.025 MG Oral Tablet [LEVOTHYROXINE RATIOPHARM] Box of 30 by Ratiopharm,Drug,RxNorm Extension,standard,H03A_thyroid_preparations,thyroid_hormones,Thyroid hormones,drug
43213985,levothyroxine 0.2 MG Oral Tablet [LEVOTHYROXINE BIOGARAN] Box of 30 by Biogaran,Drug,RxNorm Extension,standard,H03A_thyroid_preparations,thyroid_hormones,Thyroid hormones,drug
43213986,levothyroxine 0.2 MG Oral Tablet [LEVOTHYROXINE RATIOPHARM] Box of 28,Drug,RxNorm Extension,standard,H03A_thyroid_preparations,thyroid_hormones,Thyroid hormones,drug
43213987,levothyroxine 0.2 MG/ML Prefilled Syringe [L THYROXINE SERB],Drug,RxNorm Extension,standard,H03A_thyroid_preparations,thyroid_hormones,Thyroid hormones,drug
43213988,levothyroxine 0.2 MG/ML Prefilled Syringe [L THYROXINE SERB] Box of 6,Drug,RxNorm Extension,standard,H03A_thyroid_preparations,thyroid_hormones,Thyroid hormones,drug
43213989,levothyroxine 0.15 MG/ML [L THYROXINE SERB],Drug,RxNorm Extension,standard,H03A_thyroid_preparations,thyroid_hormones,Thyroid hormones,drug
43213990,levothyroxine 0.1 MG / liothyronine 0.02 MG Oral Tablet Box of 50,Drug,RxNorm Extension,standard,H03A_thyroid_preparations,thyroid_hormones,Thyroid hormones,drug
43219179,15 ML levothyroxine 0.15 MG/ML Oral Solution [L THYROXINE SERB] Box of 1 by SERB,Drug,RxNorm Extension,standard,H03A_thyroid_preparations,thyroid_hormones,Thyroid hormones,drug
43257715,levothyroxine 0.2 MG Oral Tablet [Oroxine] Box of 200,Drug,RxNorm Extension,standard,H03A_thyroid_preparations,thyroid_hormones,Thyroid hormones,drug
43257716,levothyroxine 0.2 MG Oral Tablet [Eutroxsig] Box of 200,Drug,RxNorm Extension,standard,H03A_thyroid_preparations,thyroid_hormones,Thyroid hormones,drug
43257717,levothyroxine 0.05 MG Oral Tablet [Eutroxsig],Drug,RxNorm Extension,standard,H03A_thyroid_preparations,thyroid_hormones,Thyroid hormones,drug
43263104,levothyroxine 0.2 MG [Eutroxsig],Drug,RxNorm Extension,standard,H03A_thyroid_preparations,thyroid_hormones,Thyroid hormones,drug
43263105,levothyroxine 0.125 MG Oral Tablet Box of 200,Drug,RxNorm Extension,standard,H03A_thyroid_preparations,thyroid_hormones,Thyroid hormones,drug
43263106,levothyroxine 0.05 MG [Eutroxsig],Drug,RxNorm Extension,standard,H03A_thyroid_preparations,thyroid_hormones,Thyroid hormones,drug
43263107,levothyroxine 0.05 MG Oral Tablet [Oroxine],Drug,RxNorm Extension,standard,H03A_thyroid_preparations,thyroid_hormones,Thyroid hormones,drug
43268605,levothyroxine 0.2 MG [Oroxine],Drug,RxNorm Extension,standard,H03A_thyroid_preparations,thyroid_hormones,Thyroid hormones,drug
43268606,levothyroxine 0.2 MG Oral Tablet Box of 200,Drug,RxNorm Extension,standard,H03A_thyroid_preparations,thyroid_hormones,Thyroid hormones,drug
43268607,levothyroxine 0.1 MG [Oroxine],Drug,RxNorm Extension,standard,H03A_thyroid_preparations,thyroid_hormones,Thyroid hormones,drug
43268608,levothyroxine 0.1 MG Oral Tablet [Eltroxin] Box of 200,Drug,RxNorm Extension,standard,H03A_thyroid_preparations,thyroid_hormones,Thyroid hormones,drug
43268609,levothyroxine 0.1 MG Oral Tablet [Oroxine],Drug,RxNorm Extension,standard,H03A_thyroid_preparations,thyroid_hormones,Thyroid hormones,drug
43268610,levothyroxine 0.075 MG [Eutroxsig],Drug,RxNorm Extension,standard,H03A_thyroid_preparations,thyroid_hormones,Thyroid hormones,drug
43268611,levothyroxine 0.025 MG Oral Tablet Box of 200,Drug,RxNorm Extension,standard,H03A_thyroid_preparations,thyroid_hormones,Thyroid hormones,drug
43268612,levothyroxine 0.05 MG Oral Tablet [Eltroxin] Box of 200,Drug,RxNorm Extension,standard,H03A_thyroid_preparations,thyroid_hormones,Thyroid hormones,drug
43274131,levothyroxine Oral Tablet [Eutroxsig],Drug,RxNorm Extension,standard,H03A_thyroid_preparations,thyroid_hormones,Thyroid hormones,drug
43274132,levothyroxine 0.2 MG Oral Tablet [Eltroxin] Box of 200,Drug,RxNorm Extension,standard,H03A_thyroid_preparations,thyroid_hormones,Thyroid hormones,drug
43274133,levothyroxine 0.2 MG Oral Tablet [Oroxine],Drug,RxNorm Extension,standard,H03A_thyroid_preparations,thyroid_hormones,Thyroid hormones,drug
43274134,levothyroxine 0.1 MG Oral Tablet [Oroxine] Box of 200,Drug,RxNorm Extension,standard,H03A_thyroid_preparations,thyroid_hormones,Thyroid hormones,drug
43274135,levothyroxine 0.1 MG Oral Tablet [Eutroxsig],Drug,RxNorm Extension,standard,H03A_thyroid_preparations,thyroid_hormones,Thyroid hormones,drug
43274136,levothyroxine 0.075 MG [Oroxine],Drug,RxNorm Extension,standard,H03A_thyroid_preparations,thyroid_hormones,Thyroid hormones,drug
43274137,levothyroxine 0.075 MG Oral Tablet [Eltroxin] Box of 200,Drug,RxNorm Extension,standard,H03A_thyroid_preparations,thyroid_hormones,Thyroid hormones,drug
43274138,levothyroxine 0.075 MG Oral Tablet [Eutroxsig],Drug,RxNorm Extension,standard,H03A_thyroid_preparations,thyroid_hormones,Thyroid hormones,drug
43274139,levothyroxine 0.075 MG Oral Tablet [Eutroxsig] Box of 200,Drug,RxNorm Extension,standard,H03A_thyroid_preparations,thyroid_hormones,Thyroid hormones,drug
43274140,levothyroxine 0.025 MG Oral Tablet [Eltroxin] Box of 200,Drug,RxNorm Extension,standard,H03A_thyroid_preparations,thyroid_hormones,Thyroid hormones,drug
43274141,levothyroxine 0.05 MG Oral Tablet Box of 200,Drug,RxNorm Extension,standard,H03A_thyroid_preparations,thyroid_hormones,Thyroid hormones,drug
43279478,levothyroxine Oral Tablet [Oroxine],Drug,RxNorm Extension,standard,H03A_thyroid_preparations,thyroid_hormones,Thyroid hormones,drug
43284913,levothyroxine 0.2 MG Oral Tablet [Eutroxsig],Drug,RxNorm Extension,standard,H03A_thyroid_preparations,thyroid_hormones,Thyroid hormones,drug
43284914,levothyroxine 0.1 MG Oral Tablet [Eutroxsig] Box of 200,Drug,RxNorm Extension,standard,H03A_thyroid_preparations,thyroid_hormones,Thyroid hormones,drug
43284915,levothyroxine 0.125 MG Oral Tablet [Eltroxin] Box of 200,Drug,RxNorm Extension,standard,H03A_thyroid_preparations,thyroid_hormones,Thyroid hormones,drug
43284916,levothyroxine 0.075 MG Oral Tablet Box of 200,Drug,RxNorm Extension,standard,H03A_thyroid_preparations,thyroid_hormones,Thyroid hormones,drug
43290309,levothyroxine 0.075 MG Oral Tablet [Oroxine],Drug,RxNorm Extension,standard,H03A_thyroid_preparations,thyroid_hormones,Thyroid hormones,drug
43290310,levothyroxine 0.05 MG [Oroxine],Drug,RxNorm Extension,standard,H03A_thyroid_preparations,thyroid_hormones,Thyroid hormones,drug
43290311,levothyroxine 0.05 MG Oral Tablet [Oroxine] Box of 200,Drug,RxNorm Extension,standard,H03A_thyroid_preparations,thyroid_hormones,Thyroid hormones,drug
43295735,levothyroxine 0.1 MG [Eutroxsig],Drug,RxNorm Extension,standard,H03A_thyroid_preparations,thyroid_hormones,Thyroid hormones,drug
43295736,levothyroxine 0.1 MG Oral Tablet Box of 200,Drug,RxNorm Extension,standard,H03A_thyroid_preparations,thyroid_hormones,Thyroid hormones,drug
43295737,levothyroxine 0.075 MG Oral Tablet [Oroxine] Box of 200,Drug,RxNorm Extension,standard,H03A_thyroid_preparations,thyroid_hormones,Thyroid hormones,drug
43295738,levothyroxine 0.05 MG Oral Tablet [Eutroxsig] Box of 200,Drug,RxNorm Extension,standard,H03A_thyroid_preparations,thyroid_hormones,Thyroid hormones,drug
43526084,levothyroxine Oral Tablet [ThyroKare],Drug,RxNorm,standard,H03A_thyroid_preparations,thyroid_hormones,Thyroid hormones,drug
43526205,levothyroxine sodium 0.1 MG Oral Tablet [ThyroKare],Drug,RxNorm,standard,H03A_thyroid_preparations,thyroid_hormones,Thyroid hormones,drug
43526206,levothyroxine sodium 0.1 MG [ThyroKare],Drug,RxNorm,standard,H03A_thyroid_preparations,thyroid_hormones,Thyroid hormones,drug
43526213,levothyroxine sodium 0.2 MG Oral Tablet [ThyroKare],Drug,RxNorm,standard,H03A_thyroid_preparations,thyroid_hormones,Thyroid hormones,drug
43526215,levothyroxine sodium 0.2 MG [ThyroKare],Drug,RxNorm,standard,H03A_thyroid_preparations,thyroid_hormones,Thyroid hormones,drug
43526216,levothyroxine sodium 0.3 MG Oral Tablet [ThyroKare],Drug,RxNorm,standard,H03A_thyroid_preparations,thyroid_hormones,Thyroid hormones,drug
43526217,levothyroxine sodium 0.3 MG [ThyroKare],Drug,RxNorm,standard,H03A_thyroid_preparations,thyroid_hormones,Thyroid hormones,drug
43526218,levothyroxine sodium 0.4 MG Oral Tablet [ThyroKare],Drug,RxNorm,standard,H03A_thyroid_preparations,thyroid_hormones,Thyroid hormones,drug
43526219,levothyroxine sodium 0.4 MG [ThyroKare],Drug,RxNorm,standard,H03A_thyroid_preparations,thyroid_hormones,Thyroid hormones,drug
43526220,levothyroxine sodium 0.5 MG Oral Tablet [ThyroKare],Drug,RxNorm,standard,H03A_thyroid_preparations,thyroid_hormones,Thyroid hormones,drug
43526221,levothyroxine sodium 0.5 MG [ThyroKare],Drug,RxNorm,standard,H03A_thyroid_preparations,thyroid_hormones,Thyroid hormones,drug
43526222,levothyroxine sodium 0.6 MG Oral Tablet [ThyroKare],Drug,RxNorm,standard,H03A_thyroid_preparations,thyroid_hormones,Thyroid hormones,drug
43526223,levothyroxine sodium 0.6 MG [ThyroKare],Drug,RxNorm,standard,H03A_thyroid_preparations,thyroid_hormones,Thyroid hormones,drug
43526225,levothyroxine sodium 0.7 MG Oral Tablet [ThyroKare],Drug,RxNorm,standard,H03A_thyroid_preparations,thyroid_hormones,Thyroid hormones,drug
43526226,levothyroxine sodium 0.7 MG [ThyroKare],Drug,RxNorm,standard,H03A_thyroid_preparations,thyroid_hormones,Thyroid hormones,drug
43526227,levothyroxine sodium 0.8 MG Oral Tablet [ThyroKare],Drug,RxNorm,standard,H03A_thyroid_preparations,thyroid_hormones,Thyroid hormones,drug
43526228,levothyroxine sodium 0.8 MG [ThyroKare],Drug,RxNorm,standard,H03A_thyroid_preparations,thyroid_hormones,Thyroid hormones,drug
43526760,levothyroxine sodium 0.0022 MG/MG Oral Powder,Drug,RxNorm,standard,H03A_thyroid_preparations,thyroid_hormones,Thyroid hormones,drug
43526818,levothyroxine sodium 0.0022 MG/MG,Drug,RxNorm,standard,H03A_thyroid_preparations,thyroid_hormones,Thyroid hormones,drug
43527018,levothyroxine Oral Powder,Drug,RxNorm,standard,H03A_thyroid_preparations,thyroid_hormones,Thyroid hormones,drug
43532550,levothyroxine sodium 0.9 MG,Drug,RxNorm,standard,H03A_thyroid_preparations,thyroid_hormones,Thyroid hormones,drug
43532806,levothyroxine sodium 0.1 MG Chewable Tablet,Drug,RxNorm,standard,H03A_thyroid_preparations,thyroid_hormones,Thyroid hormones,drug
43532807,levothyroxine sodium 0.9 MG Chewable Tablet,Drug,RxNorm,standard,H03A_thyroid_preparations,thyroid_hormones,Thyroid hormones,drug
43532808,levothyroxine sodium 1 MG Chewable Tablet,Drug,RxNorm,standard,H03A_thyroid_preparations,thyroid_hormones,Thyroid hormones,drug
43560746,thyroid (USP) 130 MG Oral Tablet [WP Thyroid],Drug,RxNorm,standard,H03A_thyroid_preparations,thyroid_hormones,Thyroid hormones,drug
43560747,thyroid (USP) 130 MG [WP Thyroid],Drug,RxNorm,standard,H03A_thyroid_preparations,thyroid_hormones,Thyroid hormones,drug
43560748,thyroid (USP) 16.25 MG Oral Tablet [WP Thyroid],Drug,RxNorm,standard,H03A_thyroid_preparations,thyroid_hormones,Thyroid hormones,drug
43560749,thyroid (USP) 16.25 MG [WP Thyroid],Drug,RxNorm,standard,H03A_thyroid_preparations,thyroid_hormones,Thyroid hormones,drug
43560750,thyroid (USP) 32.5 MG Oral Tablet [WP Thyroid],Drug,RxNorm,standard,H03A_thyroid_preparations,thyroid_hormones,Thyroid hormones,drug
43560751,thyroid (USP) 32.5 MG [WP Thyroid],Drug,RxNorm,standard,H03A_thyroid_preparations,thyroid_hormones,Thyroid hormones,drug
43560752,thyroid (USP) 48.75 MG Oral Tablet [WP Thyroid],Drug,RxNorm,standard,H03A_thyroid_preparations,thyroid_hormones,Thyroid hormones,drug
43560753,thyroid (USP) 48.75 MG [WP Thyroid],Drug,RxNorm,standard,H03A_thyroid_preparations,thyroid_hormones,Thyroid hormones,drug
43560754,thyroid (USP) 65 MG Oral Tablet [WP Thyroid],Drug,RxNorm,standard,H03A_thyroid_preparations,thyroid_hormones,Thyroid hormones,drug
43560755,thyroid (USP) 65 MG [WP Thyroid],Drug,RxNorm,standard,H03A_thyroid_preparations,thyroid_hormones,Thyroid hormones,drug
43560756,thyroid (USP) 97.5 MG Oral Tablet [WP Thyroid],Drug,RxNorm,standard,H03A_thyroid_preparations,thyroid_hormones,Thyroid hormones,drug
43560757,thyroid (USP) 97.5 MG [WP Thyroid],Drug,RxNorm,standard,H03A_thyroid_preparations,thyroid_hormones,Thyroid hormones,drug
43560758,thyroid (USP) Oral Tablet [WP Thyroid],Drug,RxNorm,standard,H03A_thyroid_preparations,thyroid_hormones,Thyroid hormones,drug
43581359,levothyroxine 0.15 MG / Potassium Iodide 0.2 MG Oral Tablet [L Thyroxin Jod Winthrop],Drug,RxNorm Extension,standard,H03A_thyroid_preparations,thyroid_hormones,Thyroid hormones,drug
43581360,levothyroxine 0.15 MG / Potassium Iodide 0.2 MG Oral Tablet [L Thyroxin Jod Winthrop] by Winthrop,Drug,RxNorm Extension,standard,H03A_thyroid_preparations,thyroid_hormones,Thyroid hormones,drug
43581361,levothyroxine 0.1 MG / Potassium Iodide 0.2 MG Oral Tablet [L Thyroxin Jod Winthrop] by Winthrop,Drug,RxNorm Extension,standard,H03A_thyroid_preparations,thyroid_hormones,Thyroid hormones,drug
43581362,levothyroxine 0.06 MG / Potassium Iodide 0.2 MG [L Thyrox Jod Hexal],Drug,RxNorm Extension,standard,H03A_thyroid_preparations,thyroid_hormones,Thyroid hormones,drug
43581363,levothyroxine 0.06 MG / Potassium Iodide 0.2 MG Oral Tablet [L Thyrox Jod Hexal] by Hexal,Drug,RxNorm Extension,standard,H03A_thyroid_preparations,thyroid_hormones,Thyroid hormones,drug
43581364,levothyroxine 0.175 MG / Potassium Iodide 0.2 MG Oral Tablet [L Thyrox Jod Hexal],Drug,RxNorm Extension,standard,H03A_thyroid_preparations,thyroid_hormones,Thyroid hormones,drug
43581365,levothyroxine 0.112 MG / Potassium Iodide 0.2 MG [L-Thyroxin Jod Aristo],Drug,RxNorm Extension,standard,H03A_thyroid_preparations,thyroid_hormones,Thyroid hormones,drug
43581366,levothyroxine 0.112 MG / Potassium Iodide 0.2 MG Oral Tablet [L-Thyroxin Jod Aristo] by Aristo,Drug,RxNorm Extension,standard,H03A_thyroid_preparations,thyroid_hormones,Thyroid hormones,drug
43584755,levothyroxine Oral Tablet [L-Thyroxin Henning 50],Drug,RxNorm Extension,standard,H03A_thyroid_preparations,thyroid_hormones,Thyroid hormones,drug
43584758,levothyroxine 0.088 MG [L Thyroxin Na Ct],Drug,RxNorm Extension,standard,H03A_thyroid_preparations,thyroid_hormones,Thyroid hormones,drug
43584759,levothyroxine 0.088 MG Oral Tablet [L Thyroxin Na Abz] by AbZ-Pharma,Drug,RxNorm Extension,standard,H03A_thyroid_preparations,thyroid_hormones,Thyroid hormones,drug
43584760,levothyroxine 0.125 MG [L-Thyroxin Henning 125],Drug,RxNorm Extension,standard,H03A_thyroid_preparations,thyroid_hormones,Thyroid hormones,drug
43584761,levothyroxine 0.15 MG [L-Thyroxin 1a Pharma],Drug,RxNorm Extension,standard,H03A_thyroid_preparations,thyroid_hormones,Thyroid hormones,drug
43584762,levothyroxine 0.15 MG Oral Tablet [L Thyroxin Aristo] by Aristo,Drug,RxNorm Extension,standard,H03A_thyroid_preparations,thyroid_hormones,Thyroid hormones,drug
43584763,levothyroxine 0.15 MG Oral Tablet [L Thyrox Hexal],Drug,RxNorm Extension,standard,H03A_thyroid_preparations,thyroid_hormones,Thyroid hormones,drug
43584765,levothyroxine 0.075 MG [L-Thyroxin Henning 75],Drug,RxNorm Extension,standard,H03A_thyroid_preparations,thyroid_hormones,Thyroid hormones,drug
43584770,levothyroxine 0.2 MG Oral Tablet [Euthyrox] by Merck,Drug,RxNorm Extension,standard,H03A_thyroid_preparations,thyroid_hormones,Thyroid hormones,drug
43584771,levothyroxine 0.2 MG Oral Tablet [L Thyroxin Na Abz] by AbZ-Pharma,Drug,RxNorm Extension,standard,H03A_thyroid_preparations,thyroid_hormones,Thyroid hormones,drug
43584772,levothyroxine 0.2 MG Oral Tablet [L Thyroxin Na Ct] by AbZ-Pharma,Drug,RxNorm Extension,standard,H03A_thyroid_preparations,thyroid_hormones,Thyroid hormones,drug
43584773,levothyroxine 0.112 MG Oral Capsule [Tirosint] by Ibsa,Drug,RxNorm Extension,standard,H03A_thyroid_preparations,thyroid_hormones,Thyroid hormones,drug
43584775,levothyroxine 0.1 MG Oral Tablet [L-Thyroxin 1a Pharma] by 1 A,Drug,RxNorm Extension,standard,H03A_thyroid_preparations,thyroid_hormones,Thyroid hormones,drug
43585944,levothyroxine 0.06 MG [L-Thyroxin Aspen],Drug,RxNorm Extension,standard,H03A_thyroid_preparations,thyroid_hormones,Thyroid hormones,drug
43589042,levothyroxine 0.112 MG/ML Oral Solution Box of 3,Drug,RxNorm Extension,standard,H03A_thyroid_preparations,thyroid_hormones,Thyroid hormones,drug
43590578,1 ML levothyroxine 0.112 MG/ML Oral Solution [L-Thyroxin Henning] by Sanofi,Drug,RxNorm Extension,standard,H03A_thyroid_preparations,thyroid_hormones,Thyroid hormones,drug
43592537,bovine thyroid gland extract 14 X Oral Tablet,Drug,RxNorm Extension,standard,H03A_thyroid_preparations,thyroid_hormones,Thyroid hormones,drug
43599404,levothyroxine 0.1 MG / Potassium Iodide 0.2 MG [Thyronajod],Drug,RxNorm Extension,standard,H03A_thyroid_preparations,thyroid_hormones,Thyroid hormones,drug
43599405,levothyroxine 0.15 MG / Potassium Iodide 0.2 MG [L Thyroxin Jod Winthrop],Drug,RxNorm Extension,standard,H03A_thyroid_preparations,thyroid_hormones,Thyroid hormones,drug
43599406,levothyroxine 0.1 MG / Potassium Iodide 0.131 MG Oral Tablet [Eferox],Drug,RxNorm Extension,standard,H03A_thyroid_preparations,thyroid_hormones,Thyroid hormones,drug
43599407,levothyroxine 0.15 MG / Potassium Iodide 0.2 MG [L Thyrox Jod Hexal],Drug,RxNorm Extension,standard,H03A_thyroid_preparations,thyroid_hormones,Thyroid hormones,drug
43599408,levothyroxine 0.088 MG / Potassium Iodide 0.1 MG Oral Tablet [L-Thyroxin Henning 75] by Sanofi,Drug,RxNorm Extension,standard,H03A_thyroid_preparations,thyroid_hormones,Thyroid hormones,drug
43599409,levothyroxine 0.088 MG / Potassium Iodide 0.2 MG [L-Thyroxin Jod Aristo],Drug,RxNorm Extension,standard,H03A_thyroid_preparations,thyroid_hormones,Thyroid hormones,drug
43602785,levothyroxine 0.175 MG [L-Thyroxin 1a Pharma],Drug,RxNorm Extension,standard,H03A_thyroid_preparations,thyroid_hormones,Thyroid hormones,drug
43602787,levothyroxine 0.175 MG Oral Tablet [L Thyroxin Beta] by Betapharm,Drug,RxNorm Extension,standard,H03A_thyroid_preparations,thyroid_hormones,Thyroid hormones,drug
43602788,levothyroxine 0.125 MG Oral Tablet [L-Thyroxin Henning 125],Drug,RxNorm Extension,standard,H03A_thyroid_preparations,thyroid_hormones,Thyroid hormones,drug
43602790,levothyroxine 0.15 MG Oral Tablet [L Thyroxin Winthrop] by Winthrop,Drug,RxNorm Extension,standard,H03A_thyroid_preparations,thyroid_hormones,Thyroid hormones,drug
43602791,levothyroxine 0.15 MG Oral Tablet [L Thyroxin Sandoz],Drug,RxNorm Extension,standard,H03A_thyroid_preparations,thyroid_hormones,Thyroid hormones,drug
43602793,levothyroxine 0.137 MG Oral Capsule [Tirosint] by Ibsa,Drug,RxNorm Extension,standard,H03A_thyroid_preparations,thyroid_hormones,Thyroid hormones,drug
43602794,levothyroxine 0.025 MG [L-Thyroxin 1a Pharma],Drug,RxNorm Extension,standard,H03A_thyroid_preparations,thyroid_hormones,Thyroid hormones,drug
43602797,levothyroxine 0.2 MG Oral Tablet [L Thyroxin Beta] by Betapharm,Drug,RxNorm Extension,standard,H03A_thyroid_preparations,thyroid_hormones,Thyroid hormones,drug
43602798,levothyroxine 0.2 MG Oral Capsule [Tirosint] by Ibsa,Drug,RxNorm Extension,standard,H03A_thyroid_preparations,thyroid_hormones,Thyroid hormones,drug
43602799,levothyroxine 0.1 MG Oral Tablet [L-Thyroxin Henning],Drug,RxNorm Extension,standard,H03A_thyroid_preparations,thyroid_hormones,Thyroid hormones,drug
43602800,levothyroxine 0.112 MG Oral Tablet [L Thyroxin Sandoz] by Hexal,Drug,RxNorm Extension,standard,H03A_thyroid_preparations,thyroid_hormones,Thyroid hormones,drug
43602804,levothyroxine 0.05 MG Oral Tablet [L-Thyroxin 1a Pharma],Drug,RxNorm Extension,standard,H03A_thyroid_preparations,thyroid_hormones,Thyroid hormones,drug
43604051,levothyroxine 0.06 MG Oral Tablet [L-Thyroxin Aspen] by Aspen,Drug,RxNorm Extension,standard,H03A_thyroid_preparations,thyroid_hormones,Thyroid hormones,drug
43604052,levothyroxine 0.223 MG Oral Tablet [L-Thyroxin Aspen],Drug,RxNorm Extension,standard,H03A_thyroid_preparations,thyroid_hormones,Thyroid hormones,drug
43604053,levothyroxine 0.1 MG Oral Tablet [L-Thyroxin Aspen],Drug,RxNorm Extension,standard,H03A_thyroid_preparations,thyroid_hormones,Thyroid hormones,drug
43607066,levothyroxine 0.06 MG [L Thyroxin Ct],Drug,RxNorm Extension,standard,H03A_thyroid_preparations,thyroid_hormones,Thyroid hormones,drug
43607067,levothyroxine 0.06 MG [L Thyroxin Al],Drug,RxNorm Extension,standard,H03A_thyroid_preparations,thyroid_hormones,Thyroid hormones,drug
43607068,levothyroxine 0.227 MG Oral Tablet [Eferox],Drug,RxNorm Extension,standard,H03A_thyroid_preparations,thyroid_hormones,Thyroid hormones,drug
43607069,levothyroxine 0.112 MG Oral Tablet [L Thyroxin Ct] by AbZ-Pharma,Drug,RxNorm Extension,standard,H03A_thyroid_preparations,thyroid_hormones,Thyroid hormones,drug
43607070,levothyroxine 1.12 MG Oral Tablet [L-Thyroxin Henning] by Sanofi,Drug,RxNorm Extension,standard,H03A_thyroid_preparations,thyroid_hormones,Thyroid hormones,drug
43613542,100 ML levothyroxine 0.02 MG/ML Oral Solution [Levothyroxin-Natrium Aristo],Drug,RxNorm Extension,standard,H03A_thyroid_preparations,thyroid_hormones,Thyroid hormones,drug
43617369,levothyroxine 0.125 MG / Potassium Iodide 0.2 MG Oral Tablet [Thyronajod],Drug,RxNorm Extension,standard,H03A_thyroid_preparations,thyroid_hormones,Thyroid hormones,drug
43617370,levothyroxine 0.06 MG / Potassium Iodide 0.1 MG [L-Thyroxin Henning 50],Drug,RxNorm Extension,standard,H03A_thyroid_preparations,thyroid_hormones,Thyroid hormones,drug
43617371,levothyroxine 0.125 MG / Potassium Iodide 0.2 MG Oral Tablet [L Thyrox Jod Hexal],Drug,RxNorm Extension,standard,H03A_thyroid_preparations,thyroid_hormones,Thyroid hormones,drug
43620755,levothyroxine Oral Tablet [L-Thyroxin Henning 75],Drug,RxNorm Extension,standard,H03A_thyroid_preparations,thyroid_hormones,Thyroid hormones,drug
43620757,levothyroxine 0.175 MG Oral Tablet [L Thyroxin Winthrop] by Winthrop,Drug,RxNorm Extension,standard,H03A_thyroid_preparations,thyroid_hormones,Thyroid hormones,drug
43620758,levothyroxine 0.175 MG Oral Tablet [L Thyroxin Na Abz] by AbZ-Pharma,Drug,RxNorm Extension,standard,H03A_thyroid_preparations,thyroid_hormones,Thyroid hormones,drug
43620759,levothyroxine 0.175 MG Oral Capsule [Tirosint] by Ibsa,Drug,RxNorm Extension,standard,H03A_thyroid_preparations,thyroid_hormones,Thyroid hormones,drug
43620761,levothyroxine 0.02 MG/ML [LEVOTHYROXINE RATIOPHARM],Drug,RxNorm Extension,standard,H03A_thyroid_preparations,thyroid_hormones,Thyroid hormones,drug
43620764,levothyroxine 0.15 MG Oral Tablet [L Thyroxin Beta] by Betapharm,Drug,RxNorm Extension,standard,H03A_thyroid_preparations,thyroid_hormones,Thyroid hormones,drug
43620766,levothyroxine 0.075 MG Oral Tablet [L Thyroxin Winthrop] by Winthrop,Drug,RxNorm Extension,standard,H03A_thyroid_preparations,thyroid_hormones,Thyroid hormones,drug
43620768,levothyroxine 0.075 MG Oral Tablet [L Thyroxin Beta] by Betapharm,Drug,RxNorm Extension,standard,H03A_thyroid_preparations,thyroid_hormones,Thyroid hormones,drug
43620769,levothyroxine 0.075 MG Oral Tablet [L-Thyroxin Henning 75],Drug,RxNorm Extension,standard,H03A_thyroid_preparations,thyroid_hormones,Thyroid hormones,drug
43620773,levothyroxine 0.025 MG Oral Tablet [L Thyroxin Al],Drug,RxNorm Extension,standard,H03A_thyroid_preparations,thyroid_hormones,Thyroid hormones,drug
43620774,levothyroxine 0.025 MG Oral Tablet [L-Thyroxin Henning 25] by Sanofi,Drug,RxNorm Extension,standard,H03A_thyroid_preparations,thyroid_hormones,Thyroid hormones,drug
43620777,levothyroxine 0.2 MG Oral Tablet [L Thyroxin Winthrop] by Winthrop,Drug,RxNorm Extension,standard,H03A_thyroid_preparations,thyroid_hormones,Thyroid hormones,drug
43620779,levothyroxine 0.112 MG [L Thyroxin Sandoz],Drug,RxNorm Extension,standard,H03A_thyroid_preparations,thyroid_hormones,Thyroid hormones,drug
43620780,levothyroxine 0.112 MG Oral Tablet [L Thyroxin Sandoz],Drug,RxNorm Extension,standard,H03A_thyroid_preparations,thyroid_hormones,Thyroid hormones,drug
43620781,levothyroxine 0.05 MG Oral Tablet [L Thyroxin Al] by Aliud,Drug,RxNorm Extension,standard,H03A_thyroid_preparations,thyroid_hormones,Thyroid hormones,drug
43620783,levothyroxine 0.1 MG Oral Tablet [L Thyroxin Aristo] by Aristo,Drug,RxNorm Extension,standard,H03A_thyroid_preparations,thyroid_hormones,Thyroid hormones,drug
43620785,levothyroxine 0.01 MG/ML Oral Solution [LEVOTHYROXINE RATIOPHARM],Drug,RxNorm Extension,standard,H03A_thyroid_preparations,thyroid_hormones,Thyroid hormones,drug
43621976,levothyroxine 0.175 MG Oral Tablet [L-Thyroxin Aspen],Drug,RxNorm Extension,standard,H03A_thyroid_preparations,thyroid_hormones,Thyroid hormones,drug
43621977,levothyroxine 0.03 MG Oral Tablet [L-Thyroxin Aspen],Drug,RxNorm Extension,standard,H03A_thyroid_preparations,thyroid_hormones,Thyroid hormones,drug
43625007,levothyroxine Injectable Solution [L-Thyroxin Henning],Drug,RxNorm Extension,standard,H03A_thyroid_preparations,thyroid_hormones,Thyroid hormones,drug
43625008,levothyroxine 0.06 MG Oral Tablet [L Thyroxin Ct] by AbZ-Pharma,Drug,RxNorm Extension,standard,H03A_thyroid_preparations,thyroid_hormones,Thyroid hormones,drug
43625009,levothyroxine 0.227 MG [Eferox],Drug,RxNorm Extension,standard,H03A_thyroid_preparations,thyroid_hormones,Thyroid hormones,drug
43625010,levothyroxine 0.227 MG Oral Tablet [Eferox] by Aristo,Drug,RxNorm Extension,standard,H03A_thyroid_preparations,thyroid_hormones,Thyroid hormones,drug
43625011,levothyroxine 0.175 MG [Berlthyrox],Drug,RxNorm Extension,standard,H03A_thyroid_preparations,thyroid_hormones,Thyroid hormones,drug
43627333,5 ML liothyronine 0.02 MG/ML Injectable Solution [Thyrotardin-Inject] by Sanofi,Drug,RxNorm Extension,standard,H03A_thyroid_preparations,thyroid_hormones,Thyroid hormones,drug
43635270,AMNIOTIC FLUID (BOVINE) / Bos taurus brain preparation / Bos taurus ovary preparation / Bos taurus placenta preparation / Bos taurus spleen preparation / Bos taurus testicle preparation / Bos taurus thymus preparation / ... Delayed Release Oral Capsule,Drug,RxNorm Extension,standard,H03A_thyroid_preparations,thyroid_hormones,Thyroid hormones,drug
43635534,levothyroxine 0.125 MG / Potassium Iodide 0.2 MG Oral Tablet [Thyronajod] by Sanofi,Drug,RxNorm Extension,standard,H03A_thyroid_preparations,thyroid_hormones,Thyroid hormones,drug
43635535,levothyroxine 0.075 MG / Potassium Iodide 0.2 MG Oral Tablet [Thyronajod],Drug,RxNorm Extension,standard,H03A_thyroid_preparations,thyroid_hormones,Thyroid hormones,drug
43635536,levothyroxine 0.1 MG / Potassium Iodide 0.2 MG Oral Tablet [Thyronajod] by Sanofi,Drug,RxNorm Extension,standard,H03A_thyroid_preparations,thyroid_hormones,Thyroid hormones,drug
43635537,levothyroxine 0.1 MG / Potassium Iodide 0.2 MG [L Thyroxin Jod Winthrop],Drug,RxNorm Extension,standard,H03A_thyroid_preparations,thyroid_hormones,Thyroid hormones,drug
43635538,levothyroxine / Potassium Iodide Oral Tablet [L-Thyroxin Jod Aristo],Drug,RxNorm Extension,standard,H03A_thyroid_preparations,thyroid_hormones,Thyroid hormones,drug
43635539,levothyroxine / Potassium Iodide Oral Tablet [L-Thyroxin Henning 75],Drug,RxNorm Extension,standard,H03A_thyroid_preparations,thyroid_hormones,Thyroid hormones,drug
43635540,levothyroxine 0.15 MG / Potassium Iodide 0.2 MG Oral Tablet [L-Thyroxin Jod Aristo],Drug,RxNorm Extension,standard,H03A_thyroid_preparations,thyroid_hormones,Thyroid hormones,drug
43635541,levothyroxine 0.06 MG / Potassium Iodide 0.2 MG Oral Tablet [L Thyrox Jod Hexal],Drug,RxNorm Extension,standard,H03A_thyroid_preparations,thyroid_hormones,Thyroid hormones,drug
43635542,levothyroxine 0.088 MG / Potassium Iodide 0.1 MG [L-Thyroxin Henning 75],Drug,RxNorm Extension,standard,H03A_thyroid_preparations,thyroid_hormones,Thyroid hormones,drug
43635543,levothyroxine 0.112 MG / Potassium Iodide 0.2 MG Oral Tablet [L-Thyroxin Jod Aristo],Drug,RxNorm Extension,standard,H03A_thyroid_preparations,thyroid_hormones,Thyroid hormones,drug
43635544,levothyroxine 0.112 MG / Potassium Iodide 0.1 MG Oral Tablet [L-Thyroxin Henning] by Sanofi,Drug,RxNorm Extension,standard,H03A_thyroid_preparations,thyroid_hormones,Thyroid hormones,drug
43636817,arsenate / bovine thyroid gland extract / Chelidonium majus extract / Colchicum autumnale whole extract / Spongia officinalis preparation / Vespa crabro preparation Oral Solution,Drug,RxNorm Extension,standard,H03A_thyroid_preparations,thyroid_hormones,Thyroid hormones,drug
43638902,levothyroxine Oral Tablet [L-Thyroxin Henning 125],Drug,RxNorm Extension,standard,H03A_thyroid_preparations,thyroid_hormones,Thyroid hormones,drug
43638908,levothyroxine 0.175 MG Oral Tablet [L Thyroxin Na Ratiopharm] by Ratiopharm,Drug,RxNorm Extension,standard,H03A_thyroid_preparations,thyroid_hormones,Thyroid hormones,drug
43638909,levothyroxine 0.175 MG Oral Tablet [L-Thyroxin 1a Pharma] by 1 A,Drug,RxNorm Extension,standard,H03A_thyroid_preparations,thyroid_hormones,Thyroid hormones,drug
43638910,levothyroxine 0.088 MG Oral Tablet [L Thyroxin Na Ct] by AbZ-Pharma,Drug,RxNorm Extension,standard,H03A_thyroid_preparations,thyroid_hormones,Thyroid hormones,drug
43638911,levothyroxine 0.02 MG/ML Oral Solution [LEVOTHYROXINE RATIOPHARM],Drug,RxNorm Extension,standard,H03A_thyroid_preparations,thyroid_hormones,Thyroid hormones,drug
43638913,levothyroxine 0.125 MG [L Thyroxin Aristo],Drug,RxNorm Extension,standard,H03A_thyroid_preparations,thyroid_hormones,Thyroid hormones,drug
43638914,levothyroxine 0.125 MG [L Thyroxin Na Abz],Drug,RxNorm Extension,standard,H03A_thyroid_preparations,thyroid_hormones,Thyroid hormones,drug
43638915,levothyroxine 0.125 MG Oral Tablet [L Thyroxin Winthrop] by Winthrop,Drug,RxNorm Extension,standard,H03A_thyroid_preparations,thyroid_hormones,Thyroid hormones,drug
43638917,levothyroxine 0.15 MG Oral Tablet [L Thyroxin Winthrop],Drug,RxNorm Extension,standard,H03A_thyroid_preparations,thyroid_hormones,Thyroid hormones,drug
43638918,levothyroxine 0.15 MG Oral Tablet [L Thyroxin Al],Drug,RxNorm Extension,standard,H03A_thyroid_preparations,thyroid_hormones,Thyroid hormones,drug
43638920,levothyroxine 0.075 MG Oral Capsule [Tirosint] by Ibsa,Drug,RxNorm Extension,standard,H03A_thyroid_preparations,thyroid_hormones,Thyroid hormones,drug
43638923,levothyroxine 0.025 MG [L Thyroxin Al],Drug,RxNorm Extension,standard,H03A_thyroid_preparations,thyroid_hormones,Thyroid hormones,drug
43638926,levothyroxine 0.2 MG Oral Tablet [L Thyroxin Al] by Aliud,Drug,RxNorm Extension,standard,H03A_thyroid_preparations,thyroid_hormones,Thyroid hormones,drug
43638928,levothyroxine 0.112 MG [L Thyroxin Na Ct],Drug,RxNorm Extension,standard,H03A_thyroid_preparations,thyroid_hormones,Thyroid hormones,drug
43638933,levothyroxine 0.1 MG Oral Capsule [Tirosint] by Ibsa,Drug,RxNorm Extension,standard,H03A_thyroid_preparations,thyroid_hormones,Thyroid hormones,drug
43640257,bovine thyroid gland extract 1 X,Drug,RxNorm Extension,standard,H03A_thyroid_preparations,thyroid_hormones,Thyroid hormones,drug
43643245,levothyroxine 0.112 MG [Berlthyrox],Drug,RxNorm Extension,standard,H03A_thyroid_preparations,thyroid_hormones,Thyroid hormones,drug
43643246,levothyroxine 0.112 MG Oral Tablet [Berlthyrox] by Berlin-Chemie,Drug,RxNorm Extension,standard,H03A_thyroid_preparations,thyroid_hormones,Thyroid hormones,drug
43643247,levothyroxine 0.112 MG Oral Tablet [L Thyroxin Ct],Drug,RxNorm Extension,standard,H03A_thyroid_preparations,thyroid_hormones,Thyroid hormones,drug
43643248,levothyroxine 0.112 MG Oral Tablet [L Thyroxin Al] by Aliud,Drug,RxNorm Extension,standard,H03A_thyroid_preparations,thyroid_hormones,Thyroid hormones,drug
43643249,levothyroxine 0.06 MG [Thyrofix],Drug,RxNorm Extension,standard,H03A_thyroid_preparations,thyroid_hormones,Thyroid hormones,drug
43643250,levothyroxine 0.06 MG Oral Tablet [Thyrofix],Drug,RxNorm Extension,standard,H03A_thyroid_preparations,thyroid_hormones,Thyroid hormones,drug
43653591,levothyroxine 0.075 MG / Potassium Iodide 0.2 MG Oral Tablet [L Thyroxin Jod Winthrop] by Winthrop,Drug,RxNorm Extension,standard,H03A_thyroid_preparations,thyroid_hormones,Thyroid hormones,drug
43653592,levothyroxine 0.075 MG / Potassium Iodide 0.2 MG Oral Tablet [Thyronajod] by Sanofi,Drug,RxNorm Extension,standard,H03A_thyroid_preparations,thyroid_hormones,Thyroid hormones,drug
43653593,levothyroxine 0.1 MG / Potassium Iodide 0.131 MG [Eferox],Drug,RxNorm Extension,standard,H03A_thyroid_preparations,thyroid_hormones,Thyroid hormones,drug
43653594,levothyroxine 0.1 MG / Potassium Iodide 0.131 MG Oral Tablet [L Thyrox Jod Hexal],Drug,RxNorm Extension,standard,H03A_thyroid_preparations,thyroid_hormones,Thyroid hormones,drug
43653595,levothyroxine 0.06 MG / Potassium Iodide 0.2 MG Oral Tablet [L-Thyroxin Jod Aristo] by Aristo,Drug,RxNorm Extension,standard,H03A_thyroid_preparations,thyroid_hormones,Thyroid hormones,drug
43653596,levothyroxine 0.125 MG / Potassium Iodide 0.2 MG [L Thyrox Jod Hexal],Drug,RxNorm Extension,standard,H03A_thyroid_preparations,thyroid_hormones,Thyroid hormones,drug
43655676,"belladonna extract, USP / bovine thyroid gland extract / calcarea hahnemanni extarct / Copper Sulfate Oral Tablet",Drug,RxNorm Extension,standard,H03A_thyroid_preparations,thyroid_hormones,Thyroid hormones,drug
43656985,levothyroxine 0.125 MG Oral Tablet [L Thyroxin Beta] by Betapharm,Drug,RxNorm Extension,standard,H03A_thyroid_preparations,thyroid_hormones,Thyroid hormones,drug
43656986,levothyroxine 0.125 MG Oral Tablet [L Thyroxin Na Abz],Drug,RxNorm Extension,standard,H03A_thyroid_preparations,thyroid_hormones,Thyroid hormones,drug
43656987,levothyroxine 0.125 MG Oral Tablet [L Thyroxin Na Ct],Drug,RxNorm Extension,standard,H03A_thyroid_preparations,thyroid_hormones,Thyroid hormones,drug
43656988,levothyroxine 0.125 MG Oral Capsule [Tirosint] by Ibsa,Drug,RxNorm Extension,standard,H03A_thyroid_preparations,thyroid_hormones,Thyroid hormones,drug
43656989,levothyroxine 0.15 MG [L Thyroxin Aristo],Drug,RxNorm Extension,standard,H03A_thyroid_preparations,thyroid_hormones,Thyroid hormones,drug
43656990,levothyroxine 0.15 MG [L Thyroxin Beta],Drug,RxNorm Extension,standard,H03A_thyroid_preparations,thyroid_hormones,Thyroid hormones,drug
43656993,levothyroxine 0.075 MG Oral Tablet [L Thyroxin Al],Drug,RxNorm Extension,standard,H03A_thyroid_preparations,thyroid_hormones,Thyroid hormones,drug
43656995,levothyroxine 0.025 MG Oral Tablet [L Thyroxin Aristo] by Aristo,Drug,RxNorm Extension,standard,H03A_thyroid_preparations,thyroid_hormones,Thyroid hormones,drug
43656998,levothyroxine 0.2 MG Oral Tablet [L Thyroxin Na Ratiopharm] by Ratiopharm,Drug,RxNorm Extension,standard,H03A_thyroid_preparations,thyroid_hormones,Thyroid hormones,drug
43656999,levothyroxine 0.05 MG [L-Thyroxin 1a Pharma],Drug,RxNorm Extension,standard,H03A_thyroid_preparations,thyroid_hormones,Thyroid hormones,drug
43657002,levothyroxine 0.1 MG / liothyronine 0.02 MG Oral Tablet [Novothyral] by Merck,Drug,RxNorm Extension,standard,H03A_thyroid_preparations,thyroid_hormones,Thyroid hormones,drug
43658278,levothyroxine 0.175 MG [L-Thyroxin Aspen],Drug,RxNorm Extension,standard,H03A_thyroid_preparations,thyroid_hormones,Thyroid hormones,drug
43658279,levothyroxine 0.125 MG [L-Thyroxin Aspen],Drug,RxNorm Extension,standard,H03A_thyroid_preparations,thyroid_hormones,Thyroid hormones,drug
43661361,levothyroxine Oral Tablet [Thyrofix],Drug,RxNorm Extension,standard,H03A_thyroid_preparations,thyroid_hormones,Thyroid hormones,drug
43661362,levothyroxine 0.03 MG [Thyrofix],Drug,RxNorm Extension,standard,H03A_thyroid_preparations,thyroid_hormones,Thyroid hormones,drug
43661363,levothyroxine 0.088 MG Oral Tablet [Thyrofix],Drug,RxNorm Extension,standard,H03A_thyroid_preparations,thyroid_hormones,Thyroid hormones,drug
43663641,5 ML levothyroxine 0.01 MG/ML Oral Solution [LEVOTHYROXINE RATIOPHARM] by Ratiopharm,Drug,RxNorm Extension,standard,H03A_thyroid_preparations,thyroid_hormones,Thyroid hormones,drug
43667843,100 ML levothyroxine 0.005 MG/ML Oral Solution [LEVOTHYROXINE RATIOPHARM] by Ratiopharm,Drug,RxNorm Extension,standard,H03A_thyroid_preparations,thyroid_hormones,Thyroid hormones,drug
43671681,levothyroxine 0.125 MG / Potassium Iodide 0.2 MG [Thyronajod],Drug,RxNorm Extension,standard,H03A_thyroid_preparations,thyroid_hormones,Thyroid hormones,drug
43671682,levothyroxine 0.088 MG / Potassium Iodide 0.1 MG Oral Tablet [L-Thyroxin Henning 75],Drug,RxNorm Extension,standard,H03A_thyroid_preparations,thyroid_hormones,Thyroid hormones,drug
43671683,levothyroxine 0.06 MG / Potassium Iodide 0.1 MG Oral Tablet,Drug,RxNorm Extension,standard,H03A_thyroid_preparations,thyroid_hormones,Thyroid hormones,drug
43671684,levothyroxine 0.125 MG / Potassium Iodide 0.2 MG Oral Tablet [Eferox],Drug,RxNorm Extension,standard,H03A_thyroid_preparations,thyroid_hormones,Thyroid hormones,drug
43671685,levothyroxine 0.112 MG / Potassium Iodide 0.1 MG Oral Tablet [L-Thyroxin Henning],Drug,RxNorm Extension,standard,H03A_thyroid_preparations,thyroid_hormones,Thyroid hormones,drug
43673813,"belladonna extract, USP 0.0014 X / bovine thyroid gland extract 0.0007 X / calcarea hahnemanni extarct 0.0006 X / Copper Sulfate 0.0005 X Oral Tablet",Drug,RxNorm Extension,standard,H03A_thyroid_preparations,thyroid_hormones,Thyroid hormones,drug
43675104,levothyroxine 0.088 MG Oral Tablet [L Thyroxin Na Ct],Drug,RxNorm Extension,standard,H03A_thyroid_preparations,thyroid_hormones,Thyroid hormones,drug
43675106,levothyroxine 0.125 MG [L Thyroxin Winthrop],Drug,RxNorm Extension,standard,H03A_thyroid_preparations,thyroid_hormones,Thyroid hormones,drug
43675107,levothyroxine 0.125 MG [L Thyroxin Beta],Drug,RxNorm Extension,standard,H03A_thyroid_preparations,thyroid_hormones,Thyroid hormones,drug
43675108,levothyroxine 0.125 MG Oral Tablet [L Thyroxin Aristo] by Aristo,Drug,RxNorm Extension,standard,H03A_thyroid_preparations,thyroid_hormones,Thyroid hormones,drug
43675109,levothyroxine 0.125 MG Oral Tablet [L Thyroxin Al],Drug,RxNorm Extension,standard,H03A_thyroid_preparations,thyroid_hormones,Thyroid hormones,drug
43675110,levothyroxine 0.125 MG Oral Tablet [L Thyroxin Na Abz] by AbZ-Pharma,Drug,RxNorm Extension,standard,H03A_thyroid_preparations,thyroid_hormones,Thyroid hormones,drug
43675111,levothyroxine 0.15 MG Oral Tablet [L Thyroxin Sandoz] by Hexal,Drug,RxNorm Extension,standard,H03A_thyroid_preparations,thyroid_hormones,Thyroid hormones,drug
43675112,levothyroxine 0.15 MG Oral Tablet [L Thyrox Hexal] by Hexal,Drug,RxNorm Extension,standard,H03A_thyroid_preparations,thyroid_hormones,Thyroid hormones,drug
43675113,levothyroxine 0.075 MG Oral Tablet [Euthyrox] by Merck,Drug,RxNorm Extension,standard,H03A_thyroid_preparations,thyroid_hormones,Thyroid hormones,drug
43675115,levothyroxine 0.025 MG Oral Tablet [L Thyroxin Na Ratiopharm] by Ratiopharm,Drug,RxNorm Extension,standard,H03A_thyroid_preparations,thyroid_hormones,Thyroid hormones,drug
43675116,levothyroxine 0.025 MG Oral Tablet [L Thyroxin Sandoz] by Hexal,Drug,RxNorm Extension,standard,H03A_thyroid_preparations,thyroid_hormones,Thyroid hormones,drug
43675117,levothyroxine 0.2 MG [L Thyroxin Al],Drug,RxNorm Extension,standard,H03A_thyroid_preparations,thyroid_hormones,Thyroid hormones,drug
43675119,levothyroxine 0.15 MG [L-Thyroxin Henning 150],Drug,RxNorm Extension,standard,H03A_thyroid_preparations,thyroid_hormones,Thyroid hormones,drug
43675120,levothyroxine 0.1 MG Oral Tablet [L-Thyroxin Henning] by Sanofi,Drug,RxNorm Extension,standard,H03A_thyroid_preparations,thyroid_hormones,Thyroid hormones,drug
43675121,levothyroxine 0.112 MG [L-Thyroxin 1a Pharma],Drug,RxNorm Extension,standard,H03A_thyroid_preparations,thyroid_hormones,Thyroid hormones,drug
43675123,levothyroxine 0.05 MG Oral Tablet [L Thyroxin Sandoz] by Hexal,Drug,RxNorm Extension,standard,H03A_thyroid_preparations,thyroid_hormones,Thyroid hormones,drug
43676349,levothyroxine 0.112 MG [L-Thyroxin Aspen],Drug,RxNorm Extension,standard,H03A_thyroid_preparations,thyroid_hormones,Thyroid hormones,drug
43676350,levothyroxine 0.06 MG Oral Tablet [L-Thyroxin Aspen],Drug,RxNorm Extension,standard,H03A_thyroid_preparations,thyroid_hormones,Thyroid hormones,drug
43676351,levothyroxine 0.175 MG Oral Tablet [L-Thyroxin Aspen] by Aspen,Drug,RxNorm Extension,standard,H03A_thyroid_preparations,thyroid_hormones,Thyroid hormones,drug
43676352,levothyroxine 0.088 MG [L-Thyroxin Aspen],Drug,RxNorm Extension,standard,H03A_thyroid_preparations,thyroid_hormones,Thyroid hormones,drug
43676457,bovine thyroid gland extract Oral Tablet,Drug,RxNorm Extension,standard,H03A_thyroid_preparations,thyroid_hormones,Thyroid hormones,drug
43679292,levothyroxine 0.03 MG Oral Tablet [Thyrofix] by Uni- Kleon Tsetis,Drug,RxNorm Extension,standard,H03A_thyroid_preparations,thyroid_hormones,Thyroid hormones,drug
43683827,50 ML bovine thyroid gland extract 50 X Oral Solution,Drug,RxNorm Extension,standard,H03A_thyroid_preparations,thyroid_hormones,Thyroid hormones,drug
43689325,AMNIOTIC FLUID (BOVINE) / Bos taurus brain preparation / Bos taurus ovary preparation / Bos taurus placenta preparation / Bos taurus spleen preparation / Bos taurus testicle preparation / ... Delayed Release Oral Capsule [Neygeront-Vitalkapseln],Drug,RxNorm Extension,standard,H03A_thyroid_preparations,thyroid_hormones,Thyroid hormones,drug
43689326,AMNIOTIC FLUID (BOVINE) 11 X / Bos taurus brain preparation 10 X / Bos taurus ovary preparation 11 X / Bos taurus placenta preparation 10 X / Bos taurus spleen preparation 11 X / Bos taurus testicle preparation 10 X / ... Delayed Release Oral Capsule,Drug,RxNorm Extension,standard,H03A_thyroid_preparations,thyroid_hormones,Thyroid hormones,drug
43689573,levothyroxine 0.075 MG / Potassium Iodide 0.2 MG Oral Tablet [L Thyroxin Jod Winthrop],Drug,RxNorm Extension,standard,H03A_thyroid_preparations,thyroid_hormones,Thyroid hormones,drug
43689574,levothyroxine 0.1 MG / Potassium Iodide 0.131 MG Oral Tablet [Jodthyrox],Drug,RxNorm Extension,standard,H03A_thyroid_preparations,thyroid_hormones,Thyroid hormones,drug
43689575,levothyroxine 0.1 MG / Potassium Iodide 0.131 MG Oral Tablet [Jodthyrox] by Merck,Drug,RxNorm Extension,standard,H03A_thyroid_preparations,thyroid_hormones,Thyroid hormones,drug
43689576,levothyroxine 0.15 MG / Potassium Iodide 0.2 MG Oral Tablet [Thyronajod] by Sanofi,Drug,RxNorm Extension,standard,H03A_thyroid_preparations,thyroid_hormones,Thyroid hormones,drug
43689577,levothyroxine 0.05 MG / Potassium Iodide 0.2 MG [L Thyroxin Jod Winthrop],Drug,RxNorm Extension,standard,H03A_thyroid_preparations,thyroid_hormones,Thyroid hormones,drug
43689578,levothyroxine 0.05 MG / Potassium Iodide 0.2 MG Oral Tablet [L Thyroxin Jod Winthrop],Drug,RxNorm Extension,standard,H03A_thyroid_preparations,thyroid_hormones,Thyroid hormones,drug
43689579,levothyroxine 0.1 MG / Potassium Iodide 0.131 MG Oral Tablet [L Thyrox Jod Hexal] by Hexal,Drug,RxNorm Extension,standard,H03A_thyroid_preparations,thyroid_hormones,Thyroid hormones,drug
43689580,levothyroxine 0.1 MG / Potassium Iodide 0.2 MG [L Thyrox Jod Hexal],Drug,RxNorm Extension,standard,H03A_thyroid_preparations,thyroid_hormones,Thyroid hormones,drug
43689581,levothyroxine 0.15 MG / Potassium Iodide 0.2 MG Oral Tablet [L Thyrox Jod Hexal] by Hexal,Drug,RxNorm Extension,standard,H03A_thyroid_preparations,thyroid_hormones,Thyroid hormones,drug
43689582,levothyroxine 0.06 MG / Potassium Iodide 0.2 MG Oral Tablet by Berlin-Chemie,Drug,RxNorm Extension,standard,H03A_thyroid_preparations,thyroid_hormones,Thyroid hormones,drug
43689583,levothyroxine 0.175 MG / Potassium Iodide 0.2 MG Oral Tablet [L-Thyroxin Jod Aristo] by Aristo,Drug,RxNorm Extension,standard,H03A_thyroid_preparations,thyroid_hormones,Thyroid hormones,drug
43690837,arsenate 0.0006 X / bovine thyroid gland extract 0.001 X / Chelidonium majus extract 0.0003 X / Colchicum autumnale whole extract 0.0003 X / Spongia officinalis preparation 0.001 X / Vespa crabro preparation 0.0006 X Oral Solution,Drug,RxNorm Extension,standard,H03A_thyroid_preparations,thyroid_hormones,Thyroid hormones,drug
43692837,levothyroxine Oral Tablet [L-Thyroxin Henning 150],Drug,RxNorm Extension,standard,H03A_thyroid_preparations,thyroid_hormones,Thyroid hormones,drug
43692839,levothyroxine 0.175 MG Oral Tablet [L Thyroxin Sandoz] by Hexal,Drug,RxNorm Extension,standard,H03A_thyroid_preparations,thyroid_hormones,Thyroid hormones,drug
43692840,levothyroxine 0.175 MG Oral Tablet [L-Thyroxin Henning] by Sanofi,Drug,RxNorm Extension,standard,H03A_thyroid_preparations,thyroid_hormones,Thyroid hormones,drug
43692841,levothyroxine 0.175 MG Oral Tablet [L-Thyroxin 1a Pharma],Drug,RxNorm Extension,standard,H03A_thyroid_preparations,thyroid_hormones,Thyroid hormones,drug
43692843,levothyroxine 0.088 MG Oral Tablet [L Thyroxin Sandoz] by Hexal,Drug,RxNorm Extension,standard,H03A_thyroid_preparations,thyroid_hormones,Thyroid hormones,drug
43692844,levothyroxine 0.088 MG Oral Tablet [L Thyrox Hexal] by Hexal,Drug,RxNorm Extension,standard,H03A_thyroid_preparations,thyroid_hormones,Thyroid hormones,drug
43692845,levothyroxine 0.02 MG/ML [Levothyroxin-Natrium Aristo],Drug,RxNorm Extension,standard,H03A_thyroid_preparations,thyroid_hormones,Thyroid hormones,drug
43692846,levothyroxine 0.125 MG [L Thyroxin Al],Drug,RxNorm Extension,standard,H03A_thyroid_preparations,thyroid_hormones,Thyroid hormones,drug
43692847,levothyroxine 0.125 MG Oral Tablet [L Thyroxin Na Ratiopharm] by Ratiopharm,Drug,RxNorm Extension,standard,H03A_thyroid_preparations,thyroid_hormones,Thyroid hormones,drug
43692848,levothyroxine 0.15 MG [L Thyrox Hexal],Drug,RxNorm Extension,standard,H03A_thyroid_preparations,thyroid_hormones,Thyroid hormones,drug
43692849,levothyroxine 0.15 MG Oral Tablet [L-Thyroxin 1a Pharma] by 1 A,Drug,RxNorm Extension,standard,H03A_thyroid_preparations,thyroid_hormones,Thyroid hormones,drug
43692853,levothyroxine 0.075 MG Oral Tablet [L Thyroxin Na Ct] by AbZ-Pharma,Drug,RxNorm Extension,standard,H03A_thyroid_preparations,thyroid_hormones,Thyroid hormones,drug
43692855,levothyroxine 0.025 MG Oral Capsule [Tirosint] by Ibsa,Drug,RxNorm Extension,standard,H03A_thyroid_preparations,thyroid_hormones,Thyroid hormones,drug
43692857,levothyroxine 0.2 MG [L-Thyroxin 1a Pharma],Drug,RxNorm Extension,standard,H03A_thyroid_preparations,thyroid_hormones,Thyroid hormones,drug
43692859,levothyroxine 0.2 MG Oral Tablet [L Thyroxin Al],Drug,RxNorm Extension,standard,H03A_thyroid_preparations,thyroid_hormones,Thyroid hormones,drug
43692860,levothyroxine 0.1 MG [L-Thyroxin Henning],Drug,RxNorm Extension,standard,H03A_thyroid_preparations,thyroid_hormones,Thyroid hormones,drug
43692861,levothyroxine 0.05 MG Oral Tablet [L Thyroxin Na Ratiopharm] by Ratiopharm,Drug,RxNorm Extension,standard,H03A_thyroid_preparations,thyroid_hormones,Thyroid hormones,drug
43692864,levothyroxine 0.1 MG Oral Tablet [L Thyroxin Winthrop] by Winthrop,Drug,RxNorm Extension,standard,H03A_thyroid_preparations,thyroid_hormones,Thyroid hormones,drug
43692865,levothyroxine 0.1 MG Oral Tablet [L Thyroxin Na Ratiopharm] by Ratiopharm,Drug,RxNorm Extension,standard,H03A_thyroid_preparations,thyroid_hormones,Thyroid hormones,drug
43692866,levothyroxine 0.01 MG/ML [LEVOTHYROXINE RATIOPHARM],Drug,RxNorm Extension,standard,H03A_thyroid_preparations,thyroid_hormones,Thyroid hormones,drug
43692868,levothyroxine 0.075 MG / liothyronine 0.015 MG Oral Tablet [Novothyral] by Merck,Drug,RxNorm Extension,standard,H03A_thyroid_preparations,thyroid_hormones,Thyroid hormones,drug
43692869,liothyronine 0.02 MG/ML Injectable Solution [Thyrotardin-Inject],Drug,RxNorm Extension,standard,H03A_thyroid_preparations,thyroid_hormones,Thyroid hormones,drug
43692871,liothyronine 0.1 MG Oral Tablet [Thybon Henning] by Sanofi,Drug,RxNorm Extension,standard,H03A_thyroid_preparations,thyroid_hormones,Thyroid hormones,drug
43694137,levothyroxine 0.088 MG Oral Tablet [L-Thyroxin Aspen],Drug,RxNorm Extension,standard,H03A_thyroid_preparations,thyroid_hormones,Thyroid hormones,drug
43694264,bovine thyroid gland extract 1 X Oral Solution,Drug,RxNorm Extension,standard,H03A_thyroid_preparations,thyroid_hormones,Thyroid hormones,drug
43697142,levothyroxine 0.112 MG [Thevier],Drug,RxNorm Extension,standard,H03A_thyroid_preparations,thyroid_hormones,Thyroid hormones,drug
43697143,levothyroxine 0.06 MG Oral Tablet [L Thyroxin Al] by Aliud,Drug,RxNorm Extension,standard,H03A_thyroid_preparations,thyroid_hormones,Thyroid hormones,drug
43697144,levothyroxine 0.2 MG Oral Tablet [Eferox] by Aristo,Drug,RxNorm Extension,standard,H03A_thyroid_preparations,thyroid_hormones,Thyroid hormones,drug
43697145,levothyroxine 1.12 MG Oral Tablet [L-Thyroxin Henning],Drug,RxNorm Extension,standard,H03A_thyroid_preparations,thyroid_hormones,Thyroid hormones,drug
43699494,5 ML levothyroxine 0.02 MG/ML Oral Solution [LEVOTHYROXINE RATIOPHARM] by Ratiopharm,Drug,RxNorm Extension,standard,H03A_thyroid_preparations,thyroid_hormones,Thyroid hormones,drug
43707367,levothyroxine 0.1 MG / Potassium Iodide 0.2 MG Oral Tablet [Eferox] by Aristo,Drug,RxNorm Extension,standard,H03A_thyroid_preparations,thyroid_hormones,Thyroid hormones,drug
43707368,levothyroxine 0.125 MG / Potassium Iodide 0.2 MG [Eferox],Drug,RxNorm Extension,standard,H03A_thyroid_preparations,thyroid_hormones,Thyroid hormones,drug
43707369,levothyroxine 0.112 MG / Potassium Iodide 0.2 MG Oral Tablet [L Thyrox Jod Hexal] by Hexal,Drug,RxNorm Extension,standard,H03A_thyroid_preparations,thyroid_hormones,Thyroid hormones,drug
43710768,levothyroxine 0.125 MG [L Thyrox Hexal],Drug,RxNorm Extension,standard,H03A_thyroid_preparations,thyroid_hormones,Thyroid hormones,drug
43710769,levothyroxine 0.125 MG Oral Tablet [L Thyrox Hexal],Drug,RxNorm Extension,standard,H03A_thyroid_preparations,thyroid_hormones,Thyroid hormones,drug
43710770,levothyroxine 0.15 MG [L Thyroxin Na Ratiopharm],Drug,RxNorm Extension,standard,H03A_thyroid_preparations,thyroid_hormones,Thyroid hormones,drug
43710771,levothyroxine 0.15 MG Oral Tablet [L Thyroxin Beta],Drug,RxNorm Extension,standard,H03A_thyroid_preparations,thyroid_hormones,Thyroid hormones,drug
43710772,levothyroxine 0.15 MG Oral Tablet [L Thyroxin Al] by Aliud,Drug,RxNorm Extension,standard,H03A_thyroid_preparations,thyroid_hormones,Thyroid hormones,drug
43710774,levothyroxine 0.075 MG [L-Thyroxin 1a Pharma],Drug,RxNorm Extension,standard,H03A_thyroid_preparations,thyroid_hormones,Thyroid hormones,drug
43710776,levothyroxine 0.075 MG Oral Tablet [L-Thyroxin 1a Pharma] by 1 A,Drug,RxNorm Extension,standard,H03A_thyroid_preparations,thyroid_hormones,Thyroid hormones,drug
43710777,levothyroxine 0.025 MG Oral Tablet [L-Thyroxin 1a Pharma],Drug,RxNorm Extension,standard,H03A_thyroid_preparations,thyroid_hormones,Thyroid hormones,drug
43710778,levothyroxine 0.025 MG Oral Tablet [L-Thyroxin 1a Pharma] by 1 A,Drug,RxNorm Extension,standard,H03A_thyroid_preparations,thyroid_hormones,Thyroid hormones,drug
43711990,levothyroxine 0.15 MG Oral Tablet [L-Thyroxin Aspen],Drug,RxNorm Extension,standard,H03A_thyroid_preparations,thyroid_hormones,Thyroid hormones,drug
43711991,levothyroxine 0.125 MG Oral Tablet [L-Thyroxin Aspen] by Aspen,Drug,RxNorm Extension,standard,H03A_thyroid_preparations,thyroid_hormones,Thyroid hormones,drug
43715044,levothyroxine 0.112 MG Oral Tablet [Berlthyrox],Drug,RxNorm Extension,standard,H03A_thyroid_preparations,thyroid_hormones,Thyroid hormones,drug
43715045,levothyroxine 0.06 MG Oral Tablet [L Thyroxin Al],Drug,RxNorm Extension,standard,H03A_thyroid_preparations,thyroid_hormones,Thyroid hormones,drug
43715046,levothyroxine 0.15 MG [Berlthyrox],Drug,RxNorm Extension,standard,H03A_thyroid_preparations,thyroid_hormones,Thyroid hormones,drug
43715047,levothyroxine 0.112 MG Oral Tablet [L Thyroxin Al],Drug,RxNorm Extension,standard,H03A_thyroid_preparations,thyroid_hormones,Thyroid hormones,drug
43715048,levothyroxine 0.088 MG Oral Tablet [Berlthyrox],Drug,RxNorm Extension,standard,H03A_thyroid_preparations,thyroid_hormones,Thyroid hormones,drug
43717669,bovine thyroid gland extract 7 X / Iron 9 X Oral Tablet by Wala Heilmittel,Drug,RxNorm Extension,standard,H03A_thyroid_preparations,thyroid_hormones,Thyroid hormones,drug
43718996,30 ML levothyroxine 0.112 MG/ML Oral Solution [L-Thyroxin Henning],Drug,RxNorm Extension,standard,H03A_thyroid_preparations,thyroid_hormones,Thyroid hormones,drug
43721462,100 ML levothyroxine 0.005 MG/ML Oral Solution [LEVOTHYROXINE RATIOPHARM],Drug,RxNorm Extension,standard,H03A_thyroid_preparations,thyroid_hormones,Thyroid hormones,drug
43721579,100 ML bovine thyroid gland extract 100 X Oral Solution,Drug,RxNorm Extension,standard,H03A_thyroid_preparations,thyroid_hormones,Thyroid hormones,drug
43725347,levothyroxine / Potassium Iodide Oral Tablet [Thyronajod],Drug,RxNorm Extension,standard,H03A_thyroid_preparations,thyroid_hormones,Thyroid hormones,drug
43725348,levothyroxine 0.15 MG / Potassium Iodide 0.2 MG Oral Tablet [Thyronajod],Drug,RxNorm Extension,standard,H03A_thyroid_preparations,thyroid_hormones,Thyroid hormones,drug
43725349,levothyroxine 0.125 MG / Potassium Iodide 0.2 MG Oral Tablet [L Thyroxin Jod Winthrop],Drug,RxNorm Extension,standard,H03A_thyroid_preparations,thyroid_hormones,Thyroid hormones,drug
43725350,levothyroxine 0.125 MG / Potassium Iodide 0.2 MG Oral Tablet [L Thyroxin Jod Winthrop] by Winthrop,Drug,RxNorm Extension,standard,H03A_thyroid_preparations,thyroid_hormones,Thyroid hormones,drug
43725351,levothyroxine 0.1 MG / Potassium Iodide 0.2 MG Oral Tablet [L Thyrox Jod Hexal],Drug,RxNorm Extension,standard,H03A_thyroid_preparations,thyroid_hormones,Thyroid hormones,drug
43725352,levothyroxine 0.1 MG / Potassium Iodide 0.2 MG Oral Tablet [L Thyrox Jod Hexal] by Hexal,Drug,RxNorm Extension,standard,H03A_thyroid_preparations,thyroid_hormones,Thyroid hormones,drug
43725353,levothyroxine 0.06 MG / Potassium Iodide 0.1 MG Oral Tablet [L-Thyroxin Henning 50],Drug,RxNorm Extension,standard,H03A_thyroid_preparations,thyroid_hormones,Thyroid hormones,drug
43725354,levothyroxine 0.175 MG / Potassium Iodide 0.2 MG [L-Thyroxin Jod Aristo],Drug,RxNorm Extension,standard,H03A_thyroid_preparations,thyroid_hormones,Thyroid hormones,drug
43725355,levothyroxine 0.088 MG / Potassium Iodide 0.2 MG Oral Tablet [L Thyrox Jod Hexal] by Hexal,Drug,RxNorm Extension,standard,H03A_thyroid_preparations,thyroid_hormones,Thyroid hormones,drug
43728762,levothyroxine 0.175 MG Oral Tablet [L Thyrox Hexal] by Hexal,Drug,RxNorm Extension,standard,H03A_thyroid_preparations,thyroid_hormones,Thyroid hormones,drug
43728765,levothyroxine 0.088 MG Oral Tablet [L-Thyroxin 1a Pharma] by 1 A,Drug,RxNorm Extension,standard,H03A_thyroid_preparations,thyroid_hormones,Thyroid hormones,drug
43728766,levothyroxine 0.15 MG Oral Tablet [L Thyroxin Na Ratiopharm] by Ratiopharm,Drug,RxNorm Extension,standard,H03A_thyroid_preparations,thyroid_hormones,Thyroid hormones,drug
43728767,levothyroxine 0.15 MG Oral Tablet [L-Thyroxin 1a Pharma],Drug,RxNorm Extension,standard,H03A_thyroid_preparations,thyroid_hormones,Thyroid hormones,drug
43728768,levothyroxine 0.15 MG Oral Tablet [L Thyroxin Na Abz],Drug,RxNorm Extension,standard,H03A_thyroid_preparations,thyroid_hormones,Thyroid hormones,drug
43728769,levothyroxine 0.075 MG Oral Tablet [L Thyroxin Sandoz] by Hexal,Drug,RxNorm Extension,standard,H03A_thyroid_preparations,thyroid_hormones,Thyroid hormones,drug
43728774,levothyroxine 0.025 MG Oral Tablet [Euthyrox] by Merck,Drug,RxNorm Extension,standard,H03A_thyroid_preparations,thyroid_hormones,Thyroid hormones,drug
43728777,levothyroxine 0.15 MG Oral Tablet [L-Thyroxin Henning 150] by Sanofi,Drug,RxNorm Extension,standard,H03A_thyroid_preparations,thyroid_hormones,Thyroid hormones,drug
43728778,levothyroxine 0.088 MG Oral Tablet [Euthyrox] by Merck,Drug,RxNorm Extension,standard,H03A_thyroid_preparations,thyroid_hormones,Thyroid hormones,drug
43728779,levothyroxine 0.013 MG Oral Capsule [Tirosint] by Ibsa,Drug,RxNorm Extension,standard,H03A_thyroid_preparations,thyroid_hormones,Thyroid hormones,drug
43728781,levothyroxine 0.112 MG Oral Tablet [L-Thyroxin 1a Pharma],Drug,RxNorm Extension,standard,H03A_thyroid_preparations,thyroid_hormones,Thyroid hormones,drug
43728783,levothyroxine 0.05 MG Oral Tablet [L Thyroxin Na Abz] by AbZ-Pharma,Drug,RxNorm Extension,standard,H03A_thyroid_preparations,thyroid_hormones,Thyroid hormones,drug
43728785,levothyroxine 0.1 MG Oral Tablet [L Thyroxin Na Abz] by AbZ-Pharma,Drug,RxNorm Extension,standard,H03A_thyroid_preparations,thyroid_hormones,Thyroid hormones,drug
43729980,levothyroxine Oral Tablet [L-Thyroxin Aspen],Drug,RxNorm Extension,standard,H03A_thyroid_preparations,thyroid_hormones,Thyroid hormones,drug
43729981,levothyroxine 0.112 MG Oral Tablet [L-Thyroxin Aspen],Drug,RxNorm Extension,standard,H03A_thyroid_preparations,thyroid_hormones,Thyroid hormones,drug
43729982,levothyroxine 0.2 MG Oral Tablet [L-Thyroxin Aspen],Drug,RxNorm Extension,standard,H03A_thyroid_preparations,thyroid_hormones,Thyroid hormones,drug
43729983,levothyroxine 0.2 MG Oral Tablet [L-Thyroxin Aspen] by Aspen,Drug,RxNorm Extension,standard,H03A_thyroid_preparations,thyroid_hormones,Thyroid hormones,drug
43729984,levothyroxine 0.03 MG Oral Tablet [L-Thyroxin Aspen] by Aspen,Drug,RxNorm Extension,standard,H03A_thyroid_preparations,thyroid_hormones,Thyroid hormones,drug
43730103,bovine thyroid gland extract Oral Solution,Drug,RxNorm Extension,standard,H03A_thyroid_preparations,thyroid_hormones,Thyroid hormones,drug
43733080,levothyroxine 0.06 MG Oral Tablet [L Thyroxin Ct],Drug,RxNorm Extension,standard,H03A_thyroid_preparations,thyroid_hormones,Thyroid hormones,drug
43733081,levothyroxine 0.06 MG Oral Tablet [Berlthyrox],Drug,RxNorm Extension,standard,H03A_thyroid_preparations,thyroid_hormones,Thyroid hormones,drug
43733082,levothyroxine 0.175 MG Oral Tablet [Berlthyrox],Drug,RxNorm Extension,standard,H03A_thyroid_preparations,thyroid_hormones,Thyroid hormones,drug
43733083,levothyroxine 0.1 MG/ML Injectable Solution [L-Thyroxin Henning],Drug,RxNorm Extension,standard,H03A_thyroid_preparations,thyroid_hormones,Thyroid hormones,drug
43733084,levothyroxine 0.088 MG Oral Tablet [Berlthyrox] by Berlin-Chemie,Drug,RxNorm Extension,standard,H03A_thyroid_preparations,thyroid_hormones,Thyroid hormones,drug
43735450,5 ML levothyroxine 0.02 MG/ML Oral Solution [Levothyroxin-Natrium Aristo],Drug,RxNorm Extension,standard,H03A_thyroid_preparations,thyroid_hormones,Thyroid hormones,drug
43737099,30 ML levothyroxine 0.112 MG/ML Oral Solution [L-Thyroxin Henning] Box of 3,Drug,RxNorm Extension,standard,H03A_thyroid_preparations,thyroid_hormones,Thyroid hormones,drug
43737670,50 ML bovine thyroid gland extract 50 X Oral Solution by Weleda,Drug,RxNorm Extension,standard,H03A_thyroid_preparations,thyroid_hormones,Thyroid hormones,drug
43743210,AMNIOTIC FLUID (BOVINE) 11 X / Bos taurus brain preparation 10 X / Bos taurus ovary preparation 11 X / Bos taurus placenta preparation 10 X / Bos taurus spleen preparation 11 X / ... Delayed Release Oral Capsule [Neygeront-Vitalkapseln] by Vitorgan,Drug,RxNorm Extension,standard,H03A_thyroid_preparations,thyroid_hormones,Thyroid hormones,drug
43743459,levothyroxine 0.1 MG / Potassium Iodide 0.131 MG [Jodthyrox],Drug,RxNorm Extension,standard,H03A_thyroid_preparations,thyroid_hormones,Thyroid hormones,drug
43743460,levothyroxine 0.1 MG / Potassium Iodide 0.2 MG Oral Tablet [L Thyroxin Jod Winthrop],Drug,RxNorm Extension,standard,H03A_thyroid_preparations,thyroid_hormones,Thyroid hormones,drug
43743461,levothyroxine / Potassium Iodide Oral Tablet [L-Thyroxin Henning],Drug,RxNorm Extension,standard,H03A_thyroid_preparations,thyroid_hormones,Thyroid hormones,drug
43743462,levothyroxine 0.1 MG / Potassium Iodide 0.2 MG Oral Tablet [Eferox],Drug,RxNorm Extension,standard,H03A_thyroid_preparations,thyroid_hormones,Thyroid hormones,drug
43743463,levothyroxine 0.088 MG / Potassium Iodide 0.1 MG Oral Tablet,Drug,RxNorm Extension,standard,H03A_thyroid_preparations,thyroid_hormones,Thyroid hormones,drug
43743464,levothyroxine 0.06 MG / Potassium Iodide 0.1 MG Oral Tablet [L-Thyroxin Henning 50] by Sanofi,Drug,RxNorm Extension,standard,H03A_thyroid_preparations,thyroid_hormones,Thyroid hormones,drug
43743465,levothyroxine 0.088 MG / Potassium Iodide 0.2 MG Oral Tablet [L-Thyroxin Jod Aristo] by Aristo,Drug,RxNorm Extension,standard,H03A_thyroid_preparations,thyroid_hormones,Thyroid hormones,drug
43745088,bovine thyroid gland extract / Iron Oral Tablet,Drug,RxNorm Extension,standard,H03A_thyroid_preparations,thyroid_hormones,Thyroid hormones,drug
43745090,bovine thyroid gland extract 0.0007 X / Iron 0.0009 X Oral Tablet,Drug,RxNorm Extension,standard,H03A_thyroid_preparations,thyroid_hormones,Thyroid hormones,drug
43746674,levothyroxine Oral Tablet [L-Thyroxin 1a Pharma],Drug,RxNorm Extension,standard,H03A_thyroid_preparations,thyroid_hormones,Thyroid hormones,drug
43746676,levothyroxine Oral Solution [Levothyroxin-Natrium Aristo],Drug,RxNorm Extension,standard,H03A_thyroid_preparations,thyroid_hormones,Thyroid hormones,drug
43746677,levothyroxine 0.175 MG [L-Thyroxin Henning],Drug,RxNorm Extension,standard,H03A_thyroid_preparations,thyroid_hormones,Thyroid hormones,drug
43746679,levothyroxine 0.088 MG Oral Tablet [L Thyroxin Na Ratiopharm] by Ratiopharm,Drug,RxNorm Extension,standard,H03A_thyroid_preparations,thyroid_hormones,Thyroid hormones,drug
43746680,levothyroxine 0.125 MG Oral Tablet [L Thyroxin Beta],Drug,RxNorm Extension,standard,H03A_thyroid_preparations,thyroid_hormones,Thyroid hormones,drug
43746683,levothyroxine 0.025 MG Oral Tablet [L Thyroxin Na Ct] by AbZ-Pharma,Drug,RxNorm Extension,standard,H03A_thyroid_preparations,thyroid_hormones,Thyroid hormones,drug
43746685,levothyroxine 0.2 MG Oral Tablet [L-Thyroxin 1a Pharma],Drug,RxNorm Extension,standard,H03A_thyroid_preparations,thyroid_hormones,Thyroid hormones,drug
43746687,levothyroxine 0.112 MG Oral Tablet [L Thyrox Hexal] by Hexal,Drug,RxNorm Extension,standard,H03A_thyroid_preparations,thyroid_hormones,Thyroid hormones,drug
43746692,levothyroxine 0.05 MG Oral Tablet [L-Thyroxin 1a Pharma] by 1 A,Drug,RxNorm Extension,standard,H03A_thyroid_preparations,thyroid_hormones,Thyroid hormones,drug
43746693,levothyroxine 0.1 MG Oral Tablet [L Thyroxin Sandoz] by Hexal,Drug,RxNorm Extension,standard,H03A_thyroid_preparations,thyroid_hormones,Thyroid hormones,drug
43746696,levothyroxine 0.1 MG / liothyronine 0.01 MG Oral Tablet [Prothyrid] by Sanofi,Drug,RxNorm Extension,standard,H03A_thyroid_preparations,thyroid_hormones,Thyroid hormones,drug
43747906,levothyroxine 0.15 MG [L-Thyroxin Aspen],Drug,RxNorm Extension,standard,H03A_thyroid_preparations,thyroid_hormones,Thyroid hormones,drug
43751033,levothyroxine 0.112 MG/ML [L-Thyroxin Henning],Drug,RxNorm Extension,standard,H03A_thyroid_preparations,thyroid_hormones,Thyroid hormones,drug
43751034,levothyroxine 0.05 MG Oral Tablet [Thevier] by Aspen,Drug,RxNorm Extension,standard,H03A_thyroid_preparations,thyroid_hormones,Thyroid hormones,drug
43751035,levothyroxine 0.088 MG [Thyrofix],Drug,RxNorm Extension,standard,H03A_thyroid_preparations,thyroid_hormones,Thyroid hormones,drug
43751036,levothyroxine 0.112 MG Oral Tablet [Thyrofix] by Uni- Kleon Tsetis,Drug,RxNorm Extension,standard,H03A_thyroid_preparations,thyroid_hormones,Thyroid hormones,drug
43751037,levothyroxine 0.088 MG [Berlthyrox],Drug,RxNorm Extension,standard,H03A_thyroid_preparations,thyroid_hormones,Thyroid hormones,drug
43753246,5 ML levothyroxine 0.005 MG/ML Oral Solution,Drug,RxNorm Extension,standard,H03A_thyroid_preparations,thyroid_hormones,Thyroid hormones,drug
43753247,5 ML levothyroxine 0.01 MG/ML Oral Solution,Drug,RxNorm Extension,standard,H03A_thyroid_preparations,thyroid_hormones,Thyroid hormones,drug
43753248,5 ML levothyroxine 0.01 MG/ML Oral Solution [LEVOTHYROXINE RATIOPHARM],Drug,RxNorm Extension,standard,H03A_thyroid_preparations,thyroid_hormones,Thyroid hormones,drug
43753666,10 ML arsenate 6 X / bovine thyroid gland extract 10 X / Chelidonium majus extract 3 X / Colchicum autumnale whole extract 3 X / Spongia officinalis preparation 10 X / Vespa crabro preparation 6 X Oral Solution by Weleda,Drug,RxNorm Extension,standard,H03A_thyroid_preparations,thyroid_hormones,Thyroid hormones,drug
43754482,bovine thyroid gland extract 14 X Oral Tablet by Wala Heilmittel,Drug,RxNorm Extension,standard,H03A_thyroid_preparations,thyroid_hormones,Thyroid hormones,drug
43755058,30 ML levothyroxine 0.112 MG/ML Oral Solution,Drug,RxNorm Extension,standard,H03A_thyroid_preparations,thyroid_hormones,Thyroid hormones,drug
43757504,100 ML levothyroxine 0.02 MG/ML Oral Solution [LEVOTHYROXINE RATIOPHARM],Drug,RxNorm Extension,standard,H03A_thyroid_preparations,thyroid_hormones,Thyroid hormones,drug
43757505,100 ML levothyroxine 0.02 MG/ML Oral Solution [LEVOTHYROXINE RATIOPHARM] by Ratiopharm,Drug,RxNorm Extension,standard,H03A_thyroid_preparations,thyroid_hormones,Thyroid hormones,drug
43761296,levothyroxine 0.05 MG / Potassium Iodide 0.2 MG Oral Tablet [Thyronajod],Drug,RxNorm Extension,standard,H03A_thyroid_preparations,thyroid_hormones,Thyroid hormones,drug
43761297,levothyroxine 0.05 MG / Potassium Iodide 0.2 MG Oral Tablet [Thyronajod] by Sanofi,Drug,RxNorm Extension,standard,H03A_thyroid_preparations,thyroid_hormones,Thyroid hormones,drug
43761298,levothyroxine 0.05 MG / Potassium Iodide 0.2 MG Oral Tablet [L Thyroxin Jod Winthrop] by Winthrop,Drug,RxNorm Extension,standard,H03A_thyroid_preparations,thyroid_hormones,Thyroid hormones,drug
43761299,levothyroxine 0.1 MG / Potassium Iodide 0.131 MG Oral Tablet by 1 A,Drug,RxNorm Extension,standard,H03A_thyroid_preparations,thyroid_hormones,Thyroid hormones,drug
43761300,levothyroxine 0.15 MG / Potassium Iodide 0.2 MG Oral Tablet [L Thyrox Jod Hexal],Drug,RxNorm Extension,standard,H03A_thyroid_preparations,thyroid_hormones,Thyroid hormones,drug
43761301,levothyroxine 0.088 MG / Potassium Iodide 0.2 MG Oral Tablet by Berlin-Chemie,Drug,RxNorm Extension,standard,H03A_thyroid_preparations,thyroid_hormones,Thyroid hormones,drug
43761302,levothyroxine 0.088 MG / Potassium Iodide 0.2 MG Oral Tablet [L Thyrox Jod Hexal],Drug,RxNorm Extension,standard,H03A_thyroid_preparations,thyroid_hormones,Thyroid hormones,drug
43761303,levothyroxine 0.088 MG / Potassium Iodide 0.2 MG Oral Tablet [L-Thyroxin Jod Aristo],Drug,RxNorm Extension,standard,H03A_thyroid_preparations,thyroid_hormones,Thyroid hormones,drug
43764629,levothyroxine 0.175 MG Oral Tablet [L Thyroxin Al],Drug,RxNorm Extension,standard,H03A_thyroid_preparations,thyroid_hormones,Thyroid hormones,drug
43764630,levothyroxine 0.125 MG [L Thyroxin Na Ratiopharm],Drug,RxNorm Extension,standard,H03A_thyroid_preparations,thyroid_hormones,Thyroid hormones,drug
43764631,levothyroxine 0.125 MG [L-Thyroxin 1a Pharma],Drug,RxNorm Extension,standard,H03A_thyroid_preparations,thyroid_hormones,Thyroid hormones,drug
43764632,levothyroxine 0.15 MG Oral Tablet [L Thyroxin Aristo],Drug,RxNorm Extension,standard,H03A_thyroid_preparations,thyroid_hormones,Thyroid hormones,drug
43764633,levothyroxine 0.15 MG Oral Tablet [Euthyrox] by Merck,Drug,RxNorm Extension,standard,H03A_thyroid_preparations,thyroid_hormones,Thyroid hormones,drug
43764634,levothyroxine 0.15 MG Oral Tablet [L Thyroxin Na Abz] by AbZ-Pharma,Drug,RxNorm Extension,standard,H03A_thyroid_preparations,thyroid_hormones,Thyroid hormones,drug
43764635,levothyroxine 0.15 MG Oral Tablet [L Thyroxin Na Ct],Drug,RxNorm Extension,standard,H03A_thyroid_preparations,thyroid_hormones,Thyroid hormones,drug
43764638,levothyroxine 0.075 MG Oral Tablet [L-Thyroxin 1a Pharma],Drug,RxNorm Extension,standard,H03A_thyroid_preparations,thyroid_hormones,Thyroid hormones,drug
43764641,levothyroxine 0.025 MG Oral Tablet [L Thyroxin Winthrop] by Winthrop,Drug,RxNorm Extension,standard,H03A_thyroid_preparations,thyroid_hormones,Thyroid hormones,drug
43764642,levothyroxine 0.025 MG Oral Tablet [L-Thyroxin Henning 25],Drug,RxNorm Extension,standard,H03A_thyroid_preparations,thyroid_hormones,Thyroid hormones,drug
43764645,levothyroxine 0.05 MG Oral Tablet [L-Thyroxin Henning 50],Drug,RxNorm Extension,standard,H03A_thyroid_preparations,thyroid_hormones,Thyroid hormones,drug
43764652,liothyronine 0.02 MG/ML [Thyrotardin-Inject],Drug,RxNorm Extension,standard,H03A_thyroid_preparations,thyroid_hormones,Thyroid hormones,drug
43764654,liothyronine 0.000000004 MG,Drug,RxNorm Extension,standard,H03A_thyroid_preparations,thyroid_hormones,Thyroid hormones,drug
43765894,levothyroxine 0.112 MG Oral Tablet [L-Thyroxin Aspen] by Aspen,Drug,RxNorm Extension,standard,H03A_thyroid_preparations,thyroid_hormones,Thyroid hormones,drug
43769006,levothyroxine 0.112 MG Oral Tablet [Thevier],Drug,RxNorm Extension,standard,H03A_thyroid_preparations,thyroid_hormones,Thyroid hormones,drug
43769007,levothyroxine 0.112 MG/ML Oral Solution [L-Thyroxin Henning] Box of 3,Drug,RxNorm Extension,standard,H03A_thyroid_preparations,thyroid_hormones,Thyroid hormones,drug
43769009,levothyroxine 0.03 MG Oral Tablet [Thyrofix],Drug,RxNorm Extension,standard,H03A_thyroid_preparations,thyroid_hormones,Thyroid hormones,drug
43769010,levothyroxine 0.15 MG Oral Tablet [Berlthyrox],Drug,RxNorm Extension,standard,H03A_thyroid_preparations,thyroid_hormones,Thyroid hormones,drug
43769011,levothyroxine 1.12 MG [L-Thyroxin Henning],Drug,RxNorm Extension,standard,H03A_thyroid_preparations,thyroid_hormones,Thyroid hormones,drug
43771514,5 ML levothyroxine 0.1 MG/ML Injectable Solution [L-Thyroxin Henning],Drug,RxNorm Extension,standard,H03A_thyroid_preparations,thyroid_hormones,Thyroid hormones,drug
43773041,30 ML levothyroxine 0.112 MG/ML Oral Solution [L-Thyroxin Henning] by Sanofi,Drug,RxNorm Extension,standard,H03A_thyroid_preparations,thyroid_hormones,Thyroid hormones,drug
43775479,100 ML levothyroxine 0.02 MG/ML Oral Solution [Levothyroxin-Natrium Aristo] by Aristo,Drug,RxNorm Extension,standard,H03A_thyroid_preparations,thyroid_hormones,Thyroid hormones,drug
43775480,100 ML levothyroxine 0.01 MG/ML Oral Solution [LEVOTHYROXINE RATIOPHARM],Drug,RxNorm Extension,standard,H03A_thyroid_preparations,thyroid_hormones,Thyroid hormones,drug
43779349,levothyroxine 0.15 MG / Potassium Iodide 0.2 MG [Thyronajod],Drug,RxNorm Extension,standard,H03A_thyroid_preparations,thyroid_hormones,Thyroid hormones,drug
43779350,levothyroxine 0.175 MG / Potassium Iodide 0.2 MG Oral Tablet [L-Thyroxin Jod Aristo],Drug,RxNorm Extension,standard,H03A_thyroid_preparations,thyroid_hormones,Thyroid hormones,drug
43779351,levothyroxine 0.112 MG / Potassium Iodide 0.1 MG [L-Thyroxin Henning],Drug,RxNorm Extension,standard,H03A_thyroid_preparations,thyroid_hormones,Thyroid hormones,drug
43782788,levothyroxine Oral Solution [LEVOTHYROXINE RATIOPHARM],Drug,RxNorm Extension,standard,H03A_thyroid_preparations,thyroid_hormones,Thyroid hormones,drug
43782790,levothyroxine 0.175 MG Oral Tablet [L Thyroxin Al] by Aliud,Drug,RxNorm Extension,standard,H03A_thyroid_preparations,thyroid_hormones,Thyroid hormones,drug
43782792,levothyroxine 0.088 MG [L-Thyroxin 1a Pharma],Drug,RxNorm Extension,standard,H03A_thyroid_preparations,thyroid_hormones,Thyroid hormones,drug
43782793,levothyroxine 0.02 MG/ML Oral Solution [Levothyroxin-Natrium Aristo],Drug,RxNorm Extension,standard,H03A_thyroid_preparations,thyroid_hormones,Thyroid hormones,drug
43782794,levothyroxine 0.125 MG [L Thyroxin Na Ct],Drug,RxNorm Extension,standard,H03A_thyroid_preparations,thyroid_hormones,Thyroid hormones,drug
43782795,levothyroxine 0.125 MG Oral Tablet [L Thyroxin Winthrop],Drug,RxNorm Extension,standard,H03A_thyroid_preparations,thyroid_hormones,Thyroid hormones,drug
43782796,levothyroxine 0.125 MG Oral Tablet [L Thyroxin Na Ratiopharm],Drug,RxNorm Extension,standard,H03A_thyroid_preparations,thyroid_hormones,Thyroid hormones,drug
43782797,levothyroxine 0.15 MG [L Thyroxin Winthrop],Drug,RxNorm Extension,standard,H03A_thyroid_preparations,thyroid_hormones,Thyroid hormones,drug
43782798,levothyroxine 0.15 MG [L Thyroxin Sandoz],Drug,RxNorm Extension,standard,H03A_thyroid_preparations,thyroid_hormones,Thyroid hormones,drug
43782799,levothyroxine 0.15 MG Oral Capsule [Tirosint] by Ibsa,Drug,RxNorm Extension,standard,H03A_thyroid_preparations,thyroid_hormones,Thyroid hormones,drug
43782800,levothyroxine 0.075 MG Oral Tablet [L-Thyroxin Henning 75] by Sanofi,Drug,RxNorm Extension,standard,H03A_thyroid_preparations,thyroid_hormones,Thyroid hormones,drug
43782803,levothyroxine 0.2 MG Oral Tablet [L-Thyroxin Henning],Drug,RxNorm Extension,standard,H03A_thyroid_preparations,thyroid_hormones,Thyroid hormones,drug
43782804,levothyroxine 0.112 MG Oral Tablet [Euthyrox] by Merck,Drug,RxNorm Extension,standard,H03A_thyroid_preparations,thyroid_hormones,Thyroid hormones,drug
43782805,levothyroxine 0.005 MG/ML [LEVOTHYROXINE RATIOPHARM],Drug,RxNorm Extension,standard,H03A_thyroid_preparations,thyroid_hormones,Thyroid hormones,drug
43782806,levothyroxine 0.112 MG Oral Tablet [L-Thyroxin 1a Pharma] by 1 A,Drug,RxNorm Extension,standard,H03A_thyroid_preparations,thyroid_hormones,Thyroid hormones,drug
43782807,levothyroxine 0.112 MG Oral Tablet [L Thyroxin Na Abz] by AbZ-Pharma,Drug,RxNorm Extension,standard,H03A_thyroid_preparations,thyroid_hormones,Thyroid hormones,drug
43782809,levothyroxine 0.05 MG Oral Tablet [L Thyrox Hexal] by Hexal,Drug,RxNorm Extension,standard,H03A_thyroid_preparations,thyroid_hormones,Thyroid hormones,drug
43782811,levothyroxine 0.05 MG Oral Tablet [L Thyroxin Aristo] by Aristo,Drug,RxNorm Extension,standard,H03A_thyroid_preparations,thyroid_hormones,Thyroid hormones,drug
43782813,levothyroxine 0.1 MG [L-Thyroxin 1a Pharma],Drug,RxNorm Extension,standard,H03A_thyroid_preparations,thyroid_hormones,Thyroid hormones,drug
43784059,levothyroxine 0.223 MG Oral Tablet [L-Thyroxin Aspen] by Aspen,Drug,RxNorm Extension,standard,H03A_thyroid_preparations,thyroid_hormones,Thyroid hormones,drug
43784061,levothyroxine 0.1 MG [L-Thyroxin Aspen],Drug,RxNorm Extension,standard,H03A_thyroid_preparations,thyroid_hormones,Thyroid hormones,drug
43784062,levothyroxine 0.125 MG Oral Tablet [L-Thyroxin Aspen],Drug,RxNorm Extension,standard,H03A_thyroid_preparations,thyroid_hormones,Thyroid hormones,drug
43784170,bovine thyroid gland extract 0.001 X,Drug,RxNorm Extension,standard,H03A_thyroid_preparations,thyroid_hormones,Thyroid hormones,drug
43784172,bovine thyroid gland extract 7 X,Drug,RxNorm Extension,standard,H03A_thyroid_preparations,thyroid_hormones,Thyroid hormones,drug
43786963,levothyroxine 0.112 MG Oral Tablet [Thevier] by Aspen,Drug,RxNorm Extension,standard,H03A_thyroid_preparations,thyroid_hormones,Thyroid hormones,drug
43786965,levothyroxine 0.15 MG Oral Tablet [Berlthyrox] by Berlin-Chemie,Drug,RxNorm Extension,standard,H03A_thyroid_preparations,thyroid_hormones,Thyroid hormones,drug
43786966,levothyroxine 0.06 MG [Berlthyrox],Drug,RxNorm Extension,standard,H03A_thyroid_preparations,thyroid_hormones,Thyroid hormones,drug
43786967,levothyroxine 0.06 MG Oral Tablet [Berlthyrox] by Berlin-Chemie,Drug,RxNorm Extension,standard,H03A_thyroid_preparations,thyroid_hormones,Thyroid hormones,drug
43786968,levothyroxine 0.112 MG [L Thyroxin Ct],Drug,RxNorm Extension,standard,H03A_thyroid_preparations,thyroid_hormones,Thyroid hormones,drug
43786969,levothyroxine 0.088 MG Oral Tablet [Thyrofix] by Uni- Kleon Tsetis,Drug,RxNorm Extension,standard,H03A_thyroid_preparations,thyroid_hormones,Thyroid hormones,drug
43786970,levothyroxine 0.175 MG Oral Tablet [Berlthyrox] by Berlin-Chemie,Drug,RxNorm Extension,standard,H03A_thyroid_preparations,thyroid_hormones,Thyroid hormones,drug
43789134,5 ML levothyroxine 0.02 MG/ML Oral Solution,Drug,RxNorm Extension,standard,H03A_thyroid_preparations,thyroid_hormones,Thyroid hormones,drug
43789135,5 ML levothyroxine 0.02 MG/ML Oral Solution [LEVOTHYROXINE RATIOPHARM],Drug,RxNorm Extension,standard,H03A_thyroid_preparations,thyroid_hormones,Thyroid hormones,drug
43789513,10 ML arsenate 6 X / bovine thyroid gland extract 10 X / Chelidonium majus extract 3 X / Colchicum autumnale whole extract 3 X / Spongia officinalis preparation 10 X / Vespa crabro preparation 6 X Oral Solution,Drug,RxNorm Extension,standard,H03A_thyroid_preparations,thyroid_hormones,Thyroid hormones,drug
43790872,30 ML levothyroxine 0.112 MG/ML Oral Solution Box of 3,Drug,RxNorm Extension,standard,H03A_thyroid_preparations,thyroid_hormones,Thyroid hormones,drug
43793513,100 ML bovine thyroid gland extract 100 X Oral Solution by Weleda,Drug,RxNorm Extension,standard,H03A_thyroid_preparations,thyroid_hormones,Thyroid hormones,drug
43797009,AMNIOTIC FLUID (BOVINE) 11 X / Bos taurus brain preparation 10 X / Bos taurus ovary preparation 11 X / Bos taurus placenta preparation 10 X / Bos taurus spleen preparation 11 X / ... Delayed Release Oral Capsule [Neygeront-Vitalkapseln],Drug,RxNorm Extension,standard,H03A_thyroid_preparations,thyroid_hormones,Thyroid hormones,drug
43797278,levothyroxine / Potassium Iodide Oral Tablet [Eferox],Drug,RxNorm Extension,standard,H03A_thyroid_preparations,thyroid_hormones,Thyroid hormones,drug
43797279,levothyroxine 0.075 MG / Potassium Iodide 0.2 MG [L Thyroxin Jod Winthrop],Drug,RxNorm Extension,standard,H03A_thyroid_preparations,thyroid_hormones,Thyroid hormones,drug
43797280,levothyroxine 0.1 MG / Potassium Iodide 0.2 MG [Eferox],Drug,RxNorm Extension,standard,H03A_thyroid_preparations,thyroid_hormones,Thyroid hormones,drug
43797281,levothyroxine 0.06 MG / Potassium Iodide 0.2 MG Oral Tablet [L-Thyroxin Jod Aristo],Drug,RxNorm Extension,standard,H03A_thyroid_preparations,thyroid_hormones,Thyroid hormones,drug
43797282,levothyroxine 0.112 MG / Potassium Iodide 0.2 MG Oral Tablet [L Thyrox Jod Hexal],Drug,RxNorm Extension,standard,H03A_thyroid_preparations,thyroid_hormones,Thyroid hormones,drug
43797283,levothyroxine 0.088 MG / Potassium Iodide 0.2 MG [L Thyrox Jod Hexal],Drug,RxNorm Extension,standard,H03A_thyroid_preparations,thyroid_hormones,Thyroid hormones,drug
43800651,levothyroxine Oral Tablet [L-Thyroxin Henning 25],Drug,RxNorm Extension,standard,H03A_thyroid_preparations,thyroid_hormones,Thyroid hormones,drug
43800652,levothyroxine 0.175 MG Oral Tablet [L Thyroxin Na Ct] by AbZ-Pharma,Drug,RxNorm Extension,standard,H03A_thyroid_preparations,thyroid_hormones,Thyroid hormones,drug
43800654,levothyroxine 0.088 MG Oral Tablet [L-Thyroxin 1a Pharma],Drug,RxNorm Extension,standard,H03A_thyroid_preparations,thyroid_hormones,Thyroid hormones,drug
43800655,levothyroxine 0.125 MG Oral Tablet [L-Thyroxin Henning 125] by Sanofi,Drug,RxNorm Extension,standard,H03A_thyroid_preparations,thyroid_hormones,Thyroid hormones,drug
43800656,levothyroxine 0.125 MG Oral Tablet [L Thyroxin Al] by Aliud,Drug,RxNorm Extension,standard,H03A_thyroid_preparations,thyroid_hormones,Thyroid hormones,drug
43800658,levothyroxine 0.15 MG [L Thyroxin Al],Drug,RxNorm Extension,standard,H03A_thyroid_preparations,thyroid_hormones,Thyroid hormones,drug
43800659,levothyroxine 0.15 MG Oral Tablet [L Thyroxin Na Ratiopharm],Drug,RxNorm Extension,standard,H03A_thyroid_preparations,thyroid_hormones,Thyroid hormones,drug
43800661,levothyroxine 0.075 MG Oral Tablet [L Thyroxin Aristo] by Aristo,Drug,RxNorm Extension,standard,H03A_thyroid_preparations,thyroid_hormones,Thyroid hormones,drug
43800662,levothyroxine 0.075 MG Oral Tablet [L Thyroxin Al] by Aliud,Drug,RxNorm Extension,standard,H03A_thyroid_preparations,thyroid_hormones,Thyroid hormones,drug
43800664,levothyroxine 0.025 MG [L-Thyroxin Henning 25],Drug,RxNorm Extension,standard,H03A_thyroid_preparations,thyroid_hormones,Thyroid hormones,drug
43800665,levothyroxine 0.025 MG Oral Tablet [L Thyrox Hexal] by Hexal,Drug,RxNorm Extension,standard,H03A_thyroid_preparations,thyroid_hormones,Thyroid hormones,drug
43800666,levothyroxine 0.2 MG Oral Tablet [L Thyrox Hexal] by Hexal,Drug,RxNorm Extension,standard,H03A_thyroid_preparations,thyroid_hormones,Thyroid hormones,drug
43800667,levothyroxine 0.2 MG Oral Tablet [L-Thyroxin 1a Pharma] by 1 A,Drug,RxNorm Extension,standard,H03A_thyroid_preparations,thyroid_hormones,Thyroid hormones,drug
43800668,levothyroxine 0.2 MG Oral Tablet [L-Thyroxin Henning] by Sanofi,Drug,RxNorm Extension,standard,H03A_thyroid_preparations,thyroid_hormones,Thyroid hormones,drug
43800670,levothyroxine 0.005 MG/ML Oral Solution [LEVOTHYROXINE RATIOPHARM],Drug,RxNorm Extension,standard,H03A_thyroid_preparations,thyroid_hormones,Thyroid hormones,drug
43800671,levothyroxine 0.112 MG Oral Tablet [L Thyroxin Na Ct],Drug,RxNorm Extension,standard,H03A_thyroid_preparations,thyroid_hormones,Thyroid hormones,drug
43800674,levothyroxine 0.05 MG Oral Tablet [L-Thyroxin Henning 50] by Sanofi,Drug,RxNorm Extension,standard,H03A_thyroid_preparations,thyroid_hormones,Thyroid hormones,drug
43800675,levothyroxine 0.1 MG Oral Tablet [L Thyroxin Na Ct] by AbZ-Pharma,Drug,RxNorm Extension,standard,H03A_thyroid_preparations,thyroid_hormones,Thyroid hormones,drug
43801906,levothyroxine 0.15 MG Oral Tablet [L-Thyroxin Aspen] by Aspen,Drug,RxNorm Extension,standard,H03A_thyroid_preparations,thyroid_hormones,Thyroid hormones,drug
43804971,levothyroxine 0.112 MG [L Thyroxin Al],Drug,RxNorm Extension,standard,H03A_thyroid_preparations,thyroid_hormones,Thyroid hormones,drug
43807207,5 ML liothyronine 0.02 MG/ML Injectable Solution [Thyrotardin-Inject],Drug,RxNorm Extension,standard,H03A_thyroid_preparations,thyroid_hormones,Thyroid hormones,drug
43815376,levothyroxine / Potassium Iodide Oral Tablet [Jodthyrox],Drug,RxNorm Extension,standard,H03A_thyroid_preparations,thyroid_hormones,Thyroid hormones,drug
43815377,levothyroxine 0.075 MG / Potassium Iodide 0.2 MG [Thyronajod],Drug,RxNorm Extension,standard,H03A_thyroid_preparations,thyroid_hormones,Thyroid hormones,drug
43815378,levothyroxine 0.05 MG / Potassium Iodide 0.2 MG [Thyronajod],Drug,RxNorm Extension,standard,H03A_thyroid_preparations,thyroid_hormones,Thyroid hormones,drug
43815379,levothyroxine 0.125 MG / Potassium Iodide 0.2 MG [L Thyroxin Jod Winthrop],Drug,RxNorm Extension,standard,H03A_thyroid_preparations,thyroid_hormones,Thyroid hormones,drug
43815380,levothyroxine 0.125 MG / Potassium Iodide 0.2 MG Oral Tablet [Eferox] by Aristo,Drug,RxNorm Extension,standard,H03A_thyroid_preparations,thyroid_hormones,Thyroid hormones,drug
43815381,levothyroxine 0.112 MG / Potassium Iodide 0.2 MG [L Thyrox Jod Hexal],Drug,RxNorm Extension,standard,H03A_thyroid_preparations,thyroid_hormones,Thyroid hormones,drug
43818776,levothyroxine Oral Tablet [L-Thyroxin Henning],Drug,RxNorm Extension,standard,H03A_thyroid_preparations,thyroid_hormones,Thyroid hormones,drug
43818781,levothyroxine 0.175 MG [L Thyroxin Al],Drug,RxNorm Extension,standard,H03A_thyroid_preparations,thyroid_hormones,Thyroid hormones,drug
43818782,levothyroxine 0.175 MG Oral Tablet [Euthyrox] by Merck,Drug,RxNorm Extension,standard,H03A_thyroid_preparations,thyroid_hormones,Thyroid hormones,drug
43818784,levothyroxine 0.088 MG Oral Capsule [Tirosint] by Ibsa,Drug,RxNorm Extension,standard,H03A_thyroid_preparations,thyroid_hormones,Thyroid hormones,drug
43818785,levothyroxine 0.125 MG Oral Tablet [L Thyroxin Na Ct] by AbZ-Pharma,Drug,RxNorm Extension,standard,H03A_thyroid_preparations,thyroid_hormones,Thyroid hormones,drug
43818786,levothyroxine 0.15 MG [L Thyroxin Na Abz],Drug,RxNorm Extension,standard,H03A_thyroid_preparations,thyroid_hormones,Thyroid hormones,drug
43818789,levothyroxine 0.15 MG Oral Tablet [L-Thyroxin Henning 150],Drug,RxNorm Extension,standard,H03A_thyroid_preparations,thyroid_hormones,Thyroid hormones,drug
43818790,levothyroxine 0.112 MG Oral Tablet [L Thyroxin Na Ratiopharm] by Ratiopharm,Drug,RxNorm Extension,standard,H03A_thyroid_preparations,thyroid_hormones,Thyroid hormones,drug
43818792,levothyroxine 0.05 MG Oral Tablet [Euthyrox] by Merck,Drug,RxNorm Extension,standard,H03A_thyroid_preparations,thyroid_hormones,Thyroid hormones,drug
43818793,levothyroxine 0.05 MG Oral Capsule [Tirosint] by Ibsa,Drug,RxNorm Extension,standard,H03A_thyroid_preparations,thyroid_hormones,Thyroid hormones,drug
43818796,levothyroxine 0.1 MG Oral Tablet [L-Thyroxin 1a Pharma],Drug,RxNorm Extension,standard,H03A_thyroid_preparations,thyroid_hormones,Thyroid hormones,drug
43818798,levothyroxine 0.1 MG Oral Tablet [L Thyroxin Al] by Aliud,Drug,RxNorm Extension,standard,H03A_thyroid_preparations,thyroid_hormones,Thyroid hormones,drug
43818799,levothyroxine 0.1 MG Oral Tablet [L Thyrox Hexal] by Hexal,Drug,RxNorm Extension,standard,H03A_thyroid_preparations,thyroid_hormones,Thyroid hormones,drug
43818801,liothyronine Injectable Solution [Thyrotardin-Inject],Drug,RxNorm Extension,standard,H03A_thyroid_preparations,thyroid_hormones,Thyroid hormones,drug
43820023,levothyroxine 0.223 MG [L-Thyroxin Aspen],Drug,RxNorm Extension,standard,H03A_thyroid_preparations,thyroid_hormones,Thyroid hormones,drug
43820024,levothyroxine 0.088 MG Oral Tablet [L-Thyroxin Aspen] by Aspen,Drug,RxNorm Extension,standard,H03A_thyroid_preparations,thyroid_hormones,Thyroid hormones,drug
43820025,levothyroxine 0.1 MG Oral Tablet [L-Thyroxin Aspen] by Aspen,Drug,RxNorm Extension,standard,H03A_thyroid_preparations,thyroid_hormones,Thyroid hormones,drug
43823071,levothyroxine 0.112 MG Oral Tablet [Thyrofix],Drug,RxNorm Extension,standard,H03A_thyroid_preparations,thyroid_hormones,Thyroid hormones,drug
43825413,5 ML levothyroxine 0.005 MG/ML Oral Solution [LEVOTHYROXINE RATIOPHARM] by Ratiopharm,Drug,RxNorm Extension,standard,H03A_thyroid_preparations,thyroid_hormones,Thyroid hormones,drug
43825643,5 ML levothyroxine 0.1 MG/ML Injectable Solution [L-Thyroxin Henning] by Sanofi,Drug,RxNorm Extension,standard,H03A_thyroid_preparations,thyroid_hormones,Thyroid hormones,drug
43825823,"belladonna extract, USP 14 X / bovine thyroid gland extract 7 X / calcarea hahnemanni extarct 6 X / Copper Sulfate 5 X Oral Tablet",Drug,RxNorm Extension,standard,H03A_thyroid_preparations,thyroid_hormones,Thyroid hormones,drug
43825824,"belladonna extract, USP 14 X / bovine thyroid gland extract 7 X / calcarea hahnemanni extarct 6 X / Copper Sulfate 5 X Oral Tablet by Wala Heilmittel",Drug,RxNorm Extension,standard,H03A_thyroid_preparations,thyroid_hormones,Thyroid hormones,drug
43827048,30 ML levothyroxine 0.112 MG/ML Oral Solution [L-Thyroxin Henning] Box of 3 by Sanofi,Drug,RxNorm Extension,standard,H03A_thyroid_preparations,thyroid_hormones,Thyroid hormones,drug
43833239,AMNIOTIC FLUID (BOVINE) 11 X / Bos taurus brain preparation 10 X / Bos taurus ovary preparation 11 X / Bos taurus placenta preparation 10 X / Bos taurus spleen preparation 11 X / Bos taurus testicle preparation 10 X / ... [Neygeront-Vitalkapseln],Drug,RxNorm Extension,standard,H03A_thyroid_preparations,thyroid_hormones,Thyroid hormones,drug
43833467,levothyroxine / Potassium Iodide Oral Tablet [L Thyrox Jod Hexal],Drug,RxNorm Extension,standard,H03A_thyroid_preparations,thyroid_hormones,Thyroid hormones,drug
43833468,levothyroxine / Potassium Iodide Oral Tablet [L Thyroxin Jod Winthrop],Drug,RxNorm Extension,standard,H03A_thyroid_preparations,thyroid_hormones,Thyroid hormones,drug
43833469,levothyroxine 0.1 MG / Potassium Iodide 0.2 MG Oral Tablet [Thyronajod],Drug,RxNorm Extension,standard,H03A_thyroid_preparations,thyroid_hormones,Thyroid hormones,drug
43833470,levothyroxine 0.1 MG / Potassium Iodide 0.131 MG [L Thyrox Jod Hexal],Drug,RxNorm Extension,standard,H03A_thyroid_preparations,thyroid_hormones,Thyroid hormones,drug
43833471,levothyroxine / Potassium Iodide Oral Tablet [L-Thyroxin Henning 50],Drug,RxNorm Extension,standard,H03A_thyroid_preparations,thyroid_hormones,Thyroid hormones,drug
43833472,levothyroxine 0.06 MG / Potassium Iodide 0.2 MG [L-Thyroxin Jod Aristo],Drug,RxNorm Extension,standard,H03A_thyroid_preparations,thyroid_hormones,Thyroid hormones,drug
43833473,levothyroxine 0.175 MG / Potassium Iodide 0.2 MG [L Thyrox Jod Hexal],Drug,RxNorm Extension,standard,H03A_thyroid_preparations,thyroid_hormones,Thyroid hormones,drug
43833474,levothyroxine 0.125 MG / Potassium Iodide 0.2 MG Oral Tablet [L Thyrox Jod Hexal] by Hexal,Drug,RxNorm Extension,standard,H03A_thyroid_preparations,thyroid_hormones,Thyroid hormones,drug
43836946,levothyroxine 0.125 MG Oral Tablet [L Thyroxin Aristo],Drug,RxNorm Extension,standard,H03A_thyroid_preparations,thyroid_hormones,Thyroid hormones,drug
43836947,levothyroxine 0.125 MG Oral Tablet [L-Thyroxin 1a Pharma] by 1 A,Drug,RxNorm Extension,standard,H03A_thyroid_preparations,thyroid_hormones,Thyroid hormones,drug
43836948,levothyroxine 0.15 MG [L Thyroxin Na Ct],Drug,RxNorm Extension,standard,H03A_thyroid_preparations,thyroid_hormones,Thyroid hormones,drug
43836950,levothyroxine 0.075 MG Oral Tablet [L Thyroxin Na Ratiopharm] by Ratiopharm,Drug,RxNorm Extension,standard,H03A_thyroid_preparations,thyroid_hormones,Thyroid hormones,drug
43836951,levothyroxine 0.075 MG Oral Tablet [L Thyroxin Na Abz] by AbZ-Pharma,Drug,RxNorm Extension,standard,H03A_thyroid_preparations,thyroid_hormones,Thyroid hormones,drug
43836955,levothyroxine 0.025 MG Oral Tablet [L Thyroxin Na Abz] by AbZ-Pharma,Drug,RxNorm Extension,standard,H03A_thyroid_preparations,thyroid_hormones,Thyroid hormones,drug
43836956,levothyroxine 0.2 MG Oral Tablet [L Thyroxin Sandoz] by Hexal,Drug,RxNorm Extension,standard,H03A_thyroid_preparations,thyroid_hormones,Thyroid hormones,drug
43836957,levothyroxine 0.05 MG Oral Tablet [L Thyroxin Winthrop] by Winthrop,Drug,RxNorm Extension,standard,H03A_thyroid_preparations,thyroid_hormones,Thyroid hormones,drug
43836958,levothyroxine 0.05 MG Oral Tablet [L Thyroxin Beta] by Betapharm,Drug,RxNorm Extension,standard,H03A_thyroid_preparations,thyroid_hormones,Thyroid hormones,drug
43836959,levothyroxine 0.1 MG Oral Tablet [L Thyroxin Beta] by Betapharm,Drug,RxNorm Extension,standard,H03A_thyroid_preparations,thyroid_hormones,Thyroid hormones,drug
43836960,liothyronine 0.02 MG Oral Tablet [Thybon Henning] by Sanofi,Drug,RxNorm Extension,standard,H03A_thyroid_preparations,thyroid_hormones,Thyroid hormones,drug
43838116,levothyroxine 0.03 MG [L-Thyroxin Aspen],Drug,RxNorm Extension,standard,H03A_thyroid_preparations,thyroid_hormones,Thyroid hormones,drug
43841178,levothyroxine Oral Solution [L-Thyroxin Henning],Drug,RxNorm Extension,standard,H03A_thyroid_preparations,thyroid_hormones,Thyroid hormones,drug
43841179,levothyroxine 0.112 MG/ML Oral Solution [L-Thyroxin Henning],Drug,RxNorm Extension,standard,H03A_thyroid_preparations,thyroid_hormones,Thyroid hormones,drug
43843436,5 ML levothyroxine 0.005 MG/ML Oral Solution [LEVOTHYROXINE RATIOPHARM],Drug,RxNorm Extension,standard,H03A_thyroid_preparations,thyroid_hormones,Thyroid hormones,drug
43843682,5 ML levothyroxine 0.1 MG/ML Injectable Solution,Drug,RxNorm Extension,standard,H03A_thyroid_preparations,thyroid_hormones,Thyroid hormones,drug
43843853,bovine thyroid gland extract 7 X / Iron 9 X Oral Tablet,Drug,RxNorm Extension,standard,H03A_thyroid_preparations,thyroid_hormones,Thyroid hormones,drug
43847606,100 ML levothyroxine 0.01 MG/ML Oral Solution [LEVOTHYROXINE RATIOPHARM] by Ratiopharm,Drug,RxNorm Extension,standard,H03A_thyroid_preparations,thyroid_hormones,Thyroid hormones,drug
43851468,levothyroxine 0.1 MG / Potassium Iodide 0.131 MG Oral Tablet [Eferox] by Aristo,Drug,RxNorm Extension,standard,H03A_thyroid_preparations,thyroid_hormones,Thyroid hormones,drug
43851469,levothyroxine 0.15 MG / Potassium Iodide 0.2 MG [L-Thyroxin Jod Aristo],Drug,RxNorm Extension,standard,H03A_thyroid_preparations,thyroid_hormones,Thyroid hormones,drug
43851470,levothyroxine 0.15 MG / Potassium Iodide 0.2 MG Oral Tablet [L-Thyroxin Jod Aristo] by Aristo,Drug,RxNorm Extension,standard,H03A_thyroid_preparations,thyroid_hormones,Thyroid hormones,drug
43851471,levothyroxine 0.175 MG / Potassium Iodide 0.2 MG Oral Tablet [L Thyrox Jod Hexal] by Hexal,Drug,RxNorm Extension,standard,H03A_thyroid_preparations,thyroid_hormones,Thyroid hormones,drug
43854869,levothyroxine 0.175 MG Oral Tablet [L-Thyroxin Henning],Drug,RxNorm Extension,standard,H03A_thyroid_preparations,thyroid_hormones,Thyroid hormones,drug
43854872,levothyroxine 0.125 MG Oral Tablet [L Thyrox Hexal] by Hexal,Drug,RxNorm Extension,standard,H03A_thyroid_preparations,thyroid_hormones,Thyroid hormones,drug
43854873,levothyroxine 0.125 MG Oral Tablet [L Thyroxin Sandoz] by Hexal,Drug,RxNorm Extension,standard,H03A_thyroid_preparations,thyroid_hormones,Thyroid hormones,drug
43854874,levothyroxine 0.125 MG Oral Tablet [L-Thyroxin 1a Pharma],Drug,RxNorm Extension,standard,H03A_thyroid_preparations,thyroid_hormones,Thyroid hormones,drug
43854875,levothyroxine 0.125 MG Oral Tablet [Euthyrox] by Merck,Drug,RxNorm Extension,standard,H03A_thyroid_preparations,thyroid_hormones,Thyroid hormones,drug
43854876,levothyroxine 0.15 MG Oral Tablet [L Thyroxin Na Ct] by AbZ-Pharma,Drug,RxNorm Extension,standard,H03A_thyroid_preparations,thyroid_hormones,Thyroid hormones,drug
43854877,levothyroxine 0.075 MG [L Thyroxin Al],Drug,RxNorm Extension,standard,H03A_thyroid_preparations,thyroid_hormones,Thyroid hormones,drug
43854879,levothyroxine 0.075 MG Oral Tablet [L Thyrox Hexal] by Hexal,Drug,RxNorm Extension,standard,H03A_thyroid_preparations,thyroid_hormones,Thyroid hormones,drug
43854880,levothyroxine 0.025 MG Oral Tablet [L Thyroxin Beta] by Betapharm,Drug,RxNorm Extension,standard,H03A_thyroid_preparations,thyroid_hormones,Thyroid hormones,drug
43854881,levothyroxine 0.025 MG Oral Tablet [L Thyroxin Al] by Aliud,Drug,RxNorm Extension,standard,H03A_thyroid_preparations,thyroid_hormones,Thyroid hormones,drug
43854882,levothyroxine 0.2 MG [L-Thyroxin Henning],Drug,RxNorm Extension,standard,H03A_thyroid_preparations,thyroid_hormones,Thyroid hormones,drug
43854885,levothyroxine 0.112 MG Oral Tablet [L Thyroxin Na Ct] by AbZ-Pharma,Drug,RxNorm Extension,standard,H03A_thyroid_preparations,thyroid_hormones,Thyroid hormones,drug
43854887,levothyroxine 0.05 MG Oral Tablet [L Thyroxin Na Ct] by AbZ-Pharma,Drug,RxNorm Extension,standard,H03A_thyroid_preparations,thyroid_hormones,Thyroid hormones,drug
43854888,levothyroxine 0.05 MG [L-Thyroxin Henning 50],Drug,RxNorm Extension,standard,H03A_thyroid_preparations,thyroid_hormones,Thyroid hormones,drug
43854889,levothyroxine 0.1 MG Oral Tablet [Euthyrox] by Merck,Drug,RxNorm Extension,standard,H03A_thyroid_preparations,thyroid_hormones,Thyroid hormones,drug
43856121,levothyroxine 0.2 MG [L-Thyroxin Aspen],Drug,RxNorm Extension,standard,H03A_thyroid_preparations,thyroid_hormones,Thyroid hormones,drug
43856239,bovine thyroid gland extract 0.0007 X,Drug,RxNorm Extension,standard,H03A_thyroid_preparations,thyroid_hormones,Thyroid hormones,drug
43856240,bovine thyroid gland extract 0.0007 X Oral Tablet,Drug,RxNorm Extension,standard,H03A_thyroid_preparations,thyroid_hormones,Thyroid hormones,drug
43859309,levothyroxine Oral Tablet [Berlthyrox],Drug,RxNorm Extension,standard,H03A_thyroid_preparations,thyroid_hormones,Thyroid hormones,drug
43859311,levothyroxine 0.112 MG [Thyrofix],Drug,RxNorm Extension,standard,H03A_thyroid_preparations,thyroid_hormones,Thyroid hormones,drug
43859312,levothyroxine 0.1 MG/ML [L-Thyroxin Henning],Drug,RxNorm Extension,standard,H03A_thyroid_preparations,thyroid_hormones,Thyroid hormones,drug
43859313,levothyroxine 0.06 MG Oral Tablet [Thyrofix] by Uni- Kleon Tsetis,Drug,RxNorm Extension,standard,H03A_thyroid_preparations,thyroid_hormones,Thyroid hormones,drug
43860806,1 ML levothyroxine 0.112 MG/ML Oral Solution [L-Thyroxin Henning],Drug,RxNorm Extension,standard,H03A_thyroid_preparations,thyroid_hormones,Thyroid hormones,drug
43861613,5 ML levothyroxine 0.02 MG/ML Oral Solution [Levothyroxin-Natrium Aristo] by Aristo,Drug,RxNorm Extension,standard,H03A_thyroid_preparations,thyroid_hormones,Thyroid hormones,drug
44029022,Actaea racemosa whole extract 6 X / Bos taurus hypothalamus preparation 10 X / Caulophyllum thalictroides root extract 6 X / Copper 6 X / cotton allergenic extract 6 X / Estrone 12 X / Histamine 12 X / magnesium phosphate 6 X / ... [Cimicifuga Plex],Drug,RxNorm Extension,standard,H03A_thyroid_preparations,thyroid_hormones,Thyroid hormones,drug
44031524,Actaea racemosa whole extract / Bos taurus hypothalamus preparation / Caulophyllum thalictroides root extract / Copper / cotton allergenic extract / Estrone / Histamine / magnesium phosphate / Platinum / ... Oral Solution [Cimicifuga Plex],Drug,RxNorm Extension,standard,H03A_thyroid_preparations,thyroid_hormones,Thyroid hormones,drug
44034357,levothyroxine 0.075 MG Oral Tablet [Pms-Levothyroxine Sodium],Drug,RxNorm Extension,standard,H03A_thyroid_preparations,thyroid_hormones,Thyroid hormones,drug
44037073,levothyroxine 0.075 MG Oral Tablet [Levo-T] by Pharmascience,Drug,RxNorm Extension,standard,H03A_thyroid_preparations,thyroid_hormones,Thyroid hormones,drug
44037074,levothyroxine 0.088 MG Oral Tablet by Boots,Drug,RxNorm Extension,standard,H03A_thyroid_preparations,thyroid_hormones,Thyroid hormones,drug
44037075,levothyroxine 0.175 MG Oral Tablet [Euthyrox] by Serono,Drug,RxNorm Extension,standard,H03A_thyroid_preparations,thyroid_hormones,Thyroid hormones,drug
44037076,levothyroxine 0.2 MG Oral Tablet by Technilab,Drug,RxNorm Extension,standard,H03A_thyroid_preparations,thyroid_hormones,Thyroid hormones,drug
44037077,levothyroxine 0.05 MG Oral Tablet [Eltroxin] by Glaxosmithkline,Drug,RxNorm Extension,standard,H03A_thyroid_preparations,thyroid_hormones,Thyroid hormones,drug
44037078,levothyroxine 0.15 MG Oral Tablet [Eltroxin] by Glaxosmithkline,Drug,RxNorm Extension,standard,H03A_thyroid_preparations,thyroid_hormones,Thyroid hormones,drug
44037079,levothyroxine 0.1 MG Oral Tablet by Technilab,Drug,RxNorm Extension,standard,H03A_thyroid_preparations,thyroid_hormones,Thyroid hormones,drug
44042511,Adrenal cortex extract 12 X / Bos taurus ovary preparation 12 X / Pancreas extract 12 X / Posterior Pituitary Hormones 12 X / Thyme preparation 12 X / thyroid (USP) 12 X [Euglandin],Drug,RxNorm Extension,standard,H03A_thyroid_preparations,thyroid_hormones,Thyroid hormones,drug
44043043,Actaea racemosa whole extract / Bos taurus hypothalamus preparation / Caulophyllum thalictroides root extract / Copper / cotton allergenic extract / Estrone / Histamine / magnesium phosphate / Platinum / Posterior Pituitary Hormones / ... Oral Solution,Drug,RxNorm Extension,standard,H03A_thyroid_preparations,thyroid_hormones,Thyroid hormones,drug
44047394,levothyroxine 0.2 MG Oral Tablet [Pms-Levothyroxine Sodium],Drug,RxNorm Extension,standard,H03A_thyroid_preparations,thyroid_hormones,Thyroid hormones,drug
44049093,thyroid (USP) 30 MG Oral Tablet by Erfa 2012,Drug,RxNorm Extension,standard,H03A_thyroid_preparations,thyroid_hormones,Thyroid hormones,drug
44050218,levothyroxine 0.075 MG Oral Tablet [Pms-Levothyroxine Sodium] by Pharmascience,Drug,RxNorm Extension,standard,H03A_thyroid_preparations,thyroid_hormones,Thyroid hormones,drug
44050219,levothyroxine 0.075 MG Oral Tablet by Technilab,Drug,RxNorm Extension,standard,H03A_thyroid_preparations,thyroid_hormones,Thyroid hormones,drug
44050220,levothyroxine 0.175 MG Oral Tablet [Synthroid] by GP,Drug,RxNorm Extension,standard,H03A_thyroid_preparations,thyroid_hormones,Thyroid hormones,drug
44050221,levothyroxine 0.2 MG Oral Tablet [Eltroxin] by Aspen,Drug,RxNorm Extension,standard,H03A_thyroid_preparations,thyroid_hormones,Thyroid hormones,drug
44050222,levothyroxine 0.025 MG Oral Tablet [Synthroid] by GP,Drug,RxNorm Extension,standard,H03A_thyroid_preparations,thyroid_hormones,Thyroid hormones,drug
44050223,levothyroxine 0.025 MG Oral Tablet [Pms-Levothyroxine Sodium] by Pharmascience,Drug,RxNorm Extension,standard,H03A_thyroid_preparations,thyroid_hormones,Thyroid hormones,drug
44050224,levothyroxine 0.125 MG Oral Tablet by Technilab,Drug,RxNorm Extension,standard,H03A_thyroid_preparations,thyroid_hormones,Thyroid hormones,drug
44050225,levothyroxine 0.05 MG Oral Tablet by Technilab,Drug,RxNorm Extension,standard,H03A_thyroid_preparations,thyroid_hormones,Thyroid hormones,drug
44050226,levothyroxine 0.112 MG Oral Tablet by Technilab,Drug,RxNorm Extension,standard,H03A_thyroid_preparations,thyroid_hormones,Thyroid hormones,drug
44050227,levothyroxine 0.1 MG Oral Tablet [Synthroid] by GP,Drug,RxNorm Extension,standard,H03A_thyroid_preparations,thyroid_hormones,Thyroid hormones,drug
44050228,levothyroxine 0.3 MG Oral Tablet [Synthroid] by Boots,Drug,RxNorm Extension,standard,H03A_thyroid_preparations,thyroid_hormones,Thyroid hormones,drug
44050229,levothyroxine 0.3 MG Oral Tablet [Levo-T] by Pharmascience,Drug,RxNorm Extension,standard,H03A_thyroid_preparations,thyroid_hormones,Thyroid hormones,drug
44050230,levothyroxine 0.3 MG Oral Tablet [Euthyrox] by Serono,Drug,RxNorm Extension,standard,H03A_thyroid_preparations,thyroid_hormones,Thyroid hormones,drug
44050231,levothyroxine 0.3 MG Oral Tablet by Technilab,Drug,RxNorm Extension,standard,H03A_thyroid_preparations,thyroid_hormones,Thyroid hormones,drug
44052431,thyroid (USP) 10 X,Drug,RxNorm Extension,standard,H03A_thyroid_preparations,thyroid_hormones,Thyroid hormones,drug
44054420,levothyroxine 0.2 MG [Pms-Levothyroxine Sodium],Drug,RxNorm Extension,standard,H03A_thyroid_preparations,thyroid_hormones,Thyroid hormones,drug
44056988,levothyroxine / liothyronine Oral Tablet [Pms-Levothyroxine Sodium],Drug,RxNorm Extension,standard,H03A_thyroid_preparations,thyroid_hormones,Thyroid hormones,drug
44057915,Adrenal cortex extract / Bos taurus ovary preparation / Pancreas extract / Posterior Pituitary Hormones / Thyme preparation / thyroid (USP) Oral Solution [Euglandin],Drug,RxNorm Extension,standard,H03A_thyroid_preparations,thyroid_hormones,Thyroid hormones,drug
44063228,levothyroxine 0.125 MG Oral Tablet by Boots,Drug,RxNorm Extension,standard,H03A_thyroid_preparations,thyroid_hormones,Thyroid hormones,drug
44063229,levothyroxine 0.05 MG Oral Tablet [Euthyrox] by Serono,Drug,RxNorm Extension,standard,H03A_thyroid_preparations,thyroid_hormones,Thyroid hormones,drug
44063230,levothyroxine 0.1 MG Oral Tablet [Levo-T] by Pharmascience,Drug,RxNorm Extension,standard,H03A_thyroid_preparations,thyroid_hormones,Thyroid hormones,drug
44063231,levothyroxine 0.1 MG Oral Tablet by Boots,Drug,RxNorm Extension,standard,H03A_thyroid_preparations,thyroid_hormones,Thyroid hormones,drug
44063232,levothyroxine 0.3 MG Oral Tablet [Pms-Levothyroxine Sodium] by Pharmascience,Drug,RxNorm Extension,standard,H03A_thyroid_preparations,thyroid_hormones,Thyroid hormones,drug
44068535,Adrenal cortex extract 12 X / Bos taurus testicle preparation 12 X / Pancreas extract 12 X / Posterior Pituitary Hormones 12 X / Thyme preparation 12 X / thyroid (USP) 12 X [Euglandin],Drug,RxNorm Extension,standard,H03A_thyroid_preparations,thyroid_hormones,Thyroid hormones,drug
44069312,Adrenal cortex extract / Bos taurus ovary preparation / Pancreas extract / Posterior Pituitary Hormones / Thyme preparation / thyroid (USP) Oral Solution,Drug,RxNorm Extension,standard,H03A_thyroid_preparations,thyroid_hormones,Thyroid hormones,drug
44070806,Adrenal cortex extract / Bos taurus testicle preparation / Pancreas extract / Posterior Pituitary Hormones / Thyme preparation / thyroid (USP) Oral Solution [Euglandin],Drug,RxNorm Extension,standard,H03A_thyroid_preparations,thyroid_hormones,Thyroid hormones,drug
44072336,Adrenal cortex extract 12 X / Bos taurus testicle preparation 12 X / Pancreas extract 12 X / Posterior Pituitary Hormones 12 X / Thyme preparation 12 X / thyroid (USP) 12 X Oral Solution,Drug,RxNorm Extension,standard,H03A_thyroid_preparations,thyroid_hormones,Thyroid hormones,drug
44075935,levothyroxine 0.175 MG Oral Tablet by Boots,Drug,RxNorm Extension,standard,H03A_thyroid_preparations,thyroid_hormones,Thyroid hormones,drug
44075936,levothyroxine 0.2 MG Oral Tablet [Levo-T] by Pharmascience,Drug,RxNorm Extension,standard,H03A_thyroid_preparations,thyroid_hormones,Thyroid hormones,drug
44075937,levothyroxine 0.025 MG Oral Tablet [Levo-T] by Pharmascience,Drug,RxNorm Extension,standard,H03A_thyroid_preparations,thyroid_hormones,Thyroid hormones,drug
44075938,levothyroxine 0.125 MG Oral Tablet [Synthroid] by GP,Drug,RxNorm Extension,standard,H03A_thyroid_preparations,thyroid_hormones,Thyroid hormones,drug
44075939,levothyroxine 0.125 MG Oral Tablet [Pms-Levothyroxine Sodium] by Pharmascience,Drug,RxNorm Extension,standard,H03A_thyroid_preparations,thyroid_hormones,Thyroid hormones,drug
44075940,levothyroxine 0.05 MG Oral Tablet [Pms-Levothyroxine Sodium] by Pharmascience,Drug,RxNorm Extension,standard,H03A_thyroid_preparations,thyroid_hormones,Thyroid hormones,drug
44075941,levothyroxine 0.05 MG Oral Tablet [Levo-T] by Pharmascience,Drug,RxNorm Extension,standard,H03A_thyroid_preparations,thyroid_hormones,Thyroid hormones,drug
44075942,levothyroxine 0.05 MG Oral Tablet [Eltroxin] by Aspen,Drug,RxNorm Extension,standard,H03A_thyroid_preparations,thyroid_hormones,Thyroid hormones,drug
44075943,levothyroxine 0.05 MG Oral Tablet by Boots,Drug,RxNorm Extension,standard,H03A_thyroid_preparations,thyroid_hormones,Thyroid hormones,drug
44075944,levothyroxine 0.112 MG Oral Tablet by Boots,Drug,RxNorm Extension,standard,H03A_thyroid_preparations,thyroid_hormones,Thyroid hormones,drug
44075945,levothyroxine 0.15 MG Oral Tablet by Boots,Drug,RxNorm Extension,standard,H03A_thyroid_preparations,thyroid_hormones,Thyroid hormones,drug
44075946,levothyroxine 0.1 MG Oral Tablet [Pms-Levothyroxine Sodium] by Pharmascience,Drug,RxNorm Extension,standard,H03A_thyroid_preparations,thyroid_hormones,Thyroid hormones,drug
44075947,levothyroxine 0.1 MG Oral Tablet [Eltroxin] by Aspen,Drug,RxNorm Extension,standard,H03A_thyroid_preparations,thyroid_hormones,Thyroid hormones,drug
44075948,levothyroxine 0.5 MG Injectable Solution by Boots,Drug,RxNorm Extension,standard,H03A_thyroid_preparations,thyroid_hormones,Thyroid hormones,drug
44078137,thyroid (USP) 6 X,Drug,RxNorm Extension,standard,H03A_thyroid_preparations,thyroid_hormones,Thyroid hormones,drug
44080090,levothyroxine 0.05 MG [Pms-Levothyroxine Sodium],Drug,RxNorm Extension,standard,H03A_thyroid_preparations,thyroid_hormones,Thyroid hormones,drug
44083865,thyroid (USP) 6 X Oral Tablet,Drug,RxNorm Extension,standard,H03A_thyroid_preparations,thyroid_hormones,Thyroid hormones,drug
44084263,levothyroxine 0.5 MG Injectable Solution,Drug,RxNorm Extension,standard,H03A_thyroid_preparations,thyroid_hormones,Thyroid hormones,drug
44086125,levothyroxine 0.15 MG Oral Tablet [Pms-Levothyroxine Sodium],Drug,RxNorm Extension,standard,H03A_thyroid_preparations,thyroid_hormones,Thyroid hormones,drug
44088794,levothyroxine 0.075 MG Oral Tablet [Synthroid] by GP,Drug,RxNorm Extension,standard,H03A_thyroid_preparations,thyroid_hormones,Thyroid hormones,drug
44088795,levothyroxine 0.075 MG Oral Tablet by Boots,Drug,RxNorm Extension,standard,H03A_thyroid_preparations,thyroid_hormones,Thyroid hormones,drug
44088796,levothyroxine 0.025 MG Oral Tablet [Euthyrox] by Serono,Drug,RxNorm Extension,standard,H03A_thyroid_preparations,thyroid_hormones,Thyroid hormones,drug
44088797,levothyroxine 0.025 MG Oral Tablet by Technilab,Drug,RxNorm Extension,standard,H03A_thyroid_preparations,thyroid_hormones,Thyroid hormones,drug
44088798,levothyroxine 0.125 MG Oral Tablet [Euthyrox] by Serono,Drug,RxNorm Extension,standard,H03A_thyroid_preparations,thyroid_hormones,Thyroid hormones,drug
44088799,levothyroxine 0.112 MG Oral Tablet [Synthroid] by GP,Drug,RxNorm Extension,standard,H03A_thyroid_preparations,thyroid_hormones,Thyroid hormones,drug
44088800,levothyroxine 0.15 MG Oral Tablet [Pms-Levothyroxine Sodium] by Pharmascience,Drug,RxNorm Extension,standard,H03A_thyroid_preparations,thyroid_hormones,Thyroid hormones,drug
44088801,levothyroxine 0.15 MG Oral Tablet [Levo-T] by Pharmascience,Drug,RxNorm Extension,standard,H03A_thyroid_preparations,thyroid_hormones,Thyroid hormones,drug
44088802,levothyroxine 0.15 MG Oral Tablet by Technilab,Drug,RxNorm Extension,standard,H03A_thyroid_preparations,thyroid_hormones,Thyroid hormones,drug
44093069,levothyroxine 0.075 MG [Pms-Levothyroxine Sodium],Drug,RxNorm Extension,standard,H03A_thyroid_preparations,thyroid_hormones,Thyroid hormones,drug
44093070,levothyroxine 0.15 MG [Pms-Levothyroxine Sodium],Drug,RxNorm Extension,standard,H03A_thyroid_preparations,thyroid_hormones,Thyroid hormones,drug
44093071,levothyroxine 0.1 MG [Pms-Levothyroxine Sodium],Drug,RxNorm Extension,standard,H03A_thyroid_preparations,thyroid_hormones,Thyroid hormones,drug
44094517,levothyroxine Injectable Suspension,Drug,RxNorm Extension,standard,H03A_thyroid_preparations,thyroid_hormones,Thyroid hormones,drug
44097654,Actaea racemosa whole extract 6 X / Bos taurus hypothalamus preparation 10 X / Caulophyllum thalictroides root extract 6 X / Copper 6 X / cotton allergenic extract 6 X / Estrone 12 X / Histamine 12 X / magnesium phosphate 6 X / ... Oral Solution,Drug,RxNorm Extension,standard,H03A_thyroid_preparations,thyroid_hormones,Thyroid hormones,drug
44098150,Adrenal cortex extract 12 X / Bos taurus ovary preparation 12 X / Pancreas extract 12 X / Posterior Pituitary Hormones 12 X / Thyme preparation 12 X / thyroid (USP) 12 X Oral Solution,Drug,RxNorm Extension,standard,H03A_thyroid_preparations,thyroid_hormones,Thyroid hormones,drug
44099083,levothyroxine 0.025 MG Oral Tablet [Pms-Levothyroxine Sodium],Drug,RxNorm Extension,standard,H03A_thyroid_preparations,thyroid_hormones,Thyroid hormones,drug
44099084,levothyroxine 0.125 MG Oral Tablet [Pms-Levothyroxine Sodium],Drug,RxNorm Extension,standard,H03A_thyroid_preparations,thyroid_hormones,Thyroid hormones,drug
44099085,levothyroxine 0.1 MG Oral Tablet [Pms-Levothyroxine Sodium],Drug,RxNorm Extension,standard,H03A_thyroid_preparations,thyroid_hormones,Thyroid hormones,drug
44099843,Actaea racemosa whole extract 6 X / Bos taurus hypothalamus preparation 10 X / Caulophyllum thalictroides root extract 6 X / Copper 6 X / cotton allergenic extract 6 X / Estrone 12 X / Histamine 12 X / ... Oral Solution [Cimicifuga Plex],Drug,RxNorm Extension,standard,H03A_thyroid_preparations,thyroid_hormones,Thyroid hormones,drug
44101820,levothyroxine 0.075 MG Oral Tablet [Euthyrox] by Serono,Drug,RxNorm Extension,standard,H03A_thyroid_preparations,thyroid_hormones,Thyroid hormones,drug
44101821,levothyroxine 0.088 MG Oral Tablet [Synthroid] by GP,Drug,RxNorm Extension,standard,H03A_thyroid_preparations,thyroid_hormones,Thyroid hormones,drug
44101822,levothyroxine 0.088 MG Oral Tablet [Euthyrox] by Serono,Drug,RxNorm Extension,standard,H03A_thyroid_preparations,thyroid_hormones,Thyroid hormones,drug
44101823,levothyroxine 0.175 MG Oral Tablet by Technilab,Drug,RxNorm Extension,standard,H03A_thyroid_preparations,thyroid_hormones,Thyroid hormones,drug
44101824,levothyroxine 0.2 MG Oral Tablet [Eltroxin] by Glaxosmithkline,Drug,RxNorm Extension,standard,H03A_thyroid_preparations,thyroid_hormones,Thyroid hormones,drug
44101825,levothyroxine 0.2 MG Oral Tablet [Pms-Levothyroxine Sodium] by Pharmascience,Drug,RxNorm Extension,standard,H03A_thyroid_preparations,thyroid_hormones,Thyroid hormones,drug
44101826,levothyroxine 0.2 MG Oral Tablet [Euthyrox] by Serono,Drug,RxNorm Extension,standard,H03A_thyroid_preparations,thyroid_hormones,Thyroid hormones,drug
44101829,levothyroxine 0.3 MG Oral Tablet [Synthroid] by GP,Drug,RxNorm Extension,standard,H03A_thyroid_preparations,thyroid_hormones,Thyroid hormones,drug
44102963,Actaea racemosa whole extract 6 X / Bos taurus hypothalamus preparation 10 X / Caulophyllum thalictroides root extract 6 X / Copper 6 X / cotton allergenic extract 6 X / Estrone 12 X / Histamine 12 X / ... Oral Solution [Cimicifuga Plex] by Seroyal,Drug,RxNorm Extension,standard,H03A_thyroid_preparations,thyroid_hormones,Thyroid hormones,drug
44104102,thyroid (USP) 12 X,Drug,RxNorm Extension,standard,H03A_thyroid_preparations,thyroid_hormones,Thyroid hormones,drug
44106012,levothyroxine 0.3 MG [Pms-Levothyroxine Sodium],Drug,RxNorm Extension,standard,H03A_thyroid_preparations,thyroid_hormones,Thyroid hormones,drug
44111863,levothyroxine 0.3 MG Oral Tablet [Pms-Levothyroxine Sodium],Drug,RxNorm Extension,standard,H03A_thyroid_preparations,thyroid_hormones,Thyroid hormones,drug
44113163,Adrenal cortex extract 12 X / Bos taurus ovary preparation 12 X / Pancreas extract 12 X / Posterior Pituitary Hormones 12 X / Thyme preparation 12 X / thyroid (USP) 12 X Oral Solution [Euglandin],Drug,RxNorm Extension,standard,H03A_thyroid_preparations,thyroid_hormones,Thyroid hormones,drug
44113565,thyroid (USP) 60 MG Oral Tablet by Erfa 2012,Drug,RxNorm Extension,standard,H03A_thyroid_preparations,thyroid_hormones,Thyroid hormones,drug
44113566,thyroid (USP) 6 X Oral Tablet by Seroyal,Drug,RxNorm Extension,standard,H03A_thyroid_preparations,thyroid_hormones,Thyroid hormones,drug
44114662,levothyroxine 0.1 MG Oral Tablet [Eltroxin] by Glaxosmithkline,Drug,RxNorm Extension,standard,H03A_thyroid_preparations,thyroid_hormones,Thyroid hormones,drug
44114663,levothyroxine 0.2 MG Oral Tablet [Synthroid] by GP,Drug,RxNorm Extension,standard,H03A_thyroid_preparations,thyroid_hormones,Thyroid hormones,drug
44114664,levothyroxine 0.025 MG Oral Tablet by Boots,Drug,RxNorm Extension,standard,H03A_thyroid_preparations,thyroid_hormones,Thyroid hormones,drug
44114665,levothyroxine 0.05 MG Oral Tablet [Synthroid] by GP,Drug,RxNorm Extension,standard,H03A_thyroid_preparations,thyroid_hormones,Thyroid hormones,drug
44114666,levothyroxine 0.112 MG Oral Tablet [Euthyrox] by Serono,Drug,RxNorm Extension,standard,H03A_thyroid_preparations,thyroid_hormones,Thyroid hormones,drug
44114667,levothyroxine 0.1 MG Oral Tablet [Euthyrox] by Serono,Drug,RxNorm Extension,standard,H03A_thyroid_preparations,thyroid_hormones,Thyroid hormones,drug
44114668,levothyroxine 0.5 MG Injectable Suspension by Fresenius,Drug,RxNorm Extension,standard,H03A_thyroid_preparations,thyroid_hormones,Thyroid hormones,drug
44119012,levothyroxine 0.025 MG [Pms-Levothyroxine Sodium],Drug,RxNorm Extension,standard,H03A_thyroid_preparations,thyroid_hormones,Thyroid hormones,drug
44119013,levothyroxine 0.125 MG [Pms-Levothyroxine Sodium],Drug,RxNorm Extension,standard,H03A_thyroid_preparations,thyroid_hormones,Thyroid hormones,drug
44121028,Adrenal cortex extract / Bos taurus testicle preparation / Pancreas extract / Posterior Pituitary Hormones / Thyme preparation / thyroid (USP) Oral Solution,Drug,RxNorm Extension,standard,H03A_thyroid_preparations,thyroid_hormones,Thyroid hormones,drug
44121636,levothyroxine / liothyronine Oral Tablet [Eltroxin],Drug,RxNorm Extension,standard,H03A_thyroid_preparations,thyroid_hormones,Thyroid hormones,drug
44123196,levothyroxine 0.5 MG Injectable Suspension,Drug,RxNorm Extension,standard,H03A_thyroid_preparations,thyroid_hormones,Thyroid hormones,drug
44125063,levothyroxine 0.05 MG Oral Tablet [Pms-Levothyroxine Sodium],Drug,RxNorm Extension,standard,H03A_thyroid_preparations,thyroid_hormones,Thyroid hormones,drug
44126310,Adrenal cortex extract 12 X / Bos taurus testicle preparation 12 X / Pancreas extract 12 X / Posterior Pituitary Hormones 12 X / Thyme preparation 12 X / thyroid (USP) 12 X Oral Solution [Euglandin],Drug,RxNorm Extension,standard,H03A_thyroid_preparations,thyroid_hormones,Thyroid hormones,drug
44126711,thyroid (USP) 125 MG Oral Tablet by Erfa 2012,Drug,RxNorm Extension,standard,H03A_thyroid_preparations,thyroid_hormones,Thyroid hormones,drug
44127780,liothyronine 0.005 MG Oral Tablet [Cytomel] by Pfizer,Drug,RxNorm Extension,standard,H03A_thyroid_preparations,thyroid_hormones,Thyroid hormones,drug
44127781,liothyronine 0.025 MG Oral Tablet [Cytomel] by Pfizer,Drug,RxNorm Extension,standard,H03A_thyroid_preparations,thyroid_hormones,Thyroid hormones,drug
44127803,levothyroxine 0.2 MG Oral Tablet by Boots,Drug,RxNorm Extension,standard,H03A_thyroid_preparations,thyroid_hormones,Thyroid hormones,drug
44127804,levothyroxine 0.125 MG Oral Tablet [Levo-T] by Pharmascience,Drug,RxNorm Extension,standard,H03A_thyroid_preparations,thyroid_hormones,Thyroid hormones,drug
44127805,levothyroxine 0.15 MG Oral Tablet [Synthroid] by GP,Drug,RxNorm Extension,standard,H03A_thyroid_preparations,thyroid_hormones,Thyroid hormones,drug
44127806,levothyroxine 0.15 MG Oral Tablet [Euthyrox] by Serono,Drug,RxNorm Extension,standard,H03A_thyroid_preparations,thyroid_hormones,Thyroid hormones,drug
44127807,levothyroxine 0.15 MG Oral Tablet [Eltroxin] by Aspen,Drug,RxNorm Extension,standard,H03A_thyroid_preparations,thyroid_hormones,Thyroid hormones,drug
44127808,levothyroxine 0.3 MG Oral Tablet [Eltroxin] by Glaxosmithkline,Drug,RxNorm Extension,standard,H03A_thyroid_preparations,thyroid_hormones,Thyroid hormones,drug
44127809,levothyroxine 0.3 MG Oral Tablet [Eltroxin] by Aspen,Drug,RxNorm Extension,standard,H03A_thyroid_preparations,thyroid_hormones,Thyroid hormones,drug
44134751,100 ML Adrenal cortex extract 12 X / Bos taurus testicle preparation 12 X / Pancreas extract 12 X / Posterior Pituitary Hormones 12 X / Thyme preparation 12 X / thyroid (USP) 12 X Oral Solution [Euglandin],Drug,RxNorm Extension,standard,H03A_thyroid_preparations,thyroid_hormones,Thyroid hormones,drug
44134904,100 ML Adrenal cortex extract 12 X / Bos taurus ovary preparation 12 X / Pancreas extract 12 X / Posterior Pituitary Hormones 12 X / Thyme preparation 12 X / thyroid (USP) 12 X Oral Solution,Drug,RxNorm Extension,standard,H03A_thyroid_preparations,thyroid_hormones,Thyroid hormones,drug
44134905,100 ML Adrenal cortex extract 12 X / Bos taurus testicle preparation 12 X / Pancreas extract 12 X / Posterior Pituitary Hormones 12 X / Thyme preparation 12 X / thyroid (USP) 12 X Oral Solution,Drug,RxNorm Extension,standard,H03A_thyroid_preparations,thyroid_hormones,Thyroid hormones,drug
44135309,100 ML Adrenal cortex extract 12 X / Bos taurus ovary preparation 12 X / Pancreas extract 12 X / Posterior Pituitary Hormones 12 X / Thyme preparation 12 X / thyroid (USP) 12 X Oral Solution [Euglandin],Drug,RxNorm Extension,standard,H03A_thyroid_preparations,thyroid_hormones,Thyroid hormones,drug
44135346,100 ML Adrenal cortex extract 12 X / Bos taurus ovary preparation 12 X / Pancreas extract 12 X / Posterior Pituitary Hormones 12 X / Thyme preparation 12 X / thyroid (USP) 12 X Oral Solution [Euglandin] by Dr Reckeweg,Drug,RxNorm Extension,standard,H03A_thyroid_preparations,thyroid_hormones,Thyroid hormones,drug
44135347,100 ML Adrenal cortex extract 12 X / Bos taurus testicle preparation 12 X / Pancreas extract 12 X / Posterior Pituitary Hormones 12 X / Thyme preparation 12 X / thyroid (USP) 12 X Oral Solution [Euglandin] by Dr Reckeweg,Drug,RxNorm Extension,standard,H03A_thyroid_preparations,thyroid_hormones,Thyroid hormones,drug
44159854,levothyroxine 0.125 MG Oral Tablet [L Thyroxin Na Abz] Box of 50 by AbZ-Pharma,Drug,RxNorm Extension,standard,H03A_thyroid_preparations,thyroid_hormones,Thyroid hormones,drug
44159855,levothyroxine 0.125 MG Oral Tablet [L Thyroxin Beta] Box of 50 by Betapharm,Drug,RxNorm Extension,standard,H03A_thyroid_preparations,thyroid_hormones,Thyroid hormones,drug
44159857,levothyroxine 0.15 MG Oral Tablet [L Thyroxin Na Ct] Box of 50 by AbZ-Pharma,Drug,RxNorm Extension,standard,H03A_thyroid_preparations,thyroid_hormones,Thyroid hormones,drug
44159858,levothyroxine 0.15 MG Oral Tablet [L Thyroxin Na Abz] Box of 50 by AbZ-Pharma,Drug,RxNorm Extension,standard,H03A_thyroid_preparations,thyroid_hormones,Thyroid hormones,drug
44159859,levothyroxine 0.15 MG Oral Tablet [L Thyroxin Aristo] Box of 100 by Aristo,Drug,RxNorm Extension,standard,H03A_thyroid_preparations,thyroid_hormones,Thyroid hormones,drug
44159860,levothyroxine 0.15 MG Oral Tablet [Eferox] Box of 50 by Aristo,Drug,RxNorm Extension,standard,H03A_thyroid_preparations,thyroid_hormones,Thyroid hormones,drug
44160502,thyroid (USP) 0.0001 MG/MG,Drug,RxNorm Extension,standard,H03A_thyroid_preparations,thyroid_hormones,Thyroid hormones,drug
44160627,levothyroxine 0.1 MG [L Thyroxin Ct],Drug,RxNorm Extension,standard,H03A_thyroid_preparations,thyroid_hormones,Thyroid hormones,drug
44160628,levothyroxine 0.125 MG [Eferox],Drug,RxNorm Extension,standard,H03A_thyroid_preparations,thyroid_hormones,Thyroid hormones,drug
44161624,thyroid (USP) 97.5 MG Oral Tablet [Thyreoid Dispert] Box of 50,Drug,RxNorm Extension,standard,H03A_thyroid_preparations,thyroid_hormones,Thyroid hormones,drug
44162144,levothyroxine 0.125 MG Oral Tablet [L Thyroxin Na Ct] Box of 100,Drug,RxNorm Extension,standard,H03A_thyroid_preparations,thyroid_hormones,Thyroid hormones,drug
44162145,levothyroxine 0.125 MG Oral Tablet [L Thyroxin Na Abz] Box of 100,Drug,RxNorm Extension,standard,H03A_thyroid_preparations,thyroid_hormones,Thyroid hormones,drug
44162146,levothyroxine 0.125 MG Oral Tablet [L Thyrox Ratiopharm] Box of 50,Drug,RxNorm Extension,standard,H03A_thyroid_preparations,thyroid_hormones,Thyroid hormones,drug
44162147,levothyroxine 0.05 MG Oral Tablet [L Thyroxin Ct] Box of 50,Drug,RxNorm Extension,standard,H03A_thyroid_preparations,thyroid_hormones,Thyroid hormones,drug
44162148,levothyroxine 0.15 MG Oral Tablet [Eutirox] Box of 100,Drug,RxNorm Extension,standard,H03A_thyroid_preparations,thyroid_hormones,Thyroid hormones,drug
44162149,levothyroxine 0.15 MG Oral Tablet [Eferox],Drug,RxNorm Extension,standard,H03A_thyroid_preparations,thyroid_hormones,Thyroid hormones,drug
44162152,levothyroxine 0.125 MG Oral Tablet [Eferox] Box of 50,Drug,RxNorm Extension,standard,H03A_thyroid_preparations,thyroid_hormones,Thyroid hormones,drug
44162153,levothyroxine 0.125 MG Oral Tablet [Eferox],Drug,RxNorm Extension,standard,H03A_thyroid_preparations,thyroid_hormones,Thyroid hormones,drug
44162154,levothyroxine 0.15 MG Oral Tablet [L Thyroxin Na Ratiopharm] Box of 100,Drug,RxNorm Extension,standard,H03A_thyroid_preparations,thyroid_hormones,Thyroid hormones,drug
44162155,levothyroxine 0.15 MG Oral Tablet [L Thyroxin Henning] Box of 100,Drug,RxNorm Extension,standard,H03A_thyroid_preparations,thyroid_hormones,Thyroid hormones,drug
44162156,levothyroxine 0.15 MG Oral Tablet [L Thyroxin Henning] Box of 98,Drug,RxNorm Extension,standard,H03A_thyroid_preparations,thyroid_hormones,Thyroid hormones,drug
44163619,levothyroxine 0.125 MG Oral Tablet [L Thyroxin Aristo] Box of 100 by Aristo,Drug,RxNorm Extension,standard,H03A_thyroid_preparations,thyroid_hormones,Thyroid hormones,drug
44163620,levothyroxine 0.125 MG Oral Tablet [L Thyroxin Aristo] Box of 98 by Aristo,Drug,RxNorm Extension,standard,H03A_thyroid_preparations,thyroid_hormones,Thyroid hormones,drug
44163622,levothyroxine 0.15 MG Oral Tablet [L Thyroxin Winthrop] Box of 100 by Sanofi,Drug,RxNorm Extension,standard,H03A_thyroid_preparations,thyroid_hormones,Thyroid hormones,drug
44163623,levothyroxine 0.15 MG Oral Tablet [L Thyroxin Beta] Box of 50 by Betapharm,Drug,RxNorm Extension,standard,H03A_thyroid_preparations,thyroid_hormones,Thyroid hormones,drug
44163624,levothyroxine 0.15 MG Oral Tablet [L Thyroxin Aristo] Box of 50 by Aristo,Drug,RxNorm Extension,standard,H03A_thyroid_preparations,thyroid_hormones,Thyroid hormones,drug
44163625,levothyroxine 0.15 MG Oral Tablet [L Thyroxin 1a Pharma] Box of 100 by 1 A,Drug,RxNorm Extension,standard,H03A_thyroid_preparations,thyroid_hormones,Thyroid hormones,drug
44163626,levothyroxine 0.15 MG Oral Tablet [L Thyrox Ratiopharm] Box of 50 by Ratiopharm,Drug,RxNorm Extension,standard,H03A_thyroid_preparations,thyroid_hormones,Thyroid hormones,drug
44163627,levothyroxine 0.15 MG Oral Tablet [Eferox] Box of 50 by Pfizer,Drug,RxNorm Extension,standard,H03A_thyroid_preparations,thyroid_hormones,Thyroid hormones,drug
44163628,levothyroxine 0.15 MG Oral Tablet Box of 100 by Isarpharm,Drug,RxNorm Extension,standard,H03A_thyroid_preparations,thyroid_hormones,Thyroid hormones,drug
44164383,thyroid (USP) 0.0001 MG/MG [Thyreoidinum],Drug,RxNorm Extension,standard,H03A_thyroid_preparations,thyroid_hormones,Thyroid hormones,drug
44164406,levothyroxine 0.125 MG [L Thyrox Ratiopharm],Drug,RxNorm Extension,standard,H03A_thyroid_preparations,thyroid_hormones,Thyroid hormones,drug
44165392,thyroid (USP) 97.5 MG Oral Tablet [Thyreoid Dispert] Box of 25,Drug,RxNorm Extension,standard,H03A_thyroid_preparations,thyroid_hormones,Thyroid hormones,drug
44165927,levothyroxine 0.125 MG Oral Tablet [L Thyroxin Na Ratiopharm] Box of 100,Drug,RxNorm Extension,standard,H03A_thyroid_preparations,thyroid_hormones,Thyroid hormones,drug
44165928,levothyroxine 0.125 MG Oral Tablet [L Thyroxin Beta] Box of 50,Drug,RxNorm Extension,standard,H03A_thyroid_preparations,thyroid_hormones,Thyroid hormones,drug
44165929,levothyroxine 0.1 MG Oral Tablet [L Thyroxin Ct] Box of 50,Drug,RxNorm Extension,standard,H03A_thyroid_preparations,thyroid_hormones,Thyroid hormones,drug
44165930,levothyroxine 0.05 MG Oral Tablet [L Thyroxin Ct],Drug,RxNorm Extension,standard,H03A_thyroid_preparations,thyroid_hormones,Thyroid hormones,drug
44165931,levothyroxine 0.125 MG Oral Tablet [Eferox] Box of 100,Drug,RxNorm Extension,standard,H03A_thyroid_preparations,thyroid_hormones,Thyroid hormones,drug
44165932,levothyroxine 0.15 MG Oral Tablet [L Thyroxin Na Ratiopharm] Box of 50,Drug,RxNorm Extension,standard,H03A_thyroid_preparations,thyroid_hormones,Thyroid hormones,drug
44165933,levothyroxine 0.15 MG Oral Tablet [L Thyroxin Na Abz] Box of 100,Drug,RxNorm Extension,standard,H03A_thyroid_preparations,thyroid_hormones,Thyroid hormones,drug
44165934,levothyroxine 0.15 MG Oral Tablet [L Thyroxin Na Abz] Box of 50,Drug,RxNorm Extension,standard,H03A_thyroid_preparations,thyroid_hormones,Thyroid hormones,drug
44165935,levothyroxine 0.15 MG Oral Tablet [L Thyroxin Henning] Box of 200,Drug,RxNorm Extension,standard,H03A_thyroid_preparations,thyroid_hormones,Thyroid hormones,drug
44165936,levothyroxine 0.15 MG Oral Tablet [L Thyroxin Henning] Box of 84,Drug,RxNorm Extension,standard,H03A_thyroid_preparations,thyroid_hormones,Thyroid hormones,drug
44165937,levothyroxine 0.15 MG Oral Tablet [L Thyroxin Henning] Box of 70,Drug,RxNorm Extension,standard,H03A_thyroid_preparations,thyroid_hormones,Thyroid hormones,drug
44165938,levothyroxine 0.15 MG Oral Tablet [L Thyroxin Beta] Box of 100,Drug,RxNorm Extension,standard,H03A_thyroid_preparations,thyroid_hormones,Thyroid hormones,drug
44165939,levothyroxine 0.15 MG Oral Tablet [L Thyroxin Aristo] Box of 50,Drug,RxNorm Extension,standard,H03A_thyroid_preparations,thyroid_hormones,Thyroid hormones,drug
44165940,levothyroxine 0.15 MG Oral Tablet [Eferox] Box of 50,Drug,RxNorm Extension,standard,H03A_thyroid_preparations,thyroid_hormones,Thyroid hormones,drug
44165941,levothyroxine 0.15 MG Oral Tablet [Eferox] Box of 20,Drug,RxNorm Extension,standard,H03A_thyroid_preparations,thyroid_hormones,Thyroid hormones,drug
44167390,levothyroxine 0.125 MG Oral Tablet [L Thyrox Ratiopharm] Box of 50 by Ratiopharm,Drug,RxNorm Extension,standard,H03A_thyroid_preparations,thyroid_hormones,Thyroid hormones,drug
44167391,levothyroxine 0.05 MG Oral Tablet [L Thyroxin Ct] Box of 100 by AbZ-Pharma,Drug,RxNorm Extension,standard,H03A_thyroid_preparations,thyroid_hormones,Thyroid hormones,drug
44167392,levothyroxine 0.15 MG Oral Tablet [L Thyroxin Aristo] Box of 98 by Aristo,Drug,RxNorm Extension,standard,H03A_thyroid_preparations,thyroid_hormones,Thyroid hormones,drug
44167393,levothyroxine 0.15 MG Oral Tablet [L Thyroxin Ratiopharm] Box of 100 by Ratiopharm,Drug,RxNorm Extension,standard,H03A_thyroid_preparations,thyroid_hormones,Thyroid hormones,drug
44167394,levothyroxine 0.15 MG Oral Tablet [L Thyroxin Henning] Box of 500 by Sanofi,Drug,RxNorm Extension,standard,H03A_thyroid_preparations,thyroid_hormones,Thyroid hormones,drug
44167395,levothyroxine 0.15 MG Oral Tablet [L Thyrox Hexal] Box of 100 by Novartis,Drug,RxNorm Extension,standard,H03A_thyroid_preparations,thyroid_hormones,Thyroid hormones,drug
44168605,thyroid (USP) 0.0001 MG/MG Oral Tablet,Drug,RxNorm Extension,standard,H03A_thyroid_preparations,thyroid_hormones,Thyroid hormones,drug
44169678,levothyroxine 0.075 MG Oral Tablet [L Thyroxin Aventis],Drug,RxNorm Extension,standard,H03A_thyroid_preparations,thyroid_hormones,Thyroid hormones,drug
44169679,levothyroxine 0.125 MG Oral Tablet [L Thyrox Hexal] Box of 100,Drug,RxNorm Extension,standard,H03A_thyroid_preparations,thyroid_hormones,Thyroid hormones,drug
44169680,levothyroxine 0.125 MG Oral Tablet [L Thyroxin Aristo] Box of 98,Drug,RxNorm Extension,standard,H03A_thyroid_preparations,thyroid_hormones,Thyroid hormones,drug
44169683,levothyroxine 0.15 MG Oral Tablet [LEVOTHYROXINE RATIOPHARM] Box of 100,Drug,RxNorm Extension,standard,H03A_thyroid_preparations,thyroid_hormones,Thyroid hormones,drug
44169684,levothyroxine 0.15 MG Oral Tablet [L Thyroxin Aristo] Box of 98,Drug,RxNorm Extension,standard,H03A_thyroid_preparations,thyroid_hormones,Thyroid hormones,drug
44171139,levothyroxine 0.075 MG Oral Tablet [L Thyroxin Aventis] Box of 100 by Sanofi,Drug,RxNorm Extension,standard,H03A_thyroid_preparations,thyroid_hormones,Thyroid hormones,drug
44171140,levothyroxine 0.125 MG Oral Tablet [L Thyroxin Na Ct] Box of 100 by AbZ-Pharma,Drug,RxNorm Extension,standard,H03A_thyroid_preparations,thyroid_hormones,Thyroid hormones,drug
44171141,levothyroxine 0.125 MG Oral Tablet [L Thyroxin Beta] Box of 100 by Betapharm,Drug,RxNorm Extension,standard,H03A_thyroid_preparations,thyroid_hormones,Thyroid hormones,drug
44171142,levothyroxine 0.15 MG Oral Tablet [Eutirox] Box of 50 by Emra-Med,Drug,RxNorm Extension,standard,H03A_thyroid_preparations,thyroid_hormones,Thyroid hormones,drug
44171145,levothyroxine 0.125 MG Oral Tablet [Eferox] Box of 98 by Aristo,Drug,RxNorm Extension,standard,H03A_thyroid_preparations,thyroid_hormones,Thyroid hormones,drug
44171146,levothyroxine 0.025 MG Oral Tablet [L Thyroxin Aventis] Box of 100 by Sanofi,Drug,RxNorm Extension,standard,H03A_thyroid_preparations,thyroid_hormones,Thyroid hormones,drug
44171147,levothyroxine 0.15 MG Oral Tablet [L Thyroxin 1a Pharma] Box of 50 by 1 A,Drug,RxNorm Extension,standard,H03A_thyroid_preparations,thyroid_hormones,Thyroid hormones,drug
44171148,levothyroxine 0.15 MG Oral Tablet [Eferox] Box of 100 by Efeka,Drug,RxNorm Extension,standard,H03A_thyroid_preparations,thyroid_hormones,Thyroid hormones,drug
44171149,levothyroxine 0.15 MG Oral Tablet [Eferox] Box of 100 by Aristo,Drug,RxNorm Extension,standard,H03A_thyroid_preparations,thyroid_hormones,Thyroid hormones,drug
44171150,levothyroxine 0.15 MG Oral Tablet [Eferox] Box of 50 by Novartis,Drug,RxNorm Extension,standard,H03A_thyroid_preparations,thyroid_hormones,Thyroid hormones,drug
44171941,levothyroxine 0.05 MG [L Thyroxin Ct],Drug,RxNorm Extension,standard,H03A_thyroid_preparations,thyroid_hormones,Thyroid hormones,drug
44173449,levothyroxine 0.125 MG Oral Tablet [L Thyroxin Na Ratiopharm] Box of 50,Drug,RxNorm Extension,standard,H03A_thyroid_preparations,thyroid_hormones,Thyroid hormones,drug
44173450,levothyroxine 0.125 MG Oral Tablet [L Thyroxin Beta] Box of 100,Drug,RxNorm Extension,standard,H03A_thyroid_preparations,thyroid_hormones,Thyroid hormones,drug
44173451,levothyroxine 0.125 MG Oral Tablet [L Thyroxin Aristo] Box of 100,Drug,RxNorm Extension,standard,H03A_thyroid_preparations,thyroid_hormones,Thyroid hormones,drug
44173452,levothyroxine 0.125 MG Oral Tablet [L Thyrox Ratiopharm],Drug,RxNorm Extension,standard,H03A_thyroid_preparations,thyroid_hormones,Thyroid hormones,drug
44173453,levothyroxine 0.1 MG Oral Tablet [L Thyroxin Ct],Drug,RxNorm Extension,standard,H03A_thyroid_preparations,thyroid_hormones,Thyroid hormones,drug
44173454,levothyroxine 0.15 MG Oral Tablet [Eutirox] Box of 50,Drug,RxNorm Extension,standard,H03A_thyroid_preparations,thyroid_hormones,Thyroid hormones,drug
44173455,levothyroxine 0.15 MG Oral Tablet [L Thyroxin Henning] Box of 500,Drug,RxNorm Extension,standard,H03A_thyroid_preparations,thyroid_hormones,Thyroid hormones,drug
44173456,levothyroxine 0.15 MG Oral Tablet [L Thyroxin Henning] Box of 56,Drug,RxNorm Extension,standard,H03A_thyroid_preparations,thyroid_hormones,Thyroid hormones,drug
44173457,levothyroxine 0.15 MG Oral Tablet [L Thyroxin Henning] Box of 50,Drug,RxNorm Extension,standard,H03A_thyroid_preparations,thyroid_hormones,Thyroid hormones,drug
44173458,levothyroxine 0.15 MG Oral Tablet [L Thyroxin Aristo] Box of 100,Drug,RxNorm Extension,standard,H03A_thyroid_preparations,thyroid_hormones,Thyroid hormones,drug
44174870,levothyroxine 0.125 MG Oral Tablet [L Thyroxin Na Ratiopharm] Box of 100 by Ratiopharm,Drug,RxNorm Extension,standard,H03A_thyroid_preparations,thyroid_hormones,Thyroid hormones,drug
44174871,levothyroxine 0.125 MG Oral Tablet [L Thyroxin Na Ct] Box of 50 by AbZ-Pharma,Drug,RxNorm Extension,standard,H03A_thyroid_preparations,thyroid_hormones,Thyroid hormones,drug
44174872,levothyroxine 0.1 MG Oral Tablet [L Thyroxin Ct] Box of 50 by AbZ-Pharma,Drug,RxNorm Extension,standard,H03A_thyroid_preparations,thyroid_hormones,Thyroid hormones,drug
44174873,levothyroxine 0.15 MG Oral Tablet Box of 50 by Berlin-Chemie,Drug,RxNorm Extension,standard,H03A_thyroid_preparations,thyroid_hormones,Thyroid hormones,drug
44174874,levothyroxine 0.15 MG Oral Tablet [L Thyroxin Ratiopharm] Box of 50 by Ratiopharm,Drug,RxNorm Extension,standard,H03A_thyroid_preparations,thyroid_hormones,Thyroid hormones,drug
44174875,levothyroxine 0.15 MG Oral Tablet [L Thyroxin Henning] Box of 100 by Sanofi,Drug,RxNorm Extension,standard,H03A_thyroid_preparations,thyroid_hormones,Thyroid hormones,drug
44174876,levothyroxine 0.15 MG Oral Tablet [L Thyroxin Henning] Box of 98 by Sanofi,Drug,RxNorm Extension,standard,H03A_thyroid_preparations,thyroid_hormones,Thyroid hormones,drug
44174878,levothyroxine 0.125 MG Oral Tablet [Eferox] Box of 100 by Aristo,Drug,RxNorm Extension,standard,H03A_thyroid_preparations,thyroid_hormones,Thyroid hormones,drug
44174879,levothyroxine 0.15 MG Oral Tablet [Eferox] Box of 20 by Pfizer,Drug,RxNorm Extension,standard,H03A_thyroid_preparations,thyroid_hormones,Thyroid hormones,drug
44174880,levothyroxine 0.15 MG Oral Tablet [L Thyroxin Beta] Box of 100 by Betapharm,Drug,RxNorm Extension,standard,H03A_thyroid_preparations,thyroid_hormones,Thyroid hormones,drug
44174881,levothyroxine 0.15 MG Oral Tablet [Eferox] Box of 84 by Efeka,Drug,RxNorm Extension,standard,H03A_thyroid_preparations,thyroid_hormones,Thyroid hormones,drug
44175880,levothyroxine Oral Tablet [L Thyroxin Aventis],Drug,RxNorm Extension,standard,H03A_thyroid_preparations,thyroid_hormones,Thyroid hormones,drug
44176682,thyroid (USP) 48.75 MG Oral Tablet [Thyreoid Dispert] Box of 20,Drug,RxNorm Extension,standard,H03A_thyroid_preparations,thyroid_hormones,Thyroid hormones,drug
44176683,thyroid (USP) 0.0001 MG/MG Oral Tablet [Thyreoidinum],Drug,RxNorm Extension,standard,H03A_thyroid_preparations,thyroid_hormones,Thyroid hormones,drug
44177203,levothyroxine 0.125 MG Oral Tablet [L Thyrox Hexal] Box of 50,Drug,RxNorm Extension,standard,H03A_thyroid_preparations,thyroid_hormones,Thyroid hormones,drug
44177204,levothyroxine 0.15 MG Oral Tablet [Eutirox],Drug,RxNorm Extension,standard,H03A_thyroid_preparations,thyroid_hormones,Thyroid hormones,drug
44177206,levothyroxine 0.15 MG Oral Tablet [LEVOTHYROXINE RATIOPHARM] Box of 50,Drug,RxNorm Extension,standard,H03A_thyroid_preparations,thyroid_hormones,Thyroid hormones,drug
44177207,levothyroxine 0.15 MG Oral Tablet [L Thyroxin Beta] Box of 50,Drug,RxNorm Extension,standard,H03A_thyroid_preparations,thyroid_hormones,Thyroid hormones,drug
44177208,levothyroxine 0.15 MG Oral Tablet [L Thyrox Ratiopharm] Box of 50,Drug,RxNorm Extension,standard,H03A_thyroid_preparations,thyroid_hormones,Thyroid hormones,drug
44178646,levothyroxine 0.1 MG / liothyronine 0.02 MG Oral Tablet [Novothyral] Box of 50 by Ae-Media,Drug,RxNorm Extension,standard,H03A_thyroid_preparations,thyroid_hormones,Thyroid hormones,drug
44178647,levothyroxine 0.125 MG Oral Tablet [L Thyroxin Na Abz] Box of 100 by AbZ-Pharma,Drug,RxNorm Extension,standard,H03A_thyroid_preparations,thyroid_hormones,Thyroid hormones,drug
44178648,levothyroxine 0.125 MG Oral Tablet [L Thyrox Hexal] Box of 100 by Novartis,Drug,RxNorm Extension,standard,H03A_thyroid_preparations,thyroid_hormones,Thyroid hormones,drug
44178649,levothyroxine 0.05 MG Oral Tablet [L Thyroxin Ct] Box of 50 by AbZ-Pharma,Drug,RxNorm Extension,standard,H03A_thyroid_preparations,thyroid_hormones,Thyroid hormones,drug
44178650,levothyroxine 0.15 MG Oral Tablet Box of 100 by Berlin-Chemie,Drug,RxNorm Extension,standard,H03A_thyroid_preparations,thyroid_hormones,Thyroid hormones,drug
44178652,levothyroxine 0.125 MG Oral Tablet [Eferox] Box of 50 by Aristo,Drug,RxNorm Extension,standard,H03A_thyroid_preparations,thyroid_hormones,Thyroid hormones,drug
44178653,levothyroxine 0.15 MG Oral Tablet [L Thyroxin Na Ratiopharm] Box of 100 by Ratiopharm,Drug,RxNorm Extension,standard,H03A_thyroid_preparations,thyroid_hormones,Thyroid hormones,drug
44178654,levothyroxine 0.15 MG Oral Tablet [L Thyrox Ratiopharm] Box of 100 by Ratiopharm,Drug,RxNorm Extension,standard,H03A_thyroid_preparations,thyroid_hormones,Thyroid hormones,drug
44178655,levothyroxine 0.15 MG Oral Tablet [L Thyrox Hexal] Box of 50 by Novartis,Drug,RxNorm Extension,standard,H03A_thyroid_preparations,thyroid_hormones,Thyroid hormones,drug
44179455,levothyroxine 0.15 MG [Eutirox],Drug,RxNorm Extension,standard,H03A_thyroid_preparations,thyroid_hormones,Thyroid hormones,drug
44179999,levothyroxine 0.125 MG Oral Tablet Box of 98,Drug,RxNorm Extension,standard,H03A_thyroid_preparations,thyroid_hormones,Thyroid hormones,drug
44180407,thyroid (USP) 97.5 MG Oral Tablet [Thyreoid Dispert] Box of 500,Drug,RxNorm Extension,standard,H03A_thyroid_preparations,thyroid_hormones,Thyroid hormones,drug
44180408,thyroid (USP) 48.75 MG Oral Tablet [Thyreoid Dispert] Box of 500,Drug,RxNorm Extension,standard,H03A_thyroid_preparations,thyroid_hormones,Thyroid hormones,drug
44180913,levothyroxine 0.125 MG Oral Tablet [L Thyroxin Na Ct] Box of 50,Drug,RxNorm Extension,standard,H03A_thyroid_preparations,thyroid_hormones,Thyroid hormones,drug
44180914,levothyroxine 0.125 MG Oral Tablet [L Thyroxin Na Abz] Box of 50,Drug,RxNorm Extension,standard,H03A_thyroid_preparations,thyroid_hormones,Thyroid hormones,drug
44180915,levothyroxine 0.125 MG Oral Tablet [L Thyroxin Aristo] Box of 50,Drug,RxNorm Extension,standard,H03A_thyroid_preparations,thyroid_hormones,Thyroid hormones,drug
44180916,levothyroxine 0.05 MG Oral Tablet [L Thyroxin Ct] Box of 100,Drug,RxNorm Extension,standard,H03A_thyroid_preparations,thyroid_hormones,Thyroid hormones,drug
44180917,levothyroxine 0.15 MG Oral Tablet [Eferox] Box of 98,Drug,RxNorm Extension,standard,H03A_thyroid_preparations,thyroid_hormones,Thyroid hormones,drug
44180918,levothyroxine 0.125 MG Oral Tablet [Eferox] Box of 98,Drug,RxNorm Extension,standard,H03A_thyroid_preparations,thyroid_hormones,Thyroid hormones,drug
44180919,levothyroxine 0.15 MG Oral Tablet [L Thyroxin Na Ct] Box of 50,Drug,RxNorm Extension,standard,H03A_thyroid_preparations,thyroid_hormones,Thyroid hormones,drug
44180920,levothyroxine 0.15 MG Oral Tablet [L Thyroxin Henning] Box of 490,Drug,RxNorm Extension,standard,H03A_thyroid_preparations,thyroid_hormones,Thyroid hormones,drug
44180921,levothyroxine 0.15 MG Oral Tablet [L Thyrox Ratiopharm],Drug,RxNorm Extension,standard,H03A_thyroid_preparations,thyroid_hormones,Thyroid hormones,drug
44180922,levothyroxine 0.15 MG Oral Tablet [Berlthyrox] Box of 100,Drug,RxNorm Extension,standard,H03A_thyroid_preparations,thyroid_hormones,Thyroid hormones,drug
44181801,thyroid (USP) 48.75 MG Oral Tablet [Thyreoid Dispert] Box of 50 by Mylan,Drug,RxNorm Extension,standard,H03A_thyroid_preparations,thyroid_hormones,Thyroid hormones,drug
44182366,levothyroxine 0.1 MG / liothyronine 0.02 MG Oral Tablet [Novothyral] Box of 100 by Ae-Media,Drug,RxNorm Extension,standard,H03A_thyroid_preparations,thyroid_hormones,Thyroid hormones,drug
44182367,levothyroxine 0.112 MG Oral Tablet Box of 50 by Ratiopharm,Drug,RxNorm Extension,standard,H03A_thyroid_preparations,thyroid_hormones,Thyroid hormones,drug
44182368,levothyroxine 0.125 MG Oral Tablet [L Thyrox Ratiopharm] Box of 100 by Ratiopharm,Drug,RxNorm Extension,standard,H03A_thyroid_preparations,thyroid_hormones,Thyroid hormones,drug
44182369,levothyroxine 0.125 MG Oral Tablet [L Thyrox Hexal] Box of 50 by Novartis,Drug,RxNorm Extension,standard,H03A_thyroid_preparations,thyroid_hormones,Thyroid hormones,drug
44182370,levothyroxine 0.15 MG Oral Tablet [L Thyroxin Henning] Box of 84 by Sanofi,Drug,RxNorm Extension,standard,H03A_thyroid_preparations,thyroid_hormones,Thyroid hormones,drug
44182371,levothyroxine 0.15 MG Oral Tablet [L Thyroxin Henning] Box of 50 by Sanofi,Drug,RxNorm Extension,standard,H03A_thyroid_preparations,thyroid_hormones,Thyroid hormones,drug
44182374,levothyroxine 0.15 MG Oral Tablet [Eferox] Box of 20 by Novartis,Drug,RxNorm Extension,standard,H03A_thyroid_preparations,thyroid_hormones,Thyroid hormones,drug
44182375,levothyroxine 0.025 MG Oral Tablet [Synthroid] Box of 100 by Baxter,Drug,RxNorm Extension,standard,H03A_thyroid_preparations,thyroid_hormones,Thyroid hormones,drug
44182376,levothyroxine 0.15 MG Oral Tablet [Eferox] Box of 100 by Pfizer,Drug,RxNorm Extension,standard,H03A_thyroid_preparations,thyroid_hormones,Thyroid hormones,drug
44182377,levothyroxine 0.15 MG Oral Tablet [Berlthyrox] Box of 100 by Berlin-Chemie,Drug,RxNorm Extension,standard,H03A_thyroid_preparations,thyroid_hormones,Thyroid hormones,drug
44182378,levothyroxine 0.15 MG Oral Tablet [Berlthyrox] Box of 84 by Berlin-Chemie,Drug,RxNorm Extension,standard,H03A_thyroid_preparations,thyroid_hormones,Thyroid hormones,drug
44183175,levothyroxine 0.025 MG [L Thyroxin Aventis],Drug,RxNorm Extension,standard,H03A_thyroid_preparations,thyroid_hormones,Thyroid hormones,drug
44183176,levothyroxine 0.15 MG [L Thyrox Ratiopharm],Drug,RxNorm Extension,standard,H03A_thyroid_preparations,thyroid_hormones,Thyroid hormones,drug
44183366,levothyroxine Oral Tablet [L Thyroxin Ct],Drug,RxNorm Extension,standard,H03A_thyroid_preparations,thyroid_hormones,Thyroid hormones,drug
44184616,levothyroxine 0.125 MG Oral Tablet [L Thyrox Ratiopharm] Box of 100,Drug,RxNorm Extension,standard,H03A_thyroid_preparations,thyroid_hormones,Thyroid hormones,drug
44184617,levothyroxine 0.1 MG Oral Tablet [L Thyroxin Ct] Box of 100,Drug,RxNorm Extension,standard,H03A_thyroid_preparations,thyroid_hormones,Thyroid hormones,drug
44184618,levothyroxine 0.15 MG Oral Tablet [L Thyrox Ratiopharm] Box of 100,Drug,RxNorm Extension,standard,H03A_thyroid_preparations,thyroid_hormones,Thyroid hormones,drug
44186135,levothyroxine 0.125 MG Oral Tablet [L Thyroxin Na Ratiopharm] Box of 50 by Ratiopharm,Drug,RxNorm Extension,standard,H03A_thyroid_preparations,thyroid_hormones,Thyroid hormones,drug
44186136,levothyroxine 0.125 MG Oral Tablet [L Thyroxin Aristo] Box of 50 by Aristo,Drug,RxNorm Extension,standard,H03A_thyroid_preparations,thyroid_hormones,Thyroid hormones,drug
44186137,levothyroxine 0.1 MG Oral Tablet [L Thyroxin Ct] Box of 100 by AbZ-Pharma,Drug,RxNorm Extension,standard,H03A_thyroid_preparations,thyroid_hormones,Thyroid hormones,drug
44186138,levothyroxine 0.15 MG Oral Tablet [L Thyroxin Henning] Box of 200 by Sanofi,Drug,RxNorm Extension,standard,H03A_thyroid_preparations,thyroid_hormones,Thyroid hormones,drug
44186139,levothyroxine 0.15 MG Oral Tablet [Eutirox] Box of 100 by Emra-Med,Drug,RxNorm Extension,standard,H03A_thyroid_preparations,thyroid_hormones,Thyroid hormones,drug
44186140,levothyroxine 0.15 MG Oral Tablet [Eferox] Box of 98 by Aristo,Drug,RxNorm Extension,standard,H03A_thyroid_preparations,thyroid_hormones,Thyroid hormones,drug
44186141,levothyroxine 0.15 MG Oral Tablet Box of 84 by Berlin-Chemie,Drug,RxNorm Extension,standard,H03A_thyroid_preparations,thyroid_hormones,Thyroid hormones,drug
44186143,levothyroxine 0.15 MG Oral Tablet [L Thyroxin Winthrop] Box of 50 by Sanofi,Drug,RxNorm Extension,standard,H03A_thyroid_preparations,thyroid_hormones,Thyroid hormones,drug
44186144,levothyroxine 0.15 MG Oral Tablet [L Thyroxin Sandoz] Box of 100 by Novartis,Drug,RxNorm Extension,standard,H03A_thyroid_preparations,thyroid_hormones,Thyroid hormones,drug
44186145,levothyroxine 0.15 MG Oral Tablet [L Thyroxin Na Ratiopharm] Box of 50 by Ratiopharm,Drug,RxNorm Extension,standard,H03A_thyroid_preparations,thyroid_hormones,Thyroid hormones,drug
44186146,levothyroxine 0.15 MG Oral Tablet [L Thyroxin Na Ct] Box of 100 by AbZ-Pharma,Drug,RxNorm Extension,standard,H03A_thyroid_preparations,thyroid_hormones,Thyroid hormones,drug
44186147,levothyroxine 0.15 MG Oral Tablet [L Thyroxin Na Abz] Box of 100 by AbZ-Pharma,Drug,RxNorm Extension,standard,H03A_thyroid_preparations,thyroid_hormones,Thyroid hormones,drug
44186148,levothyroxine 0.15 MG Oral Tablet [Eferox] Box of 100 by Novartis,Drug,RxNorm Extension,standard,H03A_thyroid_preparations,thyroid_hormones,Thyroid hormones,drug
44186149,levothyroxine 0.15 MG Oral Tablet [Berlthyrox] Box of 50 by Berlin-Chemie,Drug,RxNorm Extension,standard,H03A_thyroid_preparations,thyroid_hormones,Thyroid hormones,drug
44186920,levothyroxine 0.075 MG [L Thyroxin Aventis],Drug,RxNorm Extension,standard,H03A_thyroid_preparations,thyroid_hormones,Thyroid hormones,drug
44186921,levothyroxine 0.15 MG [Eferox],Drug,RxNorm Extension,standard,H03A_thyroid_preparations,thyroid_hormones,Thyroid hormones,drug
44187468,levothyroxine 0.15 MG Oral Tablet Box of 98,Drug,RxNorm Extension,standard,H03A_thyroid_preparations,thyroid_hormones,Thyroid hormones,drug
44187912,thyroid (USP) 97.5 MG Oral Tablet [Thyreoidin] Box of 500,Drug,RxNorm Extension,standard,H03A_thyroid_preparations,thyroid_hormones,Thyroid hormones,drug
44187913,thyroid (USP) 97.5 MG Oral Tablet [Thyreoidin] Box of 100,Drug,RxNorm Extension,standard,H03A_thyroid_preparations,thyroid_hormones,Thyroid hormones,drug
44187914,thyroid (USP) 97.5 MG Oral Tablet [Thyreoidin] Box of 20,Drug,RxNorm Extension,standard,H03A_thyroid_preparations,thyroid_hormones,Thyroid hormones,drug
44187915,thyroid (USP) 97.5 MG Oral Tablet [Thyreoidinum],Drug,RxNorm Extension,standard,H03A_thyroid_preparations,thyroid_hormones,Thyroid hormones,drug
44187916,thyroid (USP) 97.5 MG Oral Tablet [Thyreoid Dispert] Box of 75,Drug,RxNorm Extension,standard,H03A_thyroid_preparations,thyroid_hormones,Thyroid hormones,drug
44188470,levothyroxine 0.075 MG Oral Tablet [L Thyroxin Aventis] Box of 100,Drug,RxNorm Extension,standard,H03A_thyroid_preparations,thyroid_hormones,Thyroid hormones,drug
44188472,levothyroxine 0.025 MG Oral Tablet [L Thyroxin Aventis] Box of 100,Drug,RxNorm Extension,standard,H03A_thyroid_preparations,thyroid_hormones,Thyroid hormones,drug
44188473,levothyroxine 0.025 MG Oral Tablet [L Thyroxin Aventis],Drug,RxNorm Extension,standard,H03A_thyroid_preparations,thyroid_hormones,Thyroid hormones,drug
44188474,levothyroxine 0.15 MG Oral Tablet [L Thyroxin Na Ct] Box of 100,Drug,RxNorm Extension,standard,H03A_thyroid_preparations,thyroid_hormones,Thyroid hormones,drug
44188475,levothyroxine 0.15 MG Oral Tablet [Eferox] Box of 100,Drug,RxNorm Extension,standard,H03A_thyroid_preparations,thyroid_hormones,Thyroid hormones,drug
44188476,levothyroxine 0.15 MG Oral Tablet [Berlthyrox] Box of 50,Drug,RxNorm Extension,standard,H03A_thyroid_preparations,thyroid_hormones,Thyroid hormones,drug
44206593,10000 MG thyroid (USP) 0.0001 MG/MG Oral Tablet,Drug,RxNorm Extension,standard,H03A_thyroid_preparations,thyroid_hormones,Thyroid hormones,drug
44206658,10000 MG thyroid (USP) 0.0001 MG/MG Oral Tablet [Thyreoidinum],Drug,RxNorm Extension,standard,H03A_thyroid_preparations,thyroid_hormones,Thyroid hormones,drug
44816030,levothyroxine sodium 0.1 MG [ThyroMed],Drug,RxNorm,standard,H03A_thyroid_preparations,thyroid_hormones,Thyroid hormones,drug
44818136,thyroid (USP) 162.5 MG,Drug,RxNorm,standard,H03A_thyroid_preparations,thyroid_hormones,Thyroid hormones,drug
44818137,thyroid (USP) 162.5 MG [Nature-Throid],Drug,RxNorm,standard,H03A_thyroid_preparations,thyroid_hormones,Thyroid hormones,drug
44818138,thyroid (USP) 162.5 MG [Westhroid],Drug,RxNorm,standard,H03A_thyroid_preparations,thyroid_hormones,Thyroid hormones,drug
44818143,thyroid (USP) 81.25 MG,Drug,RxNorm,standard,H03A_thyroid_preparations,thyroid_hormones,Thyroid hormones,drug
44818144,thyroid (USP) 81.25 MG [Nature-Throid],Drug,RxNorm,standard,H03A_thyroid_preparations,thyroid_hormones,Thyroid hormones,drug
44818147,thyroid (USP) 81.25 MG [Westhroid],Drug,RxNorm,standard,H03A_thyroid_preparations,thyroid_hormones,Thyroid hormones,drug
44818149,thyroid (USP) 81.25 MG [WP Thyroid],Drug,RxNorm,standard,H03A_thyroid_preparations,thyroid_hormones,Thyroid hormones,drug
44818150,thyroid (USP) 194.4 MG,Drug,RxNorm,standard,H03A_thyroid_preparations,thyroid_hormones,Thyroid hormones,drug
44818439,thyroid (USP) 162.5 MG Oral Tablet,Drug,RxNorm,standard,H03A_thyroid_preparations,thyroid_hormones,Thyroid hormones,drug
44818440,thyroid (USP) 162.5 MG Oral Tablet [Nature-Throid],Drug,RxNorm,standard,H03A_thyroid_preparations,thyroid_hormones,Thyroid hormones,drug
44818441,thyroid (USP) 162.5 MG Oral Tablet [Westhroid],Drug,RxNorm,standard,H03A_thyroid_preparations,thyroid_hormones,Thyroid hormones,drug
44818444,thyroid (USP) 113.75 MG Oral Tablet,Drug,RxNorm,standard,H03A_thyroid_preparations,thyroid_hormones,Thyroid hormones,drug
44818445,thyroid (USP) 113.75 MG Oral Tablet [Nature-Throid],Drug,RxNorm,standard,H03A_thyroid_preparations,thyroid_hormones,Thyroid hormones,drug
44818446,thyroid (USP) 146.25 MG Oral Tablet,Drug,RxNorm,standard,H03A_thyroid_preparations,thyroid_hormones,Thyroid hormones,drug
44818447,thyroid (USP) 146.25 MG Oral Tablet [Nature-Throid],Drug,RxNorm,standard,H03A_thyroid_preparations,thyroid_hormones,Thyroid hormones,drug
44818448,thyroid (USP) 81.25 MG Oral Tablet,Drug,RxNorm,standard,H03A_thyroid_preparations,thyroid_hormones,Thyroid hormones,drug
44818449,thyroid (USP) 81.25 MG Oral Tablet [Nature-Throid],Drug,RxNorm,standard,H03A_thyroid_preparations,thyroid_hormones,Thyroid hormones,drug
44818450,thyroid (USP) 113.75 MG Oral Tablet [Westhroid],Drug,RxNorm,standard,H03A_thyroid_preparations,thyroid_hormones,Thyroid hormones,drug
44818451,thyroid (USP) 146.25 MG Oral Tablet [Westhroid],Drug,RxNorm,standard,H03A_thyroid_preparations,thyroid_hormones,Thyroid hormones,drug
44818452,thyroid (USP) 81.25 MG Oral Tablet [Westhroid],Drug,RxNorm,standard,H03A_thyroid_preparations,thyroid_hormones,Thyroid hormones,drug
44818453,thyroid (USP) 113.75 MG Oral Tablet [WP Thyroid],Drug,RxNorm,standard,H03A_thyroid_preparations,thyroid_hormones,Thyroid hormones,drug
44818454,thyroid (USP) 81.25 MG Oral Tablet [WP Thyroid],Drug,RxNorm,standard,H03A_thyroid_preparations,thyroid_hormones,Thyroid hormones,drug
44818455,thyroid (USP) 194.4 MG Oral Tablet,Drug,RxNorm,standard,H03A_thyroid_preparations,thyroid_hormones,Thyroid hormones,drug
46221600,levothyroxine sodium 0.1 MG [Levocrine],Drug,RxNorm,standard,H03A_thyroid_preparations,thyroid_hormones,Thyroid hormones,drug
46221601,levothyroxine Chewable Tablet [Levocrine],Drug,RxNorm,standard,H03A_thyroid_preparations,thyroid_hormones,Thyroid hormones,drug
46221602,levothyroxine sodium 0.1 MG Chewable Tablet [Levocrine],Drug,RxNorm,standard,H03A_thyroid_preparations,thyroid_hormones,Thyroid hormones,drug
46221603,levothyroxine sodium 0.2 MG [Levocrine],Drug,RxNorm,standard,H03A_thyroid_preparations,thyroid_hormones,Thyroid hormones,drug
46221604,levothyroxine sodium 0.2 MG Chewable Tablet [Levocrine],Drug,RxNorm,standard,H03A_thyroid_preparations,thyroid_hormones,Thyroid hormones,drug
46221605,levothyroxine sodium 0.3 MG [Levocrine],Drug,RxNorm,standard,H03A_thyroid_preparations,thyroid_hormones,Thyroid hormones,drug
46221606,levothyroxine sodium 0.3 MG Chewable Tablet [Levocrine],Drug,RxNorm,standard,H03A_thyroid_preparations,thyroid_hormones,Thyroid hormones,drug
46221607,levothyroxine sodium 0.4 MG [Levocrine],Drug,RxNorm,standard,H03A_thyroid_preparations,thyroid_hormones,Thyroid hormones,drug
46221608,levothyroxine sodium 0.4 MG Chewable Tablet [Levocrine],Drug,RxNorm,standard,H03A_thyroid_preparations,thyroid_hormones,Thyroid hormones,drug
46221609,levothyroxine sodium 0.5 MG [Levocrine],Drug,RxNorm,standard,H03A_thyroid_preparations,thyroid_hormones,Thyroid hormones,drug
46221610,levothyroxine sodium 0.5 MG Chewable Tablet [Levocrine],Drug,RxNorm,standard,H03A_thyroid_preparations,thyroid_hormones,Thyroid hormones,drug
46221611,levothyroxine sodium 0.6 MG [Levocrine],Drug,RxNorm,standard,H03A_thyroid_preparations,thyroid_hormones,Thyroid hormones,drug
46221612,levothyroxine sodium 0.6 MG Chewable Tablet [Levocrine],Drug,RxNorm,standard,H03A_thyroid_preparations,thyroid_hormones,Thyroid hormones,drug
46221613,levothyroxine sodium 0.7 MG [Levocrine],Drug,RxNorm,standard,H03A_thyroid_preparations,thyroid_hormones,Thyroid hormones,drug
46221614,levothyroxine sodium 0.7 MG Chewable Tablet [Levocrine],Drug,RxNorm,standard,H03A_thyroid_preparations,thyroid_hormones,Thyroid hormones,drug
46221615,levothyroxine sodium 0.8 MG [Levocrine],Drug,RxNorm,standard,H03A_thyroid_preparations,thyroid_hormones,Thyroid hormones,drug
46221616,levothyroxine sodium 0.8 MG Chewable Tablet [Levocrine],Drug,RxNorm,standard,H03A_thyroid_preparations,thyroid_hormones,Thyroid hormones,drug
46221617,levothyroxine sodium 1 MG [Levocrine],Drug,RxNorm,standard,H03A_thyroid_preparations,thyroid_hormones,Thyroid hormones,drug
46221618,levothyroxine sodium 1 MG Chewable Tablet [Levocrine],Drug,RxNorm,standard,H03A_thyroid_preparations,thyroid_hormones,Thyroid hormones,drug
46221732,Oryctolagus cuniculus thyroid preparation,Drug,RxNorm,standard,H03A_thyroid_preparations,thyroid_hormones,Thyroid hormones,drug
